class,hash,time,token,type,from,to,USDAmount,priority,fee
VALIDATING,0x2e3ebc73c6e2f7c32fb8042f59d672020abc005961e61695d20767c685e6d1ad,1762969171389,-,tokenDelegate,0x5aeb1821f596d2d9ffe182d3f914b274a80511cc,-,-,-1,0
VALIDATING,0xf0ee84cbe4f3e65cf268042f59d4ad0203de00b17ff7052f94b7301ea3f7c047,1762969133902,-,tokenDelegate,0x5aeb1821f596d2d9ffe182d3f914b274a80511cc,-,-,-1,0
VALIDATING,0x9c2e77828db4bf269da8042f59d41e020755006828b7ddf83ff722d54cb89911,1762969121817,-,tokenDelegate,0x5aeb1821f596d2d9ffe182d3f914b274a80511cc,-,-,-1,0
VALIDATING,0x49f03edcba0114114b69042f59d3650204bf00c2550432e3edb8ea2f7904edfb,1762969106996,-,tokenDelegate,0x5aeb1821f596d2d9ffe182d3f914b274a80511cc,-,-,-1,0
DEPOSIT,0x99a60128f456d21f9b1f042f59d0b8020acd000e8f59f0f13d6eac7bb35aac0a,1762969050338,HYPE,cStakingTransfer,Spot,Staking,-,0,0
SPOT,0x0000000000000000000000000000000000000000000000000000000000000000,1762549217022,HYPE,Twap,0xffffffffffffffffffffffffffffffffffffffff,0x5aeb1821f596d2d9ffe182d3f914b274a80511cc,,,
SPOT,0x0000000000000000000000000000000000000000000000000000000000000000,1762547086015,HYPE,Twap,0xffffffffffffffffffffffffffffffffffffffff,0x5aeb1821f596d2d9ffe182d3f914b274a80511cc,,,
SPOT,0x0000000000000000000000000000000000000000000000000000000000000000,1762546807092,HYPE,Twap,0xffffffffffffffffffffffffffffffffffffffff,0x5aeb1821f596d2d9ffe182d3f914b274a80511cc,,,
SPOT,0x0000000000000000000000000000000000000000000000000000000000000000,1762546450024,HYPE,Twap,0xffffffffffffffffffffffffffffffffffffffff,0x5aeb1821f596d2d9ffe182d3f914b274a80511cc,,,
SPOT,0x0000000000000000000000000000000000000000000000000000000000000000,1762546266017,HYPE,Twap,0xffffffffffffffffffffffffffffffffffffffff,0x5aeb1821f596d2d9ffe182d3f914b274a80511cc,,,
SPOT,0x0000000000000000000000000000000000000000000000000000000000000000,1762545926187,HYPE,Twap,0xffffffffffffffffffffffffffffffffffffffff,0x5aeb1821f596d2d9ffe182d3f914b274a80511cc,,,
SPOT,0x0000000000000000000000000000000000000000000000000000000000000000,1762545842017,HYPE,Twap,0xffffffffffffffffffffffffffffffffffffffff,0x5aeb1821f596d2d9ffe182d3f914b274a80511cc,,,
SPOT,0x0000000000000000000000000000000000000000000000000000000000000000,1762545434041,HYPE,Twap,0xffffffffffffffffffffffffffffffffffffffff,0x5aeb1821f596d2d9ffe182d3f914b274a80511cc,,,
SPOT,0x0000000000000000000000000000000000000000000000000000000000000000,1762544984012,HYPE,Twap,0xffffffffffffffffffffffffffffffffffffffff,0x5aeb1821f596d2d9ffe182d3f914b274a80511cc,,,
SPOT,0x0000000000000000000000000000000000000000000000000000000000000000,1762544764076,HYPE,Twap,0xffffffffffffffffffffffffffffffffffffffff,0x5aeb1821f596d2d9ffe182d3f914b274a80511cc,,,
SPOT,0x0000000000000000000000000000000000000000000000000000000000000000,1762544536056,HYPE,Twap,0xffffffffffffffffffffffffffffffffffffffff,0x5aeb1821f596d2d9ffe182d3f914b274a80511cc,,,
SPOT,0x0000000000000000000000000000000000000000000000000000000000000000,1762507341047,HYPE,Twap,0xffffffffffffffffffffffffffffffffffffffff,0x5aeb1821f596d2d9ffe182d3f914b274a80511cc,,,
SPOT,0x0000000000000000000000000000000000000000000000000000000000000000,1762507113050,HYPE,Twap,0xffffffffffffffffffffffffffffffffffffffff,0x5aeb1821f596d2d9ffe182d3f914b274a80511cc,,,
SPOT,0x0000000000000000000000000000000000000000000000000000000000000000,1762506722037,HYPE,Twap,0xffffffffffffffffffffffffffffffffffffffff,0x5aeb1821f596d2d9ffe182d3f914b274a80511cc,,,
SPOT,0x0000000000000000000000000000000000000000000000000000000000000000,1762506485043,HYPE,Twap,0xffffffffffffffffffffffffffffffffffffffff,0x5aeb1821f596d2d9ffe182d3f914b274a80511cc,,,
SPOT,0x0000000000000000000000000000000000000000000000000000000000000000,1762504853075,HYPE,Twap,0xffffffffffffffffffffffffffffffffffffffff,0x5aeb1821f596d2d9ffe182d3f914b274a80511cc,,,
SPOT,0x0000000000000000000000000000000000000000000000000000000000000000,1762504109006,HYPE,Twap,0xffffffffffffffffffffffffffffffffffffffff,0x5aeb1821f596d2d9ffe182d3f914b274a80511cc,,,
SPOT,0x0000000000000000000000000000000000000000000000000000000000000000,1762503968036,HYPE,Twap,0xffffffffffffffffffffffffffffffffffffffff,0x5aeb1821f596d2d9ffe182d3f914b274a80511cc,,,
SPOT,0x0000000000000000000000000000000000000000000000000000000000000000,1762503530061,HYPE,Twap,0xffffffffffffffffffffffffffffffffffffffff,0x5aeb1821f596d2d9ffe182d3f914b274a80511cc,,,
SPOT,0x0000000000000000000000000000000000000000000000000000000000000000,1762503041045,HYPE,Twap,0xffffffffffffffffffffffffffffffffffffffff,0x5aeb1821f596d2d9ffe182d3f914b274a80511cc,,,
SPOT,0x0000000000000000000000000000000000000000000000000000000000000000,1762502384024,HYPE,Twap,0xffffffffffffffffffffffffffffffffffffffff,0x5aeb1821f596d2d9ffe182d3f914b274a80511cc,,,
SPOT,0x0000000000000000000000000000000000000000000000000000000000000000,1762502208003,HYPE,Twap,0xffffffffffffffffffffffffffffffffffffffff,0x5aeb1821f596d2d9ffe182d3f914b274a80511cc,,,
SPOT,0x0000000000000000000000000000000000000000000000000000000000000000,1762500791017,HYPE,Twap,0xffffffffffffffffffffffffffffffffffffffff,0x5aeb1821f596d2d9ffe182d3f914b274a80511cc,,,
SPOT,0x0000000000000000000000000000000000000000000000000000000000000000,1762500703016,HYPE,Twap,0xffffffffffffffffffffffffffffffffffffffff,0x5aeb1821f596d2d9ffe182d3f914b274a80511cc,,,
SPOT,0x0000000000000000000000000000000000000000000000000000000000000000,1762500137039,HYPE,Twap,0xffffffffffffffffffffffffffffffffffffffff,0x5aeb1821f596d2d9ffe182d3f914b274a80511cc,,,
SPOT,0x0000000000000000000000000000000000000000000000000000000000000000,1762499049030,HYPE,Twap,0xffffffffffffffffffffffffffffffffffffffff,0x5aeb1821f596d2d9ffe182d3f914b274a80511cc,,,
SPOT,0x0000000000000000000000000000000000000000000000000000000000000000,1762497557007,HYPE,Twap,0xffffffffffffffffffffffffffffffffffffffff,0x5aeb1821f596d2d9ffe182d3f914b274a80511cc,,,
SPOT,0x0000000000000000000000000000000000000000000000000000000000000000,1762497435011,HYPE,Twap,0xffffffffffffffffffffffffffffffffffffffff,0x5aeb1821f596d2d9ffe182d3f914b274a80511cc,,,
SPOT,0x0000000000000000000000000000000000000000000000000000000000000000,1762496815085,HYPE,Twap,0xffffffffffffffffffffffffffffffffffffffff,0x5aeb1821f596d2d9ffe182d3f914b274a80511cc,,,
SPOT,0x0000000000000000000000000000000000000000000000000000000000000000,1762496767054,HYPE,Twap,0xffffffffffffffffffffffffffffffffffffffff,0x5aeb1821f596d2d9ffe182d3f914b274a80511cc,,,
SPOT,0x0000000000000000000000000000000000000000000000000000000000000000,1762495791007,HYPE,Twap,0xffffffffffffffffffffffffffffffffffffffff,0x5aeb1821f596d2d9ffe182d3f914b274a80511cc,,,
SPOT,0x0000000000000000000000000000000000000000000000000000000000000000,1762495333044,HYPE,Twap,0xffffffffffffffffffffffffffffffffffffffff,0x5aeb1821f596d2d9ffe182d3f914b274a80511cc,,,
SPOT,0x0000000000000000000000000000000000000000000000000000000000000000,1762493012063,HYPE,Twap,0xffffffffffffffffffffffffffffffffffffffff,0x5aeb1821f596d2d9ffe182d3f914b274a80511cc,,,
SPOT,0x0000000000000000000000000000000000000000000000000000000000000000,1762493005009,HYPE,Twap,0xffffffffffffffffffffffffffffffffffffffff,0x5aeb1821f596d2d9ffe182d3f914b274a80511cc,,,
SEND,0x42780c5dcb0cc7cc43f1042efef6fe0202920043660fe69ee640b7b08a00a1b6,1762489298257,USDC,Transfer,Perps,spot,-13999396.13,0,0
DEPOSIT,0x57f2197e6a95a2540fa43ecb4de78aed45e6bbbc638813d5f74d5df5d1d45f08,1762489250246,USDC,Deposit,Arbitrum,0x5aeb1821f596d2d9ffe182d3f914b274a80511cc,13999396.13,0,0
DUST,00000000000000000000000000000000000000364,1762300800005,UXPL,Spot Dust Conversion,0x5aeb1821f596d2d9ffe182d3f914b274a80511cc,0xffffffffffffffffffffffffffffffffffffffff,-0.019389428999999996,0,0
DUST,00000000000000000000000000000000000000365,1762300800005,UBTC,Spot Dust Conversion,0x5aeb1821f596d2d9ffe182d3f914b274a80511cc,0xffffffffffffffffffffffffffffffffffffffff,-0.7561154,0,0
SPOT,0x3c6b8bd5731ecafa3de5042ed7d6c10207ac00bb0e11e9cce03437283212a4e4,1762286395534,HYPE,Sell,0x5aeb1821f596d2d9ffe182d3f914b274a80511cc,0xffffffffffffffffffffffffffffffffffffffff,-51.36084,0,0
TRANSFER,0xaf34d295c7145be1b0ae042ed7d6060201d3007b62177ab352fd7de8861835cc,1762286381125,HYPE,Transfer,0x2222222222222222222222222222222222222222,0x5aeb1821f596d2d9ffe182d3f914b274a80511cc,53.85174,0,0
SEND,0xee9811ed14a8e6f2f011042ed7d1e402073e00d2afac05c49260bd3fd3acc0dd,1762286296733,HYPE,Transfer,0x5aeb1821f596d2d9ffe182d3f914b274a80511cc,0x2222222222222222222222222222222222222222,-0.35891209135,0,0
WITHDRAW,0xfc2408a7e5cb1e6fb7e8a6cc575a76d80333cfcc198608e512dceac3be6390f9,1762282888502,USDC,Withdraw,0x5aeb1821f596d2d9ffe182d3f914b274a80511cc,Arbitrum,-3020630.85,0,1
SEND,0x13225e6026ff08b7149c042ed71ce00202bf0045c1f22789b6eb09b2e5f2e2a1,1762282618366,USDC,Transfer,spot,Perps,-3020631.85,0,0
SPOT,0xc0cfdbc67398339fc249042ed71c0e0203b300ac0e9b527164988719329c0d8a,1762282602504,UBTC,Sell,0x5aeb1821f596d2d9ffe182d3f914b274a80511cc,0xffffffffffffffffffffffffffffffffffffffff,-6773.52942,0,0
SPOT,0x98f850bdfb47d64e9a72042ed71b26020d6e00a3964af5203cc0fc10ba4bb039,1762282583641,UBTC,Sell,0x5aeb1821f596d2d9ffe182d3f914b274a80511cc,0xffffffffffffffffffffffffffffffffffffffff,-40452.336,0,0
SPOT,0x56dc16a7b6b595ac5855042ed71b24020ac7008d51b8b47efaa4c1fa75b96f96,1762282583507,UBTC,Sell,0x5aeb1821f596d2d9ffe182d3f914b274a80511cc,0xffffffffffffffffffffffffffffffffffffffff,-6063,0,0
SPOT,0xe14c5203ec0dcf5ee2c6042ed71b0d02389700e98700ee308514fd56ab01a949,1762282581553,UBTC,Sell,0x5aeb1821f596d2d9ffe182d3f914b274a80511cc,0xffffffffffffffffffffffffffffffffffffffff,-2021.16,0,0
SPOT,0xd7108ee51187f9bad88a042ed719010203eb00caac8b188c7ad93a37d08bd3a5,1762282539882,UBTC,Sell,0x5aeb1821f596d2d9ffe182d3f914b274a80511cc,0xffffffffffffffffffffffffffffffffffffffff,-46597.34646,0,0
SPOT,0xb901f9d21aa5158fba7b042ed7149c02070600b7b5a834615ccaa524d9a8ef7a,1762282447504,UBTC,Sell,0x5aeb1821f596d2d9ffe182d3f914b274a80511cc,0xffffffffffffffffffffffffffffffffffffffff,-52007.896,0,0
SPOT,0x9702a9f382cb2355987c042ed7149c0206d800d91dce42273acb554641cefd40,1762282447504,UBTC,Sell,0x5aeb1821f596d2d9ffe182d3f914b274a80511cc,0xffffffffffffffffffffffffffffffffffffffff,-4036,0,0
SPOT,0xbab52797d0992049bc2e042ed7149c0206bd007d6b9c3f1b5e7dd2ea8f9cfa34,1762282447504,UBTC,Sell,0x5aeb1821f596d2d9ffe182d3f914b274a80511cc,0xffffffffffffffffffffffffffffffffffffffff,-949.469,0,0
SPOT,0xa23ac3c683e558d6a3b4042ed7149c0206ba00ac1ee877a846036f1942e932c1,1762282447504,UBTC,Sell,0x5aeb1821f596d2d9ffe182d3f914b274a80511cc,0xffffffffffffffffffffffffffffffffffffffff,-2018,0,0
SPOT,0xa12528a4937a2129a29e042ed71499020a6a008a2e7d3ffb44edd3f7527dfb14,1762282447202,UBTC,Sell,0x5aeb1821f596d2d9ffe182d3f914b274a80511cc,0xffffffffffffffffffffffffffffffffffffffff,-4036,0,0
SPOT,0x0a8973cbc6f00d4c0c03042ed71499020a6200b161f32c1eae521f1e85f3e736,1762282447202,UBTC,Sell,0x5aeb1821f596d2d9ffe182d3f914b274a80511cc,0xffffffffffffffffffffffffffffffffffffffff,-936.352,0,0
SPOT,0x3f3b995f60bb035d40b5042ed71499020a5e0044fbbe222fe30444b21fbedd47,1762282447202,UBTC,Sell,0x5aeb1821f596d2d9ffe182d3f914b274a80511cc,0xffffffffffffffffffffffffffffffffffffffff,-67265.994,0,0
SPOT,0x2040c2dabc5af13b21ba042ed7148702060200c0575e100dc4096e2d7b5ecb25,1762282445857,UBTC,Sell,0x5aeb1821f596d2d9ffe182d3f914b274a80511cc,0xffffffffffffffffffffffffffffffffffffffff,-2018.04,0,0
SPOT,0x859aac4ef88e194d8714042ed71354020efc00349381381f296357a1b781f338,1762282423856,UBTC,Sell,0x5aeb1821f596d2d9ffe182d3f914b274a80511cc,0xffffffffffffffffffffffffffffffffffffffff,-125021.41848,0,0
SPOT,0x715f85c83187b62672d9042ed712ac02025400adcc8ad4f81528311af08b9011,1762282410789,UBTC,Sell,0x5aeb1821f596d2d9ffe182d3f914b274a80511cc,0xffffffffffffffffffffffffffffffffffffffff,-27883.376780000002,0,0
SPOT,0x3b57130568a396743cd0042ed70e54020c4e00eb03a6b546df1fbe5827a7705e,1762282324626,UBTC,Sell,0x5aeb1821f596d2d9ffe182d3f914b274a80511cc,0xffffffffffffffffffffffffffffffffffffffff,-18833.02449,0,0
SPOT,0xcfd632c54aad3654d14f042ed70d31020a5d00aae5a05526739ede1809a1103f,1762282302464,UBTC,Sell,0x5aeb1821f596d2d9ffe182d3f914b274a80511cc,0xffffffffffffffffffffffffffffffffffffffff,-46316.56824,0,0
SPOT,0x90742cb3ff662fa391ed042ed7097602097000999a694e75343cd806be6a098e,1762282226686,UBTC,Sell,0x5aeb1821f596d2d9ffe182d3f914b274a80511cc,0xffffffffffffffffffffffffffffffffffffffff,-10520.748000000001,0,0
SPOT,0x77f9c8e2b2b268307973042ed7097602096d00c84db587021bc2743571b6421b,1762282226686,UBTC,Sell,0x5aeb1821f596d2d9ffe182d3f914b274a80511cc,0xffffffffffffffffffffffffffffffffffffffff,-2012,0,0
SPOT,0xaab99dcf3b8bb2aaac33042ed7097502024700b4d68ed17c4e824921fa8f8c95,1762282226616,UBTC,Sell,0x5aeb1821f596d2d9ffe182d3f914b274a80511cc,0xffffffffffffffffffffffffffffffffffffffff,-129.774,0,0
SPOT,0xe49ce8a491b99575e616042ed70974016700008a2cbcb447886593f750bd6f60,1762282226558,UBTC,Sell,0x5aeb1821f596d2d9ffe182d3f914b274a80511cc,0xffffffffffffffffffffffffffffffffffffffff,-1006,0,0
SPOT,0xe4d12bba08d452ade64a042ed709630204be009fa3d7717f8899d70cc7d82c98,1762282225047,UBTC,Sell,0x5aeb1821f596d2d9ffe182d3f914b274a80511cc,0xffffffffffffffffffffffffffffffffffffffff,-2012.26,0,0
SPOT,0x2bb2e4b78d11de1a2d2c042ed70806020333009d2814fceccf7b900a4c15b804,1762282197141,UBTC,Sell,0x5aeb1821f596d2d9ffe182d3f914b274a80511cc,0xffffffffffffffffffffffffffffffffffffffff,-63876.488,0,0
SPOT,0x78df6e1c73809b9e7a59042ed7080602033200020e83ba701ca8196f32847589,1762282197141,UBTC,Sell,0x5aeb1821f596d2d9ffe182d3f914b274a80511cc,0xffffffffffffffffffffffffffffffffffffffff,-34910.084,0,0
SPOT,0x2c5099252206234e2dca042ed708030203a9000abd094220d0194477e109fd38,1762282196939,UBTC,Sell,0x5aeb1821f596d2d9ffe182d3f914b274a80511cc,0xffffffffffffffffffffffffffffffffffffffff,-41454.155999999995,0,0
SPOT,0x8fdd05d276a6ed9a9156042ed708000202d200b811aa0c6c33a5b12535aac785,1762282196738,UBTC,Sell,0x5aeb1821f596d2d9ffe182d3f914b274a80511cc,0xffffffffffffffffffffffffffffffffffffffff,-100.4,0,0
SPOT,0xe463aa5e35b7bd00e5dd042ed707fa0201890043d0badbd2882c55b0f4bb96eb,1762282196336,UBTC,Sell,0x5aeb1821f596d2d9ffe182d3f914b274a80511cc,0xffffffffffffffffffffffffffffffffffffffff,-7593.252,0,0
SPOT,0x319033c31c267a853309042ed707fa02018800a8b7299957d558df15db2a546f,1762282196336,UBTC,Sell,0x5aeb1821f596d2d9ffe182d3f914b274a80511cc,0xffffffffffffffffffffffffffffffffffffffff,-16160.384,0,0
SPOT,0x7ebcbd28029538098036042ed707fa020187000d9d9856db2285687ac19911f4,1762282196336,UBTC,Sell,0x5aeb1821f596d2d9ffe182d3f914b274a80511cc,0xffffffffffffffffffffffffffffffffffffffff,-4553.14,0,0
SPOT,0xcc009ee9e4c3ddcbcd7a042ed707f902066700cf7fc6fc9d6fc94a3ca3c7b7b6,1762282196203,UBTC,Sell,0x5aeb1821f596d2d9ffe182d3f914b274a80511cc,0xffffffffffffffffffffffffffffffffffffffff,-7141.452,0,0
SPOT,0xebf5be9d323e7394ed6f042ed707f90206560082cd3192668fbe69eff1324d7f,1762282196203,UBTC,Sell,0x5aeb1821f596d2d9ffe182d3f914b274a80511cc,0xffffffffffffffffffffffffffffffffffffffff,-3865.4,0,0
SPOT,0x3922480218ad31193a9c042ed707f902065500e7b3a04febdceaf354d7a10b03,1762282196203,UBTC,Sell,0x5aeb1821f596d2d9ffe182d3f914b274a80511cc,0xffffffffffffffffffffffffffffffffffffffff,-1213.836,0,0
SPOT,0x864ed166ff1bee9d87c8042ed707f9020654004c9a1f0d6f2a177cb9be1fc888,1762282196203,UBTC,Sell,0x5aeb1821f596d2d9ffe182d3f914b274a80511cc,0xffffffffffffffffffffffffffffffffffffffff,-129118.41600000001,0,0
SPOT,0x372fd5913840135b38a9042ed707f80202240076d343322ddaf880e3f743ed45,1762282196135,UBTC,Sell,0x5aeb1821f596d2d9ffe182d3f914b274a80511cc,0xffffffffffffffffffffffffffffffffffffffff,-86705.44,0,0
SPOT,0x063b0dee9ee8847507b4042ed707f802021e00d439eba347aa03b9415dec5e5f,1762282196135,UBTC,Sell,0x5aeb1821f596d2d9ffe182d3f914b274a80511cc,0xffffffffffffffffffffffffffffffffffffffff,-14131.3,0,0
SPOT,0x53679753855741f954e1042ed707f802021d0039205a60cbf73042a6445b1be3,1762282196135,UBTC,Sell,0x5aeb1821f596d2d9ffe182d3f914b274a80511cc,0xffffffffffffffffffffffffffffffffffffffff,-173141.80800000002,0,0
SPOT,0xa09420b86bc5ff7da20d042ed707f802021c009e06c91e4f445ccc0b2ac9d968,1762282196135,UBTC,Sell,0x5aeb1821f596d2d9ffe182d3f914b274a80511cc,0xffffffffffffffffffffffffffffffffffffffff,-7493.856,0,0
SPOT,0x63e8508f0e1fbe996562042ed707f60202130074a912dd6b07b0fbe1cd139884,1762282195997,UBTC,Sell,0x5aeb1821f596d2d9ffe182d3f914b274a80511cc,0xffffffffffffffffffffffffffffffffffffffff,-5081.244000000001,0,0
SPOT,0x5a23dc42f9999c805b9d042ed707f50203500028949cbb52fdec8795b89d766a,1762282195935,UBTC,Sell,0x5aeb1821f596d2d9ffe182d3f914b274a80511cc,0xffffffffffffffffffffffffffffffffffffffff,-784.124,0,0
SPOT,0x41a97871ace5d50d4323042ed707f502034d005747e8f3dfe57223c46be9aef7,1762282195935,UBTC,Sell,0x5aeb1821f596d2d9ffe182d3f914b274a80511cc,0xffffffffffffffffffffffffffffffffffffffff,-640.552,0,0
SPOT,0x1faa2893150be2d32123042ed707f502031f0078b00f01a5c372d3e5d40fbcbd,1762282195935,UBTC,Sell,0x5aeb1821f596d2d9ffe182d3f914b274a80511cc,0xffffffffffffffffffffffffffffffffffffffff,-4016,0,0
SPOT,0x6cd6b1f7fb7aa0576e50042ed707f502031e00dd967dbf29109f5d4aba7e7a42,1762282195935,UBTC,Sell,0x5aeb1821f596d2d9ffe182d3f914b274a80511cc,0xffffffffffffffffffffffffffffffffffffffff,-1004,0,0
SPOT,0xdb8358f417b7ef4adcfd042ed707f302090c00d9b2bb0e1c7f4c0446d6bbc935,1762282195757,UBTC,Sell,0x5aeb1821f596d2d9ffe182d3f914b274a80511cc,0xffffffffffffffffffffffffffffffffffffffff,-3012,0,0
SPOT,0x9d4c475332c6ce729ec6042ed707f30208e50038cdc9ed444114f2a5f1caa85d,1762282195757,UBTC,Sell,0x5aeb1821f596d2d9ffe182d3f914b274a80511cc,0xffffffffffffffffffffffffffffffffffffffff,-6024,0,0
SPOT,0xb4559b3d7c32d4f2b5cf042ed707ef02089b01011735f3c4581e46903b36aedd,1762282195451,UBTC,Sell,0x5aeb1821f596d2d9ffe182d3f914b274a80511cc,0xffffffffffffffffffffffffffffffffffffffff,-1004,0,0
SPOT,0x473db34ca76ec1a248b7042ed707e1020c9900324261e074eb065e9f66629b8c,1762282194306,UBTC,Sell,0x5aeb1821f596d2d9ffe182d3f914b274a80511cc,0xffffffffffffffffffffffffffffffffffffffff,-2008.24,0,0
TRANSFER,0xdc636bd258eb35fcdddd042ed7069202083c00b7f3ee54ce802c172517ef0fe7,1762282167664,UBTC,Transfer,0x574bafce69d9411f662a433896e74e4f153096fa,0x5aeb1821f596d2d9ffe182d3f914b274a80511cc,2804549.1567653,0,0
WITHDRAW,0x71ca6610e2c385546e902e780ac34a02454b87bd3ce65e5ea9e292e4acc98be8,1762281742754,USDC,Withdraw,0x5aeb1821f596d2d9ffe182d3f914b274a80511cc,Arbitrum,-2003879.06,0,1
SEND,0x6443e8108c851a5265bd042ed6e62802091800f627883924080c93634b88f43d,1762281495658,USDC,Transfer,spot,Perps,-2003880.06,0,0
SPOT,0xe865925d47ec77a3e9df042ed6e5780207ae0042e2ef96758c2e3db006e0518e,1762281480354,UBTC,Sell,0x5aeb1821f596d2d9ffe182d3f914b274a80511cc,0xffffffffffffffffffffffffffffffffffffffff,-373854.975,0,0
SPOT,0x692ee9c77681d7da6aa8042ed6e57502057700ad1184f6ac0cf7951a3585b1c5,1762281480063,UBTC,Sell,0x5aeb1821f596d2d9ffe182d3f914b274a80511cc,0xffffffffffffffffffffffffffffffffffffffff,-3015,0,0
SPOT,0xd301d344d929e23fd47b042ed6e5740204f6002a742d011176ca7e97982dbc2a,1762281480000,UBTC,Sell,0x5aeb1821f596d2d9ffe182d3f914b274a80511cc,0xffffffffffffffffffffffffffffffffffffffff,-1005,0,0
SPOT,0x07b3f8d872e4d851092d042ed6e5740204f200be0de7f723ab7ca42b31e8b23b,1762281480000,UBTC,Sell,0x5aeb1821f596d2d9ffe182d3f914b274a80511cc,0xffffffffffffffffffffffffffffffffffffffff,-4020,0,0
SPOT,0xfcb78f77bee54080fe31042ed6e55f0204db005d59e85f53a0803aca7de91a6b,1762281478576,UBTC,Sell,0x5aeb1821f596d2d9ffe182d3f914b274a80511cc,0xffffffffffffffffffffffffffffffffffffffff,-9999.24245,0,0
SPOT,0x98a93301ef0121549a22042ed6e44002190800e78a0440263c71de54ae04fb3f,1762281455686,UBTC,Sell,0x5aeb1821f596d2d9ffe182d3f914b274a80511cc,0xffffffffffffffffffffffffffffffffffffffff,-27608.092650000002,0,0
SPOT,0x0a5fb4d2358a84bb0bd9042ed6e22302170100b7d08da38dae286024f48e5ea5,1762281410248,UBTC,order,0x5aeb1821f596d2d9ffe182d3f914b274a80511cc,limit,-810579.615,-1,0
SPOT,0xa8464db38ee5bedaa9c0042ed6dd71020201009929e8ddac4c0ef9064de998c5,1762281314352,UBTC,order,0x5aeb1821f596d2d9ffe182d3f914b274a80511cc,limit,-806554.89,-1,0
SPOT,0xb67fa8ec0ed95985b7f9042ed6daca01db00c0d1a9dc78575a48543ecddd3370,1762281257960,UBTC,Sell,0x5aeb1821f596d2d9ffe182d3f914b274a80511cc,0xffffffffffffffffffffffffffffffffffffffff,-185939,0,0
SPOT,0x977dcc60010072fa98f7042ed6dac702224500459c0391cc3b4677b2c0044ce5,1762281257722,UBTC,Sell,0x5aeb1821f596d2d9ffe182d3f914b274a80511cc,0xffffffffffffffffffffffffffffffffffffffff,-2000,0,0
SPOT,0xb8cf17736fe3c1c6ba48042ed6dac702216300590ae6e0985c97c2c62ee79bb1,1762281257722,UBTC,Sell,0x5aeb1821f596d2d9ffe182d3f914b274a80511cc,0xffffffffffffffffffffffffffffffffffffffff,-851,0,0
SPOT,0x3aadc66bf01d755c3c27042ed6dac702215e00518b10942ede7671beaf114f46,1762281257722,UBTC,Sell,0x5aeb1821f596d2d9ffe182d3f914b274a80511cc,0xffffffffffffffffffffffffffffffffffffffff,-999.0000000000001,0,0
SPOT,0x2233629aa369ade923ad042ed6dac702215b00803e6cccbbc5fc0ded626d87d3,1762281257722,UBTC,Sell,0x5aeb1821f596d2d9ffe182d3f914b274a80511cc,0xffffffffffffffffffffffffffffffffffffffff,-4000,0,0
SPOT,0x6f5febff89d86b6d70d9042ed6dac702215a00e524db8a3f1328975248dc4558,1762281257722,UBTC,Sell,0x5aeb1821f596d2d9ffe182d3f914b274a80511cc,0xffffffffffffffffffffffffffffffffffffffff,-1000,0,0
SPOT,0x282b58b06e610dfc29a5042ed6dac5020515009609642ccecbf404032d64e7e6,1762281257562,UBTC,Sell,0x5aeb1821f596d2d9ffe182d3f914b274a80511cc,0xffffffffffffffffffffffffffffffffffffffff,-100,0,0
SPOT,0xe2798b2d88b91ecde3f3042ed6dac5020502001323bc3d9f8642368047bcf8b8,1762281257562,UBTC,Sell,0x5aeb1821f596d2d9ffe182d3f914b274a80511cc,0xffffffffffffffffffffffffffffffffffffffff,-19881,0,0
SPOT,0x1c742e5fdaa6e9d71ded042ed6dac3020803004575aa08a9c03cd9b299aac3c1,1762281257352,UBTC,Sell,0x5aeb1821f596d2d9ffe182d3f914b274a80511cc,0xffffffffffffffffffffffffffffffffffffffff,-4000,0,0
SPOT,0x03f9ca8e8df322640573042ed6dac3020800007428f64136a7c275e14cf6fc4e,1762281257352,UBTC,Sell,0x5aeb1821f596d2d9ffe182d3f914b274a80511cc,0xffffffffffffffffffffffffffffffffffffffff,-23888,0,0
SPOT,0x2b69a623dc2486832ce3042ed6dac30207db00097727a555cf3251769b28606d,1762281257352,UBTC,Sell,0x5aeb1821f596d2d9ffe182d3f914b274a80511cc,0xffffffffffffffffffffffffffffffffffffffff,-4993,0,0
SPOT,0x78962f88c29344077a0f042ed6dac30207da006e5d9662d91c5edadb81971df2,1762281257352,UBTC,Sell,0x5aeb1821f596d2d9ffe182d3f914b274a80511cc,0xffffffffffffffffffffffffffffffffffffffff,-39404,0,0
SPOT,0x30381e79439490f731b1042ed6dab0021409005ede97afc9d400c9cc02986ae1,1762281255905,UBTC,Sell,0x5aeb1821f596d2d9ffe182d3f914b274a80511cc,0xffffffffffffffffffffffffffffffffffffffff,-498.99999999999994,0,0
SPOT,0x56dff217a9d5a1425859042ed6d79702174a00fd44d8c014faa89d6a68d97b2c,1762281189338,UBTC,Sell,0x5aeb1821f596d2d9ffe182d3f914b274a80511cc,0xffffffffffffffffffffffffffffffffffffffff,-12694.338,0,0
SPOT,0x8f4f759c43f3fe7e90c9042ed6d79702173c0081def71d50331820ef02f7d869,1762281189338,UBTC,Sell,0x5aeb1821f596d2d9ffe182d3f914b274a80511cc,0xffffffffffffffffffffffffffffffffffffffff,-6012,0,0
SPOT,0xe7b418d42b8cf183e92d042ed6d79702171d00b9c68010558b7cc426ea80cb6e,1762281189338,UBTC,Sell,0x5aeb1821f596d2d9ffe182d3f914b274a80511cc,0xffffffffffffffffffffffffffffffffffffffff,-3006,0,0
SPOT,0x2fb7934538b1dd8a3131042ed6d7940205b7002ad3b4fc5cd3803e97f7b5b774,1762281189131,UBTC,Sell,0x5aeb1821f596d2d9ffe182d3f914b274a80511cc,0xffffffffffffffffffffffffffffffffffffffff,-1002,0,0
SPOT,0xe64867d152a68730e7c2042ed6d7940205ae00b6eda9a6028a11132411aa611b,1762281189131,UBTC,Sell,0x5aeb1821f596d2d9ffe182d3f914b274a80511cc,0xffffffffffffffffffffffffffffffffffffffff,-1107.21,0,0
SPOT,0x6fa1d2abd397091c711b042ed6d79402059500916e9a27ee136a7dfe929ae307,1762281189131,UBTC,Sell,0x5aeb1821f596d2d9ffe182d3f914b274a80511cc,0xffffffffffffffffffffffffffffffffffffffff,-54372.528,0,0
SPOT,0x08cbf52b8e78fe560a45042ed6d7870206740011297c1d28ac94a07e4d7cd840,1762281187927,UBTC,Sell,0x5aeb1821f596d2d9ffe182d3f914b274a80511cc,0xffffffffffffffffffffffffffffffffffffffff,-1012.02,0,0
SPOT,0xfdf2b16449b51422ff6c042ed6d3ef0204400049e4b832f5a1bb5cb708b8ee0d,1762281113424,UBTC,Sell,0x5aeb1821f596d2d9ffe182d3f914b274a80511cc,0xffffffffffffffffffffffffffffffffffffffff,-12244.15866,0,0
TRANSFER,0x5de6847db4f12fff5f60042ed6cfbf02120400634ff44ed101af2fd073f509ea,1762281025688,UBTC,Transfer,0x574bafce69d9411f662a433896e74e4f153096fa,0x5aeb1821f596d2d9ffe182d3f914b274a80511cc,1869698.73514795,0,0
WITHDRAW,0x8987d98ef846799e1495e8806366f2903b365fae8c836f75503892dc534ab819,1762279866347,USDC,Withdraw,0x5aeb1821f596d2d9ffe182d3f914b274a80511cc,Arbitrum,-957838.29,0,1
WITHDRAW,0x3ddfd23aaba7bc772fea15eda17a4afe0accf222856ac5d17445f650146b40d8,1762279707260,USDC,Withdraw,0x5aeb1821f596d2d9ffe182d3f914b274a80511cc,Arbitrum,-4978888.04,0,1
SEND,0xdef00ba8a0da4cbee069042ed6890b0205f6008e3bdd6b9082b8b6fb5fde26a9,1762279593360,USDC,Transfer,spot,Perps,-957839.29,0,0
SPOT,0x36cabf82f57930243844042ed685630210180068907c4ef6da936ad5b47d0a0e,1762279515843,HYPE,Sell,0x5aeb1821f596d2d9ffe182d3f914b274a80511cc,0xffffffffffffffffffffffffffffffffffffffff,-18232.424,0,0
SPOT,0xf2cc1fc5c5b54baff445042ed68563020fbc00ab60b86a829694cb1884b9259a,1762279515843,HYPE,Sell,0x5aeb1821f596d2d9ffe182d3f914b274a80511cc,0xffffffffffffffffffffffffffffffffffffffff,-97.20200000000001,0,0
SPOT,0x7dd8b865fc99d8557f52042ed68563020f5a004b979cf72721a163b8bb9db240,1762279515843,HYPE,Sell,0x5aeb1821f596d2d9ffe182d3f914b274a80511cc,0xffffffffffffffffffffffffffffffffffffffff,-4652.34,0,0
SPOT,0xcb0541cae30895d9cc7e042ed68563020f5900b07e0bb4ab6ecded1da20c6fc4,1762279515843,HYPE,Sell,0x5aeb1821f596d2d9ffe182d3f914b274a80511cc,0xffffffffffffffffffffffffffffffffffffffff,-97.20200000000001,0,0
SPOT,0x1831cb2fc977535e19ab042ed68563020f580015647a7230bbfa7682887b2d48,1762279515843,HYPE,Sell,0x5aeb1821f596d2d9ffe182d3f914b274a80511cc,0xffffffffffffffffffffffffffffffffffffffff,-97.20200000000001,0,0
SPOT,0xffb7675e7cc38bea0131042ed68563020f55004417c6aabda38012b13bc765d5,1762279515843,HYPE,Sell,0x5aeb1821f596d2d9ffe182d3f914b274a80511cc,0xffffffffffffffffffffffffffffffffffffffff,-97.20200000000001,0,0
SPOT,0x4ce3f0c36332496f4e5d042ed68563020f5400a8fe356841f0ac9c1622362359,1762279515843,HYPE,Sell,0x5aeb1821f596d2d9ffe182d3f914b274a80511cc,0xffffffffffffffffffffffffffffffffffffffff,-97.20200000000001,0,0
SPOT,0x9a107a2849a106f39b8a042ed68563020f53000de4a425c53dd9257b08a4e0de,1762279515843,HYPE,Sell,0x5aeb1821f596d2d9ffe182d3f914b274a80511cc,0xffffffffffffffffffffffffffffffffffffffff,-97.20200000000001,0,0
SPOT,0xe73d038d301fc477e8b6042ed68563020f520072cb12e3498b05aedfef139e62,1762279515843,HYPE,Sell,0x5aeb1821f596d2d9ffe182d3f914b274a80511cc,0xffffffffffffffffffffffffffffffffffffffff,-97.20200000000001,0,0
SPOT,0x34698cf2168e81fc35e3042ed68563020f5100d7b181a0ced8323844d5825be6,1762279515843,HYPE,Sell,0x5aeb1821f596d2d9ffe182d3f914b274a80511cc,0xffffffffffffffffffffffffffffffffffffffff,-97.20200000000001,0,0
SPOT,0x26d0408e36799e532849042ed68563020ea80073d17cbd25ca98ebe0f57d783d,1762279515843,HYPE,Sell,0x5aeb1821f596d2d9ffe182d3f914b274a80511cc,0xffffffffffffffffffffffffffffffffffffffff,-1529.262,0,0
SPOT,0xa1aa1d8deb931027a323042ed6855e020ca3007386962ef94572c8e0aa96ea12,1762279515434,HYPE,Sell,0x5aeb1821f596d2d9ffe182d3f914b274a80511cc,0xffffffffffffffffffffffffffffffffffffffff,-11882.759000000002,0,0
SPOT,0xbde1df5038aa3ec5bf5b042ed6855e020c9c0035d3ad5d9761aa8aa2f7ae18b0,1762279515434,HYPE,Sell,0x5aeb1821f596d2d9ffe182d3f914b274a80511cc,0xffffffffffffffffffffffffffffffffffffffff,-3758.601,0,0
SPOT,0x67b6e7b86fa525976930042ed6855c020516009e0aa844690b7f930b2ea8ff82,1762279515253,HYPE,Sell,0x5aeb1821f596d2d9ffe182d3f914b274a80511cc,0xffffffffffffffffffffffffffffffffffffffff,-97.20200000000001,0,0
SPOT,0xb4e3711d5613e31bb65d042ed6855c0205150002f11701ed58ac1c701517bd06,1762279515253,HYPE,Sell,0x5aeb1821f596d2d9ffe182d3f914b274a80511cc,0xffffffffffffffffffffffffffffffffffffffff,-97.20200000000001,0,0
SPOT,0x020ffa823c82a0a00389042ed6855c0205140067d785bf72a5d8a5d4fb867a8a,1762279515253,HYPE,Sell,0x5aeb1821f596d2d9ffe182d3f914b274a80511cc,0xffffffffffffffffffffffffffffffffffffffff,-97.20200000000001,0,0
SPOT,0x4f3c83e722f15e2450b6042ed6855c02051300ccbdf47cf6f3052f39e1f5380e,1762279515253,HYPE,Sell,0x5aeb1821f596d2d9ffe182d3f914b274a80511cc,0xffffffffffffffffffffffffffffffffffffffff,-97.20200000000001,0,0
SPOT,0x9c690d4c09601ba89de2042ed6855c0205120031a4633a7a4031b89ec863f593,1762279515253,HYPE,Sell,0x5aeb1821f596d2d9ffe182d3f914b274a80511cc,0xffffffffffffffffffffffffffffffffffffffff,-97.20200000000001,0,0
SPOT,0xe99596b0efded92ceb0f042ed6855c02051100968ad1f7fe8d5e4203aed2b317,1762279515253,HYPE,Sell,0x5aeb1821f596d2d9ffe182d3f914b274a80511cc,0xffffffffffffffffffffffffffffffffffffffff,-97.20200000000001,0,0
SPOT,0x36c22015d64d96b1383b042ed6855c02051000fb7140b583da8acb689541709b,1762279515253,HYPE,Sell,0x5aeb1821f596d2d9ffe182d3f914b274a80511cc,0xffffffffffffffffffffffffffffffffffffffff,-97.20200000000001,0,0
SPOT,0xab762100a58484e0acef042ed6855b0203e900e64087a3b24f3ecc5364885ecb,1762279515166,HYPE,Sell,0x5aeb1821f596d2d9ffe182d3f914b274a80511cc,0xffffffffffffffffffffffffffffffffffffffff,-12632.179,0,0
SPOT,0xf8a2aa658bf34264fa1c042ed6855b0203e8004b26f661379c6b55b84af71c4f,1762279515166,HYPE,Sell,0x5aeb1821f596d2d9ffe182d3f914b274a80511cc,0xffffffffffffffffffffffffffffffffffffffff,-63.07,0,0
SPOT,0x45cf33ca7261ffe94748042ed6855b0203e700b00d651ebbe997df1d3165d9d3,1762279515166,HYPE,Sell,0x5aeb1821f596d2d9ffe182d3f914b274a80511cc,0xffffffffffffffffffffffffffffffffffffffff,-1317.7920000000001,0,0
SPOT,0xe02846943f4f7af1e1a2042ed6855b0203e50079da4299c383f0f1e6fe4354dc,1762279515166,HYPE,Sell,0x5aeb1821f596d2d9ffe182d3f914b274a80511cc,0xffffffffffffffffffffffffffffffffffffffff,-5895.561,0,0
SPOT,0x4e6692cdcb418ff04fe0042ed6855a02046a00b36644aec2f22f3e208a4569da,1762279515044,HYPE,Sell,0x5aeb1821f596d2d9ffe182d3f914b274a80511cc,0xffffffffffffffffffffffffffffffffffffffff,-855.1550000000001,0,0
SPOT,0x9b931c32b1b04d749d0c042ed6855a02046900184cb36c463f5bc78570b4275f,1762279515044,HYPE,Sell,0x5aeb1821f596d2d9ffe182d3f914b274a80511cc,0xffffffffffffffffffffffffffffffffffffffff,-97.20200000000001,0,0
SPOT,0xe8bfa597982f0af8ea39042ed6855a020468007d332229ca8c8850ea5722e4e3,1762279515044,HYPE,Sell,0x5aeb1821f596d2d9ffe182d3f914b274a80511cc,0xffffffffffffffffffffffffffffffffffffffff,-97.20200000000001,0,0
SPOT,0x35ec2efc7e9dc87d3765042ed6855a02046700e21990e74fd9b4da4f3d91a267,1762279515044,HYPE,Sell,0x5aeb1821f596d2d9ffe182d3f914b274a80511cc,0xffffffffffffffffffffffffffffffffffffffff,-97.20200000000001,0,0
SPOT,0x8318b861650c86018492042ed6855a0204660047000fa4d326e163b424005fec,1762279515044,HYPE,Sell,0x5aeb1821f596d2d9ffe182d3f914b274a80511cc,0xffffffffffffffffffffffffffffffffffffffff,-97.20200000000001,0,0
SPOT,0xd04541c64b7b4385d1be042ed6855a02046500abe67e6257740ded190a7f1d70,1762279515044,HYPE,Sell,0x5aeb1821f596d2d9ffe182d3f914b274a80511cc,0xffffffffffffffffffffffffffffffffffffffff,-97.20200000000001,0,0
SPOT,0x1d71cb2b31ea010a1eeb042ed6855a0204640010cced1fdcc13a767df0eddaf4,1762279515044,HYPE,Sell,0x5aeb1821f596d2d9ffe182d3f914b274a80511cc,0xffffffffffffffffffffffffffffffffffffffff,-97.20200000000001,0,0
SPOT,0x6a9e54901858be8e6c18042ed6855a0204630075b35bdd600e66ffe2d75c9879,1762279515044,HYPE,Sell,0x5aeb1821f596d2d9ffe182d3f914b274a80511cc,0xffffffffffffffffffffffffffffffffffffffff,-97.20200000000001,0,0
SPOT,0xb7caddf4fec77c12b944042ed6855a02046200da99ca9ae45b938947bdcb55fd,1762279515044,HYPE,Sell,0x5aeb1821f596d2d9ffe182d3f914b274a80511cc,0xffffffffffffffffffffffffffffffffffffffff,-97.20200000000001,0,0
SPOT,0x04f76759e53639970671042ed6855a020461003f80395869a8c012aca43a1381,1762279515044,HYPE,Sell,0x5aeb1821f596d2d9ffe182d3f914b274a80511cc,0xffffffffffffffffffffffffffffffffffffffff,-97.20200000000001,0,0
SPOT,0x5223f0becba4f71b539d042ed6855a02046000a466a815edf5ec9c118aa8d105,1762279515044,HYPE,Sell,0x5aeb1821f596d2d9ffe182d3f914b274a80511cc,0xffffffffffffffffffffffffffffffffffffffff,-97.20200000000001,0,0
SPOT,0x94de010c7496ef189657042ed6855902048c00f20f9a0dea38a6ac5f339ac903,1762279514946,HYPE,Sell,0x5aeb1821f596d2d9ffe182d3f914b274a80511cc,0xffffffffffffffffffffffffffffffffffffffff,-2310.959,0,0
SPOT,0xe20a8a715b05ac9ce384042ed6855902048b0056f608cb6e85d335c41a098687,1762279514946,HYPE,Sell,0x5aeb1821f596d2d9ffe182d3f914b274a80511cc,0xffffffffffffffffffffffffffffffffffffffff,-2424.114,0,0
SPOT,0x2f3713d641746a2130b0042ed6855902048a00bbdc7788f3d2ffbf290078440b,1762279514946,HYPE,Sell,0x5aeb1821f596d2d9ffe182d3f914b274a80511cc,0xffffffffffffffffffffffffffffffffffffffff,-2664.893,0,0
SPOT,0x7c639d3b27e327a57ddd042ed685590204890020c2e64677202c488de6e70190,1762279514946,HYPE,Sell,0x5aeb1821f596d2d9ffe182d3f914b274a80511cc,0xffffffffffffffffffffffffffffffffffffffff,-26676.755,0,0
SPOT,0xc99026a00e51e529cb09042ed685590204880085a95503fb6d58d1f2cd55bf14,1762279514946,HYPE,Sell,0x5aeb1821f596d2d9ffe182d3f914b274a80511cc,0xffffffffffffffffffffffffffffffffffffffff,-16563.666,0,0
SPOT,0xc28409143cbd3516c3fd042ed6855802042300f9d7b053e8664cb466fbb10f01,1762279514856,HYPE,Sell,0x5aeb1821f596d2d9ffe182d3f914b274a80511cc,0xffffffffffffffffffffffffffffffffffffffff,-36.358000000000004,0,0
SPOT,0x2be8543b703321392d62042ed6855802041b00210b36400bcfb0ff8e2f36fb23,1762279514856,HYPE,Sell,0x5aeb1821f596d2d9ffe182d3f914b274a80511cc,0xffffffffffffffffffffffffffffffffffffffff,-26673.045000000002,0,0
SPOT,0xdfefe81ead187fcae169042ed685560206a30004481b9e9c83b893716c1c59b5,1762279514737,HYPE,Sell,0x5aeb1821f596d2d9ffe182d3f914b274a80511cc,0xffffffffffffffffffffffffffffffffffffffff,-99.799,0,0
SPOT,0x2d1c718393873d4f2e96042ed685560206a200692e8a5c21d0e51cd6528b1739,1762279514737,HYPE,Sell,0x5aeb1821f596d2d9ffe182d3f914b274a80511cc,0xffffffffffffffffffffffffffffffffffffffff,-556.5,0,0
SPOT,0x7a48fae879f5fad37bc2042ed685560206a100ce14f919a51e11a63b38f9d4be,1762279514737,HYPE,Sell,0x5aeb1821f596d2d9ffe182d3f914b274a80511cc,0xffffffffffffffffffffffffffffffffffffffff,-2644.4880000000003,0,0
SPOT,0xc775844d6064b857c8ef042ed685560206a00032fb67d7296b3e2fa01f689242,1762279514737,HYPE,Sell,0x5aeb1821f596d2d9ffe182d3f914b274a80511cc,0xffffffffffffffffffffffffffffffffffffffff,-445.20000000000005,0,0
SPOT,0x14a20db246d375dc161b042ed6855602069f0097e1d694aeb86ab90505d74fc6,1762279514737,HYPE,Sell,0x5aeb1821f596d2d9ffe182d3f914b274a80511cc,0xffffffffffffffffffffffffffffffffffffffff,-1187.2,0,0
SPOT,0x61ce97172d4233606348042ed6855602069e00fcc845523205974269ec460d4b,1762279514737,HYPE,Sell,0x5aeb1821f596d2d9ffe182d3f914b274a80511cc,0xffffffffffffffffffffffffffffffffffffffff,-21.147,0,0
SPOT,0xfc27a9e0fa2fae68fda1042ed6855602069c00c69522cd3b9ff05533b9238853,1762279514737,HYPE,Sell,0x5aeb1821f596d2d9ffe182d3f914b274a80511cc,0xffffffffffffffffffffffffffffffffffffffff,-1074.787,0,0
SPOT,0x49543345e09e6bed4acd042ed6855602069b002b7b918abfed1cde989f9245d7,1762279514737,HYPE,Sell,0x5aeb1821f596d2d9ffe182d3f914b274a80511cc,0xffffffffffffffffffffffffffffffffffffffff,-21.147,0,0
SPOT,0x9680bcaac70d297197fa042ed6855602069a0090620048433a4967fd8601035c,1762279514737,HYPE,Sell,0x5aeb1821f596d2d9ffe182d3f914b274a80511cc,0xffffffffffffffffffffffffffffffffffffffff,-97.20200000000001,0,0
SPOT,0xe3ad460fad7be6f5e527042ed6855602069900f5487f05c78775f1626c7fc0e0,1762279514737,HYPE,Sell,0x5aeb1821f596d2d9ffe182d3f914b274a80511cc,0xffffffffffffffffffffffffffffffffffffffff,-97.20200000000001,0,0
SPOT,0x30d9cf7493eaa47a3253042ed68556020698005a2eedc34cd4a27ac752ee7e64,1762279514737,HYPE,Sell,0x5aeb1821f596d2d9ffe182d3f914b274a80511cc,0xffffffffffffffffffffffffffffffffffffffff,-97.20200000000001,0,0
SPOT,0x7e0658d97a5961fe7f80042ed6855602069700bf155c80d021cf042c395d3be9,1762279514737,HYPE,Sell,0x5aeb1821f596d2d9ffe182d3f914b274a80511cc,0xffffffffffffffffffffffffffffffffffffffff,-97.20200000000001,0,0
SPOT,0xcb32e23e60c81f82ccac042ed685560206960023fbcb3e546efb8d911fcbf96d,1762279514737,HYPE,Sell,0x5aeb1821f596d2d9ffe182d3f914b274a80511cc,0xffffffffffffffffffffffffffffffffffffffff,-97.20200000000001,0,0
SPOT,0x185f6ba34736dd0719d9042ed685560206950088e239fbd9bc2816f6063ab6f1,1762279514737,HYPE,Sell,0x5aeb1821f596d2d9ffe182d3f914b274a80511cc,0xffffffffffffffffffffffffffffffffffffffff,-97.20200000000001,0,0
SPOT,0x658bf5082da59a8b6705042ed6855602069400edc8a8b95d0954a05aeca97476,1762279514737,HYPE,Sell,0x5aeb1821f596d2d9ffe182d3f914b274a80511cc,0xffffffffffffffffffffffffffffffffffffffff,-556.5,0,0
SPOT,0xffe507d1fa831593015e042ed6855602069200b795863466a3adb324b986ef7e,1762279514737,HYPE,Sell,0x5aeb1821f596d2d9ffe182d3f914b274a80511cc,0xffffffffffffffffffffffffffffffffffffffff,-59.36000000000001,0,0
SPOT,0x4d119136e0f1d3184e8b042ed68556020691001c7bf4f1eaf0da3c899ff5ad02,1762279514737,HYPE,Sell,0x5aeb1821f596d2d9ffe182d3f914b274a80511cc,0xffffffffffffffffffffffffffffffffffffffff,-97.20200000000001,0,0
SPOT,0x9a3e1a9bc760909c9bb7042ed6855602069000816263af6e3e06c5ee86646a87,1762279514737,HYPE,Sell,0x5aeb1821f596d2d9ffe182d3f914b274a80511cc,0xffffffffffffffffffffffffffffffffffffffff,-185.5,0,0
SPOT,0xe76aa400addf4e20e8e4042ed6855602068f00e648d26cf28b334f536cd3280b,1762279514737,HYPE,Sell,0x5aeb1821f596d2d9ffe182d3f914b274a80511cc,0xffffffffffffffffffffffffffffffffffffffff,-97.20200000000001,0,0
SPOT,0x34972d65944e0ba53610042ed6855602068e004b2f412a77d85fd8b85341e58f,1762279514737,HYPE,Sell,0x5aeb1821f596d2d9ffe182d3f914b274a80511cc,0xffffffffffffffffffffffffffffffffffffffff,-97.20200000000001,0,0
SPOT,0x81c3b6ca7abcc929833d042ed6855602068d00b015bfe7fb258c621d39b0a314,1762279514737,HYPE,Sell,0x5aeb1821f596d2d9ffe182d3f914b274a80511cc,0xffffffffffffffffffffffffffffffffffffffff,-97.20200000000001,0,0
SPOT,0xcef0402f612b86add069042ed6855602068c0014fc2ea57f72b8eb82202f6098,1762279514737,HYPE,Sell,0x5aeb1821f596d2d9ffe182d3f914b274a80511cc,0xffffffffffffffffffffffffffffffffffffffff,-97.20200000000001,0,0
SPOT,0x1c1cc994479a44321d96042ed6855602068b0079e29d6304bfe574e7069e1e1c,1762279514737,HYPE,Sell,0x5aeb1821f596d2d9ffe182d3f914b274a80511cc,0xffffffffffffffffffffffffffffffffffffffff,-97.20200000000001,0,0
SPOT,0x1f424afecfcfecce20bc042ed685550224cb00e46ac30ba0c30af6518ec3c6b8,1762279514632,HYPE,Sell,0x5aeb1821f596d2d9ffe182d3f914b274a80511cc,0xffffffffffffffffffffffffffffffffffffffff,-287.52500000000003,0,0
SPOT,0x06c7e72d831c255b0841042ed685550224c800131e1f442daa909280421fff45,1762279514632,HYPE,Sell,0x5aeb1821f596d2d9ffe182d3f914b274a80511cc,0xffffffffffffffffffffffffffffffffffffffff,-4645.291,0,0
SPOT,0x53f47092698ae2df556e042ed685550224c70078048e01b1f7bd1be5288ebcc9,1762279514632,HYPE,Sell,0x5aeb1821f596d2d9ffe182d3f914b274a80511cc,0xffffffffffffffffffffffffffffffffffffffff,-10963.792,0,0
SPOT,0xee4d835c36685de7efc7042ed685550224c50041d16b7cb992162eaef56c37d2,1762279514632,HYPE,Sell,0x5aeb1821f596d2d9ffe182d3f914b274a80511cc,0xffffffffffffffffffffffffffffffffffffffff,-4664.954,0,0
SPOT,0x3b7a0cc11cd71b6c3cf3042ed685550224c400a6b7da3a3edf42b813dbdaf556,1762279514632,HYPE,Sell,0x5aeb1821f596d2d9ffe182d3f914b274a80511cc,0xffffffffffffffffffffffffffffffffffffffff,-222.60000000000002,0,0
SPOT,0x22ffa8efd02353f92479042ed685550224c100d56b2672cbc6c854428f272de3,1762279514632,HYPE,Sell,0x5aeb1821f596d2d9ffe182d3f914b274a80511cc,0xffffffffffffffffffffffffffffffffffffffff,-408.1,0,0
SPOT,0xf7246a9e5897e540f89e042ed685550223e00083f39b04139aed15f1179bbf2b,1762279514632,HYPE,Sell,0x5aeb1821f596d2d9ffe182d3f914b274a80511cc,0xffffffffffffffffffffffffffffffffffffffff,-133.56,0,0
SPOT,0x4450f4033f06a2c545ca042ed685550223df00e8da09c197e8199f55fe0a7caf,1762279514632,HYPE,Sell,0x5aeb1821f596d2d9ffe182d3f914b274a80511cc,0xffffffffffffffffffffffffffffffffffffffff,-1372.7,0,0
SPOT,0x917d7d682575604992f7042ed685550223de004dc0787f1b354628bae4793a34,1762279514632,HYPE,Sell,0x5aeb1821f596d2d9ffe182d3f914b274a80511cc,0xffffffffffffffffffffffffffffffffffffffff,-2956.128,0,0
SPOT,0x79031996d8c198d67a7c042ed685550223db007c73c4b7a81ccbc4e997c572c1,1762279514632,HYPE,Sell,0x5aeb1821f596d2d9ffe182d3f914b274a80511cc,0xffffffffffffffffffffffffffffffffffffffff,-185.5,0,0
SPOT,0x135c2c60a5af13df14d5042ed685550223d9004640a232b1b724d7b364a2edc9,1762279514632,HYPE,Sell,0x5aeb1821f596d2d9ffe182d3f914b274a80511cc,0xffffffffffffffffffffffffffffffffffffffff,-118.72000000000001,0,0
SPOT,0xfae1c88f58fb4c6bfc5b042ed685550223d60074f3fe6b3e9eaa73e217ff2656,1762279514632,HYPE,Sell,0x5aeb1821f596d2d9ffe182d3f914b274a80511cc,0xffffffffffffffffffffffffffffffffffffffff,-3698.4990000000003,0,0
SPOT,0x47b74f8eaaeeb8394931042ed6855502234d007445e1d70beb7ffae169e29223,1762279514632,HYPE,Sell,0x5aeb1821f596d2d9ffe182d3f914b274a80511cc,0xffffffffffffffffffffffffffffffffffffffff,-408.1,0,0
SPOT,0xe210625877cc3341e38a042ed6855502234b003e12cf521385d90dab36c00d2c,1762279514632,HYPE,Sell,0x5aeb1821f596d2d9ffe182d3f914b274a80511cc,0xffffffffffffffffffffffffffffffffffffffff,-65.667,0,0
SPOT,0x2f3cebbd5e3af0c630b6042ed6855502234a00a2f93e0f98d30597101d3ecab0,1762279514632,HYPE,Sell,0x5aeb1821f596d2d9ffe182d3f914b274a80511cc,0xffffffffffffffffffffffffffffffffffffffff,-119.833,0,0
SPOT,0x7c69752244a9ae4a7de3042ed685550223490007dfaccd1c2032207503ad8835,1762279514632,HYPE,Sell,0x5aeb1821f596d2d9ffe182d3f914b274a80511cc,0xffffffffffffffffffffffffffffffffffffffff,-217.77700000000002,0,0
SPOT,0xc995fe872b186bcecb0f042ed68555022348006cc61b8aa06d5ea9d9ea1c45b9,1762279514632,HYPE,Sell,0x5aeb1821f596d2d9ffe182d3f914b274a80511cc,0xffffffffffffffffffffffffffffffffffffffff,-1187.2,0,0
SPOT,0x16c287ec11872953183c042ed6855502234700d1ac8a4825ba8b333ed08b033d,1762279514632,HYPE,Sell,0x5aeb1821f596d2d9ffe182d3f914b274a80511cc,0xffffffffffffffffffffffffffffffffffffffff,-12976.838,0,0
SPOT,0x63ef1150f7f5e6d76568042ed68555022346003692f905a907b7bca3b6f9c0c2,1762279514632,HYPE,Sell,0x5aeb1821f596d2d9ffe182d3f914b274a80511cc,0xffffffffffffffffffffffffffffffffffffffff,-185.5,0,0
SPOT,0xfe48241ac4d361dfffc1042ed6855502234400005fd680b2a210cf6d83d73bca,1762279514632,HYPE,Sell,0x5aeb1821f596d2d9ffe182d3f914b274a80511cc,0xffffffffffffffffffffffffffffffffffffffff,-36.358000000000004,0,0
SPOT,0x4b74ad7fab421f644cee042ed68555022343006546453e36ef3d58d26a45f94e,1762279514632,HYPE,Sell,0x5aeb1821f596d2d9ffe182d3f914b274a80511cc,0xffffffffffffffffffffffffffffffffffffffff,-36.358000000000004,0,0
SPOT,0x98a136e491b0dce89a1a042ed6855502234200ca2cb3fbba3c69e23750b4b6d3,1762279514632,HYPE,Sell,0x5aeb1821f596d2d9ffe182d3f914b274a80511cc,0xffffffffffffffffffffffffffffffffffffffff,-134.30200000000002,0,0
SPOT,0xe5cdc049782f9a6ce747042ed68555022341002f1322b93e89966b9c37237457,1762279514632,HYPE,Sell,0x5aeb1821f596d2d9ffe182d3f914b274a80511cc,0xffffffffffffffffffffffffffffffffffffffff,-192.54900000000004,0,0
SPOT,0x32fa49ae5e9e57f13474042ed685550223400093f99176c3d6c2f5011d9231db,1762279514632,HYPE,Sell,0x5aeb1821f596d2d9ffe182d3f914b274a80511cc,0xffffffffffffffffffffffffffffffffffffffff,-217.77700000000002,0,0
SPOT,0x8026d313450d157581a0042ed6855502233f00f8e000344723ef7e660400ef60,1762279514632,HYPE,Sell,0x5aeb1821f596d2d9ffe182d3f914b274a80511cc,0xffffffffffffffffffffffffffffffffffffffff,-97.20200000000001,0,0
SPOT,0xcd535c782b7bd2f9cecd042ed6855502233e005dc67ef1cb711c07caea7face4,1762279514632,HYPE,Sell,0x5aeb1821f596d2d9ffe182d3f914b274a80511cc,0xffffffffffffffffffffffffffffffffffffffff,-53.424,0,0
SPOT,0x1a7fe5dd11ea907e1bf9042ed6855502233d00c2acedaf50be48912fd0ee6a68,1762279514632,HYPE,Sell,0x5aeb1821f596d2d9ffe182d3f914b274a80511cc,0xffffffffffffffffffffffffffffffffffffffff,-96.46000000000001,0,0
SPOT,0x67ac6f41f8594e026926042ed6855502233c0027935c6cd40b751a94b75d27ed,1762279514632,HYPE,Sell,0x5aeb1821f596d2d9ffe182d3f914b274a80511cc,0xffffffffffffffffffffffffffffffffffffffff,-97.20200000000001,0,0
SPOT,0x4f320b70aba5868f50ab042ed68555022339005646a8a561f2fab6c36aa96079,1762279514632,HYPE,Sell,0x5aeb1821f596d2d9ffe182d3f914b274a80511cc,0xffffffffffffffffffffffffffffffffffffffff,-107.59,0,0
SPOT,0x9c5e94d5921444139dd8042ed6855502233800bb2d1762e54027402851181dfe,1762279514632,HYPE,Sell,0x5aeb1821f596d2d9ffe182d3f914b274a80511cc,0xffffffffffffffffffffffffffffffffffffffff,-36.358000000000004,0,0
SPOT,0xe98b1e3a78830197eb04042ed685550223370020138620698d53c98d3786db82,1762279514632,HYPE,Sell,0x5aeb1821f596d2d9ffe182d3f914b274a80511cc,0xffffffffffffffffffffffffffffffffffffffff,-107.59,0,0
SPOT,0x36b7a79f5ef1bf1c3831042ed685550223360084f9f4ddeeda8052f21df59906,1762279514632,HYPE,Sell,0x5aeb1821f596d2d9ffe182d3f914b274a80511cc,0xffffffffffffffffffffffffffffffffffffffff,-1187.2,0,0
SPOT,0x83e4310445607ca0855d042ed6855502233500e9e0639b7227acdc570464568b,1762279514632,HYPE,Sell,0x5aeb1821f596d2d9ffe182d3f914b274a80511cc,0xffffffffffffffffffffffffffffffffffffffff,-1187.2,0,0
SPOT,0xd110ba692bdf3a24d28a042ed68555022334004ec6d258f674d965bbead3140f,1762279514632,HYPE,Sell,0x5aeb1821f596d2d9ffe182d3f914b274a80511cc,0xffffffffffffffffffffffffffffffffffffffff,-1187.2,0,0
SPOT,0x1e3d43ce124df7a91fb7042ed6855502233300b3ad41167bc205ef20d141d193,1762279514632,HYPE,Sell,0x5aeb1821f596d2d9ffe182d3f914b274a80511cc,0xffffffffffffffffffffffffffffffffffffffff,-890.4000000000001,0,0
SPOT,0xb8965697df2b72b1ba10042ed68555022331007d7a2e91835c5f01ea9e2f4c9c,1762279514632,HYPE,Sell,0x5aeb1821f596d2d9ffe182d3f914b274a80511cc,0xffffffffffffffffffffffffffffffffffffffff,-2300.2000000000003,0,0
SPOT,0x87a18ef545c3e3cb891b042ed6855502232b00dae0c7029d2b6a3a4804c7bdb6,1762279514632,HYPE,Sell,0x5aeb1821f596d2d9ffe182d3f914b274a80511cc,0xffffffffffffffffffffffffffffffffffffffff,-103.88,0,0
SPOT,0xb2a80c45b09687aeb421042ed685530208ea002b4b99a6805670b7986f9a6199,1762279514457,HYPE,Sell,0x5aeb1821f596d2d9ffe182d3f914b274a80511cc,0xffffffffffffffffffffffffffffffffffffffff,-107.59,0,0
SPOT,0x4d011f0f7d7402b74e7a042ed685530208e800f518772189f0c9ca623c77dca1,1762279514457,HYPE,Sell,0x5aeb1821f596d2d9ffe182d3f914b274a80511cc,0xffffffffffffffffffffffffffffffffffffffff,-185.5,0,0
SPOT,0x9a2da87463e2c03b9ba7042ed685530208e70059fee5df0d3df653c722e69a26,1762279514457,HYPE,Sell,0x5aeb1821f596d2d9ffe182d3f914b274a80511cc,0xffffffffffffffffffffffffffffffffffffffff,-185.5,0,0
SPOT,0xe75a31d94a517dbfe8d3042ed685530208e600bee5549c918b22dd2c095557aa,1762279514457,HYPE,Sell,0x5aeb1821f596d2d9ffe182d3f914b274a80511cc,0xffffffffffffffffffffffffffffffffffffffff,-1001.7,0,0
SPOT,0x3486bb3e30c03b443600042ed685530208e50023cbc35a16d84f6690efc4152e,1762279514457,HYPE,Sell,0x5aeb1821f596d2d9ffe182d3f914b274a80511cc,0xffffffffffffffffffffffffffffffffffffffff,-2151.8,0,0
SPOT,0xcedfce07fdadb64cd059042ed685530208e300ed98a0d51e72a8795abca19037,1762279514457,HYPE,Sell,0x5aeb1821f596d2d9ffe182d3f914b274a80511cc,0xffffffffffffffffffffffffffffffffffffffff,-205.53400000000002,0,0
SPOT,0x6f2fc8991a07003070a9042ed68551020423007eb50a1f0212f873ebd90ada1b,1762279514250,HYPE,Sell,0x5aeb1821f596d2d9ffe182d3f914b274a80511cc,0xffffffffffffffffffffffffffffffffffffffff,-2300.2000000000003,0,0
SPOT,0xbc5c51fe0075bdb4bdd6042ed6855102042200e39b78dc866024fd50bf79979f,1762279514250,HYPE,Sell,0x5aeb1821f596d2d9ffe182d3f914b274a80511cc,0xffffffffffffffffffffffffffffffffffffffff,-126.14,0,0
SPOT,0x37dce835d80164a53956042ed685500204c8001b73048377dba5938897053e8f,1762279514186,HYPE,Sell,0x5aeb1821f596d2d9ffe182d3f914b274a80511cc,0xffffffffffffffffffffffffffffffffffffffff,-8896.951000000001,0,0
SPOT,0x8509719abe7022298683042ed685500204c70080597340fb28d21ced7d73fc14,1762279514186,HYPE,Sell,0x5aeb1821f596d2d9ffe182d3f914b274a80511cc,0xffffffffffffffffffffffffffffffffffffffff,-482.3,0,0
SPOT,0xd235faffa4eedfadd3af042ed685500204c600e53fe1fe7f75fea65263e2b998,1762279514186,HYPE,Sell,0x5aeb1821f596d2d9ffe182d3f914b274a80511cc,0xffffffffffffffffffffffffffffffffffffffff,-96.46000000000001,0,0
SPOT,0x7ca14a789ade2b3a7e1b042ed6854f020242005e35d14a0c2069f5cb59d20525,1762279514125,HYPE,Sell,0x5aeb1821f596d2d9ffe182d3f914b274a80511cc,0xffffffffffffffffffffffffffffffffffffffff,-0.371,0,0
SPOT,0xc9cdd3dd814ce8becb47042ed6854f02024100c31c4007906d967f304040c2a9,1762279514125,HYPE,Sell,0x5aeb1821f596d2d9ffe182d3f914b274a80511cc,0xffffffffffffffffffffffffffffffffffffffff,-14.840000000000002,0,0
SPOT,0x6426e6a74e2a63c765a0042ed6854f02023f008ce92d829907ef91fa0d2e3db2,1762279514125,HYPE,Sell,0x5aeb1821f596d2d9ffe182d3f914b274a80511cc,0xffffffffffffffffffffffffffffffffffffffff,-96.46000000000001,0,0
SPOT,0xb153700c3499214bb2cd042ed6854f02023e00f1cf9c401d551c1b5ef39cfb36,1762279514125,HYPE,Sell,0x5aeb1821f596d2d9ffe182d3f914b274a80511cc,0xffffffffffffffffffffffffffffffffffffffff,-185.5,0,0
SPOT,0xfe7ff9711b07decffff9042ed6854f02023d0056b60afda2a248a4c3da0bb8ba,1762279514125,HYPE,Sell,0x5aeb1821f596d2d9ffe182d3f914b274a80511cc,0xffffffffffffffffffffffffffffffffffffffff,-15.953000000000001,0,0
SPOT,0x4bac82d601769c544d26042ed6854f02023c00bb9c79bb26ef752e28c07a763e,1762279514125,HYPE,Sell,0x5aeb1821f596d2d9ffe182d3f914b274a80511cc,0xffffffffffffffffffffffffffffffffffffffff,-8896.58,0,0
SPOT,0xee9cd2d957c8353cf016042ed6854e0205ae00bef2cb540e92657e2c16cc0f27,1762279514049,HYPE,Sell,0x5aeb1821f596d2d9ffe182d3f914b274a80511cc,0xffffffffffffffffffffffffffffffffffffffff,-96.46000000000001,0,0
SPOT,0x3bc95c3e3e36f2c13d43042ed6854e0205ad0023d93a1193df920790fd3accab,1762279514049,HYPE,Sell,0x5aeb1821f596d2d9ffe182d3f914b274a80511cc,0xffffffffffffffffffffffffffffffffffffffff,-96.46000000000001,0,0
SPOT,0x55cf018712259a285748042ed6854c0205ce006cad28b8faf997acd9d1297412,1762279513934,HYPE,Sell,0x5aeb1821f596d2d9ffe182d3f914b274a80511cc,0xffffffffffffffffffffffffffffffffffffffff,-96.46000000000001,0,0
SPOT,0xa2fb8aebf89457aca475042ed6854c0205cd00d19397767e46c4363eb7983197,1762279513934,HYPE,Sell,0x5aeb1821f596d2d9ffe182d3f914b274a80511cc,0xffffffffffffffffffffffffffffffffffffffff,-371,0,0
SPOT,0xf0281450df031530f1a1042ed6854c0205cc00367a06340393f0bfa39e06ef1b,1762279513934,HYPE,Sell,0x5aeb1821f596d2d9ffe182d3f914b274a80511cc,0xffffffffffffffffffffffffffffffffffffffff,-96.46000000000001,0,0
SPOT,0x7e5af9167ab1f75c7fd4042ed6854b02120400fc15b5162e2223a46939b5d147,1762279513848,HYPE,Sell,0x5aeb1821f596d2d9ffe182d3f914b274a80511cc,0xffffffffffffffffffffffffffffffffffffffff,-1855,0,0
SPOT,0x34ebcda294a6a1033665042ed6854b0211fb00882fa9bfd5d8b478f553aa7aed,1762279513848,HYPE,Sell,0x5aeb1821f596d2d9ffe182d3f914b274a80511cc,0xffffffffffffffffffffffffffffffffffffffff,-296.8,0,0
SPOT,0xcf44e06c61841c0bd0be042ed6854b0211f90051fc873add730d8bbf2087f5f6,1762279513848,HYPE,Sell,0x5aeb1821f596d2d9ffe182d3f914b274a80511cc,0xffffffffffffffffffffffffffffffffffffffff,-988.344,0,0
SPOT,0x492a2862bca9691c4aa3042ed68549020c05004857ac87eeecf2d3b57bad4306,1762279513729,HYPE,Sell,0x5aeb1821f596d2d9ffe182d3f914b274a80511cc,0xffffffffffffffffffffffffffffffffffffffff,-96.46000000000001,0,0
SPOT,0x9656b1c7a31826a097d0042ed68549020c0400ad3e1b45723a1f5d1a621c008b,1762279513729,HYPE,Sell,0x5aeb1821f596d2d9ffe182d3f914b274a80511cc,0xffffffffffffffffffffffffffffffffffffffff,-55.650000000000006,0,0
SPOT,0xe3833b2c8986e424e4fc042ed68549020c030012248a02f6874be67f488abe0f,1762279513729,HYPE,Sell,0x5aeb1821f596d2d9ffe182d3f914b274a80511cc,0xffffffffffffffffffffffffffffffffffffffff,-59.36000000000001,0,0
SPOT,0xd283933d3d99eb07d3fd042ed68549020bec0022d89d09d9764c3e8ffc9dc4f2,1762279513729,HYPE,Sell,0x5aeb1821f596d2d9ffe182d3f914b274a80511cc,0xffffffffffffffffffffffffffffffffffffffff,-674.4780000000001,0,0
SPOT,0x213be540e901511c22b5042ed68547014500fd2684046feec5049093a8052b06,1762279513581,HYPE,Sell,0x5aeb1821f596d2d9ffe182d3f914b274a80511cc,0xffffffffffffffffffffffffffffffffffffffff,-8896.58,0,0
SPOT,0xf0077395b6ee58bcf181042ed68546020498007b51e1778f93d01ee875e232a7,1762279513527,HYPE,Sell,0x5aeb1821f596d2d9ffe182d3f914b274a80511cc,0xffffffffffffffffffffffffffffffffffffffff,-60.473,0,0
SPOT,0x9d2af8052043a4289ea4042ed6854502036300eabb46c2fa40f3a357df477e13,1762279513460,HYPE,Sell,0x5aeb1821f596d2d9ffe182d3f914b274a80511cc,0xffffffffffffffffffffffffffffffffffffffff,-5398.05,0,0
SPOT,0xea57816a06b261acebd1042ed68545020362004fa1b5807e8e202cbcc5b63b97,1762279513460,HYPE,Sell,0x5aeb1821f596d2d9ffe182d3f914b274a80511cc,0xffffffffffffffffffffffffffffffffffffffff,-526.82,0,0
SPOT,0x6c36306286ec15426daf042ed6854502035d004821ef34140ffedbb545efef2d,1762279513460,HYPE,Sell,0x5aeb1821f596d2d9ffe182d3f914b274a80511cc,0xffffffffffffffffffffffffffffffffffffffff,-2764.3210000000004,0,0
SPOT,0x3e284e70587a56b73fa2042ed68543020e680055f37d7589e1f0f9c3177e30a1,1762279513331,HYPE,Sell,0x5aeb1821f596d2d9ffe182d3f914b274a80511cc,0xffffffffffffffffffffffffffffffffffffffff,-1150.1000000000001,0,0
SPOT,0x8b54d7d53ee9143b8cce042ed68543020e6700bad9ec330d2f1d8327fdecee26,1762279513331,HYPE,Sell,0x5aeb1821f596d2d9ffe182d3f914b274a80511cc,0xffffffffffffffffffffffffffffffffffffffff,-38.955000000000005,0,0
SPOT,0x24c0a128b856d8d2263a042ed685420208db000e5359f7a4c8894c7b775ab2bc,1762279513236,HYPE,Sell,0x5aeb1821f596d2d9ffe182d3f914b274a80511cc,0xffffffffffffffffffffffffffffffffffffffff,-24.857000000000003,0,0
SPOT,0x71ed2a8d9ec596567366042ed685420208da007339c8b52815b5d5e05dc97041,1762279513236,HYPE,Sell,0x5aeb1821f596d2d9ffe182d3f914b274a80511cc,0xffffffffffffffffffffffffffffffffffffffff,-927.5,0,0
SPOT,0x5972c6bc5211cee35aec042ed685420208d700a1ed14edb5fd3b720f1115a8cd,1762279513236,HYPE,Sell,0x5aeb1821f596d2d9ffe182d3f914b274a80511cc,0xffffffffffffffffffffffffffffffffffffffff,-8896.58,0,0
SPOT,0xae88888f98fe06d9b002042ed68541020b3a007533f125ab525133e257f1e0c4,1762279513139,HYPE,Sell,0x5aeb1821f596d2d9ffe182d3f914b274a80511cc,0xffffffffffffffffffffffffffffffffffffffff,-70.49,0,0
SPOT,0x1de3bb7e1bffc1d71f5d042ed6853f0206740063b6f2e0a9c1ac66d0daf39bc1,1762279512902,HYPE,Sell,0x5aeb1821f596d2d9ffe182d3f914b274a80511cc,0xffffffffffffffffffffffffffffffffffffffff,-38.955000000000005,0,0
SPOT,0xd474900a35e46b7dd5ee042ed6853f02066b00efd0e78a4f783d3b5cf4e84568,1762279512902,HYPE,Sell,0x5aeb1821f596d2d9ffe182d3f914b274a80511cc,0xffffffffffffffffffffffffffffffffffffffff,-37.1,0,0
SPOT,0x21a1196f1c532902231a042ed6853f02066a0054b75647d4c569c4c1db5702ec,1762279512902,HYPE,Sell,0x5aeb1821f596d2d9ffe182d3f914b274a80511cc,0xffffffffffffffffffffffffffffffffffffffff,-60.844,0,0
SPOT,0xd53a528fc8fd4d9ed6b4042ed6853e020389007563f06c707902fde287f12789,1762279512827,HYPE,Sell,0x5aeb1821f596d2d9ffe182d3f914b274a80511cc,0xffffffffffffffffffffffffffffffffffffffff,-37.1,0,0
SPOT,0xeb6afdf701e1c14eece4042ed6853d0204b500dc9ce4e0208f33a949c0e59b39,1762279512731,HYPE,Sell,0x5aeb1821f596d2d9ffe182d3f914b274a80511cc,0xffffffffffffffffffffffffffffffffffffffff,-37.1,0,0
SPOT,0x3897875be8507ed33a11042ed6853d0204b4004183539da5dc6032aea75458bd,1762279512731,HYPE,Sell,0x5aeb1821f596d2d9ffe182d3f914b274a80511cc,0xffffffffffffffffffffffffffffffffffffffff,-37.1,0,0
SPOT,0xcdaf02bc954d3cc0cf28042ed6853b0208e500a230405b927177ae0f544116ab,1762279512614,HYPE,Sell,0x5aeb1821f596d2d9ffe182d3f914b274a80511cc,0xffffffffffffffffffffffffffffffffffffffff,-38.955000000000005,0,0
SPOT,0x843fd748af31e66785b9042ed6853b0208dc002e4a3505392808829b6e35c052,1762279512614,HYPE,Sell,0x5aeb1821f596d2d9ffe182d3f914b274a80511cc,0xffffffffffffffffffffffffffffffffffffffff,-1995.6090000000002,0,0
SPOT,0x80f117adddf09d7f826a042ed6853a02086d009378f3bc5124b9c3009cf4776a,1762279512529,HYPE,Sell,0x5aeb1821f596d2d9ffe182d3f914b274a80511cc,0xffffffffffffffffffffffffffffffffffffffff,-270.83,0,0
SPOT,0x6c3411cd91a03d376dad042ed6853a02086000b32ca35c090ffcbd2050a41722,1762279512529,HYPE,Sell,0x5aeb1821f596d2d9ffe182d3f914b274a80511cc,0xffffffffffffffffffffffffffffffffffffffff,-8897.322,0,0
SPOT,0x5130b0e706c40efd52aa042ed6853802050c00cca1c72dcff4f95c39c5c7e8e7,1762279512363,HYPE,Sell,0x5aeb1821f596d2d9ffe182d3f914b274a80511cc,0xffffffffffffffffffffffffffffffffffffffff,-8897.322,0,0
SPOT,0x6d9766f6ea31f2656f11042ed685360208e500dc8535113711601249a935cc50,1762279512209,HYPE,Sell,0x5aeb1821f596d2d9ffe182d3f914b274a80511cc,0xffffffffffffffffffffffffffffffffffffffff,-106.106,0,0
SPOT,0x8c37a6dd1cc83d7d8db1042ed6853202080a00c2b7cb5c4f3000522fdbcc1768,1762279511973,HYPE,Sell,0x5aeb1821f596d2d9ffe182d3f914b274a80511cc,0xffffffffffffffffffffffffffffffffffffffff,-1101.499,0,0
SPOT,0x20c92b8a9ed2f4ea2242042ed685320207d3007039d613bcc491d6dd5dd6ced4,1762279511973,HYPE,Sell,0x5aeb1821f596d2d9ffe182d3f914b274a80511cc,0xffffffffffffffffffffffffffffffffffffffff,-399.567,0,0
SPOT,0x4ff9ede2b07652405173042ed6852f02134c00c84b797112f3c299356f7a2c2a,1762279511771,HYPE,Sell,0x5aeb1821f596d2d9ffe182d3f914b274a80511cc,0xffffffffffffffffffffffffffffffffffffffff,-70.49,0,0
SPOT,0x068ac26eca6afbe70804042ed6852f0213430054656e1ab9aa536dc1896ed5d1,1762279511771,HYPE,Sell,0x5aeb1821f596d2d9ffe182d3f914b274a80511cc,0xffffffffffffffffffffffffffffffffffffffff,-22.26,0,0
SPOT,0xac1bef0b9862ac70ad95042ed6852f02132300f13365cb424fe49a5e5766865b,1762279511771,HYPE,Sell,0x5aeb1821f596d2d9ffe182d3f914b274a80511cc,0xffffffffffffffffffffffffffffffffffffffff,-222.60000000000002,0,0
SPOT,0x9d3ebc293eb517139eb8042ed6852e020395000ed9b835e54107677bfdb8f0fe,1762279511634,HYPE,Sell,0x5aeb1821f596d2d9ffe182d3f914b274a80511cc,0xffffffffffffffffffffffffffffffffffffffff,-1855,0,0
SPOT,0xea6b458e2523d497ebe5042ed6852e0203940073c026f3698e33f0e0e427ae82,1762279511634,HYPE,Sell,0x5aeb1821f596d2d9ffe182d3f914b274a80511cc,0xffffffffffffffffffffffffffffffffffffffff,-3495.9330000000004,0,0
SPOT,0x9f385863563b30fca0b2042ed6852b02091c0048f13e4fce430103b6153f0ae7,1762279511493,HYPE,Sell,0x5aeb1821f596d2d9ffe182d3f914b274a80511cc,0xffffffffffffffffffffffffffffffffffffffff,-8898.435,0,0
SPOT,0xd3ea7df6eff6270dd564042ed6852b02091800dc8af945df77b32949aefa00f8,1762279511493,HYPE,Sell,0x5aeb1821f596d2d9ffe182d3f914b274a80511cc,0xffffffffffffffffffffffffffffffffffffffff,-8898.435,0,0
SPOT,0xa0abdc207363d23da225042ed6852a020d2c00060e66f10f447487733267ac28,1762279511425,HYPE,Sell,0x5aeb1821f596d2d9ffe182d3f914b274a80511cc,0xffffffffffffffffffffffffffffffffffffffff,-3127.9010000000003,0,0
SPOT,0xedd8658559d28fc1ef52042ed6852a020d2b006af4d5ae9391a110d818d669ac,1762279511425,HYPE,Sell,0x5aeb1821f596d2d9ffe182d3f914b274a80511cc,0xffffffffffffffffffffffffffffffffffffffff,-51.94,0,0
SPOT,0x84436cd9090c6d3f85bd042ed6852102058300bea40f8c11280c182bc800472a,1762279510706,HYPE,Sell,0x5aeb1821f596d2d9ffe182d3f914b274a80511cc,0xffffffffffffffffffffffffffffffffffffffff,-22.26,0,0
SPOT,0xe8a5ca9fb55d05bfea1f042ed685200205550085505024918c6e75f27450dfaa,1762279510643,HYPE,Sell,0x5aeb1821f596d2d9ffe182d3f914b274a80511cc,0xffffffffffffffffffffffffffffffffffffffff,-339.09400000000005,0,0
SPOT,0x35d254049bcbc344374c042ed6852002055400ea36cee216d99aff575acf9d2e,1762279510643,HYPE,Sell,0x5aeb1821f596d2d9ffe182d3f914b274a80511cc,0xffffffffffffffffffffffffffffffffffffffff,-37.1,0,0
SPOT,0xffdb9f017b3ee0bb0155042ed6851f02052800e71631ff8ea3a44a543a32baa6,1762279510563,HYPE,Sell,0x5aeb1821f596d2d9ffe182d3f914b274a80511cc,0xffffffffffffffffffffffffffffffffffffffff,-1750.007,0,0
SPOT,0x4d08286661ad9e404e81042ed6851f020527004bfca0bd12f0d0d3b920a1782a,1762279510563,HYPE,Sell,0x5aeb1821f596d2d9ffe182d3f914b274a80511cc,0xffffffffffffffffffffffffffffffffffffffff,-988.344,0,0
SPOT,0x9a34b1cb481c5bc49bae042ed6851f02052600b0e31f7a963dfd5d1e071035af,1762279510563,HYPE,Sell,0x5aeb1821f596d2d9ffe182d3f914b274a80511cc,0xffffffffffffffffffffffffffffffffffffffff,-22.26,0,0
SPOT,0x64abae99aa91786e6625042ed6851d021918007f45949740087459ec69955259,1762279510355,HYPE,Sell,0x5aeb1821f596d2d9ffe182d3f914b274a80511cc,0xffffffffffffffffffffffffffffffffffffffff,-8899.548,0,0
SPOT,0xff04c163777ef376007e042ed6851d021916004912721249a2cd6cb63672cd61,1762279510355,HYPE,Sell,0x5aeb1821f596d2d9ffe182d3f914b274a80511cc,0xffffffffffffffffffffffffffffffffffffffff,-8899.548,0,0
SPOT,0x4f97a653c9c5c66f5111042ed6851d021883003964c8e541f36051a688c9a059,1762279510355,HYPE,Sell,0x5aeb1821f596d2d9ffe182d3f914b274a80511cc,0xffffffffffffffffffffffffffffffffffffffff,-70.49,0,0
SPOT,0xb96b5a8c09027dbebae5042ed6851c02065c0071a4059c905d3405dec80657a9,1762279510305,HYPE,Sell,0x5aeb1821f596d2d9ffe182d3f914b274a80511cc,0xffffffffffffffffffffffffffffffffffffffff,-37.1,0,0
SPOT,0x2e3ddd9d0b2250572fb7042ed68516020b6c0082a6256f29d20688efca262a41,1762279509883,HYPE,Sell,0x5aeb1821f596d2d9ffe182d3f914b274a80511cc,0xffffffffffffffffffffffffffffffffffffffff,-185.5,0,0
SPOT,0xe62add89468fb300e7a4042ed68516020a92006ee182d1d289f388dc05838ceb,1762279509883,HYPE,Sell,0x5aeb1821f596d2d9ffe182d3f914b274a80511cc,0xffffffffffffffffffffffffffffffffffffffff,-461.895,0,0
SPOT,0xebe25edb9c26fcb0ed5c042ed6851302044b00c1372a1b828fab0a2e5b2ad69b,1762279509695,HYPE,Sell,0x5aeb1821f596d2d9ffe182d3f914b274a80511cc,0xffffffffffffffffffffffffffffffffffffffff,-100.17000000000002,0,0
SPOT,0x6dc10dd41c50b0466f3a042ed6851302044600b9b753cf181189b926db548a31,1762279509695,HYPE,Sell,0x5aeb1821f596d2d9ffe182d3f914b274a80511cc,0xffffffffffffffffffffffffffffffffffffffff,-1855,0,0
SPOT,0x71565dad1e9f7a8472d0042ed685110207940092b9929956151f08ffdd93546f,1762279509551,HYPE,Sell,0x5aeb1821f596d2d9ffe182d3f914b274a80511cc,0xffffffffffffffffffffffffffffffffffffffff,-964.6,0,0
SPOT,0xf4d7ea0dc0aada99f651042ed6850e0206ac00f35badf96c98a095607faeb484,1762279509277,HYPE,Sell,0x5aeb1821f596d2d9ffe182d3f914b274a80511cc,0xffffffffffffffffffffffffffffffffffffffff,-8899.919,0,0
SPOT,0xe38abb8e61d0fa17e504042ed68505020e170101fcd418e9875366e120d4d402,1762279508344,HYPE,Sell,0x5aeb1821f596d2d9ffe182d3f914b274a80511cc,0xffffffffffffffffffffffffffffffffffffffff,-185.5,0,0
SPOT,0xb6c6845c45bb9a55b840042ed68505020e120041e0beb9275a8f2faf04bf7440,1762279508344,HYPE,Sell,0x5aeb1821f596d2d9ffe182d3f914b274a80511cc,0xffffffffffffffffffffffffffffffffffffffff,-8899.919,0,0
SPOT,0x03f30dc12c2a57da056c042ed68505020e1100a6c72d76aca7bbb913eb2e31c4,1762279508344,HYPE,Sell,0x5aeb1821f596d2d9ffe182d3f914b274a80511cc,0xffffffffffffffffffffffffffffffffffffffff,-405.132,0,0
SPOT,0x2db40f1d641af0352f2d042ed685020208370002ff1e0f07d17cba70231eca1f,1762279508076,HYPE,Sell,0x5aeb1821f596d2d9ffe182d3f914b274a80511cc,0xffffffffffffffffffffffffffffffffffffffff,-1855,0,0
SPOT,0x946770e12abf4aca95e1042ed684fe02054500c6c5b2699c38301c33e9b324b5,1762279507796,HYPE,Sell,0x5aeb1821f596d2d9ffe182d3f914b274a80511cc,0xffffffffffffffffffffffffffffffffffffffff,-8898.806,0,0
SPOT,0x2ec083aaf79cc5d3303a042ed684fe0205430090929fe4a5d2892efdb6909fbd,1762279507796,HYPE,Sell,0x5aeb1821f596d2d9ffe182d3f914b274a80511cc,0xffffffffffffffffffffffffffffffffffffffff,-70.49,0,0
SPOT,0xc9199674c47a40dbca93042ed684fe020541005a5f7d5fad6ce241c7837e1ac6,1762279507796,HYPE,Sell,0x5aeb1821f596d2d9ffe182d3f914b274a80511cc,0xffffffffffffffffffffffffffffffffffffffff,-70.49,0,0
SPOT,0x16461fd9aae8fe6017bf042ed684fe02054000bf45ec1d32ba0ecb2c69ecd84a,1762279507796,HYPE,Sell,0x5aeb1821f596d2d9ffe182d3f914b274a80511cc,0xffffffffffffffffffffffffffffffffffffffff,-2765.063,0,0
SPOT,0x6372a93e9157bbe464ec042ed684fe02053f00242c5adab6073b5491505b95cf,1762279507796,HYPE,Sell,0x5aeb1821f596d2d9ffe182d3f914b274a80511cc,0xffffffffffffffffffffffffffffffffffffffff,-20.034000000000002,0,0
SPOT,0x4742330f4ad4fb9848bb042ed684fa0203ab00f4e5d81a6aeb0ade6209d8d582,1762279507446,HYPE,Sell,0x5aeb1821f596d2d9ffe182d3f914b274a80511cc,0xffffffffffffffffffffffffffffffffffffffff,-70.49,0,0
SPOT,0xa506ac42e650abd3a680042ed684f7020b7200288153caa548cf5795a55485be,1762279507320,HYPE,Sell,0x5aeb1821f596d2d9ffe182d3f914b274a80511cc,0xffffffffffffffffffffffffffffffffffffffff,-1996.351,0,0
SPOT,0x3f5fbf0cb33e26dc40d9042ed684f7020b7000f24e3145aee3286a5f723200c6,1762279507320,HYPE,Sell,0x5aeb1821f596d2d9ffe182d3f914b274a80511cc,0xffffffffffffffffffffffffffffffffffffffff,-790.9720000000001,0,0
SPOT,0x9e512bbf3ae4f7029fca042ed684f602146800a4d5e815d44219d711f9e8d0ed,1762279507244,HYPE,Sell,0x5aeb1821f596d2d9ffe182d3f914b274a80511cc,0xffffffffffffffffffffffffffffffffffffffff,-8898.435,0,0
SPOT,0x4b75158c129c98e34cee042ed684f5020a600071ad9fb7b5ef3dc0ded19072cd,1762279507135,HYPE,Sell,0x5aeb1821f596d2d9ffe182d3f914b274a80511cc,0xffffffffffffffffffffffffffffffffffffffff,-70.49,0,0
SPOT,0x32fab1bac5e8d1703474042ed684f5020a5d00a060ebf042d6c35d0d84ecab5a,1762279507135,HYPE,Sell,0x5aeb1821f596d2d9ffe182d3f914b274a80511cc,0xffffffffffffffffffffffffffffffffffffffff,-103.88,0,0
SPOT,0x12c64d5c4e0528a31440042ed684f40205f40041e9084775b68ef8af0d09028d,1762279507060,HYPE,Sell,0x5aeb1821f596d2d9ffe182d3f914b274a80511cc,0xffffffffffffffffffffffffffffffffffffffff,-8898.435,0,0
SPOT,0x32bb6d0f9b7fbe6c3435042ed684f40205e300f53672dd3ed68418625a739856,1762279507060,HYPE,Sell,0x5aeb1821f596d2d9ffe182d3f914b274a80511cc,0xffffffffffffffffffffffffffffffffffffffff,-185.5,0,0
SPOT,0xa0d1eec4c8341acba24b042ed684f10203de00aa6337399d449a9a178737f4b6,1762279506839,HYPE,Sell,0x5aeb1821f596d2d9ffe182d3f914b274a80511cc,0xffffffffffffffffffffffffffffffffffffffff,-185.5,0,0
SPOT,0x88578af37b80535889d1042ed684f10203db00d91683722a2c2036463a842d43,1762279506839,HYPE,Sell,0x5aeb1821f596d2d9ffe182d3f914b274a80511cc,0xffffffffffffffffffffffffffffffffffffffff,-461.895,0,0
SPOT,0x312726cd86b6ee9032a0042ed684ef02039000b321ba0d62d4efd22045bac87a,1762279506656,HYPE,Sell,0x5aeb1821f596d2d9ffe182d3f914b274a80511cc,0xffffffffffffffffffffffffffffffffffffffff,-131.705,0,0
SPOT,0xb305d5c606e0a225b47f042ed684ef02038b00aba1e3c0f756ce8118c5e47c10,1762279506656,HYPE,Sell,0x5aeb1821f596d2d9ffe182d3f914b274a80511cc,0xffffffffffffffffffffffffffffffffffffffff,-89.04,0,0
SPOT,0x02145f746a3ead07038e042ed684ed020a12005a0531cbd9a5dd0ac7293286f1,1762279506454,HYPE,Sell,0x5aeb1821f596d2d9ffe182d3f914b274a80511cc,0xffffffffffffffffffffffffffffffffffffffff,-988.344,0,0
SPOT,0xb720fa88649600bdb89a042ed684eb020e32006dff991f8f5ae9a5db2399daa8,1762279506249,HYPE,Sell,0x5aeb1821f596d2d9ffe182d3f914b274a80511cc,0xffffffffffffffffffffffffffffffffffffffff,-7049,0,0
SPOT,0xd358bc4ab1ad2f5bd4d2042ed684eb020e2b00304ca04e2d7721679d70a10946,1762279506249,HYPE,Sell,0x5aeb1821f596d2d9ffe182d3f914b274a80511cc,0xffffffffffffffffffffffffffffffffffffffff,-81.249,0,0
SPOT,0x208545af981bece021ff042ed684eb020e2a0095331f0bb2c44df102571fc6ca,1762279506249,HYPE,Sell,0x5aeb1821f596d2d9ffe182d3f914b274a80511cc,0xffffffffffffffffffffffffffffffffffffffff,-462.2660000000001,0,0
SPOT,0x080ae1de4b68256d0984042ed684eb020e2700c3e66b443fabd38d310a6bff57,1762279506249,HYPE,Sell,0x5aeb1821f596d2d9ffe182d3f914b274a80511cc,0xffffffffffffffffffffffffffffffffffffffff,-15.211,0,0
SPOT,0xef907e0cfeb45df9f10a042ed684eb020e2400f299b77ccb9359295fbdb837e4,1762279506249,HYPE,Sell,0x5aeb1821f596d2d9ffe182d3f914b274a80511cc,0xffffffffffffffffffffffffffffffffffffffff,-8898.435,0,0
SPOT,0x2c43dd5d01d5f17e2dbd042ed684e90206b000429cd91050d00c88afc0d9cb68,1762279506048,HYPE,Sell,0x5aeb1821f596d2d9ffe182d3f914b274a80511cc,0xffffffffffffffffffffffffffffffffffffffff,-271.572,0,0
SPOT,0xc69cf026ceb36c86c816042ed684e90206ae000c69b68b586a659b798db74671,1762279506048,HYPE,Sell,0x5aeb1821f596d2d9ffe182d3f914b274a80511cc,0xffffffffffffffffffffffffffffffffffffffff,-4063.934,0,0
SPOT,0x13c9798bb5222a0b1543042ed684e90206ad0071502548ddb79224de742603f5,1762279506048,HYPE,Sell,0x5aeb1821f596d2d9ffe182d3f914b274a80511cc,0xffffffffffffffffffffffffffffffffffffffff,-299.39700000000005,0,0
SPOT,0x60f602f09b90e78f626f042ed684e90206ac00d63694066104beae435a94c17a,1762279506048,HYPE,Sell,0x5aeb1821f596d2d9ffe182d3f914b274a80511cc,0xffffffffffffffffffffffffffffffffffffffff,-8899.548,0,0
SPOT,0xdd7bc2230019f5cbdef5042ed684e80205f900089b1d149d81446d75bf1dcfb6,1762279505927,HYPE,Sell,0x5aeb1821f596d2d9ffe182d3f914b274a80511cc,0xffffffffffffffffffffffffffffffffffffffff,-10.017000000000001,0,0
SPOT,0x4b62ea2d282546ec4cdc042ed684e70208e70012c32865beef2b957fe72920d6,1762279505848,HYPE,Sell,0x5aeb1821f596d2d9ffe182d3f914b274a80511cc,0xffffffffffffffffffffffffffffffffffffffff,-103.88,0,0
SPOT,0xf35c0dc69dee4b53f4d5042ed684e30213b700ac38e16a269724b9195ce2253e,1762279505443,HYPE,Sell,0x5aeb1821f596d2d9ffe182d3f914b274a80511cc,0xffffffffffffffffffffffffffffffffffffffff,-8898.435,0,0
SPOT,0xa995dfed2357a343ab0f042ed684e302132600d2be5ac2154d5e8b3fe25b7d2e,1762279505443,HYPE,Sell,0x5aeb1821f596d2d9ffe182d3f914b274a80511cc,0xffffffffffffffffffffffffffffffffffffffff,-178.82200000000003,0,0
SPOT,0x294a45266ebb06902ac4042ed684dd0205ea000c09be2562cd12f0792dbee07a,1762279504943,HYPE,Sell,0x5aeb1821f596d2d9ffe182d3f914b274a80511cc,0xffffffffffffffffffffffffffffffffffffffff,-8898.435,0,0
SPOT,0x67e9ed484b33b4486963042ed684db02256f0101e636d31a0bb2989b0a378e33,1762279504826,HYPE,Sell,0x5aeb1821f596d2d9ffe182d3f914b274a80511cc,0xffffffffffffffffffffffffffffffffffffffff,-185.5,0,0
SPOT,0x9e4f40a19ae2b5139fc8042ed684db022522010135e5d3e54217ebf459e68efe,1762279504826,HYPE,Sell,0x5aeb1821f596d2d9ffe182d3f914b274a80511cc,0xffffffffffffffffffffffffffffffffffffffff,-185.5,0,0
SPOT,0xaa71c8bf68f4b4a8abeb042ed684d602059100a503f7d37a4e3a741227f88e93,1762279504481,HYPE,Sell,0x5aeb1821f596d2d9ffe182d3f914b274a80511cc,0xffffffffffffffffffffffffffffffffffffffff,-1855,0,0
SPOT,0x50712e54f7cc2d0051ea042ed684d5020dcb003a92cf4bd2f439d9a7b6c006ea,1762279504411,HYPE,Sell,0x5aeb1821f596d2d9ffe182d3f914b274a80511cc,0xffffffffffffffffffffffffffffffffffffffff,-8899.919,0,0
SPOT,0xadc76e8fd278156daf41042ed684d3020d3800756d7b343f519019e2917bef58,1762279504215,HYPE,Sell,0x5aeb1821f596d2d9ffe182d3f914b274a80511cc,0xffffffffffffffffffffffffffffffffffffffff,-8899.919,0,0
SPOT,0xe776ed5aa5abb56ae8f0042ed684d3020cd6010140aed43c8b3f98ad64af8f55,1762279504215,HYPE,Sell,0x5aeb1821f596d2d9ffe182d3f914b274a80511cc,0xffffffffffffffffffffffffffffffffffffffff,-117.607,0,0
SPOT,0x86009094efcb5f97877a042ed684d3020cd5007a8ace7e6929c93be7aecf3982,1762279504215,HYPE,Sell,0x5aeb1821f596d2d9ffe182d3f914b274a80511cc,0xffffffffffffffffffffffffffffffffffffffff,-88.66900000000001,0,0
SPOT,0xe6f8423a815e1d3be871042ed684d10206d301011c513c0d8ac0ed8d4051f726,1762279504086,HYPE,Sell,0x5aeb1821f596d2d9ffe182d3f914b274a80511cc,0xffffffffffffffffffffffffffffffffffffffff,-1113,0,0
SPOT,0xcadf029e672fd306cc58042ed684cc020d1101010222f1d86ea7adf12623acf1,1762279503681,HYPE,Sell,0x5aeb1821f596d2d9ffe182d3f914b274a80511cc,0xffffffffffffffffffffffffffffffffffffffff,-371,0,0
SPOT,0x4cbdb196e759869c4e37042ed684cc020d0c0101825ca56ef0865ce9a65d6086,1762279503681,HYPE,Sell,0x5aeb1821f596d2d9ffe182d3f914b274a80511cc,0xffffffffffffffffffffffffffffffffffffffff,-371,0,0
SPOT,0x3873de3617e7ee4d39ed042ed684cc020d0a001bb2eb0d1fdc3c8988d6ebc837,1762279503681,HYPE,Sell,0x5aeb1821f596d2d9ffe182d3f914b274a80511cc,0xffffffffffffffffffffffffffffffffffffffff,-217.40600000000003,0,0
SPOT,0x85a0679afe56abd1871a042ed684cc020d0900809959caa3296912edbd5a85bc,1762279503681,HYPE,Sell,0x5aeb1821f596d2d9ffe182d3f914b274a80511cc,0xffffffffffffffffffffffffffffffffffffffff,-2515.38,0,0
SPOT,0xd2ccf0ffe4c56955d446042ed684cc020d0800e57fc8882776959c52a3c94340,1762279503681,HYPE,Sell,0x5aeb1821f596d2d9ffe182d3f914b274a80511cc,0xffffffffffffffffffffffffffffffffffffffff,-1257.69,0,0
SPOT,0x1ff97a64cb3426da2173042ed684cc020d07004a663745acc3c225b78a3800c4,1762279503681,HYPE,Sell,0x5aeb1821f596d2d9ffe182d3f914b274a80511cc,0xffffffffffffffffffffffffffffffffffffffff,-386.95300000000003,0,0
SPOT,0x7f2ad4b38a8d44c780a4042ed684cc020bc400992580639922f3800649811eb2,1762279503681,HYPE,Sell,0x5aeb1821f596d2d9ffe182d3f914b274a80511cc,0xffffffffffffffffffffffffffffffffffffffff,-8899.548,0,0
SPOT,0x8346a266f56bde2284c0042ed684c80207b6004c906efcf4270f4db9b46fb80d,1762279503292,HYPE,Sell,0x5aeb1821f596d2d9ffe182d3f914b274a80511cc,0xffffffffffffffffffffffffffffffffffffffff,-20.034000000000002,0,0
SPOT,0xd0732bcbdbda9ba6d1ec042ed684c80207b500b176ddba78743bd71e9ade7591,1762279503292,HYPE,Sell,0x5aeb1821f596d2d9ffe182d3f914b274a80511cc,0xffffffffffffffffffffffffffffffffffffffff,-185.5,0,0
SPOT,0x1d9fb530c249592b1f19042ed684c80207b400165d4c77fdc1686083814d3315,1762279503292,HYPE,Sell,0x5aeb1821f596d2d9ffe182d3f914b274a80511cc,0xffffffffffffffffffffffffffffffffffffffff,-60.844,0,0
SPOT,0x6acc3e95a8b816af6c45042ed684c80207b3007b43bb35810e94e9e867bbf09a,1762279503292,HYPE,Sell,0x5aeb1821f596d2d9ffe182d3f914b274a80511cc,0xffffffffffffffffffffffffffffffffffffffff,-25.599,0,0
SPOT,0x18f50dc96e763b8e1a6e042ed684c702023400af09795a60bcbdb91c2d7a1578,1762279503216,HYPE,Sell,0x5aeb1821f596d2d9ffe182d3f914b274a80511cc,0xffffffffffffffffffffffffffffffffffffffff,-461.895,0,0
SPOT,0x9ad3bcc1eeafef239c4d042ed684c702022f00a789a30df53e9c6814ada3c90e,1762279503216,HYPE,Sell,0x5aeb1821f596d2d9ffe182d3f914b274a80511cc,0xffffffffffffffffffffffffffffffffffffffff,-989.4570000000001,0,0
SPOT,0xc8d7ad64e3839eb5ca51042ed684c2020986004a7e86bd876ca058b7a28778a0,1762279502815,HYPE,Sell,0x5aeb1821f596d2d9ffe182d3f914b274a80511cc,0xffffffffffffffffffffffffffffffffffffffff,-8899.919,0,0
SPOT,0x4ab65c5d63bd524b4c30042ed684c20209810042feb0711dee7f07b022b12c35,1762279502815,HYPE,Sell,0x5aeb1821f596d2d9ffe182d3f914b274a80511cc,0xffffffffffffffffffffffffffffffffffffffff,-3710,0,0
SPOT,0x97e2e5c24a2c0fcf995c042ed684c202098000a7e52f2ea13bab9115092fe9ba,1762279502815,HYPE,Sell,0x5aeb1821f596d2d9ffe182d3f914b274a80511cc,0xffffffffffffffffffffffffffffffffffffffff,-3710,0,0
SPOT,0x4aa3a9d73b8837b84c1d042ed684b40213cc00bcd68b568aee6c5529fa8c11a2,1762279501657,HYPE,Sell,0x5aeb1821f596d2d9ffe182d3f914b274a80511cc,0xffffffffffffffffffffffffffffffffffffffff,-905.24,0,0
SPOT,0xe4fcbca10865b2c0e676042ed684b40213ca0086a368d19288c567f3c7698cab,1762279501657,HYPE,Sell,0x5aeb1821f596d2d9ffe182d3f914b274a80511cc,0xffffffffffffffffffffffffffffffffffffffff,-1855,0,0
SPOT,0xaa8625b84af21424abff042ed684af0208a70101e5f532f64e4ed10b09f5ee0f,1762279501163,HYPE,Sell,0x5aeb1821f596d2d9ffe182d3f914b274a80511cc,0xffffffffffffffffffffffffffffffffffffffff,-742,0,0
SPOT,0x8688856abcf9dd818802042ed684ac020723005057fcfc532a5130bd7bfdb76c,1762279500845,HYPE,Sell,0x5aeb1821f596d2d9ffe182d3f914b274a80511cc,0xffffffffffffffffffffffffffffffffffffffff,-184885.62399999998,0,0
SPOT,0x1a732f164d26edab1bec042ed684a802073200fbe82a0c7dbe3bda690c2ac795,1762279500557,HYPE,Sell,0x5aeb1821f596d2d9ffe182d3f914b274a80511cc,0xffffffffffffffffffffffffffffffffffffffff,-1765.96,0,0
SPOT,0x7c34d20d513ce0b17dae042ed684a60207a500f2ec3fff831ffd7d601030ba9c,1762279500431,HYPE,Sell,0x5aeb1821f596d2d9ffe182d3f914b274a80511cc,0xffffffffffffffffffffffffffffffffffffffff,-26.341,0,0
SPOT,0x802c273917c163f781a5042ed68486020396001eb2c482c923f4d28bd6c53de2,1762279497670,HYPE,Sell,0x5aeb1821f596d2d9ffe182d3f914b274a80511cc,0xffffffffffffffffffffffffffffffffffffffff,-50.08500000000001,0,0
SPOT,0xc52b39fdb74a93dac6a4042ed684850205060101524db2ac68f3e550764e6dc5,1762279497626,HYPE,Sell,0x5aeb1821f596d2d9ffe182d3f914b274a80511cc,0xffffffffffffffffffffffffffffffffffffffff,-1855,0,0
SPOT,0x58eb8384fedd98f05a65042ed684840201b9006a99d0b7c2fcb42ed7bdd172da,1762279497547,HYPE,Sell,0x5aeb1821f596d2d9ffe182d3f914b274a80511cc,0xffffffffffffffffffffffffffffffffffffffff,-18891.32,0,0
SPOT,0x10d3cd7e1d02dfbd124d042ed6848302034c0101b805fe8fb49c78d0dc06b9a7,1762279497468,HYPE,Sell,0x5aeb1821f596d2d9ffe182d3f914b274a80511cc,0xffffffffffffffffffffffffffffffffffffffff,-1855,0,0
SPOT,0xb46dd3752c054808b5e7042ed6847c02032c005ac70866da58367ec7eb0921f3,1762279496937,HYPE,Sell,0x5aeb1821f596d2d9ffe182d3f914b274a80511cc,0xffffffffffffffffffffffffffffffffffffffff,-107.59,0,0
SPOT,0x622eea885ae3668163a8042ed6847802055e006df5e6855305f795db19e7406c,1762279496532,HYPE,Sell,0x5aeb1821f596d2d9ffe182d3f914b274a80511cc,0xffffffffffffffffffffffffffffffffffffffff,-404.761,0,0
SPOT,0xfc87fd5227c0e189fe01042ed6847802055c0037c2c4005ca050a8a4e6c4bb74,1762279496532,HYPE,Sell,0x5aeb1821f596d2d9ffe182d3f914b274a80511cc,0xffffffffffffffffffffffffffffffffffffffff,-50.08500000000001,0,0
SPOT,0xfa2dd2c0b083bd65fba7042ed684740208dc00a64b86dc389df67e136f879750,1762279496195,HYPE,Sell,0x5aeb1821f596d2d9ffe182d3f914b274a80511cc,0xffffffffffffffffffffffffffffffffffffffff,-371,0,0
SPOT,0xbc25f90100d035a5bd9f042ed684720206b300e69bd354775feea453bfd40f90,1762279495997,HYPE,Sell,0x5aeb1821f596d2d9ffe182d3f914b274a80511cc,0xffffffffffffffffffffffffffffffffffffffff,-97.20200000000001,0,0
SPOT,0x09528265e74ef32a0acc042ed684720206b2004b824211fcad1b2db8a642cd14,1762279495997,HYPE,Sell,0x5aeb1821f596d2d9ffe182d3f914b274a80511cc,0xffffffffffffffffffffffffffffffffffffffff,-97.20200000000001,0,0
SPOT,0x567f0bcacdbdb0ae57f8042ed684720206b100b068b0cf80fa47b71d8cb18a98,1762279495997,HYPE,Sell,0x5aeb1821f596d2d9ffe182d3f914b274a80511cc,0xffffffffffffffffffffffffffffffffffffffff,-97.20200000000001,0,0
SPOT,0xa3ab952fb42c6e32a525042ed684720206b000154f2f8d04477440827320481d,1762279495997,HYPE,Sell,0x5aeb1821f596d2d9ffe182d3f914b274a80511cc,0xffffffffffffffffffffffffffffffffffffffff,-97.20200000000001,0,0
SPOT,0x148a9c38e86928ab1604042ed68472020694001e836c477db853478ba76d0295,1762279495997,HYPE,Sell,0x5aeb1821f596d2d9ffe182d3f914b274a80511cc,0xffffffffffffffffffffffffffffffffffffffff,-177.33800000000002,0,0
SPOT,0x4dc72dd61c24d65a4f40042ed6846d02020900bbb727f52cf18fd928db28b044,1762279495638,HYPE,Sell,0x5aeb1821f596d2d9ffe182d3f914b274a80511cc,0xffffffffffffffffffffffffffffffffffffffff,-97.20200000000001,0,0
SPOT,0xe820409fe9025162e999042ed6846d0202070085840570348be8ebf2a8062b4d,1762279495638,HYPE,Sell,0x5aeb1821f596d2d9ffe182d3f914b274a80511cc,0xffffffffffffffffffffffffffffffffffffffff,-97.20200000000001,0,0
SPOT,0x354cca04cf710ee736c6042ed6846d02020600ea6a742db9d91575578e74e8d1,1762279495638,HYPE,Sell,0x5aeb1821f596d2d9ffe182d3f914b274a80511cc,0xffffffffffffffffffffffffffffffffffffffff,-97.20200000000001,0,0
SPOT,0x82795369b5efcc6b83f3042ed6846d020205004f50e2eb3d2641febc74e3a656,1762279495638,HYPE,Sell,0x5aeb1821f596d2d9ffe182d3f914b274a80511cc,0xffffffffffffffffffffffffffffffffffffffff,-97.20200000000001,0,0
SPOT,0xcfa5dcce9c5e89efd11f042ed6846d02020400b43751a8c1736e88215b5263da,1762279495638,HYPE,Sell,0x5aeb1821f596d2d9ffe182d3f914b274a80511cc,0xffffffffffffffffffffffffffffffffffffffff,-97.20200000000001,0,0
SPOT,0x1cd2663382cd47741e4c042ed6846d02020300191dc06646c09b118641c1215e,1762279495638,HYPE,Sell,0x5aeb1821f596d2d9ffe182d3f914b274a80511cc,0xffffffffffffffffffffffffffffffffffffffff,-97.20200000000001,0,0
SPOT,0x69feef98693c04f86b78042ed6846d020202007e043f23ca0dc79aeb283fdee3,1762279495638,HYPE,Sell,0x5aeb1821f596d2d9ffe182d3f914b274a80511cc,0xffffffffffffffffffffffffffffffffffffffff,-97.20200000000001,0,0
SPOT,0xb72b78fd4faac27cb8a5042ed6846d02020100e2eaade14e5af424500eae9c67,1762279495638,HYPE,Sell,0x5aeb1821f596d2d9ffe182d3f914b274a80511cc,0xffffffffffffffffffffffffffffffffffffffff,-97.20200000000001,0,0
SPOT,0x045802623619800105d1042ed6846d0202000047d11c9ed3a820adb4f51d59eb,1762279495638,HYPE,Sell,0x5aeb1821f596d2d9ffe182d3f914b274a80511cc,0xffffffffffffffffffffffffffffffffffffffff,-97.20200000000001,0,0
SPOT,0x51848bc71c883d8552fe042ed6846d0201ff00acb78b5c57f54d3719db8c176f,1762279495638,HYPE,Sell,0x5aeb1821f596d2d9ffe182d3f914b274a80511cc,0xffffffffffffffffffffffffffffffffffffffff,-97.20200000000001,0,0
SPOT,0x9eb1152c02f6fb09a02a042ed6846d0201fe00119dfa19db4279c07ec1fad4f4,1762279495638,HYPE,Sell,0x5aeb1821f596d2d9ffe182d3f914b274a80511cc,0xffffffffffffffffffffffffffffffffffffffff,-97.20200000000001,0,0
SPOT,0xf94efea69ac17170fac8042ed6846b02030d008c35c490439d17a9f959c54b5b,1762279495491,HYPE,Sell,0x5aeb1821f596d2d9ffe182d3f914b274a80511cc,0xffffffffffffffffffffffffffffffffffffffff,-1855,0,0
SPOT,0x61dd36eaa72c1d386356042ed6846902054d00d0422f3c0a05a5e23d662ff723,1762279495418,HYPE,Sell,0x5aeb1821f596d2d9ffe182d3f914b274a80511cc,0xffffffffffffffffffffffffffffffffffffffff,-97.20200000000001,0,0
SPOT,0xfc3649b474099840fdb0042ed6846902054b009a0f0cb7139ffef507330d722b,1762279495418,HYPE,Sell,0x5aeb1821f596d2d9ffe182d3f914b274a80511cc,0xffffffffffffffffffffffffffffffffffffffff,-97.20200000000001,0,0
SPOT,0x968f5c7e40e713499809042ed684690205490063dbea321b3a5807d0ffeaed34,1762279495418,HYPE,Sell,0x5aeb1821f596d2d9ffe182d3f914b274a80511cc,0xffffffffffffffffffffffffffffffffffffffff,-97.20200000000001,0,0
SPOT,0xe3bbe5e32755d0cde535042ed6846902054800c8c258ef9f87849135e659aab8,1762279495418,HYPE,Sell,0x5aeb1821f596d2d9ffe182d3f914b274a80511cc,0xffffffffffffffffffffffffffffffffffffffff,-97.20200000000001,0,0
SPOT,0x30e86f480dc48e523262042ed68469020547002da8c7ad24d4b11a9accc8683c,1762279495418,HYPE,Sell,0x5aeb1821f596d2d9ffe182d3f914b274a80511cc,0xffffffffffffffffffffffffffffffffffffffff,-97.20200000000001,0,0
SPOT,0x7e14f8acf4334bd67f8e042ed6846902054600928f366aa821dda3ffb33725c1,1762279495418,HYPE,Sell,0x5aeb1821f596d2d9ffe182d3f914b274a80511cc,0xffffffffffffffffffffffffffffffffffffffff,-97.20200000000001,0,0
SPOT,0xcb418211daa2095accbb042ed6846902054500f775a5282c6f0a2d6499a5e345,1762279495418,HYPE,Sell,0x5aeb1821f596d2d9ffe182d3f914b274a80511cc,0xffffffffffffffffffffffffffffffffffffffff,-97.20200000000001,0,0
SPOT,0x186e0b76c110c6df19e7042ed68469020544005c5c13e5b1bc36b6c98014a0c9,1762279495418,HYPE,Sell,0x5aeb1821f596d2d9ffe182d3f914b274a80511cc,0xffffffffffffffffffffffffffffffffffffffff,-97.20200000000001,0,0
SPOT,0xb2c71e408dfe41e7b440042ed68469020542002628f160b9568fc9934cf21bd2,1762279495418,HYPE,Sell,0x5aeb1821f596d2d9ffe182d3f914b274a80511cc,0xffffffffffffffffffffffffffffffffffffffff,-97.20200000000001,0,0
SPOT,0xd9a090fb4dcfcf24db1a042ed6846802030c00e0e8c2edf67d693c4e0cc3a90f,1762279495346,HYPE,Sell,0x5aeb1821f596d2d9ffe182d3f914b274a80511cc,0xffffffffffffffffffffffffffffffffffffffff,-1141.567,0,0
SPOT,0x26cd1a60343e8ca92846042ed6846802030b0045cf31ab7bca95c5b2f3326693,1762279495346,HYPE,Sell,0x5aeb1821f596d2d9ffe182d3f914b274a80511cc,0xffffffffffffffffffffffffffffffffffffffff,-461.895,0,0
SPOT,0x3e88a1e1861b89d84002042ed68465020d2800c7211ea8aae2514d34451f63c2,1762279495150,HYPE,Sell,0x5aeb1821f596d2d9ffe182d3f914b274a80511cc,0xffffffffffffffffffffffffffffffffffffffff,-371,0,0
SPOT,0x8bb52b466c8a475c8d2e042ed68465020d27002c078d662e2f7dd6992b8e2147,1762279495150,HYPE,Sell,0x5aeb1821f596d2d9ffe182d3f914b274a80511cc,0xffffffffffffffffffffffffffffffffffffffff,-371,0,0
SPOT,0xd8e1b4ab52f904e0da5b042ed68465020d260090edfc23b27caa5ffe11fcdecb,1762279495150,HYPE,Sell,0x5aeb1821f596d2d9ffe182d3f914b274a80511cc,0xffffffffffffffffffffffffffffffffffffffff,-808.0380000000001,0,0
SPOT,0x260e3e103967c2652787042ed68465020d2500f5d46ae137c9d6e962f86b9c4f,1762279495150,HYPE,Sell,0x5aeb1821f596d2d9ffe182d3f914b274a80511cc,0xffffffffffffffffffffffffffffffffffffffff,-416.26200000000006,0,0
SPOT,0xc06750da06453d6dc1e1042ed68465020d2300bfa1485c3f642ffc2cc5491758,1762279495150,HYPE,Sell,0x5aeb1821f596d2d9ffe182d3f914b274a80511cc,0xffffffffffffffffffffffffffffffffffffffff,-1344.133,0,0
SPOT,0x3c7e71b63bac2d673df8042ed68465020ce9009bd6af4c39e0471d08faa00751,1762279495150,HYPE,Sell,0x5aeb1821f596d2d9ffe182d3f914b274a80511cc,0xffffffffffffffffffffffffffffffffffffffff,-992.4250000000001,0,0
SPOT,0xd6d784800889a86fd851042ed68465020ce70065a38cc7417aa02fd2c78d825a,1762279495150,HYPE,Sell,0x5aeb1821f596d2d9ffe182d3f914b274a80511cc,0xffffffffffffffffffffffffffffffffffffffff,-7637.035,0,0
SPOT,0xa01b2ec1245f55eda194042ed68465020cac00a6bf5274bf43e3da13e3532fd8,1762279495150,HYPE,Sell,0x5aeb1821f596d2d9ffe182d3f914b274a80511cc,0xffffffffffffffffffffffffffffffffffffffff,-97.20200000000001,0,0
SPOT,0xed47b8260ace1371eec1042ed68465020cab000ba5c1324391106378c9c1ed5c,1762279495150,HYPE,Sell,0x5aeb1821f596d2d9ffe182d3f914b274a80511cc,0xffffffffffffffffffffffffffffffffffffffff,-97.20200000000001,0,0
SPOT,0x3a74418af13cd0f63bed042ed68465020caa00708c3fefc8de3cecddb030aae0,1762279495150,HYPE,Sell,0x5aeb1821f596d2d9ffe182d3f914b274a80511cc,0xffffffffffffffffffffffffffffffffffffffff,-97.20200000000001,0,0
SPOT,0x87a0caefd7ab8e7a891a042ed68465020ca900d572aead4c2b69764296af6865,1762279495150,HYPE,Sell,0x5aeb1821f596d2d9ffe182d3f914b274a80511cc,0xffffffffffffffffffffffffffffffffffffffff,-816.942,0,0
SPOT,0xd4cd5454be1a4bfed647042ed68465020ca8003a591d6ad07895ffa77d1e25e9,1762279495150,HYPE,Sell,0x5aeb1821f596d2d9ffe182d3f914b274a80511cc,0xffffffffffffffffffffffffffffffffffffffff,-97.20200000000001,0,0
SPOT,0x21f9ddb9a48909832373042ed68465020ca7009f3f8c2855c5c2890c638ce36d,1762279495150,HYPE,Sell,0x5aeb1821f596d2d9ffe182d3f914b274a80511cc,0xffffffffffffffffffffffffffffffffffffffff,-50.08500000000001,0,0
SPOT,0xbc52f0837166848bbdcc042ed68465020ca500690c69a35d601b9bd6306a5e76,1762279495150,HYPE,Sell,0x5aeb1821f596d2d9ffe182d3f914b274a80511cc,0xffffffffffffffffffffffffffffffffffffffff,-97.20200000000001,0,0
SPOT,0x097f79e857d542100af9042ed68465020ca400cdf2d860e2ad48253b16d91bfa,1762279495150,HYPE,Sell,0x5aeb1821f596d2d9ffe182d3f914b274a80511cc,0xffffffffffffffffffffffffffffffffffffffff,-986.489,0,0
SPOT,0x3e319f7bf19038213fab042ed68465020ca000618c9356f3e1fa4aceb094120b,1762279495150,HYPE,Sell,0x5aeb1821f596d2d9ffe182d3f914b274a80511cc,0xffffffffffffffffffffffffffffffffffffffff,-97.20200000000001,0,0
SPOT,0x8b5e28e0d80ef5a58cd7042ed68465020c9f00c6730214772f26d4339702cf90,1762279495150,HYPE,Sell,0x5aeb1821f596d2d9ffe182d3f914b274a80511cc,0xffffffffffffffffffffffffffffffffffffffff,-97.20200000000001,0,0
SPOT,0xd88ab245be7db329da04042ed68465020c9e002b5970d1fb7c535d987d718d14,1762279495150,HYPE,Sell,0x5aeb1821f596d2d9ffe182d3f914b274a80511cc,0xffffffffffffffffffffffffffffffffffffffff,-97.20200000000001,0,0
SPOT,0x25b73baaa4ec70ae2730042ed68465020c9d00903fef8f80c97fe6fd63e04a98,1762279495150,HYPE,Sell,0x5aeb1821f596d2d9ffe182d3f914b274a80511cc,0xffffffffffffffffffffffffffffffffffffffff,-97.20200000000001,0,0
SPOT,0x72e3c50f8b5b2e32745d042ed68465020c9c00f5265e4d0416ac70624a5f081d,1762279495150,HYPE,Sell,0x5aeb1821f596d2d9ffe182d3f914b274a80511cc,0xffffffffffffffffffffffffffffffffffffffff,-97.20200000000001,0,0
SPOT,0xc0104e7471c9ebb6c18a042ed68465020c9b005a0ccd0a8863d8f9c730cdc5a1,1762279495150,HYPE,Sell,0x5aeb1821f596d2d9ffe182d3f914b274a80511cc,0xffffffffffffffffffffffffffffffffffffffff,-97.20200000000001,0,0
SPOT,0x0d3cd7d95838a93b0eb6042ed68465020c9a00bef33bc80db105832c173c8325,1762279495150,HYPE,Sell,0x5aeb1821f596d2d9ffe182d3f914b274a80511cc,0xffffffffffffffffffffffffffffffffffffffff,-97.20200000000001,0,0
SPOT,0x9e5815fb48ab436e9fd1042ed6846202038800e0e3ae62404220c14e07af1d59,1762279494947,HYPE,Sell,0x5aeb1821f596d2d9ffe182d3f914b274a80511cc,0xffffffffffffffffffffffffffffffffffffffff,-1282.1760000000002,0,0
SPOT,0xeb849f602f1a00f2ecfe042ed684620203870045ca1d1fc48f4d4ab2ee1ddadd,1762279494947,HYPE,Sell,0x5aeb1821f596d2d9ffe182d3f914b274a80511cc,0xffffffffffffffffffffffffffffffffffffffff,-1448.0130000000001,0,0
SPOT,0x38b128c51588be773a2a042ed6846202038600aab08bdd49dc79d417d48c9861,1762279494947,HYPE,Sell,0x5aeb1821f596d2d9ffe182d3f914b274a80511cc,0xffffffffffffffffffffffffffffffffffffffff,-1031.009,0,0
SPOT,0x85ddb229fbf77bfb8757042ed68462020385000f96fa9acd29a65d7cbafb55e6,1762279494947,HYPE,Sell,0x5aeb1821f596d2d9ffe182d3f914b274a80511cc,0xffffffffffffffffffffffffffffffffffffffff,-997.619,0,0
SPOT,0xd30a3b8ee266397fd483042ed6846202038400747d69585176d2e6e1a16a136a,1762279494947,HYPE,Sell,0x5aeb1821f596d2d9ffe182d3f914b274a80511cc,0xffffffffffffffffffffffffffffffffffffffff,-2474.57,0,0
SPOT,0x2036c4f3c8d4f70421b0042ed6846202038300d963d815d6c3ff704687d8d0ee,1762279494947,HYPE,Sell,0x5aeb1821f596d2d9ffe182d3f914b274a80511cc,0xffffffffffffffffffffffffffffffffffffffff,-2558.7870000000003,0,0
SPOT,0x6d634e58af43b4886edd042ed68462020382003e4a46d35a112bf9ab6e478e73,1762279494947,HYPE,Sell,0x5aeb1821f596d2d9ffe182d3f914b274a80511cc,0xffffffffffffffffffffffffffffffffffffffff,-5374.3060000000005,0,0
SPOT,0xba8fd7bd95b2720cbc09042ed6846202038100a330b590de5e58831054b64bf7,1762279494947,HYPE,Sell,0x5aeb1821f596d2d9ffe182d3f914b274a80511cc,0xffffffffffffffffffffffffffffffffffffffff,-1050.301,0,0
SPOT,0xe216e9e610384c42e390042ed68461020b2e00cbab3b6b1485df9538cf3c262d,1762279494878,HYPE,Sell,0x5aeb1821f596d2d9ffe182d3f914b274a80511cc,0xffffffffffffffffffffffffffffffffffffffff,-17313.086000000003,0,0
SPOT,0x52f5f0ef447506bb546f042ed68461020b1200d4df78258df6be9c420378e0a5,1762279494878,HYPE,Sell,0x5aeb1821f596d2d9ffe182d3f914b274a80511cc,0xffffffffffffffffffffffffffffffffffffffff,-408.1,0,0
SPOT,0xbeeaea1c2b0a1e6bc064042ed6845f0203ed0001c60d3d3d62b3956eea0df856,1762279494746,HYPE,Sell,0x5aeb1821f596d2d9ffe182d3f914b274a80511cc,0xffffffffffffffffffffffffffffffffffffffff,-199.598,0,0
SPOT,0x5943fce5f7e799745abd042ed6845f0203eb00cb92eab846fd0ca838b6eb735e,1762279494746,HYPE,Sell,0x5aeb1821f596d2d9ffe182d3f914b274a80511cc,0xffffffffffffffffffffffffffffffffffffffff,-2042.726,0,0
SPOT,0xa670864ade5656f8a7ea042ed6845f0203ea0030795975ca4a39319d9d5a30e3,1762279494746,HYPE,Sell,0x5aeb1821f596d2d9ffe182d3f914b274a80511cc,0xffffffffffffffffffffffffffffffffffffffff,-765.373,0,0
SPOT,0xf39d0fafc4c5147cf516042ed6845f0203e900955fc8334f9765bb0283c8ee67,1762279494746,HYPE,Sell,0x5aeb1821f596d2d9ffe182d3f914b274a80511cc,0xffffffffffffffffffffffffffffffffffffffff,-795.795,0,0
SPOT,0x40c99914ab33d2014243042ed6845f0203e800fa4636f0d3e49244676a37abeb,1762279494746,HYPE,Sell,0x5aeb1821f596d2d9ffe182d3f914b274a80511cc,0xffffffffffffffffffffffffffffffffffffffff,-3710,0,0
SPOT,0x8df6227991a28f858f6f042ed6845f0203e7005f2ca5ae5731becdcc50a66970,1762279494746,HYPE,Sell,0x5aeb1821f596d2d9ffe182d3f914b274a80511cc,0xffffffffffffffffffffffffffffffffffffffff,-3710,0,0
SPOT,0x9278ff5c8637f48393f2042ed6845e0206dd0042213b13553641aaaf453bce6e,1762279494728,HYPE,Sell,0x5aeb1821f596d2d9ffe182d3f914b274a80511cc,0xffffffffffffffffffffffffffffffffffffffff,-3710,0,0
SPOT,0xdfa588c16ca6b207e11f042ed6845e0206dc00a707a9d0d9836e34142baa8bf2,1762279494728,HYPE,Sell,0x5aeb1821f596d2d9ffe182d3f914b274a80511cc,0xffffffffffffffffffffffffffffffffffffffff,-3710,0,0
SPOT,0x2cd2122653156f8c2e4b042ed6845e0206db000bee188e5ed09abd7912194976,1762279494728,HYPE,Sell,0x5aeb1821f596d2d9ffe182d3f914b274a80511cc,0xffffffffffffffffffffffffffffffffffffffff,-371,0,0
SPOT,0x79fe9b8b39842d107b78042ed6845e0206da0070d4874be21dc746ddf88806fb,1762279494728,HYPE,Sell,0x5aeb1821f596d2d9ffe182d3f914b274a80511cc,0xffffffffffffffffffffffffffffffffffffffff,-3710,0,0
SPOT,0x62b89895af0b66016432042ed6845c02037c007b4a0e84d3068143e86e0f3fec,1762279494546,HYPE,Sell,0x5aeb1821f596d2d9ffe182d3f914b274a80511cc,0xffffffffffffffffffffffffffffffffffffffff,-371,0,0
SPOT,0xdc65604ca88e45c3dddf042ed68455020337003243816495802e0b9f67821fae,1762279494033,HYPE,Sell,0x5aeb1821f596d2d9ffe182d3f914b274a80511cc,0xffffffffffffffffffffffffffffffffffffffff,-371.03000000000003,0,0
SEND,0xb3c77f2edef21a85b541042ed68114020a3b001479f5395757902a819df5f470,1762279429829,USDC,Transfer,spot,Perps,-4978889.04,0,0
SPOT,0x5a0f79037db9457d5b89042ed6793302082c00e918bc644ffdd824563cbd1f67,1762279272171,HYPE,Sell,0x5aeb1821f596d2d9ffe182d3f914b274a80511cc,0xffffffffffffffffffffffffffffffffffffffff,-1499.488,0,0
SPOT,0x989bb208a0c0c44f9a15042ed679280207fc00ee3bc3e3213c645d5b5fc49e3a,1762279271301,HYPE,Sell,0x5aeb1821f596d2d9ffe182d3f914b274a80511cc,0xffffffffffffffffffffffffffffffffffffffff,-20.304000000000002,0,0
SPOT,0x3e2cdea56ec874d93fa6042ed679280207dc008b09cb93abe1f589f82dcc4ec3,1762279271301,HYPE,Sell,0x5aeb1821f596d2d9ffe182d3f914b274a80511cc,0xffffffffffffffffffffffffffffffffffffffff,-12.032,0,0
SPOT,0x7ef3f55af99f867c806d042ed67926020f9b00409492a54e22bca0adb8936067,1762279271131,HYPE,Sell,0x5aeb1821f596d2d9ffe182d3f914b274a80511cc,0xffffffffffffffffffffffffffffffffffffffff,-326.74399999999997,0,0
SPOT,0x1c4174b4c4cb67b11dbb042ed679110204ef009a5fce8683c00a200783cf419b,1762279269364,HYPE,Sell,0x5aeb1821f596d2d9ffe182d3f914b274a80511cc,0xffffffffffffffffffffffffffffffffffffffff,-1887.5200000000002,0,0
SPOT,0x1810e4444789388d198a042ed679110204ee0101e28c575fbbd98f97068d1277,1762279269364,HYPE,Sell,0x5aeb1821f596d2d9ffe182d3f914b274a80511cc,0xffffffffffffffffffffffffffffffffffffffff,-94,0,0
SPOT,0x7b4ac0eb85ffe8b17cc4042ed6790f02070400d120f307831f136c3e44f3c29c,1762279269203,HYPE,Sell,0x5aeb1821f596d2d9ffe182d3f914b274a80511cc,0xffffffffffffffffffffffffffffffffffffffff,-198062.136,0,0
SPOT,0x2ae713dc68e6aed12c60042ed6790d02059500c203e9cda3ceafbf2f27ea88bb,1762279269042,HYPE,Sell,0x5aeb1821f596d2d9ffe182d3f914b274a80511cc,0xffffffffffffffffffffffffffffffffffffffff,-2390.9840000000004,0,0
SPOT,0xf84e2ca51ad46c3ef9c7042ed678f50208770101b5d78b119c16d7f7d9d84629,1762279267233,HYPE,Sell,0x5aeb1821f596d2d9ffe182d3f914b274a80511cc,0xffffffffffffffffffffffffffffffffffffffff,-1236.2880000000002,0,0
SPOT,0x308124a681e16c7031fa042ed678ea020394008c1ce48b42d449cff940e5465a,1762279266434,HYPE,Sell,0x5aeb1821f596d2d9ffe182d3f914b274a80511cc,0xffffffffffffffffffffffffffffffffffffffff,-112.80000000000001,0,0
SPOT,0x53f41a0c066f7212556d042ed678e90204e100f1a16290e4f7bcc55ec5634bfc,1762279266340,HYPE,Sell,0x5aeb1821f596d2d9ffe182d3f914b274a80511cc,0xffffffffffffffffffffffffffffffffffffffff,-409.088,0,0
SPOT,0x7f110334c0e1df22808a042ed678e6020418001a5be4fdf422d9ae877fe5b90d,1762279266034,HYPE,Sell,0x5aeb1821f596d2d9ffe182d3f914b274a80511cc,0xffffffffffffffffffffffffffffffffffffffff,-594.832,0,0
SPOT,0x7ae072c443afaffe7c5a042ed678e60204170101dea2ced01ea91e1702a389e9,1762279266034,HYPE,Sell,0x5aeb1821f596d2d9ffe182d3f914b274a80511cc,0xffffffffffffffffffffffffffffffffffffffff,-118.06400000000001,0,0
SPOT,0xb89d29dab328fe0fba16042ed678e50204a100c04e2c1ce15c65d52d722cd7fa,1762279265942,HYPE,Sell,0x5aeb1821f596d2d9ffe182d3f914b274a80511cc,0xffffffffffffffffffffffffffffffffffffffff,-94,0,0
SPOT,0x52f63ca480067918546f042ed678e502049f008a1b0997eaf6bee7f73f0a5302,1762279265942,HYPE,Sell,0x5aeb1821f596d2d9ffe182d3f914b274a80511cc,0xffffffffffffffffffffffffffffffffffffffff,-94,0,0
SPOT,0x5ef3f73344ce1e93606d042ed678e40204900018dfc13d6502bca28603c1f87e,1762279265833,HYPE,Sell,0x5aeb1821f596d2d9ffe182d3f914b274a80511cc,0xffffffffffffffffffffffffffffffffffffffff,-8640.104,0,0
SPOT,0xac2080982b3cdc17ad9a042ed678e402048f007dc63ffae94fe92beaea30b602,1762279265833,HYPE,Sell,0x5aeb1821f596d2d9ffe182d3f914b274a80511cc,0xffffffffffffffffffffffffffffffffffffffff,-8640.104,0,0
SPOT,0xb9e8c149a1a8748abb62042ed678e2020918002f3cab935c5db16c9c60ac4e75,1762279265609,HYPE,Sell,0x5aeb1821f596d2d9ffe182d3f914b274a80511cc,0xffffffffffffffffffffffffffffffffffffffff,-95.128,0,0
SPOT,0x5441d4136e85ef9355bb042ed678e202091600f909890e65f80a7f662d89c97d,1762279265609,HYPE,Sell,0x5aeb1821f596d2d9ffe182d3f914b274a80511cc,0xffffffffffffffffffffffffffffffffffffffff,-2654.56,0,0
SPOT,0xa16e5d7854f4ad17a2e8042ed678e2020915005deff7cbe9453708cb13f88702,1762279265609,HYPE,Sell,0x5aeb1821f596d2d9ffe182d3f914b274a80511cc,0xffffffffffffffffffffffffffffffffffffffff,-18.8,0,0
SPOT,0xee9ae6dd3b636a9bf014042ed678e202091400c2d666896d9263922ffa674486,1762279265609,HYPE,Sell,0x5aeb1821f596d2d9ffe182d3f914b274a80511cc,0xffffffffffffffffffffffffffffffffffffffff,-20.304000000000002,0,0
SPOT,0x3bc7704221d228203d41042ed678e20209130027bcd546f2df901b94e0d6020a,1762279265609,HYPE,Sell,0x5aeb1821f596d2d9ffe182d3f914b274a80511cc,0xffffffffffffffffffffffffffffffffffffffff,-421.872,0,0
SPOT,0x88f3f9a70840e5a48a6d042ed678e2020912008ca34404762cbca4f9c744bf8f,1762279265609,HYPE,Sell,0x5aeb1821f596d2d9ffe182d3f914b274a80511cc,0xffffffffffffffffffffffffffffffffffffffff,-62.04,0,0
SPOT,0xd620830beebfa328d79a042ed678e202091100f189b2c1fa79e92e5eadb37d13,1762279265609,HYPE,Sell,0x5aeb1821f596d2d9ffe182d3f914b274a80511cc,0xffffffffffffffffffffffffffffffffffffffff,-94,0,0
SPOT,0x234d0c70d52e60ad24c6042ed678e2020910005670217f7fc715b7c394223a97,1762279265609,HYPE,Sell,0x5aeb1821f596d2d9ffe182d3f914b274a80511cc,0xffffffffffffffffffffffffffffffffffffffff,-931.352,0,0
SPOT,0x707995d5bb9d1e3171f3042ed678e202090f00bb56903d03144241287a90f81c,1762279265609,HYPE,Sell,0x5aeb1821f596d2d9ffe182d3f914b274a80511cc,0xffffffffffffffffffffffffffffffffffffffff,-421.872,0,0
SPOT,0x1eba00fa1bf20f9c2033042ed678e002028f00dfb6f52e6ec282ac4cdaf5e986,1762279265496,HYPE,Sell,0x5aeb1821f596d2d9ffe182d3f914b274a80511cc,0xffffffffffffffffffffffffffffffffffffffff,-94,0,0
SPOT,0x6be68a5f0260cd206d60042ed678e002028e00449d63ebf20faf35b1c164a70b,1762279265496,HYPE,Sell,0x5aeb1821f596d2d9ffe182d3f914b274a80511cc,0xffffffffffffffffffffffffffffffffffffffff,-95.128,0,0
SPOT,0x74c479a08c4dde7d763e042ed678dc0205f000862740fd4f188d24f34b41b868,1762279265139,HYPE,Sell,0x5aeb1821f596d2d9ffe182d3f914b274a80511cc,0xffffffffffffffffffffffffffffffffffffffff,-412.47200000000004,0,0
SPOT,0x600773c03ffd7e356181042ed678dc0205e300a5daf09d0703d01f12fef15820,1762279265139,HYPE,Sell,0x5aeb1821f596d2d9ffe182d3f914b274a80511cc,0xffffffffffffffffffffffffffffffffffffffff,-8640.104,0,0
SPOT,0x76be596e42aadcb47838042ed678d90205950053ddadfb861a8704c101aeb69f,1762279264909,HYPE,Sell,0x5aeb1821f596d2d9ffe182d3f914b274a80511cc,0xffffffffffffffffffffffffffffffffffffffff,-8640.104,0,0
SPOT,0xc3eae2d329199a38c564042ed678d902059400b8c41cb90a67b38e25e81d7423,1762279264909,HYPE,Sell,0x5aeb1821f596d2d9ffe182d3f914b274a80511cc,0xffffffffffffffffffffffffffffffffffffffff,-666.648,0,0
SPOT,0x11176c380f8857bd1291042ed678d9020593001daa8b768fb4e0178ace8c31a7,1762279264909,HYPE,Sell,0x5aeb1821f596d2d9ffe182d3f914b274a80511cc,0xffffffffffffffffffffffffffffffffffffffff,-3459.5760000000005,0,0
SPOT,0x33cc0c74d6fd5bb73545042ed678d5020536005a71f07a89d794b7c795f135a1,1762279264595,HYPE,Sell,0x5aeb1821f596d2d9ffe182d3f914b274a80511cc,0xffffffffffffffffffffffffffffffffffffffff,-248.53600000000003,0,0
SPOT,0x467ee229d8de5f8e47f8042ed678d5020504000f73d17e60ea478d7c97d23978,1762279264595,HYPE,Sell,0x5aeb1821f596d2d9ffe182d3f914b274a80511cc,0xffffffffffffffffffffffffffffffffffffffff,-468.49600000000004,0,0
SPOT,0xe0d7f4f3a5bbda96e251042ed678d502050200d940bef96884a0a04664bfb481,1762279264595,HYPE,Sell,0x5aeb1821f596d2d9ffe182d3f914b274a80511cc,0xffffffffffffffffffffffffffffffffffffffff,-8639.728000000001,0,0
SPOT,0x8f181c846739e7b39091042ed678d3020464006a023d068532e0c7d7263dc19e,1762279264425,HYPE,Sell,0x5aeb1821f596d2d9ffe182d3f914b274a80511cc,0xffffffffffffffffffffffffffffffffffffffff,-137.24,0,0
SPOT,0x769db8b31a8620407817042ed678d30204610098b5893f121a666405d989fa2b,1762279264425,HYPE,Sell,0x5aeb1821f596d2d9ffe182d3f914b274a80511cc,0xffffffffffffffffffffffffffffffffffffffff,-100.76800000000001,0,0
SPOT,0xc3ca421800f4ddc4c543042ed678d302046000fd9bf7fc966792ed6abff8b7af,1762279264425,HYPE,Sell,0x5aeb1821f596d2d9ffe182d3f914b274a80511cc,0xffffffffffffffffffffffffffffffffffffffff,-8639.728000000001,0,0
SPOT,0x6aa727ed8ce776f06c20042ed678d00205c600d327ea95c20e6fd3404beb50db,1762279264252,HYPE,Sell,0x5aeb1821f596d2d9ffe182d3f914b274a80511cc,0xffffffffffffffffffffffffffffffffffffffff,-189.50400000000002,0,0
SPOT,0x166e5f330568973217e8042ed678cf0208530018a06bb604ba370a85c46c711c,1762279264200,HYPE,Sell,0x5aeb1821f596d2d9ffe182d3f914b274a80511cc,0xffffffffffffffffffffffffffffffffffffffff,-350.808,0,0
SPOT,0x892faa19556b83558aa9042ed678cd0208dd00fef06ea2272cf8556c146f5d40,1762279263989,HYPE,Sell,0x5aeb1821f596d2d9ffe182d3f914b274a80511cc,0xffffffffffffffffffffffffffffffffffffffff,-1997.312,0,0
SPOT,0xbb58b0cde182a078bcd2042ed678cb02087900b37c85bf4a5f215c20a0867a63,1762279263738,HYPE,Sell,0x5aeb1821f596d2d9ffe182d3f914b274a80511cc,0xffffffffffffffffffffffffffffffffffffffff,-8639.728000000001,0,0
SPOT,0x91204fe48bd8de40929a042ed678c80206b500ca26dbfd1234e8fb374adcb82b,1762279263586,HYPE,Sell,0x5aeb1821f596d2d9ffe182d3f914b274a80511cc,0xffffffffffffffffffffffffffffffffffffffff,-319.6,0,0
SPOT,0xde4cd94972479bc4dfc6042ed678c80206b4002f0d4aba968215849c314b75af,1762279263586,HYPE,Sell,0x5aeb1821f596d2d9ffe182d3f914b274a80511cc,0xffffffffffffffffffffffffffffffffffffffff,-4192.400000000001,0,0
SPOT,0x2b7962ae58b659492cf3042ed678c80206b30093f3b9781bcf420e0117ba3333,1762279263586,HYPE,Sell,0x5aeb1821f596d2d9ffe182d3f914b274a80511cc,0xffffffffffffffffffffffffffffffffffffffff,-2875.648,0,0
SPOT,0x78a5ec133f2516cd7a1f042ed678c80206b200f8da28359f1c6e9765fe28f0b8,1762279263586,HYPE,Sell,0x5aeb1821f596d2d9ffe182d3f914b274a80511cc,0xffffffffffffffffffffffffffffffffffffffff,-1267.872,0,0
SPOT,0xc5d275782593d451c74c042ed678c80206b1005dc096f323699b20cae497ae3c,1762279263586,HYPE,Sell,0x5aeb1821f596d2d9ffe182d3f914b274a80511cc,0xffffffffffffffffffffffffffffffffffffffff,-368.48,0,0
SPOT,0x602b8841f2714f5a61a5042ed678c80206af00278d746e2c03f43394b1752945,1762279263586,HYPE,Sell,0x5aeb1821f596d2d9ffe182d3f914b274a80511cc,0xffffffffffffffffffffffffffffffffffffffff,-806.52,0,0
SPOT,0xad5811a6d8e00cdeaed1042ed678c80206ae008c73e32bb05120bcf997e3e6c9,1762279263586,HYPE,Sell,0x5aeb1821f596d2d9ffe182d3f914b274a80511cc,0xffffffffffffffffffffffffffffffffffffffff,-3705.48,0,0
SPOT,0x1c2ce884c2bd6ae61da6042ed678c8020653006a5db089b8bff593d781b144d0,1762279263586,HYPE,Sell,0x5aeb1821f596d2d9ffe182d3f914b274a80511cc,0xffffffffffffffffffffffffffffffffffffffff,-468.12,0,0
SPOT,0x695971e9a92c286a6ad3042ed678c802065200cf442f473c0d221d3c68200255,1762279263586,HYPE,Sell,0x5aeb1821f596d2d9ffe182d3f914b274a80511cc,0xffffffffffffffffffffffffffffffffffffffff,-8640.480000000001,0,0
SPOT,0x7b656c9cb92f84fe7cdf042ed678c402066600825422a3d01f2e17ef78235ee9,1762279263299,HYPE,Sell,0x5aeb1821f596d2d9ffe182d3f914b274a80511cc,0xffffffffffffffffffffffffffffffffffffffff,-4512,0,0
SPOT,0xc891f6019f9e4282ca0b042ed678c402066500e73a9161546c5aa1545e921c6d,1762279263299,HYPE,Sell,0x5aeb1821f596d2d9ffe182d3f914b274a80511cc,0xffffffffffffffffffffffffffffffffffffffff,-4206.312,0,0
SPOT,0x0f8ef596057351b71108042ed678c10213c2007ba0767089b357a0e8c4772ba1,1762279263006,HYPE,Sell,0x5aeb1821f596d2d9ffe182d3f914b274a80511cc,0xffffffffffffffffffffffffffffffffffffffff,-630.176,0,0
SPOT,0xb3060707634b9e0ab47f042ed678be0209f600ecfe4ebcdc56ceb25a224f77f5,1762279262685,HYPE,Sell,0x5aeb1821f596d2d9ffe182d3f914b274a80511cc,0xffffffffffffffffffffffffffffffffffffffff,-468.12,0,0
SPOT,0x210bb137be3fd3942285042ed678b802131b001d5932f266c4d45c8a7d33ad7e,1762279262198,HYPE,Sell,0x5aeb1821f596d2d9ffe182d3f914b274a80511cc,0xffffffffffffffffffffffffffffffffffffffff,-3723.5280000000002,0,0
SPOT,0x6e383a9ca4ae91186fb1042ed678b802131a00823fa1afea1200e5ef63a26b03,1762279262198,HYPE,Sell,0x5aeb1821f596d2d9ffe182d3f914b274a80511cc,0xffffffffffffffffffffffffffffffffffffffff,-788.472,0,0
SPOT,0x24c90f28be933abf2642042ed678b8021311000e59965991c891ba7b7d9714a9,1762279262198,HYPE,Sell,0x5aeb1821f596d2d9ffe182d3f914b274a80511cc,0xffffffffffffffffffffffffffffffffffffffff,-3760,0,0
SPOT,0x081e1ae6f4ad44280997042ed678b802130d01018fa062faabe6c639b3a11e12,1762279262198,HYPE,Sell,0x5aeb1821f596d2d9ffe182d3f914b274a80511cc,0xffffffffffffffffffffffffffffffffffffffff,-75.2,0,0
SPOT,0xdb59e3b4d887e465dcd3042ed678b8021308009a738b03377f228f07978bbe50,1762279262198,HYPE,Sell,0x5aeb1821f596d2d9ffe182d3f914b274a80511cc,0xffffffffffffffffffffffffffffffffffffffff,-3760,0,0
SPOT,0x34fe8232f9261a2c3678042ed678b80212950101942938fed8c72d85b829f416,1762279262198,HYPE,Sell,0x5aeb1821f596d2d9ffe182d3f914b274a80511cc,0xffffffffffffffffffffffffffffffffffffffff,-50.38400000000001,0,0
SPOT,0x6e10b3abe447bcc76f8a042ed678b6020aae00917f4adb9911d95efea34b96b2,1762279262004,HYPE,Sell,0x5aeb1821f596d2d9ffe182d3f914b274a80511cc,0xffffffffffffffffffffffffffffffffffffffff,-229.35999999999999,0,0
SPOT,0x513e387959faf1df52b7042ed678b402023e0101f4fe10b1f506e3cc18fecbc9,1762279261855,HYPE,Sell,0x5aeb1821f596d2d9ffe182d3f914b274a80511cc,0xffffffffffffffffffffffffffffffffffffffff,-18.8,0,0
SPOT,0xefc7dbb3a41a9c0bf141042ed678b402023d00993f1dbade93908706631e75f6,1762279261855,HYPE,Sell,0x5aeb1821f596d2d9ffe182d3f914b274a80511cc,0xffffffffffffffffffffffffffffffffffffffff,-909.5440000000001,0,0
SPOT,0x3cf465188a8959903e6e042ed678b402023c00fe258c7862e0bd106b498d337a,1762279261855,HYPE,Sell,0x5aeb1821f596d2d9ffe182d3f914b274a80511cc,0xffffffffffffffffffffffffffffffffffffffff,-1603.64,0,0
SPOT,0xd74d77e25766d498d8c7042ed678b402023a00c7f269f36a7b162335166aae83,1762279261855,HYPE,Sell,0x5aeb1821f596d2d9ffe182d3f914b274a80511cc,0xffffffffffffffffffffffffffffffffffffffff,-3760,0,0
SPOT,0x204970d6c09362f921c3042ed678b402023801015b9681cbc4121c297f973ce3,1762279261855,HYPE,Sell,0x5aeb1821f596d2d9ffe182d3f914b274a80511cc,0xffffffffffffffffffffffffffffffffffffffff,-37.6,0,0
SPOT,0x9e46e29221bf65b79fc0042ed678b3020eec0077bcb28489420f8de4e0b33fa2,1762279261810,HYPE,Sell,0x5aeb1821f596d2d9ffe182d3f914b274a80511cc,0xffffffffffffffffffffffffffffffffffffffff,-3760,0,0
SPOT,0x9a165221a47d36939b90042ed678b3020eeb01013f7055653ddefd746371107e,1762279261810,HYPE,Sell,0x5aeb1821f596d2d9ffe182d3f914b274a80511cc,0xffffffffffffffffffffffffffffffffffffffff,-75.2,0,0
SPOT,0xd2f90825bb7a5bc8d472042ed678b3020ee8000b567d7a9a76c1b3787a7e35b3,1762279261810,HYPE,Sell,0x5aeb1821f596d2d9ffe182d3f914b274a80511cc,0xffffffffffffffffffffffffffffffffffffffff,-199.656,0,0
SPOT,0xaa7fd4ca00e13d1cabf9042ed678b202070f01019be45bee4e48801cbfe51707,1762279261694,HYPE,Sell,0x5aeb1821f596d2d9ffe182d3f914b274a80511cc,0xffffffffffffffffffffffffffffffffffffffff,-37.6,0,0
SPOT,0xf7ac5e2ee75ffaa0f926042ed678b202070e0101825319739b750981a653d48b,1762279261694,HYPE,Sell,0x5aeb1821f596d2d9ffe182d3f914b274a80511cc,0xffffffffffffffffffffffffffffffffffffffff,-676.8000000000001,0,0
SPOT,0x44d8e793cdceb8254652042ed678b202070d010168c1d6f7e8a192e68cc2920f,1762279261694,HYPE,Sell,0x5aeb1821f596d2d9ffe182d3f914b274a80511cc,0xffffffffffffffffffffffffffffffffffffffff,-37.6,0,0
SPOT,0xfc4b6b2bc448d5e0fdc5042ed678b102098700115f4bf4b3a014167e834cafcb,1762279261601,HYPE,Sell,0x5aeb1821f596d2d9ffe182d3f914b274a80511cc,0xffffffffffffffffffffffffffffffffffffffff,-18.048,0,0
SPOT,0xdfa076e9fa52df49e11a042ed678b102098301019555fe1b8369223cb956b934,1762279261601,HYPE,Sell,0x5aeb1821f596d2d9ffe182d3f914b274a80511cc,0xffffffffffffffffffffffffffffffffffffffff,-118.06400000000001,0,0
SPOT,0x14529c7d941dd55b15cc042ed678b102097f01012f10f42db81b47d05311af45,1762279261601,HYPE,Sell,0x5aeb1821f596d2d9ffe182d3f914b274a80511cc,0xffffffffffffffffffffffffffffffffffffffff,-75.2,0,0
SPOT,0x1fbe3ec7795b695c2137042ed678b0020dc500ad145e882ec386ea1a385f4346,1762279261540,HYPE,Sell,0x5aeb1821f596d2d9ffe182d3f914b274a80511cc,0xffffffffffffffffffffffffffffffffffffffff,-18.8,0,0
SPOT,0xc99a70f8e77f4c58cb14042ed678aa02079500de82726b2a6d631c4ba6732643,1762279261061,HYPE,Sell,0x5aeb1821f596d2d9ffe182d3f914b274a80511cc,0xffffffffffffffffffffffffffffffffffffffff,-123.328,0,0
SPOT,0xfe4c968c813a4269ffc6042ed678aa02079100721c3d613ca21541df403e1c54,1762279261061,HYPE,Sell,0x5aeb1821f596d2d9ffe182d3f914b274a80511cc,0xffffffffffffffffffffffffffffffffffffffff,-8266.736,0,0
SPOT,0x98a5a9564e17bd729a1f042ed678aa02078f003be91adc443c6e54a90d1b975d,1762279261061,HYPE,Sell,0x5aeb1821f596d2d9ffe182d3f914b274a80511cc,0xffffffffffffffffffffffffffffffffffffffff,-3760,0,0
SPOT,0x32febc201af5387b3478042ed678aa02078d0005b5f8574dd6c76772d9f91265,1762279261061,HYPE,Sell,0x5aeb1821f596d2d9ffe182d3f914b274a80511cc,0xffffffffffffffffffffffffffffffffffffffff,-7520,0,0
SPOT,0xf13c302a11a0d460f2b5042ed6782e02069c000faca3f3339504db7cd0a4ae4b,1762279251471,HYPE,Sell,0x5aeb1821f596d2d9ffe182d3f914b274a80511cc,0xffffffffffffffffffffffffffffffffffffffff,-338.40000000000003,0,0
SPOT,0x44bd89f17458ca544637042ed6782802099d00d70f5be926e8863544335ca43e,1762279251070,HYPE,Sell,0x5aeb1821f596d2d9ffe182d3f914b274a80511cc,0xffffffffffffffffffffffffffffffffffffffff,-50.008,0,0
SPOT,0xa02157bb6ea79503a19b042ed678250204d900a109aab3d543ea030e2dab6eee,1762279250867,HYPE,Sell,0x5aeb1821f596d2d9ffe182d3f914b274a80511cc,0xffffffffffffffffffffffffffffffffffffffff,-129.344,0,0
SPOT,0xed4de12055165287eec7042ed678250204d80005f019715991168c73141a2c72,1762279250867,HYPE,Sell,0x5aeb1821f596d2d9ffe182d3f914b274a80511cc,0xffffffffffffffffffffffffffffffffffffffff,-12.032,0,0
SPOT,0xc98b131e7335f759cb04042ed6782202045900040e39162b6d53be713239d144,1762279250668,HYPE,Sell,0x5aeb1821f596d2d9ffe182d3f914b274a80511cc,0xffffffffffffffffffffffffffffffffffffffff,-752,0,0
SPOT,0x6779b954e13920ee68f3042ed678200201c3003a7c3c3fc00b4264a7a03cfad9,1762279250525,HYPE,Sell,0x5aeb1821f596d2d9ffe182d3f914b274a80511cc,0xffffffffffffffffffffffffffffffffffffffff,-26.32,0,0
SPOT,0xc6c28dca6bbd9940c83c042ed6781f02027000b006b0b8126a8b391d2ab1732b,1762279250465,HYPE,Sell,0x5aeb1821f596d2d9ffe182d3f914b274a80511cc,0xffffffffffffffffffffffffffffffffffffffff,-476.76800000000003,0,0
SPOT,0x26919c86bffafc62280b042ed6781c0201a3006c5afe1b34ca5a47d97efed64c,1762279250261,HYPE,Sell,0x5aeb1821f596d2d9ffe182d3f914b274a80511cc,0xffffffffffffffffffffffffffffffffffffffff,-10.152000000000001,0,0
SPOT,0x760f081ef14209d47788042ed678190201cf00048c4528a619d7b371b045e3bf,1762279250129,HYPE,Sell,0x5aeb1821f596d2d9ffe182d3f914b274a80511cc,0xffffffffffffffffffffffffffffffffffffffff,-100.016,0,0
SPOT,0xc873bec4fbd13e16c9ed042ed6781402043900aa96d45ce86c3c6a17bad51801,1762279249728,HYPE,Sell,0x5aeb1821f596d2d9ffe182d3f914b274a80511cc,0xffffffffffffffffffffffffffffffffffffffff,-12.032,0,0
SPOT,0x45505e93256a2be346ca042ed678130206ff0078c06d4ab5e91909e5e46e05cd,1762279249578,HYPE,Sell,0x5aeb1821f596d2d9ffe182d3f914b274a80511cc,0xffffffffffffffffffffffffffffffffffffffff,-50.008,0,0
SPOT,0x359c91a666d38d8f3716042ed6781002057d008c01d6ac61d9653cf925d76779,1762279249358,HYPE,Sell,0x5aeb1821f596d2d9ffe182d3f914b274a80511cc,0xffffffffffffffffffffffffffffffffffffffff,-100.016,0,0
SPOT,0x24bbd13abc11cf502635042ed6780b0202ca00205714ee22c8847c8d7b15a93a,1762279248979,HYPE,Sell,0x5aeb1821f596d2d9ffe182d3f914b274a80511cc,0xffffffffffffffffffffffffffffffffffffffff,-376,0,0
SPOT,0xc397c0e77d84af56c511042ed6780a0205be00cd1887ce2867606c3a3c888941,1762279248921,HYPE,Sell,0x5aeb1821f596d2d9ffe182d3f914b274a80511cc,0xffffffffffffffffffffffffffffffffffffffff,-18.8,0,0
SPOT,0x9a1db526e4e3eec69b97042ed6780a0205a4000c7fe70d983de66079a3e7c8b1,1762279248921,HYPE,Sell,0x5aeb1821f596d2d9ffe182d3f914b274a80511cc,0xffffffffffffffffffffffffffffffffffffffff,-997.5280000000001,0,0
SPOT,0xfdb5de087fda6d96ff2f042ed678090204e301011add8c69a17e895b3ede4781,1762279248841,HYPE,Sell,0x5aeb1821f596d2d9ffe182d3f914b274a80511cc,0xffffffffffffffffffffffffffffffffffffffff,-37.6,0,0
SPOT,0x4ae2676d66492b1b4c5c042ed678090204e20101014c49edeeab12c0254d0505,1762279248841,HYPE,Sell,0x5aeb1821f596d2d9ffe182d3f914b274a80511cc,0xffffffffffffffffffffffffffffffffffffffff,-37.6,0,0
SPOT,0x8ea17eebccbd183d901b042ed678080206a6010167b0370f326a2a3e8bb0f228,1762279248708,HYPE,Sell,0x5aeb1821f596d2d9ffe182d3f914b274a80511cc,0xffffffffffffffffffffffffffffffffffffffff,-188,0,0
SPOT,0x46fd1d2e373c992a4876042ed678070205530101d23fb7fceac5c880f6307314,1762279248615,HYPE,Sell,0x5aeb1821f596d2d9ffe182d3f914b274a80511cc,0xffffffffffffffffffffffffffffffffffffffff,-118.06400000000001,0,0
SPOT,0xcdb589a5710b914dcf2f042ed67806020bbd01010c0eb01f717e34f8300f6b38,1762279248513,HYPE,Sell,0x5aeb1821f596d2d9ffe182d3f914b274a80511cc,0xffffffffffffffffffffffffffffffffffffffff,-75.2,0,0
SPOT,0x6871c224c59c5a6369eb042ed6780302054a000a609f79350c3a6d778490344e,1762279248292,HYPE,Sell,0x5aeb1821f596d2d9ffe182d3f914b274a80511cc,0xffffffffffffffffffffffffffffffffffffffff,-1999.6134,0,0
SPOT,0xa27843552d4b4c17a3f1042ed678030205700101c84e6ae94640eea7ec4f2602,1762279248292,HYPE,Sell,0x5aeb1821f596d2d9ffe182d3f914b274a80511cc,0xffffffffffffffffffffffffffffffffffffffff,-59.40800000000001,0,0
SPOT,0x3e9624fa805efe55400f042ed66f8402029100e01b521d27e25ed04d3f52d83f,1762279076467,HYPE,Sell,0x5aeb1821f596d2d9ffe182d3f914b274a80511cc,0xffffffffffffffffffffffffffffffffffffffff,-4368.299000000001,0,0
SPOT,0x5d072cff7da7b0555e80042ed66f820203b800e518aacf2700cfd8523cab8a40,1762279076318,HYPE,Sell,0x5aeb1821f596d2d9ffe182d3f914b274a80511cc,0xffffffffffffffffffffffffffffffffffffffff,-469.365,0,0
SPOT,0xfb1d9dba4ae89288fc97042ed66f820203ac009fe5ebb15b9ee6490d09ec6c73,1762279076318,HYPE,Sell,0x5aeb1821f596d2d9ffe182d3f914b274a80511cc,0xffffffffffffffffffffffffffffffffffffffff,-8221.616000000002,0,0
SPOT,0x484a271f3157500d49c3042ed66f820203ab0004cc5a6edfec12d271f05b29f7,1762279076318,HYPE,Sell,0x5aeb1821f596d2d9ffe182d3f914b274a80511cc,0xffffffffffffffffffffffffffffffffffffffff,-8221.616000000002,0,0
SPOT,0x96ea77d4d3d593209864042ed66f810201d800ba6ed8b1f23ab3232792d96d0b,1762279076265,HYPE,Sell,0x5aeb1821f596d2d9ffe182d3f914b274a80511cc,0xffffffffffffffffffffffffffffffffffffffff,-4217.499000000001,0,0
SPOT,0x9b163088647434409c8f042ed66f80020737006dff7753123ededbdb23780e2b,1762279076163,HYPE,Sell,0x5aeb1821f596d2d9ffe182d3f914b274a80511cc,0xffffffffffffffffffffffffffffffffffffffff,-3988.2830000000004,0,0
SPOT,0xd452a05bc8c46fc8d5cc042ed66f7b02059d004163c78e9a781b4bae87c849b3,1762279075760,HYPE,Sell,0x5aeb1821f596d2d9ffe182d3f914b274a80511cc,0xffffffffffffffffffffffffffffffffffffffff,-1995.838,0,0
SPOT,0x217f29c0af332d4d22f8042ed66f7b02059c00a64a364c1fc547d5136e370737,1762279075760,HYPE,Sell,0x5aeb1821f596d2d9ffe182d3f914b274a80511cc,0xffffffffffffffffffffffffffffffffffffffff,-8374.678,0,0
SPOT,0x64a7b69ab7dbd1666621042ed66f79020840008052def038087061ed76dfab51,1762279075575,HYPE,Sell,0x5aeb1821f596d2d9ffe182d3f914b274a80511cc,0xffffffffffffffffffffffffffffffffffffffff,-8374.678,0,0
SPOT,0xb1d43fff9e4a8eeab34d042ed66f7902083f00e5394dadbc559ceb525d4e68d5,1762279075575,HYPE,Sell,0x5aeb1821f596d2d9ffe182d3f914b274a80511cc,0xffffffffffffffffffffffffffffffffffffffff,-75.4,0,0
SPOT,0xff00c96484b94c6e007a042ed66f7902083e004a1fbc6b41a2c974b743bd2659,1762279075575,HYPE,Sell,0x5aeb1821f596d2d9ffe182d3f914b274a80511cc,0xffffffffffffffffffffffffffffffffffffffff,-99.528,0,0
SPOT,0x49a412208e18bede4b1d042ed66f77020ace0006291bddb0ed6cbd734d1c98c8,1762279075350,HYPE,Sell,0x5aeb1821f596d2d9ffe182d3f914b274a80511cc,0xffffffffffffffffffffffffffffffffffffffff,-99.905,0,0
SPOT,0x96d09b8574877c62984a042ed66f77020acd006b0f8a9b343a9946d8338b564d,1762279075350,HYPE,Sell,0x5aeb1821f596d2d9ffe182d3f914b274a80511cc,0xffffffffffffffffffffffffffffffffffffffff,-3204.8770000000004,0,0
SPOT,0xc1eda677fe755b99c367042ed66f74020713005d99787a6b65b651cabd793584,1762279075096,HYPE,Sell,0x5aeb1821f596d2d9ffe182d3f914b274a80511cc,0xffffffffffffffffffffffffffffffffffffffff,-188.5,0,0
SPOT,0x0f1a2fdce4e4191e1093042ed66f7402071200c27fe737f0b2e2db2fa3e7f308,1762279075096,HYPE,Sell,0x5aeb1821f596d2d9ffe182d3f914b274a80511cc,0xffffffffffffffffffffffffffffffffffffffff,-9005.022,0,0
SPOT,0xc052366cb2938f92c1cb042ed66f7302036a00524d96ae64641ae1bf7197697d,1762279075037,HYPE,Sell,0x5aeb1821f596d2d9ffe182d3f914b274a80511cc,0xffffffffffffffffffffffffffffffffffffffff,-8374.678,0,0
SPOT,0x0ff6e562056a8d081170042ed66f720211e40047a06dabdab3bf90b4c46e66f2,1762279074900,HYPE,Sell,0x5aeb1821f596d2d9ffe182d3f914b274a80511cc,0xffffffffffffffffffffffffffffffffffffffff,-8374.678,0,0
SPOT,0xf5b968cadd02b315f733042ed66f6f0208bd00b07805d1e89982141d9c068d00,1762279074633,HYPE,Sell,0x5aeb1821f596d2d9ffe182d3f914b274a80511cc,0xffffffffffffffffffffffffffffffffffffffff,-99.905,0,0
SPOT,0x530fcacf872a0daa5489042ed66f6d02053900b5222d2c7cf6d87622462de794,1762279074435,HYPE,Sell,0x5aeb1821f596d2d9ffe182d3f914b274a80511cc,0xffffffffffffffffffffffffffffffffffffffff,-258.999,0,0
SPOT,0xa03c54346d98cb2ea1b6042ed66f6d020538001a089bea004404ff872c9ca519,1762279074435,HYPE,Sell,0x5aeb1821f596d2d9ffe182d3f914b274a80511cc,0xffffffffffffffffffffffffffffffffffffffff,-989.248,0,0
SPOT,0x7a5754b9385ff08e7bd1042ed66f6b020e4e009ed3530f601e20000bf753ca79,1762279074274,HYPE,Sell,0x5aeb1821f596d2d9ffe182d3f914b274a80511cc,0xffffffffffffffffffffffffffffffffffffffff,-8374.301000000001,0,0
SPOT,0xeeb4b89be16de37bf02e042ed66f6a0203cc00817c61024d927d63eea061bd66,1762279074173,HYPE,Sell,0x5aeb1821f596d2d9ffe182d3f914b274a80511cc,0xffffffffffffffffffffffffffffffffffffffff,-120.64000000000001,0,0
SPOT,0x6058d9399b8a455261d2042ed66f69020f83001f368d64240421848c5a8e1f3d,1762279074073,HYPE,Sell,0x5aeb1821f596d2d9ffe182d3f914b274a80511cc,0xffffffffffffffffffffffffffffffffffffffff,-8375.432,0,0
SPOT,0x9fdc2b3a7c241768a155042ed66f6602056c00201727363a43a4d68d3b27f153,1762279073774,HYPE,Sell,0x5aeb1821f596d2d9ffe182d3f914b274a80511cc,0xffffffffffffffffffffffffffffffffffffffff,-3195.829,0,0
SPOT,0xb4f73b7fc4ad536bb670042ed66f62020a4800655fa0723d58bfe6d283a12d56,1762279073529,HYPE,Sell,0x5aeb1821f596d2d9ffe182d3f914b274a80511cc,0xffffffffffffffffffffffffffffffffffffffff,-188.5,0,0
SPOT,0x1b2462fcc188c3321c9e042ed66f600208d000e25c8be204beed0e4f808c9d1c,1762279073386,HYPE,Sell,0x5aeb1821f596d2d9ffe182d3f914b274a80511cc,0xffffffffffffffffffffffffffffffffffffffff,-377,0,0
SPOT,0xb8259df30ca0c42db99f042ed66f5d0203a100d8a7a3e2ff5bee4945cba49e18,1762279073166,HYPE,Sell,0x5aeb1821f596d2d9ffe182d3f914b274a80511cc,0xffffffffffffffffffffffffffffffffffffffff,-377,0,0
SPOT,0x05522757f31f81b206cb042ed66f5d0203a0003d8e12a084a91ad2aab2135b9c,1762279073166,HYPE,Sell,0x5aeb1821f596d2d9ffe182d3f914b274a80511cc,0xffffffffffffffffffffffffffffffffffffffff,-188.5,0,0
SPOT,0x527eb0bcd98e3f3653f8042ed66f5d02039f00a274815e08f6475c0f98821920,1762279073166,HYPE,Sell,0x5aeb1821f596d2d9ffe182d3f914b274a80511cc,0xffffffffffffffffffffffffffffffffffffffff,-188.5,0,0
SPOT,0x8b3480ec05c3397a8cae042ed66f5a020c5200d1a0c6584c2efd2c3ec4c71365,1762279072958,HYPE,Sell,0x5aeb1821f596d2d9ffe182d3f914b274a80511cc,0xffffffffffffffffffffffffffffffffffffffff,-188.5,0,0
SPOT,0xd8610a50ec31f6fed9da042ed66f5a020c510036873515d07c29b5a3ab35d0e9,1762279072958,HYPE,Sell,0x5aeb1821f596d2d9ffe182d3f914b274a80511cc,0xffffffffffffffffffffffffffffffffffffffff,-188.5,0,0
SPOT,0x258d93b5d2a0b4832707042ed66f5a020c50009b6da3d355c9563f0891a48e6d,1762279072958,HYPE,Sell,0x5aeb1821f596d2d9ffe182d3f914b274a80511cc,0xffffffffffffffffffffffffffffffffffffffff,-188.5,0,0
SPOT,0x72ba1d1ab91f72077433042ed66f5a020c4f0000541290d91682c86d78134bf2,1762279072958,HYPE,Sell,0x5aeb1821f596d2d9ffe182d3f914b274a80511cc,0xffffffffffffffffffffffffffffffffffffffff,-188.5,0,0
SPOT,0xbfe6a67f9f8e2f8bc160042ed66f5a020c4e00653a814e5d63af51d25e820976,1762279072958,HYPE,Sell,0x5aeb1821f596d2d9ffe182d3f914b274a80511cc,0xffffffffffffffffffffffffffffffffffffffff,-188.5,0,0
SPOT,0x0d132fe485fced100e8c042ed66f5a020c4d00ca20f00be2b0dbdb3744f0c6fa,1762279072958,HYPE,Sell,0x5aeb1821f596d2d9ffe182d3f914b274a80511cc,0xffffffffffffffffffffffffffffffffffffffff,-188.5,0,0
SPOT,0x0163d84e3684ffd902dd042ed66f540201dc0033d1881eaba52c83a0f588d9c3,1762279072557,HYPE,Sell,0x5aeb1821f596d2d9ffe182d3f914b274a80511cc,0xffffffffffffffffffffffffffffffffffffffff,-336.661,0,0
SPOT,0xa519ead71fef7ae2a693042ed66f5202026c00bcbae299b448e29629dee354cd,1762279072415,HYPE,Sell,0x5aeb1821f596d2d9ffe182d3f914b274a80511cc,0xffffffffffffffffffffffffffffffffffffffff,-336.661,0,0
SPOT,0xb273aefc36a46739b3ed042ed66f5102047d00e1d1a7860b563c5a4ef5a84124,1762279072355,HYPE,Sell,0x5aeb1821f596d2d9ffe182d3f914b274a80511cc,0xffffffffffffffffffffffffffffffffffffffff,-469.365,0,0
SPOT,0x071af4431dd9f3140894042ed66f510204680028b8dd11e6aae39f95dcddccfe,1762279072355,HYPE,Sell,0x5aeb1821f596d2d9ffe182d3f914b274a80511cc,0xffffffffffffffffffffffffffffffffffffffff,-155.324,0,0
SPOT,0x54477da80448b09855c1042ed66f51020467008d9f4bcf6af81028fac34c8a82,1762279072355,HYPE,Sell,0x5aeb1821f596d2d9ffe182d3f914b274a80511cc,0xffffffffffffffffffffffffffffffffffffffff,-8418.787,0,0
SPOT,0xa174070ceab76e1ca2ed042ed66f5102046600f285ba8cee453cb25fa9bb4807,1762279072355,HYPE,Sell,0x5aeb1821f596d2d9ffe182d3f914b274a80511cc,0xffffffffffffffffffffffffffffffffffffffff,-8376.94,0,0
SPOT,0x4337639154dde71a44b1042ed66f4e0206a70076efd105ece7000ee413d1c104,1762279072153,HYPE,Sell,0x5aeb1821f596d2d9ffe182d3f914b274a80511cc,0xffffffffffffffffffffffffffffffffffffffff,-20.358000000000004,0,0
SPOT,0x9063ecf63b4ca49e91dd042ed66f4e0206a600dbd64fc370342c9848fa407e89,1762279072153,HYPE,Sell,0x5aeb1821f596d2d9ffe182d3f914b274a80511cc,0xffffffffffffffffffffffffffffffffffffffff,-754,0,0
SPOT,0xf6ffd49336b5a4cef879042ed66f4b0201c40078d1b8c3a19ac87fe5f5b97eb9,1762279071953,HYPE,Sell,0x5aeb1821f596d2d9ffe182d3f914b274a80511cc,0xffffffffffffffffffffffffffffffffffffffff,-3553.9790000000003,0,0
SPOT,0xda6c7c4207667ac3dbe6042ed66f4a01bf010127a26999957e352794c66a54ae,1762279071898,HYPE,Sell,0x5aeb1821f596d2d9ffe182d3f914b274a80511cc,0xffffffffffffffffffffffffffffffffffffffff,-1010.3600000000001,0,0
SPOT,0xa65c9f45505c739ca7d6042ed66f480201bd002aeb5f926e4a254a980f504d87,1762279071751,HYPE,Sell,0x5aeb1821f596d2d9ffe182d3f914b274a80511cc,0xffffffffffffffffffffffffffffffffffffffff,-2220.1530000000002,0,0
SPOT,0xf63cc9775c748749f7b6042ed66f470202870101f777a61c9a0574ca1b786134,1762279071662,HYPE,Sell,0x5aeb1821f596d2d9ffe182d3f914b274a80511cc,0xffffffffffffffffffffffffffffffffffffffff,-188.5,0,0
SPOT,0x781b786fdcae3adf7995042ed66f47020282010177a159b11be423c29ba214ca,1762279071662,HYPE,Sell,0x5aeb1821f596d2d9ffe182d3f914b274a80511cc,0xffffffffffffffffffffffffffffffffffffffff,-188.5,0,0
SPOT,0xdae6d88abb6e3ee7dc60042ed66f46020220007056615db97eaf83dd7a6218d2,1762279071609,HYPE,Sell,0x5aeb1821f596d2d9ffe182d3f914b274a80511cc,0xffffffffffffffffffffffffffffffffffffffff,-430.911,0,0
SPOT,0xd6b6481a3e2c0fc3d830042ed66f4602021f0101d92f2e957a7ef36cfd2fe9ae,1762279071609,HYPE,Sell,0x5aeb1821f596d2d9ffe182d3f914b274a80511cc,0xffffffffffffffffffffffffffffffffffffffff,-188.5,0,0
SPOT,0x468469f49f25ae6c47fe042ed66f4402034600da3a28cd3eea4d15475e298856,1762279071499,HYPE,Sell,0x5aeb1821f596d2d9ffe182d3f914b274a80511cc,0xffffffffffffffffffffffffffffffffffffffff,-8375.055,0,0
SPOT,0x93b0f35985946bf0952a042ed66f44020345003f20978ac237799eac449845db,1762279071499,HYPE,Sell,0x5aeb1821f596d2d9ffe182d3f914b274a80511cc,0xffffffffffffffffffffffffffffffffffffffff,-8375.055,0,0
SPOT,0xe0dd7cbe6c032974e257042ed66f4402034400a40706484684a628112b07035f,1762279071499,HYPE,Sell,0x5aeb1821f596d2d9ffe182d3f914b274a80511cc,0xffffffffffffffffffffffffffffffffffffffff,-2303.847,0,0
SPOT,0x151c6fd288ef578d1696042ed66f44020335010123e2765fb8e51b2547e33177,1762279071499,HYPE,Sell,0x5aeb1821f596d2d9ffe182d3f914b274a80511cc,0xffffffffffffffffffffffffffffffffffffffff,-188.5,0,0
SPOT,0xaf75829c55ccd295b0ef042ed66f440203330101f0cff167533e2def14c0ac80,1762279071499,HYPE,Sell,0x5aeb1821f596d2d9ffe182d3f914b274a80511cc,0xffffffffffffffffffffffffffffffffffffffff,-18.85,0,0
SPOT,0xad77106390331c05aef0042ed66f410204ce00492b363ad7513fbbb64f36f5f0,1762279071299,HYPE,Sell,0x5aeb1821f596d2d9ffe182d3f914b274a80511cc,0xffffffffffffffffffffffffffffffffffffffff,-377,0,0
SPOT,0xfaa399c876a1d989fc1d042ed66f410204cd00ae11a4f85c9e6c451b35a5b374,1762279071299,HYPE,Sell,0x5aeb1821f596d2d9ffe182d3f914b274a80511cc,0xffffffffffffffffffffffffffffffffffffffff,-569.647,0,0
SPOT,0xe22935f729fe1216e3a2042ed66f410204ca00dcc4f130e885f1e149e8f1ec01,1762279071299,HYPE,Sell,0x5aeb1821f596d2d9ffe182d3f914b274a80511cc,0xffffffffffffffffffffffffffffffffffffffff,-490.1,0,0
SPOT,0x2f55bf5c106ccf9b30cf042ed66f410204c90041ab6fee6dd31e6aaecf60a985,1762279071299,HYPE,Sell,0x5aeb1821f596d2d9ffe182d3f914b274a80511cc,0xffffffffffffffffffffffffffffffffffffffff,-188.5,0,0
SPOT,0x7c8248c0f6db8d1f7dfc042ed66f410204c800a691deabf1204af413b5df670a,1762279071299,HYPE,Sell,0x5aeb1821f596d2d9ffe182d3f914b274a80511cc,0xffffffffffffffffffffffffffffffffffffffff,-188.5,0,0
SPOT,0x4b1a4e9ee09536404c94042ed66f410204b701017b985512eee2f9f19f99102a,1762279071299,HYPE,Sell,0x5aeb1821f596d2d9ffe182d3f914b274a80511cc,0xffffffffffffffffffffffffffffffffffffffff,-754,0,0
SPOT,0xa1355b3683da47a9a2af042ed66f400202d001011edd667b44fe068942de2194,1762279071229,HYPE,Sell,0x5aeb1821f596d2d9ffe182d3f914b274a80511cc,0xffffffffffffffffffffffffffffffffffffffff,-808.6650000000001,0,0
SPOT,0xedff26018f77fef2ef78042ed66f3e02023100e72a7b1dc491c7d1544e7bd8dd,1762279071098,HYPE,Sell,0x5aeb1821f596d2d9ffe182d3f914b274a80511cc,0xffffffffffffffffffffffffffffffffffffffff,-8375.432,0,0
SPOT,0x885838cb5c5579fb89d1042ed66f3e02022f00b0f75898cd2c20e41e1b5953e6,1762279071098,HYPE,Sell,0x5aeb1821f596d2d9ffe182d3f914b274a80511cc,0xffffffffffffffffffffffffffffffffffffffff,-188.5,0,0
SPOT,0x8427a85adf134ad785a1042ed66f3e02022e01017a1669a927f053ad9e1724c2,1762279071098,HYPE,Sell,0x5aeb1821f596d2d9ffe182d3f914b274a80511cc,0xffffffffffffffffffffffffffffffffffffffff,-754,0,0
SPOT,0xd15431bfc582085bd2cd042ed66f3e02022d01016085272d751cdd128485e246,1762279071098,HYPE,Sell,0x5aeb1821f596d2d9ffe182d3f914b274a80511cc,0xffffffffffffffffffffffffffffffffffffffff,-1885.0000000000002,0,0
SPOT,0x6f6aa27a92c2ea8f70e4042ed66f3e02022101012dc6096113334dcd51c6c47a,1762279071098,HYPE,Sell,0x5aeb1821f596d2d9ffe182d3f914b274a80511cc,0xffffffffffffffffffffffffffffffffffffffff,-1010.3600000000001,0,0
SPOT,0xbd5ccc9b3cdf180dbed6042ed66f3d02022f0101d7d236df612577edfbd2f1f8,1762279071041,HYPE,Sell,0x5aeb1821f596d2d9ffe182d3f914b274a80511cc,0xffffffffffffffffffffffffffffffffffffffff,-754,0,0
SPOT,0xa912f93a6d6d7fbeaa8c042ed66f3d02022d002008609e904cdba48d2c6159a9,1762279071041,HYPE,Sell,0x5aeb1821f596d2d9ffe182d3f914b274a80511cc,0xffffffffffffffffffffffffffffffffffffffff,-8375.055,0,0
SPOT,0xc392f90db6c3f9ecc50c042ed66f3c0201eb010151c718be675ba46075c7d3d7,1762279070990,HYPE,Sell,0x5aeb1821f596d2d9ffe182d3f914b274a80511cc,0xffffffffffffffffffffffffffffffffffffffff,-188.5,0,0
SPOT,0xd5011d8962679f25d67a042ed66f3b02047a0101fd6abdf778c9c8dc216b7910,1762279070902,HYPE,Sell,0x5aeb1821f596d2d9ffe182d3f914b274a80511cc,0xffffffffffffffffffffffffffffffffffffffff,-2022.228,0,0
SPOT,0x937fe076f9f1df1b94f9042ed66f3b020468005c94f4fded37488bc9b8f5b906,1762279070902,HYPE,Sell,0x5aeb1821f596d2d9ffe182d3f914b274a80511cc,0xffffffffffffffffffffffffffffffffffffffff,-377,0,0
SPOT,0x29a862d0499d2b002b22042ed66f3b0204650101e49049d2cd710e23089104ea,1762279070902,HYPE,Sell,0x5aeb1821f596d2d9ffe182d3f914b274a80511cc,0xffffffffffffffffffffffffffffffffffffffff,-188.5,0,0
SPOT,0x91711c2261c5d8f492ea042ed66f3a0203a50101fcc8f7c63539c77520c9b2df,1762279070827,HYPE,Sell,0x5aeb1821f596d2d9ffe182d3f914b274a80511cc,0xffffffffffffffffffffffffffffffffffffffff,-754,0,0
SPOT,0xde9da58748349678e017042ed66f3a0203a40101e337b54a826650da07387063,1762279070827,HYPE,Sell,0x5aeb1821f596d2d9ffe182d3f914b274a80511cc,0xffffffffffffffffffffffffffffffffffffffff,-377,0,0
SPOT,0x48a439455e6b71854a1d042ed66f38020496002af96e9057ec6ce4981d6f4b6f,1762279070694,HYPE,Sell,0x5aeb1821f596d2d9ffe182d3f914b274a80511cc,0xffffffffffffffffffffffffffffffffffffffff,-2221.284,0,0
SPOT,0x95d0c2aa44da2f09974a042ed66f38020495008fdfdd4ddb39996dfd03de08f4,1762279070694,HYPE,Sell,0x5aeb1821f596d2d9ffe182d3f914b274a80511cc,0xffffffffffffffffffffffffffffffffffffffff,-300.469,0,0
SPOT,0x1af99d14488881d11c73042ed66f3802047b0101e38ba0a3bec24867078c5bbb,1762279070694,HYPE,Sell,0x5aeb1821f596d2d9ffe182d3f914b274a80511cc,0xffffffffffffffffffffffffffffffffffffffff,-565.5,0,0
SPOT,0xb983404e92a82bfdbafc042ed66f3802047a00342dab4acf5d4beba151ac05e8,1762279070694,HYPE,Sell,0x5aeb1821f596d2d9ffe182d3f914b274a80511cc,0xffffffffffffffffffffffffffffffffffffffff,-5000.151,0,0
SPOT,0x06afc9b37916e9820829042ed66f380204790099141a0854aa787506381ac36c,1762279070694,HYPE,Sell,0x5aeb1821f596d2d9ffe182d3f914b274a80511cc,0xffffffffffffffffffffffffffffffffffffffff,-8375.055,0,0
SPOT,0x7264f70df775259273de042ed66f3502049e00f392784464162da260b678ff7d,1762279070492,HYPE,Sell,0x5aeb1821f596d2d9ffe182d3f914b274a80511cc,0xffffffffffffffffffffffffffffffffffffffff,-8375.055,0,0
SPOT,0xbf918072dde3e316c10b042ed66f3502049d005878e701e8635a2bc59ce7bd01,1762279070492,HYPE,Sell,0x5aeb1821f596d2d9ffe182d3f914b274a80511cc,0xffffffffffffffffffffffffffffffffffffffff,-9048,0,0
SPOT,0x17f623aac57cd61c196f042ed66f3502047e0090607ff4eebbbecefd8470b006,1762279070492,HYPE,Sell,0x5aeb1821f596d2d9ffe182d3f914b274a80511cc,0xffffffffffffffffffffffffffffffffffffffff,-52.026,0,0
SPOT,0x6522ad0fabeb93a0669c042ed66f3502047d00f546eeb27208eb58626aef6d8b,1762279070492,HYPE,Sell,0x5aeb1821f596d2d9ffe182d3f914b274a80511cc,0xffffffffffffffffffffffffffffffffffffffff,-52.026,0,0
SPOT,0xb24f3674925a5124b3c8042ed66f3502047c005a2d5d6ff65617e1c7515e2b0f,1762279070492,HYPE,Sell,0x5aeb1821f596d2d9ffe182d3f914b274a80511cc,0xffffffffffffffffffffffffffffffffffffffff,-21.489,0,0
SPOT,0xa403511c3b822057a57d042ed66f3402023f0101d6853f2947cbfc6efa85fa42,1762279070424,HYPE,Sell,0x5aeb1821f596d2d9ffe182d3f914b274a80511cc,0xffffffffffffffffffffffffffffffffffffffff,-37.7,0,0
SPOT,0x428cf45685a1ca844406042ed66f3402023e003c20a4e956e6559fa944a5a46e,1762279070424,HYPE,Sell,0x5aeb1821f596d2d9ffe182d3f914b274a80511cc,0xffffffffffffffffffffffffffffffffffffffff,-21.489,0,0
SPOT,0x3e5c63e6086f9b603fd6042ed66f3402023d0101a362ba32e2250f38c763754a,1762279070424,HYPE,Sell,0x5aeb1821f596d2d9ffe182d3f914b274a80511cc,0xffffffffffffffffffffffffffffffffffffffff,-118.37800000000001,0,0
SPOT,0x4ef92b71aa101c1b5072042ed66f320204a7005745133aedf2c1d6c46913f605,1762279070291,HYPE,Sell,0x5aeb1821f596d2d9ffe182d3f914b274a80511cc,0xffffffffffffffffffffffffffffffffffffffff,-469.365,0,0
SPOT,0x9c25b4d6908ed99f9d9f042ed66f320204a600bc2b81f8713fee60294f82b38a,1762279070291,HYPE,Sell,0x5aeb1821f596d2d9ffe182d3f914b274a80511cc,0xffffffffffffffffffffffffffffffffffffffff,-4524,0,0
SPOT,0xe9523e3b76fd9723eacb042ed66f320204a5002111f0b5f58d1ae98e35f1710e,1762279070291,HYPE,Sell,0x5aeb1821f596d2d9ffe182d3f914b274a80511cc,0xffffffffffffffffffffffffffffffffffffffff,-9048,0,0
SPOT,0xe521adcaf9bb67ffe69b042ed66f320204a4010194be86d188ea591db8bf41ea,1762279070291,HYPE,Sell,0x5aeb1821f596d2d9ffe182d3f914b274a80511cc,0xffffffffffffffffffffffffffffffffffffffff,-188.5,0,0
SPOT,0x324e372fe02a258433c7042ed66f320204a301017b2d4456d616e2829f2dff6e,1762279070291,HYPE,Sell,0x5aeb1821f596d2d9ffe182d3f914b274a80511cc,0xffffffffffffffffffffffffffffffffffffffff,-1131,0,0
SPOT,0x8ee36ad844f547ad905d042ed66f3202048500bddff8667f32ac162b03f92198,1762279070291,HYPE,Sell,0x5aeb1821f596d2d9ffe182d3f914b274a80511cc,0xffffffffffffffffffffffffffffffffffffffff,-16.211000000000002,0,0
SPOT,0x114854178ee7e61212c2042ed66f3002030600fd29eb04e4b510ff6a4debbffc,1762279070143,HYPE,Sell,0x5aeb1821f596d2d9ffe182d3f914b274a80511cc,0xffffffffffffffffffffffffffffffffffffffff,-8376.186000000002,0,0
SPOT,0x45fa79ab28a2dc234774042ed66f300203020090c3a5faf5e9c324fde7a6b60d,1762279070143,HYPE,Sell,0x5aeb1821f596d2d9ffe182d3f914b274a80511cc,0xffffffffffffffffffffffffffffffffffffffff,-1008.475,0,0
SPOT,0x932703100f1199a794a0042ed66f3002030100f5aa14b87936efae62ce157392,1762279070143,HYPE,Sell,0x5aeb1821f596d2d9ffe182d3f914b274a80511cc,0xffffffffffffffffffffffffffffffffffffffff,-3770.0000000000005,0,0
SPOT,0x9239543c4d5f8cc093b3042ed66f2f02064a0021e852ab923601ff8f0c5366ab,1762279070073,HYPE,Sell,0x5aeb1821f596d2d9ffe182d3f914b274a80511cc,0xffffffffffffffffffffffffffffffffffffffff,-8376.186000000002,0,0
SPOT,0xdf65dda133ce4a44e0df042ed66f2f0206490086cec16916832e88f3f2c2242f,1762279070073,HYPE,Sell,0x5aeb1821f596d2d9ffe182d3f914b274a80511cc,0xffffffffffffffffffffffffffffffffffffffff,-1619.969,0,0
SPOT,0x2c9267061a3d07c92e0c042ed66f2f02064800ebb530269bd05b1258d930e1b3,1762279070073,HYPE,Sell,0x5aeb1821f596d2d9ffe182d3f914b274a80511cc,0xffffffffffffffffffffffffffffffffffffffff,-963.2350000000001,0,0
SPOT,0x14180334cd8940561591042ed66f2f020645001a688c5f28b7e0ae878c8d1a40,1762279070073,HYPE,Sell,0x5aeb1821f596d2d9ffe182d3f914b274a80511cc,0xffffffffffffffffffffffffffffffffffffffff,-16.211000000000002,0,0
SPOT,0x61448c99b3f7fdda62be042ed66f2f020644007f4efb1cac050d37ec72fbd7c5,1762279070073,HYPE,Sell,0x5aeb1821f596d2d9ffe182d3f914b274a80511cc,0xffffffffffffffffffffffffffffffffffffffff,-16.211000000000002,0,0
SPOT,0x57bfa08c68c1d3135939042ed66f2f020619007203c4f1e5fb884bdf27c5acfd,1762279070073,HYPE,Sell,0x5aeb1821f596d2d9ffe182d3f914b274a80511cc,0xffffffffffffffffffffffffffffffffffffffff,-40071.70700000001,0,0
SPOT,0xea36a4b10c5acfd4ebb0042ed66f2c0205090096a75deea68dff5003cb5ea9bf,1762279069877,HYPE,Sell,0x5aeb1821f596d2d9ffe182d3f914b274a80511cc,0xffffffffffffffffffffffffffffffffffffffff,-414.70000000000005,0,0
SPOT,0xe0b1b8a3c124a50de22b042ed66f2c0204de00895c27c3df847a63f680287ef8,1762279069877,HYPE,Sell,0x5aeb1821f596d2d9ffe182d3f914b274a80511cc,0xffffffffffffffffffffffffffffffffffffffff,-16.211000000000002,0,0
SPOT,0xa6fdc7796fafcd81a877042ed66f2b0201cb005f0aa2ec534ac672cc2ea3a76c,1762279069814,HYPE,Sell,0x5aeb1821f596d2d9ffe182d3f914b274a80511cc,0xffffffffffffffffffffffffffffffffffffffff,-16.211000000000002,0,0
SPOT,0xf42a50de561e8b05f5a4042ed66f2b0201ca00c3f111a9d897f2fc31151264f0,1762279069814,HYPE,Sell,0x5aeb1821f596d2d9ffe182d3f914b274a80511cc,0xffffffffffffffffffffffffffffffffffffffff,-226.20000000000002,0,0
SPOT,0x4156da433c8d488a42d0042ed66f2b0201c90028d780675ce51f8595fb812274,1762279069814,HYPE,Sell,0x5aeb1821f596d2d9ffe182d3f914b274a80511cc,0xffffffffffffffffffffffffffffffffffffffff,-16.211000000000002,0,0
SPOT,0x8e8363a822fc060e8ffd042ed66f2b0201c8008dbdff24e0324c0efae1ffdff9,1762279069814,HYPE,Sell,0x5aeb1821f596d2d9ffe182d3f914b274a80511cc,0xffffffffffffffffffffffffffffffffffffffff,-16.211000000000002,0,0
SPOT,0x5c05ac9a4cdf055b5d7f042ed66f280208580101e7d2242dffce57ed0bd2df45,1762279069600,HYPE,Sell,0x5aeb1821f596d2d9ffe182d3f914b274a80511cc,0xffffffffffffffffffffffffffffffffffffffff,-188.5,0,0
SPOT,0xfa8f4fd496feaf87fc09042ed66f2802085700ba31f1ce5a9e57fb2755f28972,1762279069600,HYPE,Sell,0x5aeb1821f596d2d9ffe182d3f914b274a80511cc,0xffffffffffffffffffffffffffffffffffffffff,-39.58500000000001,0,0
SPOT,0xc92755b280b858a8caa1042ed66f2802084601011bbb777a6cf001053fbc3293,1762279069600,HYPE,Sell,0x5aeb1821f596d2d9ffe182d3f914b274a80511cc,0xffffffffffffffffffffffffffffffffffffffff,-754,0,0
SPOT,0xca77c4de5bdb5d27cbf1042ed66f2602075f00c3f6de7bf96e4070311adf3712,1762279069455,HYPE,Sell,0x5aeb1821f596d2d9ffe182d3f914b274a80511cc,0xffffffffffffffffffffffffffffffffffffffff,-3768.1150000000002,0,0
SPOT,0x17a44e43424a1aac191e042ed66f2602075e0028dd4d397ebb6cf996014df496,1762279069455,HYPE,Sell,0x5aeb1821f596d2d9ffe182d3f914b274a80511cc,0xffffffffffffffffffffffffffffffffffffffff,-37.7,0,0
SPOT,0x64d0d7a828b8d830664a042ed66f2602075d008dc3bbf702089982fae7bcb21b,1762279069455,HYPE,Sell,0x5aeb1821f596d2d9ffe182d3f914b274a80511cc,0xffffffffffffffffffffffffffffffffffffffff,-22620,0,0
SPOT,0xedb710032cca9222ef30042ed66f260207390101c7cdb0f4917fbb55ebce6c0d,1762279069455,HYPE,Sell,0x5aeb1821f596d2d9ffe182d3f914b274a80511cc,0xffffffffffffffffffffffffffffffffffffffff,-754,0,0
SPOT,0x881022ccf9a80d2b8989042ed66f26020737010194ab2bfd2bd8ce1fb8abe716,1762279069455,HYPE,Sell,0x5aeb1821f596d2d9ffe182d3f914b274a80511cc,0xffffffffffffffffffffffffffffffffffffffff,-1885.0000000000002,0,0
SPOT,0xd53cac31e016caafd6b6042ed66f2602073601017b19e981790557849f1aa49a,1762279069455,HYPE,Sell,0x5aeb1821f596d2d9ffe182d3f914b274a80511cc,0xffffffffffffffffffffffffffffffffffffffff,-754,0,0
SPOT,0x6f06e2461ebb94df7080042ed66dc70202d8002bb9beb3b112cf8d98ddbf6eca,1762279041906,HYPE,Sell,0x5aeb1821f596d2d9ffe182d3f914b274a80511cc,0xffffffffffffffffffffffffffffffffffffffff,-469.365,0,0
SPOT,0xd523979bb8193444d69d042ed66dc20203b70081531c531678ec42ee771d0e2f,1762279041553,HYPE,Sell,0x5aeb1821f596d2d9ffe182d3f914b274a80511cc,0xffffffffffffffffffffffffffffffffffffffff,-1112.527,0,0
SPOT,0x04de760bf8e7f4c40658042ed66cbe02066000f193eb1396a8a7215eb7ebceae,1762279021255,HYPE,Sell,0x5aeb1821f596d2d9ffe182d3f914b274a80511cc,0xffffffffffffffffffffffffffffffffffffffff,-199.81,0,0
SPOT,0x50d0513448758698524a042ed66cb40205660101e378a56af498fc8707796082,1762279020465,HYPE,Sell,0x5aeb1821f596d2d9ffe182d3f914b274a80511cc,0xffffffffffffffffffffffffffffffffffffffff,-188.5,0,0
SPOT,0x7ac4b93d951e0b4c7c3e042ed66cb00206e1002330112a1e1e8d64905411e537,1762279020165,HYPE,Sell,0x5aeb1821f596d2d9ffe182d3f914b274a80511cc,0xffffffffffffffffffffffffffffffffffffffff,-199.43300000000002,0,0
SPOT,0x1c31135c6ab932931daa042ed66cad02089a004205bc5165bff9beaf29bd0c7d,1762279019947,HYPE,Sell,0x5aeb1821f596d2d9ffe182d3f914b274a80511cc,0xffffffffffffffffffffffffffffffffffffffff,-3947.1900000000005,0,0
SPOT,0x695d9cc15127f0176ad7042ed66cad02089900a6ec2b0ee90d264814102bca02,1762279019947,HYPE,Sell,0x5aeb1821f596d2d9ffe182d3f914b274a80511cc,0xffffffffffffffffffffffffffffffffffffffff,-409.422,0,0
SPOT,0xf674658cd27bd92df7ee042ed66cad02087600726d7ef8009a3d10df917fb318,1762279019947,HYPE,Sell,0x5aeb1821f596d2d9ffe182d3f914b274a80511cc,0xffffffffffffffffffffffffffffffffffffffff,-888.212,0,0
SPOT,0x74228414d5635d9f759c042ed66cad020870010170667c7117eb2f679467378a,1762279019947,HYPE,Sell,0x5aeb1821f596d2d9ffe182d3f914b274a80511cc,0xffffffffffffffffffffffffffffffffffffffff,-188.5,0,0
SPOT,0xaf2727fea0e21df8b0a0042ed66cac0204ba00e43be53cca52efd3515fe5f7e3,1762279019891,HYPE,Sell,0x5aeb1821f596d2d9ffe182d3f914b274a80511cc,0xffffffffffffffffffffffffffffffffffffffff,-3770.0000000000005,0,0
SPOT,0x49803ac86dcf99014af9042ed66cac0204b800ae08c2b7d3ed48e61b2cc372eb,1762279019891,HYPE,Sell,0x5aeb1821f596d2d9ffe182d3f914b274a80511cc,0xffffffffffffffffffffffffffffffffffffffff,-1131,0,0
SPOT,0xff9ddcd50ad57aae0117042ed66cac0204a40101a5d89981a3668827c9d95499,1762279019891,HYPE,Sell,0x5aeb1821f596d2d9ffe182d3f914b274a80511cc,0xffffffffffffffffffffffffffffffffffffffff,-188.5,0,0
SPOT,0x2653d5a11a4f14b527cd042ed66caa02064a0086b5423387ca1c80f3d942ee9f,1762279019748,HYPE,Sell,0x5aeb1821f596d2d9ffe182d3f914b274a80511cc,0xffffffffffffffffffffffffffffffffffffffff,-3770.0000000000005,0,0
SPOT,0xfdfd96cb10e01200ff77042ed66ca502081d00b0abe330d3a1c6421dcfe3ebeb,1762279019421,HYPE,Sell,0x5aeb1821f596d2d9ffe182d3f914b274a80511cc,0xffffffffffffffffffffffffffffffffffffffff,-11.687000000000001,0,0
SPOT,0xe8b1300f9ded64daea2a042ed66ca0020a4600f538e083ac8c79db625ce13ec5,1762279019078,HYPE,Sell,0x5aeb1821f596d2d9ffe182d3f914b274a80511cc,0xffffffffffffffffffffffffffffffffffffffff,-3972.7651100000003,0,0
SPOT,0xb231432ba0f6748ab3aa042ed6605a02047d00113bf9935c55f9ee7e5ffa4e75,1762278774338,HYPE,Sell,0x5aeb1821f596d2d9ffe182d3f914b274a80511cc,0xffffffffffffffffffffffffffffffffffffffff,-8361.9,0,0
SPOT,0xdb43fc2911098529dcbd042ed66057020375000eac0ca3fb7f0ca77bd00d5f14,1762278774079,HYPE,Sell,0x5aeb1821f596d2d9ffe182d3f914b274a80511cc,0xffffffffffffffffffffffffffffffffffffffff,-13205.759999999998,0,0
SPOT,0xf97c1e913e6d7366faf5042ed6605002131e0076d96092399d44c9e3fd614d51,1762278773643,HYPE,Sell,0x5aeb1821f596d2d9ffe182d3f914b274a80511cc,0xffffffffffffffffffffffffffffffffffffffff,-99.56,0,0
SPOT,0x46a8a7f624dc30eb4822042ed6605002131d00dbbfdf4fbdea715348e3d00ad5,1762278773643,HYPE,Sell,0x5aeb1821f596d2d9ffe182d3f914b274a80511cc,0xffffffffffffffffffffffffffffffffffffffff,-99.56,0,0
SPOT,0x93d5315b0b4aee6f954e042ed6605002131c0040a64e0d41379ddcadca4ec85a,1762278773643,HYPE,Sell,0x5aeb1821f596d2d9ffe182d3f914b274a80511cc,0xffffffffffffffffffffffffffffffffffffffff,-99.56,0,0
SPOT,0xe101babff1b9abf3e27b042ed6605002131b00a58cbccac584ca6612b0bd85de,1762278773643,HYPE,Sell,0x5aeb1821f596d2d9ffe182d3f914b274a80511cc,0xffffffffffffffffffffffffffffffffffffffff,-99.56,0,0
SPOT,0x2e2e4424d82869782fa8042ed6605002131a000a732b884ad1f6ef77972c4362,1762278773643,HYPE,Sell,0x5aeb1821f596d2d9ffe182d3f914b274a80511cc,0xffffffffffffffffffffffffffffffffffffffff,-99.56,0,0
SPOT,0x7b5acd89be9726fc7cd4042ed66050021319006f599a45ce1f2378dc7d9b00e7,1762278773643,HYPE,Sell,0x5aeb1821f596d2d9ffe182d3f914b274a80511cc,0xffffffffffffffffffffffffffffffffffffffff,-99.56,0,0
SPOT,0xc88756eea505e480ca01042ed6605002131800d4400903526c5002416409be6b,1762278773643,HYPE,Sell,0x5aeb1821f596d2d9ffe182d3f914b274a80511cc,0xffffffffffffffffffffffffffffffffffffffff,-99.56,0,0
SPOT,0x15b3e0538b74a205172d042ed6605002131700392677c0d7b97c8ba64a787bef,1762278773643,HYPE,Sell,0x5aeb1821f596d2d9ffe182d3f914b274a80511cc,0xffffffffffffffffffffffffffffffffffffffff,-99.56,0,0
SPOT,0x62e069b871e35f89645a042ed66050021316009e0ce67e5b06a9150b30e73974,1762278773643,HYPE,Sell,0x5aeb1821f596d2d9ffe182d3f914b274a80511cc,0xffffffffffffffffffffffffffffffffffffffff,-99.56,0,0
SPOT,0xb00cf31d58521d0db186042ed660500213150002f3553bdf53d59e701755f6f8,1762278773643,HYPE,Sell,0x5aeb1821f596d2d9ffe182d3f914b274a80511cc,0xffffffffffffffffffffffffffffffffffffffff,-99.56,0,0
SPOT,0xfd397c823ec0da91feb3042ed660500213140067d9c3f964a10227d4fdc4b47c,1762278773643,HYPE,Sell,0x5aeb1821f596d2d9ffe182d3f914b274a80511cc,0xffffffffffffffffffffffffffffffffffffffff,-99.56,0,0
SPOT,0x4a6605e7253f98164bdf042ed6605002131300ccc032b6e8ee2eb139e4337200,1762278773643,HYPE,Sell,0x5aeb1821f596d2d9ffe182d3f914b274a80511cc,0xffffffffffffffffffffffffffffffffffffffff,-99.56,0,0
SPOT,0x97928f4c0bae559a990c042ed660500213120031a6a1746c3b5b3a9ecaa22f85,1762278773643,HYPE,Sell,0x5aeb1821f596d2d9ffe182d3f914b274a80511cc,0xffffffffffffffffffffffffffffffffffffffff,-99.56,0,0
SPOT,0xe4bf18b0f21d131ee638042ed6605002131100968d1031f08887c403b110ed09,1762278773643,HYPE,Sell,0x5aeb1821f596d2d9ffe182d3f914b274a80511cc,0xffffffffffffffffffffffffffffffffffffffff,-99.56,0,0
SPOT,0x31eba215d88bd0a33365042ed6605002131000fb738eef75d5b44d68978faa8d,1762278773643,HYPE,Sell,0x5aeb1821f596d2d9ffe182d3f914b274a80511cc,0xffffffffffffffffffffffffffffffffffffffff,-99.56,0,0
SPOT,0xe87c76a1f2707a49e9f6042ed6605002130700878d73991b8c4521f4b1745434,1762278773643,HYPE,Sell,0x5aeb1821f596d2d9ffe182d3f914b274a80511cc,0xffffffffffffffffffffffffffffffffffffffff,-473.09999999999997,0,0
SPOT,0x35a90006d8ef37ce3722042ed6605002130600ec73e256a0d971ab5997e311b8,1762278773643,HYPE,Sell,0x5aeb1821f596d2d9ffe182d3f914b274a80511cc,0xffffffffffffffffffffffffffffffffffffffff,-50.160000000000004,0,0
SPOT,0x256fa1c45dc8e96e26e9042ed6604f02044900a9f8cc0840c9384d171cccc358,1762278773505,HYPE,Sell,0x5aeb1821f596d2d9ffe182d3f914b274a80511cc,0xffffffffffffffffffffffffffffffffffffffff,-352.26,0,0
SPOT,0xd42c9973ed3f9afcd5a6042ed660440208cf00598832b9ce77f544c6ac3374e7,1762278772727,HYPE,Sell,0x5aeb1821f596d2d9ffe182d3f914b274a80511cc,0xffffffffffffffffffffffffffffffffffffffff,-99.56,0,0
SPOT,0x215922d8d3ae588122d2042ed660440208ce00be6ea17753c521ce2b92a2326b,1762278772727,HYPE,Sell,0x5aeb1821f596d2d9ffe182d3f914b274a80511cc,0xffffffffffffffffffffffffffffffffffffffff,-99.56,0,0
SPOT,0xbbb235a2a08bd389bd2b042ed660440208cc00883b8ef25b5f7ae0f55f8fad74,1762278772727,HYPE,Sell,0x5aeb1821f596d2d9ffe182d3f914b274a80511cc,0xffffffffffffffffffffffffffffffffffffffff,-99.56,0,0
SPOT,0xb0915262cbb6141fb20b042ed660430210bc004866b932f15459fdb58ab9ee0a,1762278772676,HYPE,Sell,0x5aeb1821f596d2d9ffe182d3f914b274a80511cc,0xffffffffffffffffffffffffffffffffffffffff,-14.06,0,0
SPOT,0x73e5e796dc5229b0755f042ed660410207e0007c7755488217ae92e99b56039b,1762278772520,HYPE,Sell,0x5aeb1821f596d2d9ffe182d3f914b274a80511cc,0xffffffffffffffffffffffffffffffffffffffff,-3372.5,0,0
SPOT,0x346a4686709f1c6135e4042ed66040020789006c0b923b33d832f1d92f92f64b,1762278772474,HYPE,Sell,0x5aeb1821f596d2d9ffe182d3f914b274a80511cc,0xffffffffffffffffffffffffffffffffffffffff,-199.5,0,0
SPOT,0x9f1a4ae6620ff125a094042ed6603d02090700cbfd030ff742e2f6392103cb10,1762278772234,HYPE,Sell,0x5aeb1821f596d2d9ffe182d3f914b274a80511cc,0xffffffffffffffffffffffffffffffffffffffff,-50.160000000000004,0,0
SPOT,0xb5a23c46ce569adab71b042ed6603c0204d9002c6959b9ac596ae7998d5a74c5,1762278772133,HYPE,Sell,0x5aeb1821f596d2d9ffe182d3f914b274a80511cc,0xffffffffffffffffffffffffffffffffffffffff,-50.160000000000004,0,0
SPOT,0x2d7ccceaa14ec2de2ef6042ed6603a020a6a00d03c41e1b0d145783d60429cc8,1762278772016,HYPE,Sell,0x5aeb1821f596d2d9ffe182d3f914b274a80511cc,0xffffffffffffffffffffffffffffffffffffffff,-473.48,0,0
SPOT,0x6450be9a201fe1ec65ca042ed660390209a4007fbb1300be081969ecdf13bbd7,1762278771956,HYPE,Sell,0x5aeb1821f596d2d9ffe182d3f914b274a80511cc,0xffffffffffffffffffffffffffffffffffffffff,-3800,0,0
SPOT,0xb17d47ff068e9f70b2f7042ed660390209a300e4a181be425545f351c582795b,1762278771956,HYPE,Sell,0x5aeb1821f596d2d9ffe182d3f914b274a80511cc,0xffffffffffffffffffffffffffffffffffffffff,-2766.4,0,0
SPOT,0xfea9d163ecfd5cf40023042ed660390209a2004987f07bc7a2727cb6abf136df,1762278771956,HYPE,Sell,0x5aeb1821f596d2d9ffe182d3f914b274a80511cc,0xffffffffffffffffffffffffffffffffffffffff,-3800,0,0
SPOT,0x4bd65ac8d36c1a794d50042ed660390209a100ae6e6f394bef9f061b926ff463,1762278771956,HYPE,Sell,0x5aeb1821f596d2d9ffe182d3f914b274a80511cc,0xffffffffffffffffffffffffffffffffffffffff,-3800,0,0
SPOT,0x275ca4fb0a729e1c28d6042ed6602f0202ec00e0a575bceecb25504dc9767806,1762278771257,HYPE,Sell,0x5aeb1821f596d2d9ffe182d3f914b274a80511cc,0xffffffffffffffffffffffffffffffffffffffff,-437.48359,0,0
SPOT,0x66eab31ab2f151066864042ed655d702046c00004df46fd80ab35e6d71f52af1,1762278558320,HYPE,Sell,0x5aeb1821f596d2d9ffe182d3f914b274a80511cc,0xffffffffffffffffffffffffffffffffffffffff,-8533.772,0,0
SPOT,0xea3c5ea91295dd40ebb6042ed655d602143b008ead98fc128e0509fbd199b72b,1762278558229,HYPE,Sell,0x5aeb1821f596d2d9ffe182d3f914b274a80511cc,0xffffffffffffffffffffffffffffffffffffffff,-105.56,0,0
SPOT,0x3768e80df9049ac538e2042ed655d602143a00f39407b997db319360b80874af,1762278558229,HYPE,Sell,0x5aeb1821f596d2d9ffe182d3f914b274a80511cc,0xffffffffffffffffffffffffffffffffffffffff,-98.77400000000002,0,0
SPOT,0x84957172df735849860f042ed655d602143900587a76771b285e1cc59e773234,1762278558229,HYPE,Sell,0x5aeb1821f596d2d9ffe182d3f914b274a80511cc,0xffffffffffffffffffffffffffffffffffffffff,-188.5,0,0
SPOT,0xd1c1fad7c5e215cdd33b042ed655d602143800bd60e5349f758aa62a84e5efb8,1762278558229,HYPE,Sell,0x5aeb1821f596d2d9ffe182d3f914b274a80511cc,0xffffffffffffffffffffffffffffffffffffffff,-29.406000000000002,0,0
SPOT,0xb9479706793e4e5abac1042ed655d602143500ec14316d2c5d10425938322845,1762278558229,HYPE,Sell,0x5aeb1821f596d2d9ffe182d3f914b274a80511cc,0xffffffffffffffffffffffffffffffffffffffff,-98.77400000000002,0,0
SPOT,0x0674206b5fad0bdf07ed042ed655d60214340050faa02ab1aa3ccbbe1ea0e5c9,1762278558229,HYPE,Sell,0x5aeb1821f596d2d9ffe182d3f914b274a80511cc,0xffffffffffffffffffffffffffffffffffffffff,-98.77400000000002,0,0
SPOT,0x3b2645fef96801f03ca0042ed655d602143000e4946b20c2deeef151b86bdbda,1762278558229,HYPE,Sell,0x5aeb1821f596d2d9ffe182d3f914b274a80511cc,0xffffffffffffffffffffffffffffffffffffffff,-98.77400000000002,0,0
SPOT,0xd57f58c8c6457cf8d6f9042ed655d602142e00ae61489bca7948041b854956e3,1762278558229,HYPE,Sell,0x5aeb1821f596d2d9ffe182d3f914b274a80511cc,0xffffffffffffffffffffffffffffffffffffffff,-98.77400000000002,0,0
SPOT,0x22abe22dacb43a7d2425042ed655d602142d001347b7594fc6748d806bb81467,1762278558229,HYPE,Sell,0x5aeb1821f596d2d9ffe182d3f914b274a80511cc,0xffffffffffffffffffffffffffffffffffffffff,-98.77400000000002,0,0
SPOT,0x6fd86b929322f8017152042ed655d602142c00782e2616d313a116e55226d1ec,1762278558229,HYPE,Sell,0x5aeb1821f596d2d9ffe182d3f914b274a80511cc,0xffffffffffffffffffffffffffffffffffffffff,-98.77400000000002,0,0
SPOT,0xbd04f4f77991b585be7e042ed655d602142b00dd1494d45760cda04a38958f70,1762278558229,HYPE,Sell,0x5aeb1821f596d2d9ffe182d3f914b274a80511cc,0xffffffffffffffffffffffffffffffffffffffff,-98.77400000000002,0,0
SPOT,0x0a317e5c6000730a0bab042ed655d602142a0041fb0391dcadfa29af1f044cf4,1762278558229,HYPE,Sell,0x5aeb1821f596d2d9ffe182d3f914b274a80511cc,0xffffffffffffffffffffffffffffffffffffffff,-98.77400000000002,0,0
SPOT,0x575e07c1467f308e58d7042ed655d602142900a6e1724f60fb26b31405730a78,1762278558229,HYPE,Sell,0x5aeb1821f596d2d9ffe182d3f914b274a80511cc,0xffffffffffffffffffffffffffffffffffffffff,-98.77400000000002,0,0
SPOT,0xa48a91262cedee12a604042ed655d6021428000bc7e10ce448533c78ebe1c7fd,1762278558229,HYPE,Sell,0x5aeb1821f596d2d9ffe182d3f914b274a80511cc,0xffffffffffffffffffffffffffffffffffffffff,-98.77400000000002,0,0
SPOT,0xf1b71a8b135cab96f330042ed655d60214270070ae5fca69957fc5ddd2508581,1762278558229,HYPE,Sell,0x5aeb1821f596d2d9ffe182d3f914b274a80511cc,0xffffffffffffffffffffffffffffffffffffffff,-98.77400000000002,0,0
SPOT,0x09da7bf6cb8521530b54042ed655d60213a200dc66884025ada327498a88fb3d,1762278558229,HYPE,Sell,0x5aeb1821f596d2d9ffe182d3f914b274a80511cc,0xffffffffffffffffffffffffffffffffffffffff,-188.5,0,0
SPOT,0x5707055bb1f3ded75880042ed655d60213a100414cf6fda9facfb0ae70f7b8c1,1762278558229,HYPE,Sell,0x5aeb1821f596d2d9ffe182d3f914b274a80511cc,0xffffffffffffffffffffffffffffffffffffffff,-414.70000000000005,0,0
SPOT,0xa4338ec098629c5ba5ad042ed655d60213a000a63365bb2d47fc3a1357667646,1762278558229,HYPE,Sell,0x5aeb1821f596d2d9ffe182d3f914b274a80511cc,0xffffffffffffffffffffffffffffffffffffffff,-131.95000000000002,0,0
SPOT,0x3e8ca18a654017644006042ed655d602139e007000433636e2554cdd2443f14e,1762278558229,HYPE,Sell,0x5aeb1821f596d2d9ffe182d3f914b274a80511cc,0xffffffffffffffffffffffffffffffffffffffff,-56.92700000000001,0,0
SPOT,0xf5a4594e5626e69cf71e042ed655d40203660033f12a056f996d04a1152ac087,1762278558025,HYPE,Sell,0x5aeb1821f596d2d9ffe182d3f914b274a80511cc,0xffffffffffffffffffffffffffffffffffffffff,-50.141000000000005,0,0
SPOT,0xd25ff2d8f9bd3f4fd3d9042ed655d3020ecc00be94b05e2176289e2bb8b1193a,1762278557916,HYPE,Sell,0x5aeb1821f596d2d9ffe182d3f914b274a80511cc,0xffffffffffffffffffffffffffffffffffffffff,-98.77400000000002,0,0
SPOT,0xa16b2b366055b069a2e4042ed655d3020ec6001bfb58cf3b4533d6891f598a54,1762278557916,HYPE,Sell,0x5aeb1821f596d2d9ffe182d3f914b274a80511cc,0xffffffffffffffffffffffffffffffffffffffff,-98.77400000000002,0,0
SPOT,0xee97b49b46c46dedf011042ed655d3020ec50080e1c78cbf92605fee05c847d8,1762278557916,HYPE,Sell,0x5aeb1821f596d2d9ffe182d3f914b274a80511cc,0xffffffffffffffffffffffffffffffffffffffff,-98.77400000000002,0,0
SPOT,0x3bc43e002d332b723d3d042ed655d3020ec400e5c8364a44df8ce952ec37055c,1762278557916,HYPE,Sell,0x5aeb1821f596d2d9ffe182d3f914b274a80511cc,0xffffffffffffffffffffffffffffffffffffffff,-98.77400000000002,0,0
SPOT,0xd61d50c9fa10a67ad797042ed655d3020ec200af9513c54c79e5fc1cb9148065,1762278557916,HYPE,Sell,0x5aeb1821f596d2d9ffe182d3f914b274a80511cc,0xffffffffffffffffffffffffffffffffffffffff,-98.77400000000002,0,0
SPOT,0x2349da2ee08f63ff24c3042ed655d3020ec100147b8282d1c71285819f833de9,1762278557916,HYPE,Sell,0x5aeb1821f596d2d9ffe182d3f914b274a80511cc,0xffffffffffffffffffffffffffffffffffffffff,-98.77400000000002,0,0
SPOT,0x70766393c6fe218371f0042ed655d3020ec0007961f14055143f0ee685f1fb6e,1762278557916,HYPE,Sell,0x5aeb1821f596d2d9ffe182d3f914b274a80511cc,0xffffffffffffffffffffffffffffffffffffffff,-98.77400000000002,0,0
SPOT,0x0acf765d93db9c8c0c49042ed655d3020ebe00432edebb5eae9821b052df7676,1762278557916,HYPE,Sell,0x5aeb1821f596d2d9ffe182d3f914b274a80511cc,0xffffffffffffffffffffffffffffffffffffffff,-98.77400000000002,0,0
SPOT,0x57fbffc27a4a5a105975042ed655d3020ebd00a8154d78e2fbc4ab15394e33fa,1762278557916,HYPE,Sell,0x5aeb1821f596d2d9ffe182d3f914b274a80511cc,0xffffffffffffffffffffffffffffffffffffffff,-98.77400000000002,0,0
SPOT,0xa528892760b91794a6a2042ed655d3020ebc000cfbbc366648f1347a1fbcf17f,1762278557916,HYPE,Sell,0x5aeb1821f596d2d9ffe182d3f914b274a80511cc,0xffffffffffffffffffffffffffffffffffffffff,-98.77400000000002,0,0
SPOT,0xf255128c4727d518f3ce042ed655d3020ebb0071e22af3eb961dbddf062baf03,1762278557916,HYPE,Sell,0x5aeb1821f596d2d9ffe182d3f914b274a80511cc,0xffffffffffffffffffffffffffffffffffffffff,-98.77400000000002,0,0
SPOT,0x7433c184c75188ae75ad042ed655d3020eb6006a6254a78017fc6cd786556299,1762278557916,HYPE,Sell,0x5aeb1821f596d2d9ffe182d3f914b274a80511cc,0xffffffffffffffffffffffffffffffffffffffff,-98.77400000000002,0,0
SPOT,0x196debbc00dde7811ae7042ed655d3020e0e00a19bd10653bd36970ebfd1c16b,1762278557916,HYPE,Sell,0x5aeb1821f596d2d9ffe182d3f914b274a80511cc,0xffffffffffffffffffffffffffffffffffffffff,-5112.497000000001,0,0
SPOT,0x9ab6756d918ea8829c30042ed655d202061600532c81c7543e7f20c05082826d,1762278557824,HYPE,Sell,0x5aeb1821f596d2d9ffe182d3f914b274a80511cc,0xffffffffffffffffffffffffffffffffffffffff,-22169.485,0,0
SPOT,0xd0dc408817edb1fbd255042ed655d1020731006db2e0d0cd74a4ebdad6e18be6,1762278557713,HYPE,Sell,0x5aeb1821f596d2d9ffe182d3f914b274a80511cc,0xffffffffffffffffffffffffffffffffffffffff,-98.77400000000002,0,0
SPOT,0x6b355351e4cb2d046caf042ed655d102072f00377fce4bd60efdfea4a3cf06ef,1762278557713,HYPE,Sell,0x5aeb1821f596d2d9ffe182d3f914b274a80511cc,0xffffffffffffffffffffffffffffffffffffffff,-36.192,0,0
SPOT,0xb861dcb6cb39ea88b9db042ed655d102072e009c663d095a5c2a88098a3dc473,1762278557713,HYPE,Sell,0x5aeb1821f596d2d9ffe182d3f914b274a80511cc,0xffffffffffffffffffffffffffffffffffffffff,-58.43500000000001,0,0
SPOT,0x058e661bb1a8a80d0708042ed655d102072d00014cabc6dfa957116e70ac81f7,1762278557713,HYPE,Sell,0x5aeb1821f596d2d9ffe182d3f914b274a80511cc,0xffffffffffffffffffffffffffffffffffffffff,-1168.7,0,0
SPOT,0x52baef80981765915434042ed655d102072c0066331a8463f6839ad3571b3f7b,1762278557713,HYPE,Sell,0x5aeb1821f596d2d9ffe182d3f914b274a80511cc,0xffffffffffffffffffffffffffffffffffffffff,-1168.7,0,0
SPOT,0x9fe778e57e862315a161042ed655d102072b00cb198941e743b024383d89fd00,1762278557713,HYPE,Sell,0x5aeb1821f596d2d9ffe182d3f914b274a80511cc,0xffffffffffffffffffffffffffffffffffffffff,-98.77400000000002,0,0
SPOT,0xed14024a64f4e099ee8d042ed655d102072a002ffff7ff6b90dcad9d23f8ba84,1762278557713,HYPE,Sell,0x5aeb1821f596d2d9ffe182d3f914b274a80511cc,0xffffffffffffffffffffffffffffffffffffffff,-16.588,0,0
SPOT,0x876d151431d25ba288e6042ed655d102072800f9ccd57a742b35c066f0d6358d,1762278557713,HYPE,Sell,0x5aeb1821f596d2d9ffe182d3f914b274a80511cc,0xffffffffffffffffffffffffffffffffffffffff,-98.77400000000002,0,0
SPOT,0xd4999e7918411926d613042ed655d1020727005eb34437f8786249cbd744f311,1762278557713,HYPE,Sell,0x5aeb1821f596d2d9ffe182d3f914b274a80511cc,0xffffffffffffffffffffffffffffffffffffffff,-26490.659,0,0
SPOT,0x0d77c053e18194a60ef1042ed655d00206a000397c84b378b1406ba6a0856e90,1762278557623,HYPE,Sell,0x5aeb1821f596d2d9ffe182d3f914b274a80511cc,0xffffffffffffffffffffffffffffffffffffffff,-18.096,0,0
SPOT,0xf4fd5c8294ddcd32f677042ed655d002069d00682fd0ec0598c607d553d1a71d,1762278557623,HYPE,Sell,0x5aeb1821f596d2d9ffe182d3f914b274a80511cc,0xffffffffffffffffffffffffffffffffffffffff,-226.20000000000002,0,0
SPOT,0x4229e5e77b4c8ab743a3042ed655d002069c00cd164fa989e5f2913a3a4064a1,1762278557623,HYPE,Sell,0x5aeb1821f596d2d9ffe182d3f914b274a80511cc,0xffffffffffffffffffffffffffffffffffffffff,-79.17000000000002,0,0
SPOT,0xa11bd9c140b12379a295042ed655cf0203d000a6dbb4424b44e48513ffb4fd64,1762278557512,HYPE,Sell,0x5aeb1821f596d2d9ffe182d3f914b274a80511cc,0xffffffffffffffffffffffffffffffffffffffff,-469.365,0,0
SPOT,0xab7d9d1d7bd93451acf7042ed655cd020bdc000316dc53234f4648703add0e3c,1762278557312,HYPE,Sell,0x5aeb1821f596d2d9ffe182d3f914b274a80511cc,0xffffffffffffffffffffffffffffffffffffffff,-1017.9000000000001,0,0
SPOT,0xf8aa26826247f1d5fa23042ed655cd020bdb0067fd4b10a89c72d1d5214bcbc0,1762278557312,HYPE,Sell,0x5aeb1821f596d2d9ffe182d3f914b274a80511cc,0xffffffffffffffffffffffffffffffffffffffff,-490.1,0,0
SPOT,0xa1f8b11030a3098aa372042ed655cd020bb100f5cba6285c45c15c62efa6e375,1762278557312,HYPE,Sell,0x5aeb1821f596d2d9ffe182d3f914b274a80511cc,0xffffffffffffffffffffffffffffffffffffffff,-56.92700000000001,0,0
SPOT,0xf31213daeb99ab9ff48b042ed655cb0203c200c0869cca7296dabf2daa9d858a,1762278557200,HYPE,Sell,0x5aeb1821f596d2d9ffe182d3f914b274a80511cc,0xffffffffffffffffffffffffffffffffffffffff,-904.8000000000001,0,0
SPOT,0xda97b0099ee5e42cdc11042ed655cb0203bf00ef39e902fe7e605b5c5de9be17,1762278557200,HYPE,Sell,0x5aeb1821f596d2d9ffe182d3f914b274a80511cc,0xffffffffffffffffffffffffffffffffffffffff,-17118.062,0,0
SPOT,0x4f4b4b96ffda7be750c5042ed655ca020b6b007c9add9ab9f313f6e9bede55d1,1762278557148,HYPE,Sell,0x5aeb1821f596d2d9ffe182d3f914b274a80511cc,0xffffffffffffffffffffffffffffffffffffffff,-98.77400000000002,0,0
SPOT,0x9c77d4fbe649396b9df1042ed655ca020b6a00e1814c583d4040804ea54d1356,1762278557148,HYPE,Sell,0x5aeb1821f596d2d9ffe182d3f914b274a80511cc,0xffffffffffffffffffffffffffffffffffffffff,-98.77400000000002,0,0
SPOT,0xe9a45e60ccb7f6efeb1e042ed655ca020b69004667bb15c18d6d09b38bbbd0da,1762278557148,HYPE,Sell,0x5aeb1821f596d2d9ffe182d3f914b274a80511cc,0xffffffffffffffffffffffffffffffffffffffff,-98.77400000000002,0,0
SPOT,0x36d0e7c5b326b474384a042ed655ca020b6800ab4e29d346da999318722a8e5e,1762278557148,HYPE,Sell,0x5aeb1821f596d2d9ffe182d3f914b274a80511cc,0xffffffffffffffffffffffffffffffffffffffff,-98.77400000000002,0,0
SPOT,0x83fd712a999571f88577042ed655ca020b670010349890ca27c61c7d58994be3,1762278557148,HYPE,Sell,0x5aeb1821f596d2d9ffe182d3f914b274a80511cc,0xffffffffffffffffffffffffffffffffffffffff,-98.77400000000002,0,0
SPOT,0xd129fa8f80042f7cd2a3042ed655ca020b6600751b074e4e74f2a5e23f080967,1762278557148,HYPE,Sell,0x5aeb1821f596d2d9ffe182d3f914b274a80511cc,0xffffffffffffffffffffffffffffffffffffffff,-98.77400000000002,0,0
SPOT,0x1e5683f46672ed011fd0042ed655ca020b6500da01760bd3c21f2f472576c6eb,1762278557148,HYPE,Sell,0x5aeb1821f596d2d9ffe182d3f914b274a80511cc,0xffffffffffffffffffffffffffffffffffffffff,-98.77400000000002,0,0
SPOT,0x6b830d594ce1aa856cfc042ed655ca020b64003ee7e4c9570f4bb8ac0be58470,1762278557148,HYPE,Sell,0x5aeb1821f596d2d9ffe182d3f914b274a80511cc,0xffffffffffffffffffffffffffffffffffffffff,-98.77400000000002,0,0
SPOT,0xb8af96be33506809ba29042ed655ca020b6300a3ce5386db5c784210f25441f4,1762278557148,HYPE,Sell,0x5aeb1821f596d2d9ffe182d3f914b274a80511cc,0xffffffffffffffffffffffffffffffffffffffff,-98.77400000000002,0,0
SPOT,0x05dc202319cf258e0755042ed655ca020b620008b4c24460a9a4cb75d8c2ff78,1762278557148,HYPE,Sell,0x5aeb1821f596d2d9ffe182d3f914b274a80511cc,0xffffffffffffffffffffffffffffffffffffffff,-98.77400000000002,0,0
SPOT,0x5308a988003de3125482042ed655ca020b61006d9b3101e4f6d154dabf31bcfc,1762278557148,HYPE,Sell,0x5aeb1821f596d2d9ffe182d3f914b274a80511cc,0xffffffffffffffffffffffffffffffffffffffff,-98.77400000000002,0,0
SPOT,0x2213e1e566d6542c238d042ed655ca020b5b00cb01d972fec5dc8d3825da2e16,1762278557148,HYPE,Sell,0x5aeb1821f596d2d9ffe182d3f914b274a80511cc,0xffffffffffffffffffffffffffffffffffffffff,-98.77400000000002,0,0
SPOT,0x25d13fd66739bb57274a042ed655ca020b5100bc023cda29c999eb29263d9541,1762278557148,HYPE,Sell,0x5aeb1821f596d2d9ffe182d3f914b274a80511cc,0xffffffffffffffffffffffffffffffffffffffff,-98.77400000000002,0,0
SPOT,0x72fdc93b4da878db7477042ed655ca020b500020e8ab97ad16c6748e0cac52c6,1762278557148,HYPE,Sell,0x5aeb1821f596d2d9ffe182d3f914b274a80511cc,0xffffffffffffffffffffffffffffffffffffffff,-98.77400000000002,0,0
SPOT,0xa7afeecee7636eeca929042ed655ca020b4c00b482668dbe4b789a21a66748d7,1762278557148,HYPE,Sell,0x5aeb1821f596d2d9ffe182d3f914b274a80511cc,0xffffffffffffffffffffffffffffffffffffffff,-98.77400000000002,0,0
SPOT,0xf4dc7833cdd22c70f656042ed655ca020b4b001968d54b4398a523868cd6065b,1762278557148,HYPE,Sell,0x5aeb1821f596d2d9ffe182d3f914b274a80511cc,0xffffffffffffffffffffffffffffffffffffffff,-98.77400000000002,0,0
SPOT,0x5e40c35b015818935fba042ed655ca020b4300409c5b376502096eadc05bf27e,1762278557148,HYPE,Sell,0x5aeb1821f596d2d9ffe182d3f914b274a80511cc,0xffffffffffffffffffffffffffffffffffffffff,-98.77400000000002,0,0
SPOT,0xab6d4cbfe7c6d617ace7042ed655ca020b4200a582c9f4e94f35f812a6cab002,1762278557148,HYPE,Sell,0x5aeb1821f596d2d9ffe182d3f914b274a80511cc,0xffffffffffffffffffffffffffffffffffffffff,-98.77400000000002,0,0
SPOT,0x92f2e8ee9b130ea4946c042ed655ca020b3f00d436162d7636bb94415a16e88f,1762278557148,HYPE,Sell,0x5aeb1821f596d2d9ffe182d3f914b274a80511cc,0xffffffffffffffffffffffffffffffffffffffff,-8830.094000000001,0,0
SPOT,0x2d4bfbb867f089ad2ec5042ed655ca020b3d009e02f3a87fd114a70b26f46397,1762278557148,HYPE,Sell,0x5aeb1821f596d2d9ffe182d3f914b274a80511cc,0xffffffffffffffffffffffffffffffffffffffff,-98.77400000000002,0,0
SPOT,0x7a78851d4e6f47317bf2042ed655ca020b3c0002e96266031e4130700d63211c,1762278557148,HYPE,Sell,0x5aeb1821f596d2d9ffe182d3f914b274a80511cc,0xffffffffffffffffffffffffffffffffffffffff,-98.77400000000002,0,0
SPOT,0x310959a96853f0d83283042ed655ca020b33008f03570faad4d204fc2757cac2,1762278557148,HYPE,Sell,0x5aeb1821f596d2d9ffe182d3f914b274a80511cc,0xffffffffffffffffffffffffffffffffffffffff,-98.77400000000002,0,0
SPOT,0x7e35e30e4ec2ae5c7faf042ed655ca020b3200f3e9c5cd2e21fe8e610dc68847,1762278557148,HYPE,Sell,0x5aeb1821f596d2d9ffe182d3f914b274a80511cc,0xffffffffffffffffffffffffffffffffffffffff,-98.77400000000002,0,0
SPOT,0x4d411b6bb56b1f764eba042ed655ca020b2c0051506e3e48f109c6be746ef960,1762278557148,HYPE,Sell,0x5aeb1821f596d2d9ffe182d3f914b274a80511cc,0xffffffffffffffffffffffffffffffffffffffff,-33.553000000000004,0,0
SPOT,0x9a6da4d09bd9dcfa9be7042ed655ca020b2b00b636dcfbcc3e3650235addb6e5,1762278557148,HYPE,Sell,0x5aeb1821f596d2d9ffe182d3f914b274a80511cc,0xffffffffffffffffffffffffffffffffffffffff,-72.384,0,0
SPOT,0x32d4235fb8eec81e344d042ed655c90209e9004553e1e6f0d69cceb277e2a208,1762278557080,HYPE,Sell,0x5aeb1821f596d2d9ffe182d3f914b274a80511cc,0xffffffffffffffffffffffffffffffffffffffff,-11551.28,0,0
SPOT,0xb23120d60174833eb3aa042ed655c30204f800bb9c77a21055f9cc28c0785d29,1762278556612,HYPE,Sell,0x5aeb1821f596d2d9ffe182d3f914b274a80511cc,0xffffffffffffffffffffffffffffffffffffffff,-17673.006,0,0
SPOT,0xff5daa3ae7e340c200d7042ed655c30204f7002082e65f95a326558da6e71aad,1762278556612,HYPE,Sell,0x5aeb1821f596d2d9ffe182d3f914b274a80511cc,0xffffffffffffffffffffffffffffffffffffffff,-71.63,0,0
SPOT,0xe90512858045a24cea7e042ed655c2020432006b1b48c11e8ccdbdd83f497c37,1762278556525,HYPE,Sell,0x5aeb1821f596d2d9ffe182d3f914b274a80511cc,0xffffffffffffffffffffffffffffffffffffffff,-26490.659,0,0
SPOT,0x36319bea66b45fd137ab042ed655c202043100d001b77ea3d9fa473d25b839bb,1762278556525,HYPE,Sell,0x5aeb1821f596d2d9ffe182d3f914b274a80511cc,0xffffffffffffffffffffffffffffffffffffffff,-23.751,0,0
SPOT,0xdda4c8d0b19b5db7df1e042ed655c0020a9900b64c9e7c89816d7423709f37a2,1762278556339,HYPE,Sell,0x5aeb1821f596d2d9ffe182d3f914b274a80511cc,0xffffffffffffffffffffffffffffffffffffffff,-98.77400000000002,0,0
SPOT,0x2ad15235980a1b3c2c4b042ed655c0020a98001b330d3a0ece99fd88570df526,1762278556339,HYPE,Sell,0x5aeb1821f596d2d9ffe182d3f914b274a80511cc,0xffffffffffffffffffffffffffffffffffffffff,-98.77400000000002,0,0
SPOT,0x77fddb9a7e78d8c07977042ed655c0020a970080197bf7921bc686ed3d7cb2ab,1762278556339,HYPE,Sell,0x5aeb1821f596d2d9ffe182d3f914b274a80511cc,0xffffffffffffffffffffffffffffffffffffffff,-33.553000000000004,0,0
SPOT,0xc52a64ff64e79644c6a4042ed655c0020a9600e4ffeab51668f3105223eb702f,1762278556339,HYPE,Sell,0x5aeb1821f596d2d9ffe182d3f914b274a80511cc,0xffffffffffffffffffffffffffffffffffffffff,-98.77400000000002,0,0
SPOT,0x1256ee644b5653c913d0042ed655c0020a950049e659729bb61f99b70a5a2db3,1762278556339,HYPE,Sell,0x5aeb1821f596d2d9ffe182d3f914b274a80511cc,0xffffffffffffffffffffffffffffffffffffffff,-226.20000000000002,0,0
SPOT,0x5f8377c931c5114d60fd042ed655c0020a9400aeccc8301f034c231bf0c8eb38,1762278556339,HYPE,Sell,0x5aeb1821f596d2d9ffe182d3f914b274a80511cc,0xffffffffffffffffffffffffffffffffffffffff,-414.70000000000005,0,0
SPOT,0xacb0012e1833ced1ae29042ed655c0020a930013b336eda35078ac80d737a8bc,1762278556339,HYPE,Sell,0x5aeb1821f596d2d9ffe182d3f914b274a80511cc,0xffffffffffffffffffffffffffffffffffffffff,-791.7,0,0
SPOT,0xf9dc8a92fea28c55fb56042ed655c0020a92007899a5ab289da535e5bda66640,1762278556339,HYPE,Sell,0x5aeb1821f596d2d9ffe182d3f914b274a80511cc,0xffffffffffffffffffffffffffffffffffffffff,-98.77400000000002,0,0
SPOT,0x470913f7e51149da4882042ed655c0020a9100dd801468acead1bf4aa41523c4,1762278556339,HYPE,Sell,0x5aeb1821f596d2d9ffe182d3f914b274a80511cc,0xffffffffffffffffffffffffffffffffffffffff,-98.77400000000002,0,0
SPOT,0x94359d5ccb80075e95af042ed655c0020a9000426683263037fe48af8a83e149,1762278556339,HYPE,Sell,0x5aeb1821f596d2d9ffe182d3f914b274a80511cc,0xffffffffffffffffffffffffffffffffffffffff,-103.67500000000001,0,0
SPOT,0xe16226c1b1fec4e2e2db042ed655c0020a8f00a74cf1e3b4852ad21470f29ecd,1762278556339,HYPE,Sell,0x5aeb1821f596d2d9ffe182d3f914b274a80511cc,0xffffffffffffffffffffffffffffffffffffffff,-98.77400000000002,0,0
SPOT,0x7bbb398b7edc3feb7d34042ed655c0020a8d007119df5ebd1f83e4de3dd019d6,1762278556339,HYPE,Sell,0x5aeb1821f596d2d9ffe182d3f914b274a80511cc,0xffffffffffffffffffffffffffffffffffffffff,-131.95000000000002,0,0
SPOT,0xc8e7c2f0654afd6fca61042ed655c0020a8c00d6004e1c416cb06e43244ed75a,1762278556339,HYPE,Sell,0x5aeb1821f596d2d9ffe182d3f914b274a80511cc,0xffffffffffffffffffffffffffffffffffffffff,-414.70000000000005,0,0
SPOT,0x16144c554bb9baf4178e042ed655c0020a8b003ae6bcd9c6b9dcf7a80abd94de,1762278556339,HYPE,Sell,0x5aeb1821f596d2d9ffe182d3f914b274a80511cc,0xffffffffffffffffffffffffffffffffffffffff,-98.77400000000002,0,0
SPOT,0x6340d5ba3228787864ba042ed655c0020a8a009fcd2b974a0709810cf12c5263,1762278556339,HYPE,Sell,0x5aeb1821f596d2d9ffe182d3f914b274a80511cc,0xffffffffffffffffffffffffffffffffffffffff,-226.20000000000002,0,0
SPOT,0x64f4037fe81c8332666d042ed655c0020a410065831fa20408bcaed2a7105d1d,1762278556339,HYPE,Sell,0x5aeb1821f596d2d9ffe182d3f914b274a80511cc,0xffffffffffffffffffffffffffffffffffffffff,-52.78,0,0
SPOT,0xb791189b84d2b29bb90a042ed655c00209ed00811fd5d16d5b59c3ee43d68c86,1762278556339,HYPE,Sell,0x5aeb1821f596d2d9ffe182d3f914b274a80511cc,0xffffffffffffffffffffffffffffffffffffffff,-40060.397,0,0
SPOT,0x04bda2006b4170200637042ed655c00209ec00e606448ef2a8864d532a454a0a,1762278556339,HYPE,Sell,0x5aeb1821f596d2d9ffe182d3f914b274a80511cc,0xffffffffffffffffffffffffffffffffffffffff,-3770.0000000000005,0,0
SPOT,0x51ea2b6551b02da45363042ed655c00209eb004aecb34c76f5b2d6b810b4078e,1762278556339,HYPE,Sell,0x5aeb1821f596d2d9ffe182d3f914b274a80511cc,0xffffffffffffffffffffffffffffffffffffffff,-21.866,0,0
SPOT,0x9f16b4ca382eeb28a090042ed655c00209ea00afd32209fa42df601cf722c513,1762278556339,HYPE,Sell,0x5aeb1821f596d2d9ffe182d3f914b274a80511cc,0xffffffffffffffffffffffffffffffffffffffff,-103.67500000000001,0,0
SPOT,0xec433e2f1e9da8acedbc042ed655c00209e90014b990c77e900be981dd918297,1762278556339,HYPE,Sell,0x5aeb1821f596d2d9ffe182d3f914b274a80511cc,0xffffffffffffffffffffffffffffffffffffffff,-791.7,0,0
SPOT,0x396fc794050c66313ae9042ed655c00209e80079a00f8503dd3872e6c400401b,1762278556339,HYPE,Sell,0x5aeb1821f596d2d9ffe182d3f914b274a80511cc,0xffffffffffffffffffffffffffffffffffffffff,-339.3,0,0
SPOT,0xbd87de9904e30f4fbf01042ed655be020820007e9fe62e21615089ebc3e6e93a,1762278556199,HYPE,Sell,0x5aeb1821f596d2d9ffe182d3f914b274a80511cc,0xffffffffffffffffffffffffffffffffffffffff,-98.77400000000002,0,0
SPOT,0x0ab467fdeb51ccd40c2e042ed655be02081f00e38654eba6ae7d1350aa55a6be,1762278556199,HYPE,Sell,0x5aeb1821f596d2d9ffe182d3f914b274a80511cc,0xffffffffffffffffffffffffffffffffffffffff,-98.77400000000002,0,0
SPOT,0x57e0f162d1c08a58595a042ed655be02081e00486cc3a92afba99cb590c46442,1762278556199,HYPE,Sell,0x5aeb1821f596d2d9ffe182d3f914b274a80511cc,0xffffffffffffffffffffffffffffffffffffffff,-98.77400000000002,0,0
SPOT,0xa50d7ac7b83f47dca687042ed655be02081d00ad533266ae48d6261a773321c7,1762278556199,HYPE,Sell,0x5aeb1821f596d2d9ffe182d3f914b274a80511cc,0xffffffffffffffffffffffffffffffffffffffff,-98.77400000000002,0,0
SPOT,0xf23a042c9eae0560f3b3042ed655be02081c001239a124339602af7f5da1df4b,1762278556199,HYPE,Sell,0x5aeb1821f596d2d9ffe182d3f914b274a80511cc,0xffffffffffffffffffffffffffffffffffffffff,-98.77400000000002,0,0
SPOT,0x3f668d91851cc2e540e0042ed655be02081b0077201fe1b7e32f38e444109ccf,1762278556199,HYPE,Sell,0x5aeb1821f596d2d9ffe182d3f914b274a80511cc,0xffffffffffffffffffffffffffffffffffffffff,-98.77400000000002,0,0
SPOT,0x8c9316f66b8b80698e0c042ed655be02081a00dc068e9f3b305bc2492a8f5a54,1762278556199,HYPE,Sell,0x5aeb1821f596d2d9ffe182d3f914b274a80511cc,0xffffffffffffffffffffffffffffffffffffffff,-98.77400000000002,0,0
SPOT,0xd9bfa05b51fa3deddb39042ed655be0208190040ecfd5cbf7d884bae10fe17d8,1762278556199,HYPE,Sell,0x5aeb1821f596d2d9ffe182d3f914b274a80511cc,0xffffffffffffffffffffffffffffffffffffffff,-98.77400000000002,0,0
SPOT,0x26ec29c03868fb722865042ed655be02081800a5d36c1a44cab4d512f76cd55c,1762278556199,HYPE,Sell,0x5aeb1821f596d2d9ffe182d3f914b274a80511cc,0xffffffffffffffffffffffffffffffffffffffff,-98.77400000000002,0,0
SPOT,0x7418b3251ed7b8f67592042ed655be020817000ab9dad7c817e15e77dddb92e1,1762278556199,HYPE,Sell,0x5aeb1821f596d2d9ffe182d3f914b274a80511cc,0xffffffffffffffffffffffffffffffffffffffff,-98.77400000000002,0,0
SPOT,0xc1453c8a0546767ac2be042ed655be020816006fa049954c650de7dcc44a5065,1762278556199,HYPE,Sell,0x5aeb1821f596d2d9ffe182d3f914b274a80511cc,0xffffffffffffffffffffffffffffffffffffffff,-98.77400000000002,0,0
SPOT,0x0e71c5eeebb533ff0feb042ed655be02081500d486b852d1b23a7141aab90de9,1762278556199,HYPE,Sell,0x5aeb1821f596d2d9ffe182d3f914b274a80511cc,0xffffffffffffffffffffffffffffffffffffffff,-98.77400000000002,0,0
SPOT,0x5b9e4f53d223f1835d18042ed655be02081400396d271055ff66faa69127cb6d,1762278556199,HYPE,Sell,0x5aeb1821f596d2d9ffe182d3f914b274a80511cc,0xffffffffffffffffffffffffffffffffffffffff,-98.77400000000002,0,0
SPOT,0x0a1dff235cf1f5f20b97042ed655bd02060e0008f7f514c4ade6aa761bf5cfdc,1762278556104,HYPE,Sell,0x5aeb1821f596d2d9ffe182d3f914b274a80511cc,0xffffffffffffffffffffffffffffffffffffffff,-512.3430000000001,0,0
SPOT,0x833c7645a982cfa984b6042ed655bc021a84002b4485ee7b270521986886a994,1762278556014,HYPE,Sell,0x5aeb1821f596d2d9ffe182d3f914b274a80511cc,0xffffffffffffffffffffffffffffffffffffffff,-98.77400000000002,0,0
SPOT,0xd068ffaa8ff18d2dd1e2042ed655bc021a8300902af4abff7431aafd4ef56718,1762278556014,HYPE,Sell,0x5aeb1821f596d2d9ffe182d3f914b274a80511cc,0xffffffffffffffffffffffffffffffffffffffff,-98.77400000000002,0,0
SPOT,0x1d95890f76604ab21f0f042ed655bc021a8200f511636984c15e34623564249c,1762278556014,HYPE,Sell,0x5aeb1821f596d2d9ffe182d3f914b274a80511cc,0xffffffffffffffffffffffffffffffffffffffff,-98.77400000000002,0,0
SPOT,0x6ac212745cdf08366c3b042ed655bc021a810059f7d227080e8abdc71bd2e221,1762278556014,HYPE,Sell,0x5aeb1821f596d2d9ffe182d3f914b274a80511cc,0xffffffffffffffffffffffffffffffffffffffff,-98.77400000000002,0,0
SPOT,0xb7ee9bd9434dc5bab968042ed655bc021a8000bede40e48c5bb7472c02419fa5,1762278556014,HYPE,Sell,0x5aeb1821f596d2d9ffe182d3f914b274a80511cc,0xffffffffffffffffffffffffffffffffffffffff,-98.77400000000002,0,0
SPOT,0x5247aea3102b40c353c1042ed655bc021a7e0088ab2e5f95f61059f5cf2f1aad,1762278556014,HYPE,Sell,0x5aeb1821f596d2d9ffe182d3f914b274a80511cc,0xffffffffffffffffffffffffffffffffffffffff,-98.77400000000002,0,0
SPOT,0x9f743807f699fe47a0ed042ed655bc021a7d00ed919d1d19433ce35ab59dd832,1762278556014,HYPE,Sell,0x5aeb1821f596d2d9ffe182d3f914b274a80511cc,0xffffffffffffffffffffffffffffffffffffffff,-98.77400000000002,0,0
SPOT,0x2152e70076c3b1dd22cc042ed655bc021a7800e611c6d0afc51b925335c78bc7,1762278556014,HYPE,Sell,0x5aeb1821f596d2d9ffe182d3f914b274a80511cc,0xffffffffffffffffffffffffffffffffffffffff,-98.77400000000002,0,0
SPOT,0xbbabf9ca43a12ce5bd25042ed655bc021a7600afdea44bb75f74a51d02a506d0,1762278556014,HYPE,Sell,0x5aeb1821f596d2d9ffe182d3f914b274a80511cc,0xffffffffffffffffffffffffffffffffffffffff,-98.77400000000002,0,0
SPOT,0xc326b5ac4467fb3bc4a0042ed655bc021a620091df6b1a0d66ef60ff036bd526,1762278556014,HYPE,Sell,0x5aeb1821f596d2d9ffe182d3f914b274a80511cc,0xffffffffffffffffffffffffffffffffffffffff,-456.547,0,0
SPOT,0x5d7fc876114576445ef9042ed655bc021a60005bac489516014873c8d049502f,1762278556014,HYPE,Sell,0x5aeb1821f596d2d9ffe182d3f914b274a80511cc,0xffffffffffffffffffffffffffffffffffffffff,-98.77400000000002,0,0
SPOT,0x68b7e249126fabc56a31042ed655bc021a42002ead62ca970c808d9bd16385b0,1762278556014,HYPE,Sell,0x5aeb1821f596d2d9ffe182d3f914b274a80511cc,0xffffffffffffffffffffffffffffffffffffffff,-1168.7,0,0
SPOT,0x06ce5303dfa08df90848042ed655bc021a3600e97aa3accbaa96fe569ea467e3,1762278556014,HYPE,Sell,0x5aeb1821f596d2d9ffe182d3f914b274a80511cc,0xffffffffffffffffffffffffffffffffffffffff,-490.1,0,0
SPOT,0x8c6a5fed603da8b98de4042ed655bc021a2700d2fb30c78b30330b401f3182a4,1762278556014,HYPE,Sell,0x5aeb1821f596d2d9ffe182d3f914b274a80511cc,0xffffffffffffffffffffffffffffffffffffffff,-565.5,0,0
SPOT,0x058ab01904eec0930704042ed655bb02056f00fe9fe1df65a9535b6bc3e29a7d,1762278555933,HYPE,Sell,0x5aeb1821f596d2d9ffe182d3f914b274a80511cc,0xffffffffffffffffffffffffffffffffffffffff,-26498.199,0,0
SPOT,0x52b7397deb5d7e175430042ed655bb02056e006386509ce9f67fe4d0aa515801,1762278555933,HYPE,Sell,0x5aeb1821f596d2d9ffe182d3f914b274a80511cc,0xffffffffffffffffffffffffffffffffffffffff,-8833.11,0,0
SPOT,0x9fe3c2e2d1cc3b9ba15d042ed655bb02056d00c86ccf5a6d43ac6e3590c01586,1762278555933,HYPE,Sell,0x5aeb1821f596d2d9ffe182d3f914b274a80511cc,0xffffffffffffffffffffffffffffffffffffffff,-5397.886,0,0
SPOT,0xed7eea9de75d1762eef8042ed655ba0204f3008382503634914795f0a650f14d,1762278555880,HYPE,Sell,0x5aeb1821f596d2d9ffe182d3f914b274a80511cc,0xffffffffffffffffffffffffffffffffffffffff,-8833.11,0,0
SPOT,0x19e76b35905efaee1b61042ed655b40208a1001b2b5219c0bdb016884f52d4d8,1762278555400,HYPE,Sell,0x5aeb1821f596d2d9ffe182d3f914b274a80511cc,0xffffffffffffffffffffffffffffffffffffffff,-452.40000000000003,0,0
SPOT,0x6713f49a76cdb872688d042ed655b40208a0008011c0d7440adc9fed35c1925d,1762278555400,HYPE,Sell,0x5aeb1821f596d2d9ffe182d3f914b274a80511cc,0xffffffffffffffffffffffffffffffffffffffff,-565.5,0,0
SPOT,0xb4407dff5d3c75f6b5ba042ed655b402089f00e4f83f94c8580929521c304fe1,1762278555400,HYPE,Sell,0x5aeb1821f596d2d9ffe182d3f914b274a80511cc,0xffffffffffffffffffffffffffffffffffffffff,-1658.8000000000002,0,0
SPOT,0xc69c514eca922816c816042ed655b40207e50034659546e86a64fca189960201,1762278555400,HYPE,Sell,0x5aeb1821f596d2d9ffe182d3f914b274a80511cc,0xffffffffffffffffffffffffffffffffffffffff,-469.7420000000001,0,0
SPOT,0x6771feff72f6942d68eb042ed655b0020d6f00e50df9b2ff0b3aaa5231fa6e18,1762278555057,HYPE,Sell,0x5aeb1821f596d2d9ffe182d3f914b274a80511cc,0xffffffffffffffffffffffffffffffffffffffff,-3375.2810000000004,0,0
SPOT,0xb49e8864596551b1b618042ed655b0020d6e0049f4687083586733b718692b9c,1762278555057,HYPE,Sell,0x5aeb1821f596d2d9ffe182d3f914b274a80511cc,0xffffffffffffffffffffffffffffffffffffffff,-3770.0000000000005,0,0
SPOT,0x01cb11c93fd40f360344042ed655b0020d6d00aedad72e08a593bd1bfed7e920,1762278555057,HYPE,Sell,0x5aeb1821f596d2d9ffe182d3f914b274a80511cc,0xffffffffffffffffffffffffffffffffffffffff,-1368.133,0,0
SPOT,0x347307318f2fa8d635ec042ed655b0020d2a00172a22c7a8d83bb2844e2382c0,1762278555057,HYPE,Sell,0x5aeb1821f596d2d9ffe182d3f914b274a80511cc,0xffffffffffffffffffffffffffffffffffffffff,-98.77400000000002,0,0
SPOT,0x819f9096759e665a8319042ed655b0020d29007c1091852c25683be934924045,1762278555057,HYPE,Sell,0x5aeb1821f596d2d9ffe182d3f914b274a80511cc,0xffffffffffffffffffffffffffffffffffffffff,-98.77400000000002,0,0
SPOT,0xcecc19fb5c0d23ded045042ed655b0020d2800e0f70042b07294c54e1b00fdc9,1762278555057,HYPE,Sell,0x5aeb1821f596d2d9ffe182d3f914b274a80511cc,0xffffffffffffffffffffffffffffffffffffffff,-98.77400000000002,0,0
SPOT,0x69252cc528ea9ee76a9e042ed655b0020d2600aac3edbdb90cedd817e7ee78d2,1762278555057,HYPE,Sell,0x5aeb1821f596d2d9ffe182d3f914b274a80511cc,0xffffffffffffffffffffffffffffffffffffffff,-21.489,0,0
SPOT,0x7e688eb60e6f5c257fe2042ed655ae0208c8009ba9627af722313a08cd633610,1762278554909,HYPE,Sell,0x5aeb1821f596d2d9ffe182d3f914b274a80511cc,0xffffffffffffffffffffffffffffffffffffffff,-377,0,0
SPOT,0x2c90932ef788d41a2e0a042ed655ad0214ef0014928bf2ecd0593e81b68cae04,1762278554868,HYPE,Sell,0x5aeb1821f596d2d9ffe182d3f914b274a80511cc,0xffffffffffffffffffffffffffffffffffffffff,-99.905,0,0
SPOT,0xc6e9a5f8c4664f22c863042ed655ad0214ed00de5f696df46ab2514b836a290d,1762278554868,HYPE,Sell,0x5aeb1821f596d2d9ffe182d3f914b274a80511cc,0xffffffffffffffffffffffffffffffffffffffff,-98.77400000000002,0,0
SPOT,0x14162f5daad50ca7158f042ed655ad0214ec004345d82b79b7dedab069d8e691,1762278554868,HYPE,Sell,0x5aeb1821f596d2d9ffe182d3f914b274a80511cc,0xffffffffffffffffffffffffffffffffffffffff,-98.77400000000002,0,0
SPOT,0x6142b8c29143ca2b62bc042ed655ad0214eb00a82c46e8fd050b64155047a416,1762278554868,HYPE,Sell,0x5aeb1821f596d2d9ffe182d3f914b274a80511cc,0xffffffffffffffffffffffffffffffffffffffff,-98.77400000000002,0,0
SPOT,0xae6f422777b287afafe8042ed655ad0214ea000d12b5a6815237ed7a36b6619a,1762278554868,HYPE,Sell,0x5aeb1821f596d2d9ffe182d3f914b274a80511cc,0xffffffffffffffffffffffffffffffffffffffff,-98.77400000000002,0,0
SPOT,0xfb9bcb8c5e214533fd15042ed655ad0214e90071f92464069f6476df1d251f1e,1762278554868,HYPE,Sell,0x5aeb1821f596d2d9ffe182d3f914b274a80511cc,0xffffffffffffffffffffffffffffffffffffffff,-98.77400000000002,0,0
SPOT,0x48c854f1449002b84a42042ed655ad0214e800d6df93218aec9100440393dca2,1762278554868,HYPE,Sell,0x5aeb1821f596d2d9ffe182d3f914b274a80511cc,0xffffffffffffffffffffffffffffffffffffffff,-98.77400000000002,0,0
SPOT,0x95f4de562b0ec03c976e042ed655ad0214e7003bc601df0e39bd89a8ea029a27,1762278554868,HYPE,Sell,0x5aeb1821f596d2d9ffe182d3f914b274a80511cc,0xffffffffffffffffffffffffffffffffffffffff,-98.77400000000002,0,0
SPOT,0xe32167bb117d7dc0e49b042ed655ad0214e600a0ac709c9286ea130dd07157ab,1762278554868,HYPE,Sell,0x5aeb1821f596d2d9ffe182d3f914b274a80511cc,0xffffffffffffffffffffffffffffffffffffffff,-64.84400000000001,0,0
SPOT,0xd0cd239249831e40d246042ed655a9020e230077e4863d127495cee50886f82b,1762278554476,HYPE,Sell,0x5aeb1821f596d2d9ffe182d3f914b274a80511cc,0xffffffffffffffffffffffffffffffffffffffff,-98.77400000000002,0,0
SPOT,0x1df9acf72ff1dbc51f73042ed655a9020e2200dccaf4fa97c1c25849eef5b5af,1762278554476,HYPE,Sell,0x5aeb1821f596d2d9ffe182d3f914b274a80511cc,0xffffffffffffffffffffffffffffffffffffffff,-98.77400000000002,0,0
SPOT,0x6b26365c166099496c9f042ed655a9020e210041b163b81b0eeee1aed5647334,1762278554476,HYPE,Sell,0x5aeb1821f596d2d9ffe182d3f914b274a80511cc,0xffffffffffffffffffffffffffffffffffffffff,-98.77400000000002,0,0
SPOT,0xb852bfc0fcdf56cdb9cc042ed655a9020e2000a697d2759f5c1b6b13bbd330b8,1762278554476,HYPE,Sell,0x5aeb1821f596d2d9ffe182d3f914b274a80511cc,0xffffffffffffffffffffffffffffffffffffffff,-98.77400000000002,0,0
SPOT,0x057f4925e34e145206f9042ed655a9020e1f000b7e413324a947f478a241ee3c,1762278554476,HYPE,Sell,0x5aeb1821f596d2d9ffe182d3f914b274a80511cc,0xffffffffffffffffffffffffffffffffffffffff,-98.77400000000002,0,0
SPOT,0x52abd28ac9bcd1d65425042ed655a9020e1e007064bff0a8f6747ddd88b0abc0,1762278554476,HYPE,Sell,0x5aeb1821f596d2d9ffe182d3f914b274a80511cc,0xffffffffffffffffffffffffffffffffffffffff,-98.77400000000002,0,0
SPOT,0x9fd85befb02b8f5aa152042ed655a9020e1d00d54b2eae2c43a107426f2f6945,1762278554476,HYPE,Sell,0x5aeb1821f596d2d9ffe182d3f914b274a80511cc,0xffffffffffffffffffffffffffffffffffffffff,-98.77400000000002,0,0
SPOT,0x0f0be623a35b03e01085042ed655a50203dc00093e5e22b2b2d49176625eddca,1762278554191,HYPE,Sell,0x5aeb1821f596d2d9ffe182d3f914b274a80511cc,0xffffffffffffffffffffffffffffffffffffffff,-98.77400000000002,0,0
SPOT,0xa964f8ed70387ee8aade042ed655a50203da00d30b3b9dba4d2da4402f3c58d3,1762278554191,HYPE,Sell,0x5aeb1821f596d2d9ffe182d3f914b274a80511cc,0xffffffffffffffffffffffffffffffffffffffff,-98.77400000000002,0,0
SPOT,0xf691825256a73c6cf80b042ed655a50203d90037f1aa5b3f9a5a2da515ab1657,1762278554191,HYPE,Sell,0x5aeb1821f596d2d9ffe182d3f914b274a80511cc,0xffffffffffffffffffffffffffffffffffffffff,-98.77400000000002,0,0
SPOT,0x43be0bb73d15f9f14537042ed655a50203d8009cd81918c3e786b709fc19d3db,1762278554191,HYPE,Sell,0x5aeb1821f596d2d9ffe182d3f914b274a80511cc,0xffffffffffffffffffffffffffffffffffffffff,-99.905,0,0
SPOT,0x90ea951c2384b7759264042ed655a50203d70001be87d64734b3406ee2889160,1762278554191,HYPE,Sell,0x5aeb1821f596d2d9ffe182d3f914b274a80511cc,0xffffffffffffffffffffffffffffffffffffffff,-98.77400000000002,0,0
SPOT,0xde171e8109f374f9df90042ed655a50203d60066a4f693cb81dfc9d3c8f74ee4,1762278554191,HYPE,Sell,0x5aeb1821f596d2d9ffe182d3f914b274a80511cc,0xffffffffffffffffffffffffffffffffffffffff,-98.77400000000002,0,0
SPOT,0x2b43a7e5f062327e2cbd042ed655a50203d500cb8b655150cf0c5338af660c68,1762278554191,HYPE,Sell,0x5aeb1821f596d2d9ffe182d3f914b274a80511cc,0xffffffffffffffffffffffffffffffffffffffff,-98.77400000000002,0,0
SPOT,0x7870314ad6d0f00279e9042ed655a50203d4003071d40ed41c38dc9d95d4c9ed,1762278554191,HYPE,Sell,0x5aeb1821f596d2d9ffe182d3f914b274a80511cc,0xffffffffffffffffffffffffffffffffffffffff,-98.77400000000002,0,0
SPOT,0xc59cbaafbd4fad86c716042ed655a50203d300955842cc58696566027c438771,1762278554191,HYPE,Sell,0x5aeb1821f596d2d9ffe182d3f914b274a80511cc,0xffffffffffffffffffffffffffffffffffffffff,-98.77400000000002,0,0
SPOT,0x12c94414a3be6b0b1443042ed655a50203d200fa3eb189ddb691ef6762b244f5,1762278554191,HYPE,Sell,0x5aeb1821f596d2d9ffe182d3f914b274a80511cc,0xffffffffffffffffffffffffffffffffffffffff,-98.77400000000002,0,0
SPOT,0x5ff5cd798a2d288f616f042ed655a50203d1005f2520476103be78cc4921027a,1762278554191,HYPE,Sell,0x5aeb1821f596d2d9ffe182d3f914b274a80511cc,0xffffffffffffffffffffffffffffffffffffffff,-98.77400000000002,0,0
SPOT,0xad2256de709be613ae9c042ed655a50203d000c40b9f04e550eb02312f9fbffe,1762278554191,HYPE,Sell,0x5aeb1821f596d2d9ffe182d3f914b274a80511cc,0xffffffffffffffffffffffffffffffffffffffff,-98.77400000000002,0,0
SPOT,0xceba10664101440ed033042ed655a20208be004bdc0462e07282bbb900051df9,1762278553984,HYPE,Sell,0x5aeb1821f596d2d9ffe182d3f914b274a80511cc,0xffffffffffffffffffffffffffffffffffffffff,-50.141000000000005,0,0
SPOT,0x1be699cb277001931d60042ed655a20208bd00b0c2732065bfaf451de673db7d,1762278553984,HYPE,Sell,0x5aeb1821f596d2d9ffe182d3f914b274a80511cc,0xffffffffffffffffffffffffffffffffffffffff,-50.141000000000005,0,0
SPOT,0x036c35f9dacc3a2004e5042ed655a20208ba00df75cf58f2a734e14c99c0140a,1762278553984,HYPE,Sell,0x5aeb1821f596d2d9ffe182d3f914b274a80511cc,0xffffffffffffffffffffffffffffffffffffffff,-1210.17,0,0
SPOT,0x97fdbaa75cd6f18c9977042ed655a2020883008cf7da105e3bc665fa1bdacb77,1762278553984,HYPE,Sell,0x5aeb1821f596d2d9ffe182d3f914b274a80511cc,0xffffffffffffffffffffffffffffffffffffffff,-98.77400000000002,0,0
SPOT,0xe52a440c4345af10e6a4042ed655a202088200f1de48cde288f2ef5f024988fb,1762278553984,HYPE,Sell,0x5aeb1821f596d2d9ffe182d3f914b274a80511cc,0xffffffffffffffffffffffffffffffffffffffff,-98.77400000000002,0,0
SPOT,0x3256cd7129b46c9533d0042ed655a20208810056c4b78b67d61f78c3e8b8467f,1762278553984,HYPE,Sell,0x5aeb1821f596d2d9ffe182d3f914b274a80511cc,0xffffffffffffffffffffffffffffffffffffffff,-98.77400000000002,0,0
SPOT,0x946f5103f2da3f2b95e9042ed655a0020c6d00e98ddd5dfd3837fc56b1de1916,1762278553782,HYPE,Sell,0x5aeb1821f596d2d9ffe182d3f914b274a80511cc,0xffffffffffffffffffffffffffffffffffffffff,-411.684,0,0
SPOT,0x3f7109577729619a40ea042ed655a0020bfa003d122c806ce339b4aa362d3b84,1762278553782,HYPE,Sell,0x5aeb1821f596d2d9ffe182d3f914b274a80511cc,0xffffffffffffffffffffffffffffffffffffffff,-64.84400000000001,0,0
SPOT,0x8c9d92bc5d981f1e8e17042ed655a0020bf900a1f89b3df030663e0f1c9bf909,1762278553782,HYPE,Sell,0x5aeb1821f596d2d9ffe182d3f914b274a80511cc,0xffffffffffffffffffffffffffffffffffffffff,-98.77400000000002,0,0
SPOT,0xd9ca1c214406dca2db43042ed655a0020bf80006df09fb747d92c774030ab68d,1762278553782,HYPE,Sell,0x5aeb1821f596d2d9ffe182d3f914b274a80511cc,0xffffffffffffffffffffffffffffffffffffffff,-98.77400000000002,0,0
SPOT,0x26f6a5862a759a272870042ed655a0020bf7006bc578b8f9cabf50d8e9797411,1762278553782,HYPE,Sell,0x5aeb1821f596d2d9ffe182d3f914b274a80511cc,0xffffffffffffffffffffffffffffffffffffffff,-98.77400000000002,0,0
SPOT,0x74232eeb10e457ab759c042ed655a0020bf600d0abe7767d17ebda3dcfe83196,1762278553782,HYPE,Sell,0x5aeb1821f596d2d9ffe182d3f914b274a80511cc,0xffffffffffffffffffffffffffffffffffffffff,-98.77400000000002,0,0
SPOT,0x0e7c41b4ddc1d2b40ff5042ed655a0020bf4009a78c4f186b244ed079cc5ac9e,1762278553782,HYPE,Sell,0x5aeb1821f596d2d9ffe182d3f914b274a80511cc,0xffffffffffffffffffffffffffffffffffffffff,-98.77400000000002,0,0
SPOT,0x798326b0944287087afc042ed6559d0210eb00962f45a5da1d4bd203534660f3,1762278553527,HYPE,Sell,0x5aeb1821f596d2d9ffe182d3f914b274a80511cc,0xffffffffffffffffffffffffffffffffffffffff,-7540.000000000001,0,0
SPOT,0xea622db9c88f4180ebdb042ed6559d0210cf009f638260528e2ad90c87831b6b,1762278553527,HYPE,Sell,0x5aeb1821f596d2d9ffe182d3f914b274a80511cc,0xffffffffffffffffffffffffffffffffffffffff,-395.09600000000006,0,0
SPOT,0x7b3654764a3691c27cb0042ed6559d0210a2005be539b0941efeffc9093a6bad,1762278553527,HYPE,Sell,0x5aeb1821f596d2d9ffe182d3f914b274a80511cc,0xffffffffffffffffffffffffffffffffffffffff,-29866.694000000003,0,0
SPOT,0x158f674017140ccb1709042ed6559d0210a00025b2172b9db9581292d617e6b5,1762278553527,HYPE,Sell,0x5aeb1821f596d2d9ffe182d3f914b274a80511cc,0xffffffffffffffffffffffffffffffffffffffff,-3653.8840000000005,0,0
SPOT,0x62bbf0a4fd82ca4f6435042ed6559d02109f008a9885e92106849bf7bc86a43a,1762278553527,HYPE,Sell,0x5aeb1821f596d2d9ffe182d3f914b274a80511cc,0xffffffffffffffffffffffffffffffffffffffff,-2246.92,0,0
SPOT,0xf001f151b4144c7df17b042ed6559b020e7a00374f176b5093ca9ca473182668,1762278553354,HYPE,Sell,0x5aeb1821f596d2d9ffe182d3f914b274a80511cc,0xffffffffffffffffffffffffffffffffffffffff,-3770.0000000000005,0,0
SPOT,0x3d2e7ab69a830a023ea8042ed6559b020e79009c358628d4e0f726095986e3ec,1762278553354,HYPE,Sell,0x5aeb1821f596d2d9ffe182d3f914b274a80511cc,0xffffffffffffffffffffffffffffffffffffffff,-3770.0000000000005,0,0
SPOT,0x8a5b041b80f1c7868bd4042ed6559b020e7800011bf4e6582e23af6e3ff5a171,1762278553354,HYPE,Sell,0x5aeb1821f596d2d9ffe182d3f914b274a80511cc,0xffffffffffffffffffffffffffffffffffffffff,-497.64,0,0
SPOT,0xd7878d806760850ad901042ed6559b020e7700660263a3dc7b5038d326645ef5,1762278553354,HYPE,Sell,0x5aeb1821f596d2d9ffe182d3f914b274a80511cc,0xffffffffffffffffffffffffffffffffffffffff,-3770.0000000000005,0,0
SPOT,0x24b416e54ddf428f262d042ed6559b020e7600cae8d26161c87cc2380cd31c79,1762278553354,HYPE,Sell,0x5aeb1821f596d2d9ffe182d3f914b274a80511cc,0xffffffffffffffffffffffffffffffffffffffff,-653.7180000000001,0,0
SPOT,0x71e0a04a344e0013735a042ed6559b020e75002fcf411ee515a94b9cf341d9fe,1762278553354,HYPE,Sell,0x5aeb1821f596d2d9ffe182d3f914b274a80511cc,0xffffffffffffffffffffffffffffffffffffffff,-3770.0000000000005,0,0
SPOT,0x54be6e451c0a51c65638042ed655950203e20101b70d7098f8871997db0e2bb0,1762278552877,HYPE,Sell,0x5aeb1821f596d2d9ffe182d3f914b274a80511cc,0xffffffffffffffffffffffffffffffffffffffff,-117.62400000000001,0,0
SPOT,0x72f482349dcfb62a746e042ed655930206f5001a38c2d4fc16bd2d875cc39015,1762278552720,HYPE,Sell,0x5aeb1821f596d2d9ffe182d3f914b274a80511cc,0xffffffffffffffffffffffffffffffffffffffff,-52442.23446,0,0
SPOT,0xe99b175a1cdf343eeb14042ed6559302070e003fb7d253108d63c2acdbd30e29,1762278552720,HYPE,Sell,0x5aeb1821f596d2d9ffe182d3f914b274a80511cc,0xffffffffffffffffffffffffffffffffffffffff,-198.679,0,0
SPOT,0x590f61bb5f2012f15a89042ed64de30207eb00a0fa2331c3fcd80d0e1e23ecdb,1762278397048,HYPE,Sell,0x5aeb1821f596d2d9ffe182d3f914b274a80511cc,0xffffffffffffffffffffffffffffffffffffffff,-4046.2400000000002,0,0
SPOT,0xf36874852c0d8df9f4e2042ed64de30207e9006ac700accc97311fd7eb0167e4,1762278397048,HYPE,Sell,0x5aeb1821f596d2d9ffe182d3f914b274a80511cc,0xffffffffffffffffffffffffffffffffffffffff,-17733.08,0,0
SPOT,0x4094fdea127c4b7e420e042ed64de30207e800cfad7f6a50e45da93cd1702568,1762278397048,HYPE,Sell,0x5aeb1821f596d2d9ffe182d3f914b274a80511cc,0xffffffffffffffffffffffffffffffffffffffff,-429.40000000000003,0,0
SPOT,0x8dc1874ef8eb09028f3b042ed64de30207e7003493ee27d4318a32a1b7eee2ed,1762278397048,HYPE,Sell,0x5aeb1821f596d2d9ffe182d3f914b274a80511cc,0xffffffffffffffffffffffffffffffffffffffff,-50.160000000000004,0,0
SPOT,0xee9559a86bc37cfaf00f042ed64de0020e94008e06c69bcc925e04fb2ac756e5,1762278396848,HYPE,Sell,0x5aeb1821f596d2d9ffe182d3f914b274a80511cc,0xffffffffffffffffffffffffffffffffffffffff,-99.56,0,0
SPOT,0x3bc1e30d52323a7f3d3b042ed64de0020e9300f2ed355951df8a8e6011361469,1762278396848,HYPE,Sell,0x5aeb1821f596d2d9ffe182d3f914b274a80511cc,0xffffffffffffffffffffffffffffffffffffffff,-99.56,0,0
SPOT,0x88ee6c7238a0f8038a68042ed64de0020e920057d3a416d52cb717c4f7a4d1ee,1762278396848,HYPE,Sell,0x5aeb1821f596d2d9ffe182d3f914b274a80511cc,0xffffffffffffffffffffffffffffffffffffffff,-99.56,0,0
SPOT,0xd61af5d71f1fb587d794042ed64de0020e9100bcba12d45979e3a129de138f72,1762278396848,HYPE,Sell,0x5aeb1821f596d2d9ffe182d3f914b274a80511cc,0xffffffffffffffffffffffffffffffffffffffff,-99.56,0,0
SPOT,0x23477f3c058e730c24c1042ed64de0020e900021a08191dec7102a8ec4824cf6,1762278396848,HYPE,Sell,0x5aeb1821f596d2d9ffe182d3f914b274a80511cc,0xffffffffffffffffffffffffffffffffffffffff,-99.56,0,0
SPOT,0x707408a0ebfd309071ed042ed64de0020e8f008686f04f62143cb3f3aaf10a7b,1762278396848,HYPE,Sell,0x5aeb1821f596d2d9ffe182d3f914b274a80511cc,0xffffffffffffffffffffffffffffffffffffffff,-99.56,0,0
SPOT,0xbda09205d26bee14bf1a042ed64de0020e8e00eb6d6f0ce661693d58916fc7ff,1762278396848,HYPE,Sell,0x5aeb1821f596d2d9ffe182d3f914b274a80511cc,0xffffffffffffffffffffffffffffffffffffffff,-99.56,0,0
SPOT,0x0acd1b6ab8daab990c46042ed64de0020e8d005053ddca6bae95c6bd77de8583,1762278396848,HYPE,Sell,0x5aeb1821f596d2d9ffe182d3f914b274a80511cc,0xffffffffffffffffffffffffffffffffffffffff,-99.56,0,0
SPOT,0x57f9a4cf9f49691d5973042ed64de0020e8c00b53a4c87effbc250225e4d4307,1762278396848,HYPE,Sell,0x5aeb1821f596d2d9ffe182d3f914b274a80511cc,0xffffffffffffffffffffffffffffffffffffffff,-99.56,0,0
SPOT,0xa5262e3485b826a1a69f042ed64de0020e8b001a20bb457348eed98744bc008c,1762278396848,HYPE,Sell,0x5aeb1821f596d2d9ffe182d3f914b274a80511cc,0xffffffffffffffffffffffffffffffffffffffff,-99.56,0,0
SPOT,0xf252b7996c26e425f3cc042ed64de0020e8a007f072a02f8961b62ec2b2abe10,1762278396848,HYPE,Sell,0x5aeb1821f596d2d9ffe182d3f914b274a80511cc,0xffffffffffffffffffffffffffffffffffffffff,-99.56,0,0
SPOT,0x3f7f40fe5295a1aa40f8042ed64de0020e8900e3ed98c07ce347ec5111997b94,1762278396848,HYPE,Sell,0x5aeb1821f596d2d9ffe182d3f914b274a80511cc,0xffffffffffffffffffffffffffffffffffffffff,-99.56,0,0
SPOT,0x8cabca6339045f2e8e25042ed64de0020e880048d4077e00307475b5f8083919,1762278396848,HYPE,Sell,0x5aeb1821f596d2d9ffe182d3f914b274a80511cc,0xffffffffffffffffffffffffffffffffffffffff,-99.56,0,0
SPOT,0xd9d853c81f731cb2db52042ed64de0020e8700adba763b847da0ff1ade76f69d,1762278396848,HYPE,Sell,0x5aeb1821f596d2d9ffe182d3f914b274a80511cc,0xffffffffffffffffffffffffffffffffffffffff,-99.56,0,0
SPOT,0x2704dd2d05e1da37287e042ed64de0020e860012a0e4f909cacd887fc4e5b421,1762278396848,HYPE,Sell,0x5aeb1821f596d2d9ffe182d3f914b274a80511cc,0xffffffffffffffffffffffffffffffffffffffff,-99.56,0,0
SPOT,0x74316691ec5097bb75ab042ed64de0020e8500778753b68d17fa11e4ab5471a6,1762278396848,HYPE,Sell,0x5aeb1821f596d2d9ffe182d3f914b274a80511cc,0xffffffffffffffffffffffffffffffffffffffff,-99.56,0,0
SPOT,0xc15deff6d2cf553fc2d7042ed64de0020e8400dc6dc2741165269b4991c32f2a,1762278396848,HYPE,Sell,0x5aeb1821f596d2d9ffe182d3f914b274a80511cc,0xffffffffffffffffffffffffffffffffffffffff,-99.56,0,0
SPOT,0x0e8a795bb93e12c41004042ed64de0020e83004154313196b25324ae7831ecae,1762278396848,HYPE,Sell,0x5aeb1821f596d2d9ffe182d3f914b274a80511cc,0xffffffffffffffffffffffffffffffffffffffff,-99.56,0,0
SPOT,0x5bb702c09facd0485d30042ed64de0020e8200a63aafef1aff7fae135ea0aa32,1762278396848,HYPE,Sell,0x5aeb1821f596d2d9ffe182d3f914b274a80511cc,0xffffffffffffffffffffffffffffffffffffffff,-99.56,0,0
SPOT,0xa8e38c25861b8dccaa5d042ed64de0020e81000b211eac9e4cac3778451f67b7,1762278396848,HYPE,Sell,0x5aeb1821f596d2d9ffe182d3f914b274a80511cc,0xffffffffffffffffffffffffffffffffffffffff,-99.56,0,0
SPOT,0xf610158a6c8a4b50f789042ed64de0020e800070078d6a2399d8c0dd2b8e253b,1762278396848,HYPE,Sell,0x5aeb1821f596d2d9ffe182d3f914b274a80511cc,0xffffffffffffffffffffffffffffffffffffffff,-99.56,0,0
SPOT,0x2512ae4fc46ba0c7268c042ed64ddf02047300355f6ebf99c8db59a2836f7ab1,1762278396759,HYPE,Sell,0x5aeb1821f596d2d9ffe182d3f914b274a80511cc,0xffffffffffffffffffffffffffffffffffffffff,-50.160000000000004,0,0
SPOT,0x128ecce858e151ba1408042ed64ddd02088500cdf3e4708cb657783b17e52ba4,1762278396617,HYPE,Sell,0x5aeb1821f596d2d9ffe182d3f914b274a80511cc,0xffffffffffffffffffffffffffffffffffffffff,-99.56,0,0
SPOT,0xe19a0545bf89c2d3e313042ed64ddd02087f002b5a8ce1a58562b0987e8d9cbe,1762278396617,HYPE,Sell,0x5aeb1821f596d2d9ffe182d3f914b274a80511cc,0xffffffffffffffffffffffffffffffffffffffff,-99.56,0,0
SPOT,0x2ec68eaaa5f880583040042ed64ddd02087e009040fb9f2ad28f39fd64fc5a42,1762278396617,HYPE,Sell,0x5aeb1821f596d2d9ffe182d3f914b274a80511cc,0xffffffffffffffffffffffffffffffffffffffff,-99.56,0,0
SPOT,0x7bf3180f8c673ddc7d6c042ed64ddd02087d00f5276a5cae1fbbc3624b6b17c7,1762278396617,HYPE,Sell,0x5aeb1821f596d2d9ffe182d3f914b274a80511cc,0xffffffffffffffffffffffffffffffffffffffff,-99.56,0,0
SPOT,0xc91fa17472d5fb60ca99042ed64ddd02087c005a0dd91a326ce84cc731d9d54b,1762278396617,HYPE,Sell,0x5aeb1821f596d2d9ffe182d3f914b274a80511cc,0xffffffffffffffffffffffffffffffffffffffff,-99.56,0,0
SPOT,0x164c2ad95944b8e517c5042ed64ddd02087b00bef447d7b7ba14d62c184892cf,1762278396617,HYPE,Sell,0x5aeb1821f596d2d9ffe182d3f914b274a80511cc,0xffffffffffffffffffffffffffffffffffffffff,-99.56,0,0
SPOT,0x6378b43e3fb3766964f2042ed64ddd02087a0023dab6953b07415f90feb75054,1762278396617,HYPE,Sell,0x5aeb1821f596d2d9ffe182d3f914b274a80511cc,0xffffffffffffffffffffffffffffffffffffffff,-99.56,0,0
SPOT,0xb0a53da3262233edb21e042ed64ddd0208790088c12552bf546de8f5e5260dd8,1762278396617,HYPE,Sell,0x5aeb1821f596d2d9ffe182d3f914b274a80511cc,0xffffffffffffffffffffffffffffffffffffffff,-99.56,0,0
SPOT,0xfdd1c7080c90f171ff4b042ed64ddd02087800eda7941044a19a725acb94cb5c,1762278396617,HYPE,Sell,0x5aeb1821f596d2d9ffe182d3f914b274a80511cc,0xffffffffffffffffffffffffffffffffffffffff,-99.56,0,0
SPOT,0x4afe506cf30faef64c78042ed64ddd02087700528e02cdc8eec6fbbfb20388e0,1762278396617,HYPE,Sell,0x5aeb1821f596d2d9ffe182d3f914b274a80511cc,0xffffffffffffffffffffffffffffffffffffffff,-99.56,0,0
SPOT,0x982ad9d1d97e6c7a99a4042ed64ddd02087600b774718b4c3bf3852498724665,1762278396617,HYPE,Sell,0x5aeb1821f596d2d9ffe182d3f914b274a80511cc,0xffffffffffffffffffffffffffffffffffffffff,-99.56,0,0
SPOT,0x6f8e2c876e8d5a977107042ed64ddb020479006d098079691356d7da2d813482,1762278396496,HYPE,Sell,0x5aeb1821f596d2d9ffe182d3f914b274a80511cc,0xffffffffffffffffffffffffffffffffffffffff,-12.16,0,0
SPOT,0xceee9ced93a89f75d068042ed64dd902042500d32eabbe4772b7484052ac7960,1762278396406,HYPE,Sell,0x5aeb1821f596d2d9ffe182d3f914b274a80511cc,0xffffffffffffffffffffffffffffffffffffffff,-99.56,0,0
SPOT,0x1c1b26527a175cfa1d94042ed64dd90204240038151a7bccbfe3d1a5391b36e4,1762278396406,HYPE,Sell,0x5aeb1821f596d2d9ffe182d3f914b274a80511cc,0xffffffffffffffffffffffffffffffffffffffff,-99.56,0,0
SPOT,0x6947afb760861a7e6ac1042ed64dd9020423009cfb8939500d105b0a1f89f469,1762278396406,HYPE,Sell,0x5aeb1821f596d2d9ffe182d3f914b274a80511cc,0xffffffffffffffffffffffffffffffffffffffff,-99.56,0,0
SPOT,0xb674391c46f4d802b7ed042ed64dd90204220001e1f7f6d45a3ce46f05f8b1ed,1762278396406,HYPE,Sell,0x5aeb1821f596d2d9ffe182d3f914b274a80511cc,0xffffffffffffffffffffffffffffffffffffffff,-99.56,0,0
SPOT,0xf2e7cc99e1ef8fe6f461042ed64dd60203f8007f7ce2aeb996b077eca0e369d1,1762278396245,HYPE,Sell,0x5aeb1821f596d2d9ffe182d3f914b274a80511cc,0xffffffffffffffffffffffffffffffffffffffff,-199.5,0,0
SPOT,0x2d90b82afbbae2ac2f0a042ed64dd4020227001096be017ed159637dbabebc96,1762278396102,HYPE,Sell,0x5aeb1821f596d2d9ffe182d3f914b274a80511cc,0xffffffffffffffffffffffffffffffffffffffff,-1140,0,0
SPOT,0x7abd418fe229a0307c36042ed64dd402022600757d2cbf021e85ece2a12d7a1b,1762278396102,HYPE,Sell,0x5aeb1821f596d2d9ffe182d3f914b274a80511cc,0xffffffffffffffffffffffffffffffffffffffff,-8118.7,0,0
SPOT,0xc7e9caf4c8985db4c963042ed64dd402022500da639b7c866bb27647879c379f,1762278396102,HYPE,Sell,0x5aeb1821f596d2d9ffe182d3f914b274a80511cc,0xffffffffffffffffffffffffffffffffffffffff,-3800,0,0
SPOT,0x2d11a7ad691af4082e8b042ed64dd20204f70093041e12dad0da5300281ecdf2,1762278395965,HYPE,Sell,0x5aeb1821f596d2d9ffe182d3f914b274a80511cc,0xffffffffffffffffffffffffffffffffffffffff,-500.08,0,0
SPOT,0x7a3e31124f89b18c7bb7042ed64dd20204f600f7ea8cd05e1e06dc650e8d8b77,1762278395965,HYPE,Sell,0x5aeb1821f596d2d9ffe182d3f914b274a80511cc,0xffffffffffffffffffffffffffffffffffffffff,-1423.86,0,0
SPOT,0xe75fda2a836304d9e8d9042ed64dd20204e400101e6623ab8b28857d4266dec4,1762278395965,HYPE,Sell,0x5aeb1821f596d2d9ffe182d3f914b274a80511cc,0xffffffffffffffffffffffffffffffffffffffff,-3636.22,0,0
SPOT,0xbb3c0ecfb509aee7bcb5042ed64dca02033600b5500ccdb95f04ba22740d88d2,1762278395360,HYPE,Sell,0x5aeb1821f596d2d9ffe182d3f914b274a80511cc,0xffffffffffffffffffffffffffffffffffffffff,-15.579999999999998,0,0
SPOT,0xe71e1258a1d155b5e897042ed642ff0203c2003e3cd474878ae6bdab60d52fa0,1762278179070,HYPE,Sell,0x5aeb1821f596d2d9ffe182d3f914b274a80511cc,0xffffffffffffffffffffffffffffffffffffffff,-926.0600000000001,0,0
SPOT,0x344a9bbd8840133a35c4042ed642ff0203c100a32343320cd81347104743ed24,1762278179070,HYPE,Sell,0x5aeb1821f596d2d9ffe182d3f914b274a80511cc,0xffffffffffffffffffffffffffffffffffffffff,-3463.7000000000003,0,0
SPOT,0x6f89f029307b3ce17103042ed642fe020401000ecb7e5bb313529b7bef7f16cc,1762278178981,HYPE,Sell,0x5aeb1821f596d2d9ffe182d3f914b274a80511cc,0xffffffffffffffffffffffffffffffffffffffff,-3800,0,0
SPOT,0xbcb6798e16e9fa65be30042ed642fe0204000073b1ed1937607f24e0d5edd450,1762278178981,HYPE,Sell,0x5aeb1821f596d2d9ffe182d3f914b274a80511cc,0xffffffffffffffffffffffffffffffffffffffff,-3334.88,0,0
SPOT,0x09e302f2fd58b7ea0b5c042ed642fe0203ff00d8985bd6bcadabae45bc5c91d4,1762278178981,HYPE,Sell,0x5aeb1821f596d2d9ffe182d3f914b274a80511cc,0xffffffffffffffffffffffffffffffffffffffff,-3800,0,0
SPOT,0xc042c49c8baad4bbc1bc042ed642f5020519008226adf38d640b6fef4aaeaea6,1762278178376,HYPE,Sell,0x5aeb1821f596d2d9ffe182d3f914b274a80511cc,0xffffffffffffffffffffffffffffffffffffffff,-999.78,0,0
SPOT,0xf00c6d57828ffe6df186042ed6401f020565003d1d831d4093d518aa4183d858,1762278121882,HYPE,Sell,0x5aeb1821f596d2d9ffe182d3f914b274a80511cc,0xffffffffffffffffffffffffffffffffffffffff,-2361.67827,0,0
SPOT,0xa7f4b7e9d7f1fe56a96e042ed63ad002069f00cf72f51d284bbd633c96f5d841,1762278012074,HYPE,Sell,0x5aeb1821f596d2d9ffe182d3f914b274a80511cc,0xffffffffffffffffffffffffffffffffffffffff,-2601.4799999999996,0,0
SPOT,0x424dcab3a4df795f43c7042ed63ad002069d00993fd29831e616760663d35349,1762278012074,HYPE,Sell,0x5aeb1821f596d2d9ffe182d3f914b274a80511cc,0xffffffffffffffffffffffffffffffffffffffff,-418,0,0
SPOT,0x8f7a54188b4e36e390f4042ed63ad002069c00fe264155b53342ff6b4a4210ce,1762278012074,HYPE,Sell,0x5aeb1821f596d2d9ffe182d3f914b274a80511cc,0xffffffffffffffffffffffffffffffffffffffff,-760,0,0
SPOT,0xdca6dd7d71bcf467de20042ed63ad002069b00630cb01339806f88d030b0ce52,1762278012074,HYPE,Sell,0x5aeb1821f596d2d9ffe182d3f914b274a80511cc,0xffffffffffffffffffffffffffffffffffffffff,-187.33999999999997,0,0
SPOT,0x76fff0473e9a6f707879042ed63ad0020699002cd99d8e421ac89b99fd9e495b,1762278012074,HYPE,Sell,0x5aeb1821f596d2d9ffe182d3f914b274a80511cc,0xffffffffffffffffffffffffffffffffffffffff,-2560.82,0,0
SPOT,0xc42c79ac25092cf4c5a6042ed63ad00206980091c00c4bc667f524fee40d06df,1762278012074,HYPE,Sell,0x5aeb1821f596d2d9ffe182d3f914b274a80511cc,0xffffffffffffffffffffffffffffffffffffffff,-495.52,0,0
SPOT,0x115903110b77ea7912d2042ed63ad002069700f6a67b094bb521ae63ca7bc463,1762278012074,HYPE,Sell,0x5aeb1821f596d2d9ffe182d3f914b274a80511cc,0xffffffffffffffffffffffffffffffffffffffff,-52688.14,0,0
SPOT,0xf9b24ffa51cca707fb2c042ed63ac7020f3100dfeccfc5da9d7afb4d10c080f2,1762278011442,HYPE,Sell,0x5aeb1821f596d2d9ffe182d3f914b274a80511cc,0xffffffffffffffffffffffffffffffffffffffff,-999.78,0,0
SPOT,0x289604d6e503a7532a0f042ed636d702023500bc8006c625cc5eb029a407813d,1762277928728,HYPE,Sell,0x5aeb1821f596d2d9ffe182d3f914b274a80511cc,0xffffffffffffffffffffffffffffffffffffffff,-81068.36849999998,0,0
SPOT,0x5cea538a3f0591bc5e64042ed626e602064a006fda08b08e00b2fedcfe096ba7,1762277602806,HYPE,Sell,0x5aeb1821f596d2d9ffe182d3f914b274a80511cc,0xffffffffffffffffffffffffffffffffffffffff,-15490.925050000002,0,0
SPOT,0xd9f0790035b216a9db6a042ed5f1aa021d1900e5d0b5357b7db92452f4b5f094,1762276513144,UXPL,Sell,0x5aeb1821f596d2d9ffe182d3f914b274a80511cc,0xffffffffffffffffffffffffffffffffffffffff,-167545.416,0,0
SPOT,0x74498bca029f91b275c3042ed5f1aa021d1700af9d92b0841812371cc1936b9d,1762276513144,UXPL,Sell,0x5aeb1821f596d2d9ffe182d3f914b274a80511cc,0xffffffffffffffffffffffffffffffffffffffff,-872.4,0,0
SPOT,0xc176152ee90e4f36c2ef042ed5f1aa021d16001484016e08653ec081a8022921,1762276513144,UXPL,Sell,0x5aeb1821f596d2d9ffe182d3f914b274a80511cc,0xffffffffffffffffffffffffffffffffffffffff,-152.4,0,0
SPOT,0x45674e3435b75ec746e1042ed5f1a602042d0019d0ba7d99e92ff986f4bb38b1,1762276512708,UXPL,Sell,0x5aeb1821f596d2d9ffe182d3f914b274a80511cc,0xffffffffffffffffffffffffffffffffffffffff,-1813.4399999999998,0,0
SPOT,0xdfc060fe0294d9cfe13a042ed5f1a602042b00e39d97f8a183890c50c198b3ba,1762276512708,UXPL,Sell,0x5aeb1821f596d2d9ffe182d3f914b274a80511cc,0xffffffffffffffffffffffffffffffffffffffff,-274.05600000000004,0,0
SPOT,0x4924ac25361ac5f24a9e042ed5f1a6020423000ad11de4c4eced5777f51e9fdc,1762276512708,UXPL,Sell,0x5aeb1821f596d2d9ffe182d3f914b274a80511cc,0xffffffffffffffffffffffffffffffffffffffff,-125.03999999999999,0,0
SPOT,0x182fe4829cb3370c19a9042ed5f1a602041d006837b655debbf88fd55bb710f6,1762276512708,UXPL,Sell,0x5aeb1821f596d2d9ffe182d3f914b274a80511cc,0xffffffffffffffffffffffffffffffffffffffff,-49.92,0,0
SPOT,0x4ce20a16367e2d1d4e5b042ed5f1a602041900fbd1714beff0aab568f5720707,1762276512708,UXPL,Sell,0x5aeb1821f596d2d9ffe182d3f914b274a80511cc,0xffffffffffffffffffffffffffffffffffffffff,-249.84,0,0
SPOT,0x9a0e937b1ceceaa19b88042ed5f1a60204180060b7e009733dd73ecddbe0c48c,1762276512708,UXPL,Sell,0x5aeb1821f596d2d9ffe182d3f914b274a80511cc,0xffffffffffffffffffffffffffffffffffffffff,-2251.44,0,0
SPOT,0xe73b1ce0035ba825e8b4042ed5f1a602041700c59e5ec6f78b03c832c25f8210,1762276512708,UXPL,Sell,0x5aeb1821f596d2d9ffe182d3f914b274a80511cc,0xffffffffffffffffffffffffffffffffffffffff,-49.92,0,0
SPOT,0x3467a644e9ca65aa35e1042ed5f1a6020416002a84cd847cd8305197a8ce3f94,1762276512708,UXPL,Sell,0x5aeb1821f596d2d9ffe182d3f914b274a80511cc,0xffffffffffffffffffffffffffffffffffffffff,-44.16,0,0
SPOT,0x6919cbd883855bbb6a93042ed5f1a602041200be1e887a8d0ce2772b428935a6,1762276512708,UXPL,Sell,0x5aeb1821f596d2d9ffe182d3f914b274a80511cc,0xffffffffffffffffffffffffffffffffffffffff,-204.72,0,0
SPOT,0xb646553d69f4193fb7c0042ed5f1a6020411002304f738115a0f009028f7f32a,1762276512708,UXPL,Sell,0x5aeb1821f596d2d9ffe182d3f914b274a80511cc,0xffffffffffffffffffffffffffffffffffffffff,-1594.56,0,0
SPOT,0x0372dea25062d6c404ec042ed5f1a60204100087eb65f596a73b89f50f66b0ae,1762276512708,UXPL,Sell,0x5aeb1821f596d2d9ffe182d3f914b274a80511cc,0xffffffffffffffffffffffffffffffffffffffff,-49.92,0,0
SPOT,0x509f680736d194485219042ed5f1a602040f00ecd1d4b31af4681359f5d56e32,1762276512708,UXPL,Sell,0x5aeb1821f596d2d9ffe182d3f914b274a80511cc,0xffffffffffffffffffffffffffffffffffffffff,-49.92,0,0
SPOT,0x9dcbf16c1d4051cc9f45042ed5f1a602040e0051b843709e41949cbedc442bb7,1762276512708,UXPL,Sell,0x5aeb1821f596d2d9ffe182d3f914b274a80511cc,0xffffffffffffffffffffffffffffffffffffffff,-49.92,0,0
SPOT,0xeaf87ad103bf0f50ec72042ed5f1a602040d00b69eb22e228ec12623c2b2e93b,1762276512708,UXPL,Sell,0x5aeb1821f596d2d9ffe182d3f914b274a80511cc,0xffffffffffffffffffffffffffffffffffffffff,-49.92,0,0
SPOT,0x38250435ea2dccd5399e042ed5f1a602040c001b8520eba7dbedaf88a921a6bf,1762276512708,UXPL,Sell,0x5aeb1821f596d2d9ffe182d3f914b274a80511cc,0xffffffffffffffffffffffffffffffffffffffff,-49.92,0,0
SPOT,0x85518d9ad09c8a5986cb042ed5f1a602040b00806b9fa92b291a38ed8f906444,1762276512708,UXPL,Sell,0x5aeb1821f596d2d9ffe182d3f914b274a80511cc,0xffffffffffffffffffffffffffffffffffffffff,-706.56,0,0
SPOT,0xf19d02060def2b24f316042ed5f1a402093200eba8e249f79565ad58cce3050f,1762276512556,UXPL,Sell,0x5aeb1821f596d2d9ffe182d3f914b274a80511cc,0xffffffffffffffffffffffffffffffffffffffff,-228.95999999999998,0,0
SPOT,0xd9229e34c13b63b1da9c042ed5f1a402092f001a5c3e82837ceb4987803f3d9c,1762276512556,UXPL,Sell,0x5aeb1821f596d2d9ffe182d3f914b274a80511cc,0xffffffffffffffffffffffffffffffffffffffff,-1477.6799999999998,0,0
SPOT,0x5b014d2d416517475c7b042ed5f1a402092a0012dc683619fec9f8800068f131,1762276512556,UXPL,Sell,0x5aeb1821f596d2d9ffe182d3f914b274a80511cc,0xffffffffffffffffffffffffffffffffffffffff,-1764.96,0,0
SPOT,0xf55a5ff70e42924ff6d4042ed5f1a402092800dca945b12299230b49cd466c3a,1762276512556,UXPL,Sell,0x5aeb1821f596d2d9ffe182d3f914b274a80511cc,0xffffffffffffffffffffffffffffffffffffffff,-33.839999999999996,0,0
SPOT,0x8fb372c0db200d58912d042ed5f1a402092600a676232c2a337c1e139a23e743,1762276512556,UXPL,Sell,0x5aeb1821f596d2d9ffe182d3f914b274a80511cc,0xffffffffffffffffffffffffffffffffffffffff,-982.3199999999999,0,0
SPOT,0xdcdffc25c19ecadcde59042ed5f1a4020925000b5c91e9ae80a8a7788092a4c7,1762276512556,UXPL,Sell,0x5aeb1821f596d2d9ffe182d3f914b274a80511cc,0xffffffffffffffffffffffffffffffffffffffff,-64.08,0,0
SPOT,0x2a0c858aa80d88612b86042ed5f1a402092400704300a733cdd530dd6701624b,1762276512556,UXPL,Sell,0x5aeb1821f596d2d9ffe182d3f914b274a80511cc,0xffffffffffffffffffffffffffffffffffffffff,-3862.08,0,0
SPOT,0x2cf3aeceb1da3d0a2e6d042ed5f1a2020e5300b44cdd5bdcd0bc5a2170de16f4,1762276512420,UXPL,Sell,0x5aeb1821f596d2d9ffe182d3f914b274a80511cc,0xffffffffffffffffffffffffffffffffffffffff,-1496.472,0,0
SPOT,0x578a1a1d03bcdafd5903042ed5f1a10214e600029ebff9cffb52c56fc2b0b4e7,1762276512359,UXPL,Sell,0x5aeb1821f596d2d9ffe182d3f914b274a80511cc,0xffffffffffffffffffffffffffffffffffffffff,-1429.4879999999998,0,0
SPOT,0x3f0fb64bb709138a4089042ed5f1a10214e30031520c325ce2d8619e760ced74,1762276512359,UXPL,Sell,0x5aeb1821f596d2d9ffe182d3f914b274a80511cc,0xffffffffffffffffffffffffffffffffffffffff,-1496.472,0,0
SPOT,0xcba839548251bae6cd21042ed5f19f0205ea003a1d54d9b86f70e4a7415594d1,1762276512206,UXPL,Sell,0x5aeb1821f596d2d9ffe182d3f914b274a80511cc,0xffffffffffffffffffffffffffffffffffffffff,-1383.408,0,0
SPOT,0xcf2630d088d09ce6d09f042ed5f19e02045700b623d3bbb872eedc2347d476d1,1762276512071,UXPL,Sell,0x5aeb1821f596d2d9ffe182d3f914b274a80511cc,0xffffffffffffffffffffffffffffffffffffffff,-2636.0159999999996,0,0
SPOT,0xdae3fdc315f5f49adc5d042ed5f19c020e8300a8b0f9136c7eaca915d4f9ce85,1762276511820,UXPL,Sell,0x5aeb1821f596d2d9ffe182d3f914b274a80511cc,0xffffffffffffffffffffffffffffffffffffffff,-29457.384000000002,0,0
SPOT,0x90a6705c7da622ad9220042ed5f196020654004218a9417f346f1baf3ca9fc98,1762276511213,UXPL,Sell,0x5aeb1821f596d2d9ffe182d3f914b274a80511cc,0xffffffffffffffffffffffffffffffffffffffff,-59.952,0,0
TRANSFER,0x170bff540bc066261885042cda7814020a900039a6c384f8bad4aaa6cac44010,1759623903638,UXPL,Transfer,0xe6111266afdcdf0b1fe8505028cc1f7419d798a7,0x5aeb1821f596d2d9ffe182d3f914b274a80511cc,13.95912999156,0,0
TRANSFER,0x16765b2da1d4ad7c17f0042cd813a302018e00133cd7cc4eba3f068060d88766,1759611330002,HYPE,Transfer,0x2222222222222222222222222222222222222222,0x5aeb1821f596d2d9ffe182d3f914b274a80511cc,5747925.83396893,0,0
DUST,00000000000000000000000000000000000001314,1759190400020,UBTC,Spot Dust Conversion,0x5aeb1821f596d2d9ffe182d3f914b274a80511cc,0xffffffffffffffffffffffffffffffffffffffff,-0.1640438956,0,0
SPOT,0x6ef12b4ba509b807706a042c823a010204e30031400cd6d912b9d69e640d91f2,1759162852486,UXPL,Buy,0xffffffffffffffffffffffffffffffffffffffff,0x5aeb1821f596d2d9ffe182d3f914b274a80511cc,10462.03236,0,0
SPOT,0x343ce2cc52dad7ba35b6042c8238dc02094100b1edddf68cd8058e1f11deb1a4,1759162830057,UXPL,Buy,0xffffffffffffffffffffffffffffffffffffffff,0x5aeb1821f596d2d9ffe182d3f914b274a80511cc,4752.148679999999,0,0
SPOT,0x451063f27e9f1905468a042c8238640203b500d8199237d7e8d90f453d92f2ef,1759162820426,UXPL,Buy,0xffffffffffffffffffffffffffffffffffffffff,0x5aeb1821f596d2d9ffe182d3f914b274a80511cc,5746.7826,0,0
SPOT,0x923ced57650dd68993b6042c8238640203b4003d0000f55b360598aa2401b074,1759162820426,UXPL,Buy,0xffffffffffffffffffffffffffffffffffffffff,0x5aeb1821f596d2d9ffe182d3f914b274a80511cc,2073.8106000000002,0,0
SPOT,0x4b946c363015ea8c4d0e042c82385c0204b5001bcb19095eef5d1788ef19c476,1759162819830,UXPL,Buy,0xffffffffffffffffffffffffffffffffffffffff,0x5aeb1821f596d2d9ffe182d3f914b274a80511cc,2612.232,0,0
SPOT,0xbc441aebdc25ab4abdbd042c82382e02018400d17728ca1c600cc63e9b298535,1759162815700,UXPL,Buy,0xffffffffffffffffffffffffffffffffffffffff,0x5aeb1821f596d2d9ffe182d3f914b274a80511cc,19271.114999999998,0,0
SPOT,0x45652750caef320f46de042c823829020429003665e250e1e92dd2a389e30bf9,1759162815292,UXPL,Buy,0xffffffffffffffffffffffffffffffffffffffff,0x5aeb1821f596d2d9ffe182d3f914b274a80511cc,191.25,0,0
SPOT,0x0a49e766d537d98d0bc3042c8238160204b5004c703af85fae1292b9943bb377,1759162813723,UXPL,Buy,0xffffffffffffffffffffffffffffffffffffffff,0x5aeb1821f596d2d9ffe182d3f914b274a80511cc,249.89999999999998,0,0
SPOT,0x18e484f8c604cae11a5e042c82380002053800de6107e9b3bcad304b8508a4cb,1759162811865,UXPL,Buy,0xffffffffffffffffffffffffffffffffffffffff,0x5aeb1821f596d2d9ffe182d3f914b274a80511cc,191.25,0,0
SPOT,0x77acb183066b45207926042c8237f20201f40068a16e63f21b755cd5c56f1f0b,1759162810919,UXPL,Buy,0xffffffffffffffffffffffffffffffffffffffff,0x5aeb1821f596d2d9ffe182d3f914b274a80511cc,354.45,0,0
SPOT,0x93cada89930b414e9544042c8237e8020500006f2e0e6020379385dc520f1b39,1759162810161,UXPL,Buy,0xffffffffffffffffffffffffffffffffffffffff,0x5aeb1821f596d2d9ffe182d3f914b274a80511cc,4814.017499999999,0,0
SPOT,0xec2f7dc17a943453eda9042c8237e80204e100a7159753258ff8291439980e3e,1759162810161,UXPL,Buy,0xffffffffffffffffffffffffffffffffffffffff,0x5aeb1821f596d2d9ffe182d3f914b274a80511cc,2743.7999999999997,0,0
SPOT,0x7aba0dddb7f7a2f97c33042c8237e70202ec00c352fac1cb1e82b93076fb7ce4,1759162810085,UXPL,Buy,0xffffffffffffffffffffffffffffffffffffffff,0x5aeb1821f596d2d9ffe182d3f914b274a80511cc,191.25,0,0
SPOT,0x73cc9441e8a749767546042c8237e10205cd002783aa684817953f94a7ab2361,1759162809636,UXPL,Buy,0xffffffffffffffffffffffffffffffffffffffff,0x5aeb1821f596d2d9ffe182d3f914b274a80511cc,952.8074999999999,0,0
SPOT,0x5b78638743b32b335cf2042c8237d8020193006cdeb64a05ff410eda02b7051d,1759162808960,UXPL,Buy,0xffffffffffffffffffffffffffffffffffffffff,0x5aeb1821f596d2d9ffe182d3f914b274a80511cc,1086.68175,0,0
SPOT,0x142d4be3f7aa43b815a7042c82372d0202c100c992ad628ab7f5f736b6ae1da2,1759162795514,UXPL,Buy,0xffffffffffffffffffffffffffffffffffffffff,0x5aeb1821f596d2d9ffe182d3f914b274a80511cc,335.8247,0,0
SPOT,0xb35b7dab9ad73152b4d5042c8236860203ef009135da5024572428fe59db0b3d,1759162782688,UXPL,Buy,0xffffffffffffffffffffffffffffffffffffffff,0x5aeb1821f596d2d9ffe182d3f914b274a80511cc,18608.26778,0,0
SPOT,0x23f69c0a9831906e2570042c822f6c02053700f03334af40c7bf475d57356a58,1759162635804,UXPL,Buy,0xffffffffffffffffffffffffffffffffffffffff,0x5aeb1821f596d2d9ffe182d3f914b274a80511cc,8715.912,0,0
SPOT,0x3b0aefe06c23d1a83c84042c822df002023a00c60726f07aded39b332b27ab92,1759162606575,UXPL,Buy,0xffffffffffffffffffffffffffffffffffffffff,0x5aeb1821f596d2d9ffe182d3f914b274a80511cc,376.41920000000005,0,0
SPOT,0x0300e41da43e30a0047a042c822de802028b00033f314f72a6c98f7063320a8a,1759162606037,UXPL,Buy,0xffffffffffffffffffffffffffffffffffffffff,0x5aeb1821f596d2d9ffe182d3f914b274a80511cc,6012.4688,0,0
SPOT,0x494f298d537e3e734ac8042c822b8b020c300072ee715d45ed17d4e01272185d,1759162559048,UXPL,order,0x5aeb1821f596d2d9ffe182d3f914b274a80511cc,limit,-108543.042,-1,0
SPOT,0x637d116a4afb20db64f6042c8229910201ca004fe5fe3fad0745bcbd09fefac6,1759162521256,UBTC,Sell,0x5aeb1821f596d2d9ffe182d3f914b274a80511cc,0xffffffffffffffffffffffffffffffffffffffff,-5059.34672,0,0
TRANSFER,0x017bb114eb5bb54302f5042c81da130205b600fa865ed415a5445c67aa5f8f2d,1759160933646,UBTC,Transfer,0x574bafce69d9411f662a433896e74e4f153096fa,0x5aeb1821f596d2d9ffe182d3f914b274a80511cc,819860.7794981415,0,0
SPOT,0xd0521b5853ea5dbed1cb042c77fb89020259003deeed7c90741ac6ab12ee37a9,1759110186529,UXPL,Buy,0xffffffffffffffffffffffffffffffffffffffff,0x5aeb1821f596d2d9ffe182d3f914b274a80511cc,4928.7247800000005,0,0
SPOT,0xdbfb92f024c7b5ebdd75042c769dad0202e300d5bfcad4bd7fc43e42e3cb8fd6,1759103191759,UXPL,Buy,0xffffffffffffffffffffffffffffffffffffffff,0x5aeb1821f596d2d9ffe182d3f914b274a80511cc,126300.27059999999,0,0
SPOT,0x0272848d484ef1c303ec042c769c850205a30072e3421095a63b2fe00742cbad,1759103169772,UXPL,Buy,0xffffffffffffffffffffffffffffffffffffffff,0x5aeb1821f596d2d9ffe182d3f914b274a80511cc,6299.296109999999,0,0
SPOT,0xdc8575d9b1db9703ddff042c768d6c0201e100bf4cdeb5d5804e212c70df70ee,1759102861442,UXPL,order,0x5aeb1821f596d2d9ffe182d3f914b274a80511cc,limit,35843.278,-1,0
SPOT,0xb096c42be7904f3eb210042c7685160201cb001182936e10545f6f7ea6942929,1759102694242,UXPL,order,0x5aeb1821f596d2d9ffe182d3f914b274a80511cc,limit,57682.265849999996,-1,0
SPOT,0x47b19add203c6c28492b042c76834e0202cd00c2bb3f8afaeb7a462fdf304612,1759102658824,UXPL,order,0x5aeb1821f596d2d9ffe182d3f914b274a80511cc,limit,5690.03325,-1,0
SPOT,0x34620beb15f1398c35db042c7681e70201cc00d0b0f4585ed82ab73dd4f51376,1759102632056,UXPL,order,0x5aeb1821f596d2d9ffe182d3f914b274a80511cc,limit,29628.111,-1,0
SPOT,0xbf0dddfcb3f107e6c087042c76809b02022800e24ef426b862d6894f72f4e1d1,1759102605950,UXPL,order,0x5aeb1821f596d2d9ffe182d3f914b274a80511cc,limit,14506.047,-1,0
SPOT,0x707a521934f7baee71f4042c767fa40201cb00fecffad9c01442fd6bf3fb94d9,1759102586271,UXPL,order,0x5aeb1821f596d2d9ffe182d3f914b274a80511cc,limit,62521.040850000005,-1,0
SPOT,0x2edbe3524ae8352d3055042c767e2f02038b0037e5eb53ffd2a48ea509ec0f17,1759102558790,UXPL,order,0x5aeb1821f596d2d9ffe182d3f914b274a80511cc,limit,12028.183,-1,0
SPOT,0xf7d4ca303475cff7f94e042c767d070204540015cf78eeca9b9d7582f379a9e2,1759102534888,UXPL,order,0x5aeb1821f596d2d9ffe182d3f914b274a80511cc,limit,3405.8584,-1,0
SPOT,0xff92ac8ec51829ab010c042c767c090201640074601b487ea35b57e1841c0396,1759102512914,UXPL,order,0x5aeb1821f596d2d9ffe182d3f914b274a80511cc,limit,60671.308999999994,-1,0
SPOT,0x60a4dc6ca859d7ab621e042c767b470201020052435cf67d046d87bf675db196,1759102498486,UXPL,order,0x5aeb1821f596d2d9ffe182d3f914b274a80511cc,limit,3066.2338000000004,-1,0
SPOT,0x7205eac294a06dc6737f042c767a1402024e00a82fa38c9815ce961553a447b1,1759102474875,UXPL,order,0x5aeb1821f596d2d9ffe182d3f914b274a80511cc,limit,10943.4392,-1,0
SPOT,0x76fc0e8184eae1bc7875042c7679a30203e700671fee008e1ac4b9d443eebba7,1759102465423,UXPL,order,0x5aeb1821f596d2d9ffe182d3f914b274a80511cc,limit,321.94079999999997,-1,0
SPOT,0x313bf6199db2076c32b5042c7678c602030d00ff38b5263ed504a16c5cb5e156,1759102448202,UXPL,order,0x5aeb1821f596d2d9ffe182d3f914b274a80511cc,limit,28106.342399999998,-1,0
SPOT,0x5ebce8051a1e2cd06036042c76776402032d00eab5114ba202859357d91206bb,1759102421892,UXPL,order,0x5aeb1821f596d2d9ffe182d3f914b274a80511cc,limit,37653.5355,-1,0
SPOT,0xe24bae98aaf6e258e3c5042c7674cf020314007e45fa012a861459eb69fabc43,1759102371138,UXPL,order,0x5aeb1821f596d2d9ffe182d3f914b274a80511cc,limit,302526.0065,-1,0
TRANSFER,0x194534cf442f45a41abe042c75f08302059b00b4df226476bd0de02203231f8e,1759099694028,USDC,InternalTransfer,PERP,SPOT,999950,0,0
DEPOSIT,0x726c36bea72353e6452fc6422da39206f15e2af589208ea9e833e1a9a25179b7,1759099663231,USDC,Deposit,Arbitrum,0x5aeb1821f596d2d9ffe182d3f914b274a80511cc,999950,0,0
TRANSFER,0xbcc90d93c7914d59be42042c6939d50201d0007962946c2b6091b8e686952744,1759034372918,UXPL,Transfer,0x5aeb1821f596d2d9ffe182d3f914b274a80511cc,0x359adf45bd4477ee8a0c588a927ae11fc0a93fd2,-14.73700148778,0,1
SPOT,0x7d8e106504a7ae6d7f07042c69389b02046b004a9faacd3f2156bbb7c3ab8858,1759034350523,UXPL,order,0x5aeb1821f596d2d9ffe182d3f914b274a80511cc,limit,-15.40286,-1,0
SPOT,0x3d94dfd7541080003f0e042c69375e02026b00bcef139ed2e15d8b2a131459ea,1759034326890,UXPL,order,0x5aeb1821f596d2d9ffe182d3f914b274a80511cc,limit,-0.86814,-1,0
SPOT,0xd07907301595875fd1f2042c6930dc02024d0015b098a6317441b282d499614a,1759034192129,UXPL,order,0x5aeb1821f596d2d9ffe182d3f914b274a80511cc,limit,112.91363999999999,-1,0
TRANSFER,0xf4da9c94ff22919ef654042c6930870205b7007a9a25b07198a347e7be266b89,1759034184312,USDC,InternalTransfer,PERP,SPOT,99.98,0,0
DEPOSIT,0xc5a70dbc2e11588713962cedd031b20440238aaf79fd5096559f7a7916a1effd,1759034176396,USDC,Deposit,Arbitrum,0x5aeb1821f596d2d9ffe182d3f914b274a80511cc,99.98,0,0
SPOT,0x9eba8d8994ef86efa034042c55aa7e020160006f2fe2a5c1428338dc53e360da,1758933331354,HYPE,order,0x5aeb1821f596d2d9ffe182d3f914b274a80511cc,limit,5397.1683,-1,0
TRANSFER,0x21b2d890416a39a9232c042c55a9e20203740075dc6d587bc57b83e3006e1393,1758933318423,USDC,InternalTransfer,PERP,SPOT,4999.04,0,0
DEPOSIT,0x26ace8d23da3192f2d241d8d25a1f845b50184d31c4e9db75bee53d698269ebc,1758933279295,USDC,Deposit,Arbitrum,0x5aeb1821f596d2d9ffe182d3f914b274a80511cc,4999.04,0,0
WITHDRAW,0x0caffe84975746bc5b7d9bbfa5d572ed9bc7dfd29dad7bddbe0a4c6e7323b0ba,1758337529661,USDC,Withdraw,0x5aeb1821f596d2d9ffe182d3f914b274a80511cc,Arbitrum,-1222334.11,0,1
TRANSFER,0xd9e908cb5873c8b4db62042be3703002010700b0f376e7867db1b41e1777a29f,1758337278521,USDC,InternalTransfer,SPOT,PERP,1222335.11,0,0
SPOT,0x849f3e5d33af5bc48618042be36dc30205130042cea27a962867e9aff2a335af,1758337228517,HYPE,order,0x5aeb1821f596d2d9ffe182d3f914b274a80511cc,limit,-158459.84,-1,0
SPOT,0x725c6634df40d18f73d6042be36c88020344001a7a43f061162511879e44ab7a,1758337203059,HYPE,order,0x5aeb1821f596d2d9ffe182d3f914b274a80511cc,limit,-315693.28,-1,0
SPOT,0xb499f14d49660517b613042be36bdb0202570032e46923e958629ca00869df02,1758337188918,HYPE,order,0x5aeb1821f596d2d9ffe182d3f914b274a80511cc,limit,-747934.88,-1,0
WITHDRAW,0x46ee9eb035d2a81079a417406f2c4098458333cfeae88fee1a781d1a427434c7,1757150057405,USDC,Withdraw,0x5aeb1821f596d2d9ffe182d3f914b274a80511cc,Arbitrum,-1921626.106373,0,1
TRANSFER,0x503c224cd1d61a6051b5042aff590702029a00326cd93932f404cd9f90d9f44a,1757149785378,USDC,InternalTransfer,SPOT,PERP,1921627.1,0,0
TRANSFER,0x783c5c313358b5fa79b6042aff53de0201ff0016ce5bd4cc1c050783f25c8fe5,1757149681936,USDC,InternalTransfer,PERP,SPOT,1921627.1,0,0
VAULT,0x5565003f2b14033456de042aff4fdd01a0001824c6172206f92dab91ea17dd1e,1757149601712,USDC,vaultWithdraw,0xdfc24b077bc1425ad1dea75bcb6f8158e10df303,0x5aeb1821f596d2d9ffe182d3f914b274a80511cc,1921627.106373,0,0
TRANSFER,0x99f9483b59921fc19b73042a846d3d01e8006020f4953e933dc1f38e1895f9ac,1756506833175,HYPE,Transfer,0x5aeb1821f596d2d9ffe182d3f914b274a80511cc,0x2222222222222222222222222222222222222222,-78.046,0,0
TRANSFER,0x5c3b3b350fb63ca15db4042a846845020372001aaab95b730003e687ceba168c,1756506732975,HYPE,Transfer,0x5aeb1821f596d2d9ffe182d3f914b274a80511cc,0x2222222222222222222222222222222222222222,-5736381.000000001,0,0
TRANSFER,0x6429cf1e995a928a65a3042a76a07c0203c90004345db15c07f27a71585e6c75,1756434818001,HYPE,Transfer,0x2222222222222222222222222222222222222222,0x5aeb1821f596d2d9ffe182d3f914b274a80511cc,6588057.975000001,0,0
TRANSFER,0x5ff276fd54aff171616c042a763f820202a800e2efa3104303bb225013a3cb5c,1756432843935,HYPE,Transfer,0x5aeb1821f596d2d9ffe182d3f914b274a80511cc,0x2222222222222222222222222222222222222222,-6587769.49083859,0,0
TRANSFER,0x7f85cb00b3396b6180ff042a7612950202da00e64e3c8a33234e7653723d454c,1756431929163,HYPE,Transfer,0x5aeb1821f596d2d9ffe182d3f914b274a80511cc,0x2222222222222222222222222222222222222222,-390.23,0,0
TRANSFER,0xe0c563db02117601e23f042a75f42b02018a00c09d1494d3848e0f2dc1154fec,1756431306788,HYPE,Transfer,0x5aeb1821f596d2d9ffe182d3f914b274a80511cc,0x2222222222222222222222222222222222222222,-195.115,0,0
WITHDRAW,0x0000000000000000000000000000000000000000000000000000000000000000,1756428729028,HYPE,cStakingTransfer,Staking,Spot,-,0,0
VAULT,0x67937565c861cd35eaa10429ca86c102010c00b5b7210d6be9b255c90e43a4ee,1755542502301,USDC,vaultDeposit,0x5aeb1821f596d2d9ffe182d3f914b274a80511cc,0xdfc24b077bc1425ad1dea75bcb6f8158e10df303,-411721.55,0,0
DEPOSIT,0x4646b755cd17dcc59d0302c2fb4e605b9017781a4542e3e58ccce5047448c62a,1755542380033,USDC,Deposit,Arbitrum,0x5aeb1821f596d2d9ffe182d3f914b274a80511cc,411721.55,0,0
VALIDATING,0x9b9abe54bc2f23d9a29904295a48830201100005117c72d3df2e918a0bb187c4,1754960490272,-,tokenDelegate,0x5aeb1821f596d2d9ffe182d3f914b274a80511cc,-,-,-1,0
VAULT,0xd3961748836bd2c9d1470428f11d500201b7008371b5bc0d6679a64c74e3a9a9,1754419568686,USDC,vaultDeposit,0x5aeb1821f596d2d9ffe182d3f914b274a80511cc,0xdfc24b077bc1425ad1dea75bcb6f8158e10df303,-502153.07,0,0
DEPOSIT,0x7e22444513583f09edb13d1d39ee4359a6523df27e5edb1dd99c149394b0b48e,1754419543194,USDC,Deposit,Arbitrum,0x5aeb1821f596d2d9ffe182d3f914b274a80511cc,502153.07,0,0
VAULT,0x484bb88c79d7dcb823470428e3da200204d300298aa1e773c055f4d140c44a1b,1754351710883,USDC,vaultDeposit,0x5aeb1821f596d2d9ffe182d3f914b274a80511cc,0xdfc24b077bc1425ad1dea75bcb6f8158e10df303,-289067.21,0,0
DEPOSIT,0x83b0b99ab2592eb6f32ff85c840eb6cf8ab4e87606eeabe4ab8b37186e83c3c1,1754351670266,USDC,Deposit,Arbitrum,0x5aeb1821f596d2d9ffe182d3f914b274a80511cc,289067.21,0,0
VAULT,0xd04496373328c0d8d4c70428e2dbc4016c002eae5b32abc986fc9d2e4fa7fbec,1754346640501,USDC,vaultDeposit,0x5aeb1821f596d2d9ffe182d3f914b274a80511cc,0xdfc24b077bc1425ad1dea75bcb6f8158e10df303,-703681.81,0,0
DEPOSIT,0x87663e81c7683b2c7a090c2e49bb6ed0cda6b96d04a7f578b173e7f0d3782860,1754346535102,USDC,Deposit,Arbitrum,0x5aeb1821f596d2d9ffe182d3f914b274a80511cc,703681.81,0,0
VALIDATING,0x89878de38ceeb069427a04286ac90101420040b563ccc5dc0ff29c4af4d360b1,1753724441974,-,tokenDelegate,0x5aeb1821f596d2d9ffe182d3f914b274a80511cc,-,-,-1,0
DEPOSIT,0x25869b4396d9587808db04286ac8280171006524987e892065f2a6c446669b00,1753724425195,HYPE,cStakingTransfer,Spot,Staking,-,0,0
TRANSFER,0x8f06084821ab67b740ff04286ac545020434006ef4dfdf342a70e28e3a8f5cb8,1753724365015,HYPE,Transfer,0x2222222222222222222222222222222222222222,0x5aeb1821f596d2d9ffe182d3f914b274a80511cc,6582426.93736896,0,0
TRANSFER,0xf0d416b5fab5d3c7c46304286ac137020132009206945ba77458278749389bac,1753724284650,HYPE,Transfer,0x5aeb1821f596d2d9ffe182d3f914b274a80511cc,0x2222222222222222222222222222222222222222,-6582426.96585575,0,0
TRANSFER,0x56e2a5395a8be4d220670427fd649e020975006209b1dce7474c95832f3aef5b,1753162744064,HYPE,Transfer,0x2222222222222222222222222222222222222222,0x5aeb1821f596d2d9ffe182d3f914b274a80511cc,39.02282712811,0,0
TRANSFER,0x9ece4d4af5279894c0300427fd45f20201ee001ae16d889bed533f0f007b8231,1753162109701,HYPE,Transfer,0x5aeb1821f596d2d9ffe182d3f914b274a80511cc,0x2222222222222222222222222222222222222222,-39.023,0,0
WITHDRAW,0x2a33facd3e7cf44c1005c8ef4eba8f126263dd909124b176f28377f3cd8ba42c,1751753974677,USDC,Withdraw,0x5aeb1821f596d2d9ffe182d3f914b274a80511cc,Arbitrum,-1000004.233654,0,1
VAULT,0x1f4a5152df9438d0a3d90426e7b6c002019100c578eaaf056cc4f04860592ac4,1751753716147,USDC,vaultWithdraw,0xdfc24b077bc1425ad1dea75bcb6f8158e10df303,0x5aeb1821f596d2d9ffe182d3f914b274a80511cc,1000005.233654,0,0
WITHDRAW,0xbac019e931bb898fc17f78512a8d1fe6456f983ef61f56cafa2ff6b3aaa1a7e7,1751750133641,USDC,Withdraw,0x5aeb1821f596d2d9ffe182d3f914b274a80511cc,Arbitrum,-1333139.66,0,1
VAULT,0x197bf5f57d8d15cb98d50426e6f83b01a8005d876e679f68e4fb04fb6ab3faff,1751749868151,USDC,vaultWithdraw,0xdfc24b077bc1425ad1dea75bcb6f8158e10df303,0x5aeb1821f596d2d9ffe182d3f914b274a80511cc,1333140.66,0,0
WITHDRAW,0xac54367a86ec493d2db3b5d40da8f5073c6c0f15984a197be2ae3af187c652f9,1751585575966,USDC,Withdraw,0x5aeb1821f596d2d9ffe182d3f914b274a80511cc,Arbitrum,-499999,0,1
VAULT,0x31083951aa233c3689850426c6a17201bf00e8cd711a2273b9fd2ad8dc7eafce,1751585318519,USDC,vaultWithdraw,0xdfc24b077bc1425ad1dea75bcb6f8158e10df303,0x5aeb1821f596d2d9ffe182d3f914b274a80511cc,500000,0,0
WITHDRAW,0xb7aac8fecc5d1fe1d65ccb502b8fb779450d1d7463d7f055585558bee7570f9d,1751584994018,USDC,Withdraw,0x5aeb1821f596d2d9ffe182d3f914b274a80511cc,Arbitrum,-749999,0,1
VAULT,0x98e4d7de3663ce9d08db0426c6808502011f00f4faf57982d7e2409147d9f17c,1751584665655,USDC,vaultWithdraw,0xdfc24b077bc1425ad1dea75bcb6f8158e10df303,0x5aeb1821f596d2d9ffe182d3f914b274a80511cc,750000,0,0
SPOT,0xee17783b47cd28405e8f0425310eaf01f80033bfb64b74df59e973410d985e61,1749520770587,HYPE,order,0x5aeb1821f596d2d9ffe182d3f914b274a80511cc,limit,-999999.7727999999,-1,0
SPOT,0x663293fc467100ecf9860425310bff02013000629422de1c69e54282b4e36e7d,1749520715218,HYPE,order,0x5aeb1821f596d2d9ffe182d3f914b274a80511cc,limit,-999999.7534999999,-1,0
WITHDRAW,0x5863555a9dfb727c8f4d81cd3d1cfe3fab35088be5debdc580d9669812c757d8,1748889694572,USDC,Withdraw,0x5aeb1821f596d2d9ffe182d3f914b274a80511cc,Arbitrum,-3098.999999,0,1
VAULT,0x4b121199b4a7f9c262c00424b6409001fc009f7128fbfee165c719e72ebd6c25,1748889347316,USDC,vaultWithdraw,0xdfc24b077bc1425ad1dea75bcb6f8158e10df303,0x5aeb1821f596d2d9ffe182d3f914b274a80511cc,1550,0,0
VAULT,0x5f882cb2346a2343e06c0424b63bae0201e500f6c0b83344c6105edbf50a1c63,1748889250610,USDC,vaultWithdraw,0xdfc24b077bc1425ad1dea75bcb6f8158e10df303,0x5aeb1821f596d2d9ffe182d3f914b274a80511cc,1549.999999,0,0
VAULT,0x3d232a12a94541ab8023042464393702018c00bceecce6e75659b94b6120ca01,1748468431153,USDC,vaultDeposit,0x5aeb1821f596d2d9ffe182d3f914b274a80511cc,0xdfc24b077bc1425ad1dea75bcb6f8158e10df303,-753139.33,0,0
DEPOSIT,0x0b7a35e1178802a1768c375717238aaf5419cca8a2592dfff5ce4297d21ef630,1748468405917,USDC,Deposit,Arbitrum,0x5aeb1821f596d2d9ffe182d3f914b274a80511cc,753139.33,0,0
VAULT,0x3adefa1de2a32ac2553104246386d201b0002b7575ee2d573152b3106277c3cb,1748464919609,USDC,vaultDeposit,0x5aeb1821f596d2d9ffe182d3f914b274a80511cc,0xdfc24b077bc1425ad1dea75bcb6f8158e10df303,-598102.74,0,0
DEPOSIT,0x8cbd150c88f2e1f1d7d6c2b80b5c31ad3e448a39a5c31d86f15728f776b86c97,1748464770594,USDC,Deposit,Arbitrum,0x5aeb1821f596d2d9ffe182d3f914b274a80511cc,598102.74,0,0
VAULT,0x3132178ea56f6c1ba4ac04243f145b02018400cb918ab17d3be34ffb842b6e47,1748280686801,USDC,vaultDeposit,0x5aeb1821f596d2d9ffe182d3f914b274a80511cc,0xdfc24b077bc1425ad1dea75bcb6f8158e10df303,-1703695.89,0,0
DEPOSIT,0x68e0dd709bdf7f701d7e6f39ec1c08fe62edd44da8da9a1022ead160cf857fad,1748280625240,USDC,Deposit,Arbitrum,0x5aeb1821f596d2d9ffe182d3f914b274a80511cc,1703695.89,0,0
VAULT,0x9990a5db758ad0c306a204239b800f0203dc00dc9f7067f5b36e7aa7a70de943,1747445601656,USDC,vaultDeposit,0x5aeb1821f596d2d9ffe182d3f914b274a80511cc,0xdfc24b077bc1425ad1dea75bcb6f8158e10df303,-500000,0,0
DEPOSIT,0x9366235b8639ec4130671a371508eae94b4c4528656937a5852f2135c0e7ab06,1747445327207,USDC,Deposit,Arbitrum,0x5aeb1821f596d2d9ffe182d3f914b274a80511cc,500000,0,0
SPOT,0xfc2b736e9d4416fc75f0041b8e64dc0201b300dfefa4a54d126e8729f782c552,1736985301272,STAR,Genesis,0x0000000000000000000000000000000000000000,0x5aeb1821f596d2d9ffe182d3f914b274a80511cc,-,0,0
WITHDRAW,0xa06197156066929d48b087716a3867c42192e706903ff7711d266bf5f9bb8446,1735226981599,USDC,Withdraw,0x5aeb1821f596d2d9ffe182d3f914b274a80511cc,Arbitrum,-3436869.09,0,1
TRANSFER,0xc7112e654ebbc715b0b3041a0893c10167007255b1c19ed2679aa61c0b024673,1735226753434,USDC,InternalTransfer,SPOT,PERP,3436870.09,0,0
TRANSFER,0xa72d61f7b90729bc59fe0419fd8a810181007f06f5fe08dc28d1b9f0d6e3f631,1735160411374,USDC,InternalTransfer,PERP,SPOT,8002953.28,0,0
DEPOSIT,0x15f89e79471892bd4ff2ebc94f9c0af632a3633f82ba9bde2e81ea01502fc05e,1735160404577,USDC,Deposit,Arbitrum,0x5aeb1821f596d2d9ffe182d3f914b274a80511cc,8002953.28,0,0
WITHDRAW,0x4b07aa7d3857def49d27b9e5fe1186ab97348e401485a297ae6beb23fa2a6824,1735126765814,USDC,Withdraw,0x5aeb1821f596d2d9ffe182d3f914b274a80511cc,Arbitrum,-8002953.28,0,1
TRANSFER,0x70182d3f977e698c1a9b0419f7e66a015f006972f905bd035524ff1ee0312482,1735126490767,USDC,InternalTransfer,SPOT,PERP,8002954.28,0,0
TRANSFER,0xfa7c3ecd2878dc669bc80419f2f594018c008911a7047d6e1179cefeedc414cc,1735096788457,USDC,InternalTransfer,PERP,SPOT,8002953.98,0,0
DEPOSIT,0x5d3a6d05120978d73b4cab7c87cd527bdb66478a36c23c8c9a90707c1e9fc9cb,1735096771049,USDC,Deposit,Arbitrum,0x5aeb1821f596d2d9ffe182d3f914b274a80511cc,8002953.98,0,0
WITHDRAW,0xa349ed2a45d07b6e6397ba4990629ebbdafd6dbc26d255dcea6085985fc10e83,1734788432151,USDC,Withdraw,0x5aeb1821f596d2d9ffe182d3f914b274a80511cc,Arbitrum,-4024493.61,0,1
TRANSFER,0x63833dc131b950c6fa0e0419bfc7bb02016c00dc5e8de5482c6cb40672927172,1734788172317,USDC,InternalTransfer,SPOT,PERP,4024494.61,0,0
WITHDRAW,0x14a03244880ae82a3ba12a6427db4b54c4b42780568d6aeae6f22520fcc056b6,1734744788161,USDC,Withdraw,0x5aeb1821f596d2d9ffe182d3f914b274a80511cc,Arbitrum,-198.99,0,1
TRANSFER,0xf2a11bad405a645780b20419b86560015d006bc9c71032671a04dc636a30fad0,1734744549325,USDC,InternalTransfer,SPOT,PERP,199.99,0,0
WITHDRAW,0xae43e0e39fee293c103cde781bd24e7d3df1ab9b25180020a83718a1bc0cdc9d,1734387961360,USDC,Withdraw,0x5aeb1821f596d2d9ffe182d3f914b274a80511cc,Arbitrum,-11444.528913,0,1
TRANSFER,0x3419f3360894d99b62bd041968298001270067ccbb655cf07a29f99e2391bd04,1734387568516,USDC,InternalTransfer,SPOT,PERP,11445.52,0,0
TRANSFER,0x422671cbc79d582e57e50419681c52013300b7c7f4ddc617f6c2450494fce3d7,1734387352070,USDC,InternalTransfer,PERP,SPOT,11445.52,0,0
TRANSFER,0x162865d2cb066f3676610419681a08017e00b22cc1f4cd3a61c119295ad55f18,1734387315129,USDC,InternalTransfer,SPOT,PERP,11445.52,0,0
TRANSFER,0xbc8ea76acc4d85a905be0419681014014d00548484d57b047d91d2c4f49df126,1734387152754,USDC,InternalTransfer,PERP,SPOT,11445.52,0,0
TRANSFER,0xc3b26936ee2ccc3c67220419680f7e012d004005ede0aec0295eca46ce972bb3,1734387143364,USDC,InternalTransfer,SPOT,PERP,2563.66,0,0
DEPOSIT,0xeab4c6c75edfdc5db527a2bfe98615d40bb1f8e788ed78b2c62771232bfc5059,1734387121738,USDC,Deposit,Arbitrum,0x5aeb1821f596d2d9ffe182d3f914b274a80511cc,8881.868913,0,0
SPOT,0x4a951a88878d5a627ae7041960ceb701a200f2a57689e24ceae0471bbf6c05d0,1734356661157,VAULT,Genesis,0x0000000000000000000000000000000000000000,0x5aeb1821f596d2d9ffe182d3f914b274a80511cc,-,0,0
TRANSFER,0xf70634aa8fb481ecd3940419585bdd017500eb8c1162d4f5fd67fd2ae4b43e29,1734321153222,USDC,InternalTransfer,PERP,SPOT,2808595.41,0,0
DEPOSIT,0x32e60da0f443f4a98b9e6bf5cc5969fab2990fa22f48a5fec3e10b3e7bf6f902,1734320981655,USDC,Deposit,Arbitrum,0x5aeb1821f596d2d9ffe182d3f914b274a80511cc,2808595.41,0,0
TRANSFER,0xd8117a37db4fd4ad03b404187d4a8b020115004eb642afc3d4db29d794aad51b,1733410464364,USDC,InternalTransfer,PERP,SPOT,160000,0,0
DEPOSIT,0x63a720e1d7f4d32fff23e1bebf2daa2457a8b1aedf252586bfc469016a38e911,1733410437560,USDC,Deposit,Arbitrum,0x5aeb1821f596d2d9ffe182d3f914b274a80511cc,160000,0,0
TRANSFER,0x902c6ec02ff0de23639b04186b50f7020130008e4ae2e1d620f9ed5379a2c9a8,1733335372296,USDC,InternalTransfer,PERP,SPOT,84702.3,0,0
DEPOSIT,0x9296a55d5bb82d485560c12b2197a9a5c4da13f118aa68b545686fe3f71d2fde,1733335365588,USDC,Deposit,Arbitrum,0x5aeb1821f596d2d9ffe182d3f914b274a80511cc,84702.3,0,0
TRANSFER,0x21a1dcdad0248353428c04186ad9e802014d00c8a0fa2cc30cc7ad7062a1e7df,1733333423327,USDC,InternalTransfer,PERP,SPOT,100,0,0
DEPOSIT,0x1dc8bd5c8ec017b1197f0bad7d2547b17be4689c98803efebfcdbfbb8d0d0a53,1733333376905,USDC,Deposit,Arbitrum,0x5aeb1821f596d2d9ffe182d3f914b274a80511cc,100,0,0