class,hash,time,token,type,amount,from,to,px
PERP,0x0000000000000000000000000000000000000000000000000000000000000000,1763467454048,HYPE-USD,Twap,95983.03999999998,0xffffffffffffffffffffffffffffffffffffffff,0xe7ec7fbf4f195fc8e57d814e15c3a2857cb632a3,41.049332272716924
SPOT,0x0000000000000000000000000000000000000000000000000000000000000000,1763459944030,UXPL,Twap,1499526.3000000005,0xffffffffffffffffffffffffffffffffffffffff,0xe7ec7fbf4f195fc8e57d814e15c3a2857cb632a3,0.2559509708520224
PERP,0x6b8136121eb956ba6cfa042fb1bfce02047500f7b9bc758c0f49e164ddbd30a5,1763437905025,ETH-USD,Open Long,80.8472,0xffffffffffffffffffffffffffffffffffffffff,0xe7ec7fbf4f195fc8e57d814e15c3a2857cb632a3,3025
PERP,0xd4e58139523f42dcd65f042fb1bfce02046d001eed3261ae78ae2c8c11331cc7,1763437905025,ETH-USD,Open Long,6.7842,0xffffffffffffffffffffffffffffffffffffffff,0xe7ec7fbf4f195fc8e57d814e15c3a2857cb632a3,3025
PERP,0x22120a9e38ae0061238b042fb1bfce02046c0083d3a11f33c5dab5f0f7a1da4b,1763437905025,ETH-USD,Open Long,44.3889,0xffffffffffffffffffffffffffffffffffffffff,0xe7ec7fbf4f195fc8e57d814e15c3a2857cb632a3,3025
PERP,0x6f3e94031f1cbde570b8042fb1bfce02046b00e8ba1fdcb713073f55de1097d0,1763437905025,ETH-USD,Open Long,0.0495,0xffffffffffffffffffffffffffffffffffffffff,0xe7ec7fbf4f195fc8e57d814e15c3a2857cb632a3,3025
PERP,0xf11d42fb9f46717af296042fb1bfce02046600e13a49904d94e5ee4e5e4a4b65,1763437905025,ETH-USD,Open Long,224.2222,0xffffffffffffffffffffffffffffffffffffffff,0xe7ec7fbf4f195fc8e57d814e15c3a2857cb632a3,3025
PERP,0x3e49cc6085b52eff3fc3042fb1bfce020465004620b84dd1e21277b344b908e9,1763437905025,ETH-USD,Open Long,0.8462,0xffffffffffffffffffffffffffffffffffffffff,0xe7ec7fbf4f195fc8e57d814e15c3a2857cb632a3,3025
PERP,0x777ef0a0e370fc3578f8042fb1bfcd02046600867e741b071b479bf3a274d620,1763437904923,ETH-USD,Open Long,0.58,0xffffffffffffffffffffffffffffffffffffffff,0xe7ec7fbf4f195fc8e57d814e15c3a2857cb632a3,3025
PERP,0xc4ab7a05c9efb9b9c625042fb1bfcd02046500eb64e2d88b6874255888e393a4,1763437904923,ETH-USD,Open Long,4.504,0xffffffffffffffffffffffffffffffffffffffff,0xe7ec7fbf4f195fc8e57d814e15c3a2857cb632a3,3025
PERP,0x7f9585ef22c71c02810f042fb1bfbf0203e900d4bdca3ad4235e3141e1caf5ed,1763437904025,ETH-USD,Open Long,0.0045,0xffffffffffffffffffffffffffffffffffffffff,0xe7ec7fbf4f195fc8e57d814e15c3a2857cb632a3,3025
PERP,0xd771d1a2c7d75db2d8eb042fb1bf8602023f008862da7c847b3a7cf586db379d,1763437899456,ETH-USD,Open Long,0.0601,0xffffffffffffffffffffffffffffffffffffffff,0xe7ec7fbf4f195fc8e57d814e15c3a2857cb632a3,3025
PERP,0xfaebf0d1837e5f7ffc65042fb1bf810204e200b71e717e529eb49c244272396a,1763437899120,ETH-USD,Open Long,0.0117,0xffffffffffffffffffffffffffffffffffffffff,0xe7ec7fbf4f195fc8e57d814e15c3a2857cb632a3,3025
PERP,0x0000000000000000000000000000000000000000000000000000000000000000,1763437899057,ETH-USD,Open Long,0.0041,0xffffffffffffffffffffffffffffffffffffffff,0xe7ec7fbf4f195fc8e57d814e15c3a2857cb632a3,3025
PERP,0x8e4381e101af49f48fbd042fb1bf670203a501029ca268c6320c2d33c0a323df,1763437897109,ETH-USD,Open Long,0.1652,0xffffffffffffffffffffffffffffffffffffffff,0xe7ec7fbf4f195fc8e57d814e15c3a2857cb632a3,3025
PERP,0xcb56c85595ee9e4dccd0042fb1bf670203a3003b30e1bd1f6f1f73a854e27838,1763437897109,ETH-USD,Open Long,0.4139,0xffffffffffffffffffffffffffffffffffffffff,0xe7ec7fbf4f195fc8e57d814e15c3a2857cb632a3,3025
PERP,0xb52d46b7941326c8b6a7042fb1bf640203cd009d2f16459a58f5f20a531700b3,1763437896907,ETH-USD,Open Long,0.0905,0xffffffffffffffffffffffffffffffffffffffff,0xe7ec7fbf4f195fc8e57d814e15c3a2857cb632a3,3025
PERP,0x39070a3d0cddb4993a80042fb1bf0c0202f10022a7d0d36bdccfb58fcbd18e83,1763437889940,ETH-USD,Open Long,0.6341,0xffffffffffffffffffffffffffffffffffffffff,0xe7ec7fbf4f195fc8e57d814e15c3a2857cb632a3,3025
PERP,0xae0e13f724ff28b7af87042fb1bef502067600dcbff2478951d6bf49e3f302a2,1763437888143,ETH-USD,Open Long,0.9917,0xffffffffffffffffffffffffffffffffffffffff,0xe7ec7fbf4f195fc8e57d814e15c3a2857cb632a3,3025
PERP,0x24756471799593c825ef042fb1bef402021500571498b29ac83e0fc438996db2,1763437888046,ETH-USD,Open Long,0.9914,0xffffffffffffffffffffffffffffffffffffffff,0xe7ec7fbf4f195fc8e57d814e15c3a2857cb632a3,3025
PERP,0x15adc0984b1116e11727042fb1bed70205310101e61435b3b9766beb0a14f0cb,1763437885533,ETH-USD,Open Long,0.1653,0xffffffffffffffffffffffffffffffffffffffff,0xe7ec7fbf4f195fc8e57d814e15c3a2857cb632a3,3025
PERP,0xa337bbe34943c7f0a4b1042fb1bed702051900c8e446e6c2470067360847a1db,1763437885533,ETH-USD,Open Long,1.926,0xffffffffffffffffffffffffffffffffffffffff,0xe7ec7fbf4f195fc8e57d814e15c3a2857cb632a3,3025
PERP,0x0a1282ce00d384b00b8c042fb1bed5020d8400b39bd6a382addb2e20bfd75e9a,1763437885389,ETH-USD,Open Long,0.0601,0xffffffffffffffffffffffffffffffffffffffff,0xe7ec7fbf4f195fc8e57d814e15c3a2857cb632a3,3025
PERP,0xceaba771984186b7d025042fb1bed40204d800573344a589727452c4574560a2,1763437885335,ETH-USD,Open Long,0.0079,0xffffffffffffffffffffffffffffffffffffffff,0xe7ec7fbf4f195fc8e57d814e15c3a2857cb632a3,3025
PERP,0x035dcd05320c7cc904d7042fb1bed40204d400eacd0f9b9ba7267857f10056b3,1763437885335,ETH-USD,Open Long,0.0601,0xffffffffffffffffffffffffffffffffffffffff,0xe7ec7fbf4f195fc8e57d814e15c3a2857cb632a3,3025
PERP,0x10503e672033b92f11c9042fb1bed00205c3004cbb36d801b418e9b9df379319,1763437885088,ETH-USD,Open Long,0.0474,0xffffffffffffffffffffffffffffffffffffffff,0xe7ec7fbf4f195fc8e57d814e15c3a2857cb632a3,3025
PERP,0x97a68115be6268ad9920042fb1becc0209b200fb5965877f3b6f2c687d664298,1763437884829,ETH-USD,Open Long,0.2165,0xffffffffffffffffffffffffffffffffffffffff,0xe7ec7fbf4f195fc8e57d814e15c3a2857cb632a3,3025
PERP,0x1985300e3e9c1c431afe042fb1becc0209ad00f3d99f3b15bd4ddb60fd9ff62d,1763437884829,ETH-USD,Open Long,0.0044,0xffffffffffffffffffffffffffffffffffffffff,0xe7ec7fbf4f195fc8e57d814e15c3a2857cb632a3,3025
PERP,0x6e2c755525c1a81d6fa6042fb1becc020998003ac0c4c6ef11f520a7e4c58208,1763437884829,ETH-USD,Open Long,0.331,0xffffffffffffffffffffffffffffffffffffffff,0xe7ec7fbf4f195fc8e57d814e15c3a2857cb632a3,3025
PERP,0x0afe9a340b1782280c78042fb1becb02037a0019a61aa0faaec74586ca1b5c12,1763437884730,ETH-USD,Open Long,0.0495,0xffffffffffffffffffffffffffffffffffffffff,0xe7ec7fbf4f195fc8e57d814e15c3a2857cb632a3,3025
PERP,0xe8d75e0744846527ea51042fb1bec90203b300ecdf8783f98ca0095a03883f12,1763437884528,ETH-USD,Open Long,0.0495,0xffffffffffffffffffffffffffffffffffffffff,0xe7ec7fbf4f195fc8e57d814e15c3a2857cb632a3,3025
PERP,0xea0b7b4f67d8813deb85042fb1bec702063a003502dba00f8dd426a226dc5b28,1763437884327,ETH-USD,Open Long,0.0661,0xffffffffffffffffffffffffffffffffffffffff,0xe7ec7fbf4f195fc8e57d814e15c3a2857cb632a3,3025
PERP,0x117b56e4b609e55d12f5042fb1bec702061500ca510d042fb5440237750dbf47,1763437884327,ETH-USD,Open Long,80.6287,0xffffffffffffffffffffffffffffffffffffffff,0xe7ec7fbf4f195fc8e57d814e15c3a2857cb632a3,3025
PERP,0x5ea7e0499c78a2e16021042fb1bec7020614002f377bc1b302708b9c5b7c7ccc,1763437884327,ETH-USD,Open Long,0.0495,0xffffffffffffffffffffffffffffffffffffffff,0xe7ec7fbf4f195fc8e57d814e15c3a2857cb632a3,3025
PERP,0xdf62f252658a4bfce0dc042fb1bec6020c510105008d6ace832b9da5248e25e7,1763437884223,ETH-USD,Open Long,0.1653,0xffffffffffffffffffffffffffffffffffffffff,0xe7ec7fbf4f195fc8e57d814e15c3a2857cb632a3,3025
PERP,0x1bc5a01a25f69bd01d3f042fb1bec6020c3100ffc0f9baa2bf8e4b6ce4fa75ba,1763437884223,ETH-USD,Open Long,0.0495,0xffffffffffffffffffffffffffffffffffffffff,0xe7ec7fbf4f195fc8e57d814e15c3a2857cb632a3,3025
PERP,0x1f82fe0b265a02fb20fc042fb1bec6020c2700f0c15d21cdc34ba95de55ddce5,1763437884223,ETH-USD,Open Long,0.0496,0xffffffffffffffffffffffffffffffffffffffff,0xe7ec7fbf4f195fc8e57d814e15c3a2857cb632a3,3025
PERP,0xa161ad03a683b690a2db042fb1bec6020c2200e94186d562452a58566587907b,1763437884223,ETH-USD,Open Long,0.0495,0xffffffffffffffffffffffffffffffffffffffff,0xe7ec7fbf4f195fc8e57d814e15c3a2857cb632a3,3025
PERP,0x4500672f942e495c467a042fb1bec50207d100152f21682ee8c9128253222346,1763437884088,ETH-USD,Open Long,1.1579,0xffffffffffffffffffffffffffffffffffffffff,0xe7ec7fbf4f195fc8e57d814e15c3a2857cb632a3,3025
PERP,0xd1afdd37ece48281d329042fb1bec202068c001d87e7a1537578888aabe85c6c,1763437883889,ETH-USD,Open Long,0.0495,0xffffffffffffffffffffffffffffffffffffffff,0xe7ec7fbf4f195fc8e57d814e15c3a2857cb632a3,3025
PERP,0x1edc669cd35340062056042fb1bec202068b00826e565ed8c2a511ef925719f0,1763437883889,ETH-USD,Open Long,0.0495,0xffffffffffffffffffffffffffffffffffffffff,0xe7ec7fbf4f195fc8e57d814e15c3a2857cb632a3,3025
PERP,0xd99915a64d51fcf3db12042fb1bec10208f0008be8551bc57d61c0f90c55d6de,1763437883698,ETH-USD,Open Long,0.0496,0xffffffffffffffffffffffffffffffffffffffff,0xe7ec7fbf4f195fc8e57d814e15c3a2857cb632a3,3025
PERP,0xf98e35599acc92bcfb07042fb1bec10208df003f35cfb18f9d56e0ac59c06ca7,1763437883698,ETH-USD,Open Long,0.0495,0xffffffffffffffffffffffffffffffffffffffff,0xe7ec7fbf4f195fc8e57d814e15c3a2857cb632a3,3025
PERP,0x46babebe813b50414834042fb1bec10208de00a41c3e6f13ea836a11403f2a2b,1763437883698,ETH-USD,Open Long,0.0495,0xffffffffffffffffffffffffffffffffffffffff,0xe7ec7fbf4f195fc8e57d814e15c3a2857cb632a3,3025
PERP,0x7b6ce4521af646527ce6042fb1bec10208da0037b5f965241f358fa4d9fa203d,1763437883698,ETH-USD,Open Long,0.0496,0xffffffffffffffffffffffffffffffffffffffff,0xe7ec7fbf4f195fc8e57d814e15c3a2857cb632a3,3025
PERP,0x15c5f71be7d3c15b173f042fb1bec10208d8000182d6e02db98ea26ea6d79b45,1763437883698,ETH-USD,Open Long,0.0165,0xffffffffffffffffffffffffffffffffffffffff,0xe7ec7fbf4f195fc8e57d814e15c3a2857cb632a3,3025
PERP,0x97a4a614680d74f0991e042fb1bec10208d300fa030093c23b6d516727014edb,1763437883698,ETH-USD,Open Long,0.0165,0xffffffffffffffffffffffffffffffffffffffff,0xe7ec7fbf4f195fc8e57d814e15c3a2857cb632a3,3025
PERP,0x1983550ce83728861afd042fb1bec10208ce00f2833a4758bd4c005fa73b0270,1763437883698,ETH-USD,Open Long,0.0495,0xffffffffffffffffffffffffffffffffffffffff,0xe7ec7fbf4f195fc8e57d814e15c3a2857cb632a3,3025
PERP,0x66afde71cea5e60a6829042fb1bec10208cd005769a904dc0a7889c48da9bff5,1763437883698,ETH-USD,Open Long,0.0495,0xffffffffffffffffffffffffffffffffffffffff,0xe7ec7fbf4f195fc8e57d814e15c3a2857cb632a3,3025
PERP,0x0108f13b9b8361130282042fb1bec10208cb002136867fe5a4d19c8e5a873afd,1763437883698,ETH-USD,Open Long,0.0495,0xffffffffffffffffffffffffffffffffffffffff,0xe7ec7fbf4f195fc8e57d814e15c3a2857cb632a3,3025
PERP,0xb58f959c6b08ae48b709042fb1bec10208830082060bcd1a595840ef2a0c8833,1763437883698,ETH-USD,Open Long,7.2274,0xffffffffffffffffffffffffffffffffffffffff,0xe7ec7fbf4f195fc8e57d814e15c3a2857cb632a3,3025
PERP,0x02bc1f0151776bcd0435042fb1bec102088200e6ec7a8a9fa684ca54107b45b7,1763437883698,ETH-USD,Open Long,31.3833,0xffffffffffffffffffffffffffffffffffffffff,0xe7ec7fbf4f195fc8e57d814e15c3a2857cb632a3,3025
PERP,0x5fa3e2afcc7ca81e611d042fb1bec00205770095677fc6f0036c8e028b708209,1763437883697,ETH-USD,Open Long,0.331,0xffffffffffffffffffffffffffffffffffffffff,0xe7ec7fbf4f195fc8e57d814e15c3a2857cb632a3,3025
PERP,0x9456084366379e2f95cf042fb1bec00205730029013abd01381eb396253b781a,1763437883697,ETH-USD,Open Long,8.0652,0xffffffffffffffffffffffffffffffffffffffff,0xe7ec7fbf4f195fc8e57d814e15c3a2857cb632a3,3025
PERP,0x2eaf1b0d331519383028042fb1bec002057100f2ce18380ad277c65ff218f322,1763437883697,ETH-USD,Open Long,0.006,0xffffffffffffffffffffffffffffffffffffffff,0xe7ec7fbf4f195fc8e57d814e15c3a2857cb632a3,3025
PERP,0x7bdba4721983d6bc7d55042fb1bec00205700057b486f58e1fa44fc4d887b0a7,1763437883697,ETH-USD,Open Long,0.0476,0xffffffffffffffffffffffffffffffffffffffff,0xe7ec7fbf4f195fc8e57d814e15c3a2857cb632a3,3025
PERP,0x1634b73be66151c517ae042fb1bec002056e002181647097b9fd628ea5652baf,1763437883697,ETH-USD,Open Long,6.4903,0xffffffffffffffffffffffffffffffffffffffff,0xe7ec7fbf4f195fc8e57d814e15c3a2857cb632a3,3025
PERP,0xb08dca05b34ecccdb207042fb1bec002056c00eb4e41eb9f545675587242a6b8,1763437883697,ETH-USD,Open Long,33.365,0xffffffffffffffffffffffffffffffffffffffff,0xe7ec7fbf4f195fc8e57d814e15c3a2857cb632a3,3025
PERP,0xd09a85a99b502f22d214042fb1bebf02045a008f36534df4746330fc5a54090d,1763437883618,ETH-USD,Open Long,172.4653,0xffffffffffffffffffffffffffffffffffffffff,0xe7ec7fbf4f195fc8e57d814e15c3a2857cb632a3,3025
PERP,0x1dc70f0e81ceeca71f40042fb1bebf02045900f41cc20b79c18fba6140c2c691,1763437883618,ETH-USD,Open Long,1.5269,0xffffffffffffffffffffffffffffffffffffffff,0xe7ec7fbf4f195fc8e57d814e15c3a2857cb632a3,3025
PERP,0x054cab3d351b253406c6042fb1bebf0204560022d01e4406a915568ff41eff1e,1763437883618,ETH-USD,Open Long,0.0165,0xffffffffffffffffffffffffffffffffffffffff,0xe7ec7fbf4f195fc8e57d814e15c3a2857cb632a3,3025
PERP,0x9fa5be0701f8a03ca11f042fb1bebf02045400ec9cfbbf0e436e6959c0fc7a27,1763437883618,ETH-USD,Open Long,26.931,0xffffffffffffffffffffffffffffffffffffffff,0xe7ec7fbf4f195fc8e57d814e15c3a2857cb632a3,3025
PERP,0xecd2476be8675dc0ee4c042fb1bebf0204530051836a7c92909af2bea76b37ab,1763437883618,ETH-USD,Open Long,0.0165,0xffffffffffffffffffffffffffffffffffffffff,0xe7ec7fbf4f195fc8e57d814e15c3a2857cb632a3,3025
PERP,0x872b5a35b544d8c988a5042fb1bebf020451001b5047f79b2af405887448b2b4,1763437883618,ETH-USD,Open Long,0.0165,0xffffffffffffffffffffffffffffffffffffffff,0xe7ec7fbf4f195fc8e57d814e15c3a2857cb632a3,3025
PERP,0xd457e39a9bb3964dd5d1042fb1bebf020450008036b6b51f78208eed5ab77038,1763437883618,ETH-USD,Open Long,0.0165,0xffffffffffffffffffffffffffffffffffffffff,0xe7ec7fbf4f195fc8e57d814e15c3a2857cb632a3,3025
PERP,0x21846cff822253d222fe042fb1bebf02044f00e51d2572a4c54d185241262dbc,1763437883618,ETH-USD,Open Long,4.5794,0xffffffffffffffffffffffffffffffffffffffff,0xe7ec7fbf4f195fc8e57d814e15c3a2857cb632a3,3025
PERP,0x6eb0f66468911156702a042fb1bebf02044e004a039430281279a1b72794eb41,1763437883618,ETH-USD,Open Long,19.8143,0xffffffffffffffffffffffffffffffffffffffff,0xe7ec7fbf4f195fc8e57d814e15c3a2857cb632a3,3025
PERP,0xde0ba22badd503b7df85042fb1bebd020b4c001148d8228981d44d7e6cd8dda2,1763437883480,ETH-USD,Open Long,0.0661,0xffffffffffffffffffffffffffffffffffffffff,0xe7ec7fbf4f195fc8e57d814e15c3a2857cb632a3,3025
PERP,0x7864b4f57ab27ec079de042fb1bebd020b4a00db15b59d921c2d604839b658ab,1763437883480,ETH-USD,Open Long,0.0165,0xffffffffffffffffffffffffffffffffffffffff,0xe7ec7fbf4f195fc8e57d814e15c3a2857cb632a3,3025
PERP,0xc5913e5a61213c44c70a042fb1bebd020b49003ffc245b166959e9ad2025162f,1763437883480,ETH-USD,Open Long,0.0165,0xffffffffffffffffffffffffffffffffffffffff,0xe7ec7fbf4f195fc8e57d814e15c3a2857cb632a3,3025
PERP,0x12bdc7bf479ff9c91437042fb1bebd020b4800a4e293189bb68673120693d3b3,1763437883480,ETH-USD,Open Long,0.0165,0xffffffffffffffffffffffffffffffffffffffff,0xe7ec7fbf4f195fc8e57d814e15c3a2857cb632a3,3025
PERP,0x949c76b7c7c9ad5e9616042fb1bebd020b43009d62cccc303865220a86cd8749,1763437883480,ETH-USD,Open Long,0.0896,0xffffffffffffffffffffffffffffffffffffffff,0xe7ec7fbf4f195fc8e57d814e15c3a2857cb632a3,3025
PERP,0x0e5265031e35ef300fcc042fb1bebd020a4200e8b9390e02b21b1055dd39c91a,1763437883480,ETH-USD,Open Long,0.2372,0xffffffffffffffffffffffffffffffffffffffff,0xe7ec7fbf4f195fc8e57d814e15c3a2857cb632a3,3025
PERP,0xc3f5ce4f154f703dc56f042fb1bebc0207a00034b0428f0f67be79a1d4434a28,1763437883417,ETH-USD,Open Long,0.5061,0xffffffffffffffffffffffffffffffffffffffff,0xe7ec7fbf4f195fc8e57d814e15c3a2857cb632a3,3025
PERP,0xab7b6a7dc89ba8caacf5042fb1bebc02079d0063639ec79c4f4415d0879f82b5,1763437883417,ETH-USD,Open Long,111.6837,0xffffffffffffffffffffffffffffffffffffffff,0xe7ec7fbf4f195fc8e57d814e15c3a2857cb632a3,3025
PERP,0xf8a7f3e2af0a664efa21042fb1bebc02079c00c84a0d85219c709f356e0e4039,1763437883417,ETH-USD,Open Long,137.1359,0xffffffffffffffffffffffffffffffffffffffff,0xe7ec7fbf4f195fc8e57d814e15c3a2857cb632a3,3025
PERP,0xf62a9137e7bc41e4f7a4042fb1bebc020752010182bf60b799f33c8aa6b01bcf,1763437883417,ETH-USD,Open Long,148.3711,0xffffffffffffffffffffffffffffffffffffffff,0xe7ec7fbf4f195fc8e57d814e15c3a2857cb632a3,3025
PERP,0x4787ab0d4b6d2e8d4901042fb1bebc02075200f2e6604d5feb5056600a610877,1763437883417,ETH-USD,Open Long,15.0547,0xffffffffffffffffffffffffffffffffffffffff,0xe7ec7fbf4f195fc8e57d814e15c3a2857cb632a3,3025
PERP,0x94b4347231dbec11962d042fb1bebc0207510057ccdf0ae3387cdfc4f0dfc5fc,1763437883417,ETH-USD,Open Long,1.653,0xffffffffffffffffffffffffffffffffffffffff,0xe7ec7fbf4f195fc8e57d814e15c3a2857cb632a3,3025
PERP,0xc9665a05cb96e222cae0042fb1bebc02074d00eb669a00f46d2f05588a9abc0d,1763437883417,ETH-USD,Open Long,0.0165,0xffffffffffffffffffffffffffffffffffffffff,0xe7ec7fbf4f195fc8e57d814e15c3a2857cb632a3,3025
PERP,0x63bf6ccf98745d2b6539042fb1bebc02074b00b533777bfd0788182257783716,1763437883417,ETH-USD,Open Long,0.2372,0xffffffffffffffffffffffffffffffffffffffff,0xe7ec7fbf4f195fc8e57d814e15c3a2857cb632a3,3025
PERP,0x21fa135518f1fc192373042fb1beba02081d003ab3f51aebc5c2bea7d7f5d603,1763437883211,ETH-USD,Open Long,159.5978,0xffffffffffffffffffffffffffffffffffffffff,0xe7ec7fbf4f195fc8e57d814e15c3a2857cb632a3,3025
PERP,0xa3d8c24d992bafaea552042fb1beba0208180033342ece8047a16da0582f8999,1763437883211,ETH-USD,Open Long,0.0165,0xffffffffffffffffffffffffffffffffffffffff,0xe7ec7fbf4f195fc8e57d814e15c3a2857cb632a3,3025
PERP,0xf1054bb27f9a6d32f27f042fb1beba02081700981a9d8c0594cdf7053e9e471d,1763437883211,ETH-USD,Open Long,0.0165,0xffffffffffffffffffffffffffffffffffffffff,0xe7ec7fbf4f195fc8e57d814e15c3a2857cb632a3,3025
PERP,0x3e31d51766092ab73fab042fb1beba02081600fd010c4989e1fa806a250d04a1,1763437883211,ETH-USD,Open Long,0.0165,0xffffffffffffffffffffffffffffffffffffffff,0xe7ec7fbf4f195fc8e57d814e15c3a2857cb632a3,3025
PERP,0x8b5e5e7c4c77e83b8cd8042fb1beba0208150061e77b070d2f2709cf0b7bc226,1763437883211,ETH-USD,Open Long,66.1146,0xffffffffffffffffffffffffffffffffffffffff,0xe7ec7fbf4f195fc8e57d814e15c3a2857cb632a3,3025
PERP,0x25b77146195563442731042fb1beba020813002bb4588216c9801c98d8593d2e,1763437883211,ETH-USD,Open Long,77.0986,0xffffffffffffffffffffffffffffffffffffffff,0xe7ec7fbf4f195fc8e57d814e15c3a2857cb632a3,3025
PERP,0xc010840fe632de4cc18a042fb1beba02081100f58135fd1e63d92f62a536b837,1763437883211,ETH-USD,Open Long,110.0272,0xffffffffffffffffffffffffffffffffffffffff,0xe7ec7fbf4f195fc8e57d814e15c3a2857cb632a3,3025
PERP,0x0d3d0d74cca19bd10eb6042fb1beba020810005a67a4baa3b105b8c78ba575bb,1763437883211,ETH-USD,Open Long,33.1656,0xffffffffffffffffffffffffffffffffffffffff,0xe7ec7fbf4f195fc8e57d814e15c3a2857cb632a3,3025
PERP,0xf4c2a9a37ffdd45df63c042fb1beba02080d00891af0f330988b54f63ef1ae48,1763437883211,ETH-USD,Open Long,76.3152,0xffffffffffffffffffffffffffffffffffffffff,0xe7ec7fbf4f195fc8e57d814e15c3a2857cb632a3,3025
PERP,0x54a208bd684d95b9561b042fb1beba0207da00a30340b48bf86ab41027416fa3,1763437883211,ETH-USD,Open Long,0.0661,0xffffffffffffffffffffffffffffffffffffffff,0xe7ec7fbf4f195fc8e57d814e15c3a2857cb632a3,3025
PERP,0xeefb1b87352b10c1f074042fb1beba0207d8006cd02e2f9392c3c6d9f42eeaac,1763437883211,ETH-USD,Open Long,14.2727,0xffffffffffffffffffffffffffffffffffffffff,0xe7ec7fbf4f195fc8e57d814e15c3a2857cb632a3,3025
PERP,0xd680b7b5e877494ed7fa042fb1beba0207d5009b837a68207a496308a77b2339,1763437883211,ETH-USD,Open Long,32.3466,0xffffffffffffffffffffffffffffffffffffffff,0xe7ec7fbf4f195fc8e57d814e15c3a2857cb632a3,3025
PERP,0x8d118c42026bf2f58e8b042fb1beba0207cc00279d6f11c730da3794c16fcce0,1763437883211,ETH-USD,Open Long,6.6,0xffffffffffffffffffffffffffffffffffffffff,0xe7ec7fbf4f195fc8e57d814e15c3a2857cb632a3,3025
PERP,0xa9494e044f732193aac3042fb1beba0207c500e9ea7640654d11f9570e76fb7e,1763437883211,ETH-USD,Open Long,0.0165,0xffffffffffffffffffffffffffffffffffffffff,0xe7ec7fbf4f195fc8e57d814e15c3a2857cb632a3,3025
PERP,0x05d9665c28c3d16b0753042fb1beb90212e70041c3c6f03da9a211aee7c7ab55,1763437883086,ETH-USD,Open Long,32.6455,0xffffffffffffffffffffffffffffffffffffffff,0xe7ec7fbf4f195fc8e57d814e15c3a2857cb632a3,3025
PERP,0x3a8b8befc28ec77c3c05042fb1beb90212e300d55d81e64ede5437428182a166,1763437883086,ETH-USD,Open Long,31.7065,0xffffffffffffffffffffffffffffffffffffffff,0xe7ec7fbf4f195fc8e57d814e15c3a2857cb632a3,3025
PERP,0xd4e49eb98f6c4284d65e042fb1beb90212e1009f2a6f615678ad4a0c4e601c6f,1763437883086,ETH-USD,Open Long,0.0165,0xffffffffffffffffffffffffffffffffffffffff,0xe7ec7fbf4f195fc8e57d814e15c3a2857cb632a3,3025
PERP,0x490dd134472d9c2f4a87042fb1beb90212b00101e220bb01ecd67c8706217619,1763437883086,ETH-USD,Open Long,37.248,0xffffffffffffffffffffffffffffffffffffffff,0xe7ec7fbf4f195fc8e57d814e15c3a2857cb632a3,3025
PERP,0x9a6aeb09aade88d79be4042fb1beb90212b000ef45d1a7a93e33965c69d262c2,1763437883086,ETH-USD,Open Long,10.0526,0xffffffffffffffffffffffffffffffffffffffff,0xe7ec7fbf4f195fc8e57d814e15c3a2857cb632a3,3025
PERP,0xe797746e914d465be911042fb1beb90212af00542c40652d8b601fc150412046,1763437883086,ETH-USD,Open Long,5.5784,0xffffffffffffffffffffffffffffffffffffffff,0xe7ec7fbf4f195fc8e57d814e15c3a2857cb632a3,3025
PERP,0x03cf3630de5474fa0548042fb1beb90212a80016795793cca797e1839d584ee4,1763437883086,ETH-USD,Open Long,11.6906,0xffffffffffffffffffffffffffffffffffffffff,0xe7ec7fbf4f195fc8e57d814e15c3a2857cb632a3,3025
PERP,0x3c3eb9b57872d2363db8042fb1beb902129a009b1375f108e00765083776ac20,1763437883086,ETH-USD,Open Long,7.4764,0xffffffffffffffffffffffffffffffffffffffff,0xe7ec7fbf4f195fc8e57d814e15c3a2857cb632a3,3025
PERP,0x896b431a5ee18fba8ae4042fb1beb902129900fff9e4ae8c2d33ee6d1de569a5,1763437883086,ETH-USD,Open Long,7.0772,0xffffffffffffffffffffffffffffffffffffffff,0xe7ec7fbf4f195fc8e57d814e15c3a2857cb632a3,3025
PERP,0x58767b77c58a00d459f0042fb1beb9021293005d608d1fa6fc3f26ca848ddabe,1763437883086,ETH-USD,Open Long,1.1977,0xffffffffffffffffffffffffffffffffffffffff,0xe7ec7fbf4f195fc8e57d814e15c3a2857cb632a3,3025
PERP,0x3ffc17a678d639614175042fb1beb9021290008c13d95833e3c4c2f937da134b,1763437883086,ETH-USD,Open Long,0.9528,0xffffffffffffffffffffffffffffffffffffffff,0xe7ec7fbf4f195fc8e57d814e15c3a2857cb632a3,3025
PERP,0x8d28a10b5f44f6e58ea2042fb1beb902128f00f0fa4815b730f14c5e1e48d0d0,1763437883086,ETH-USD,Open Long,32.2095,0xffffffffffffffffffffffffffffffffffffffff,0xe7ec7fbf4f195fc8e57d814e15c3a2857cb632a3,3025
PERP,0x2781b3d52c2271ee28fb042fb1beb902128d00bac72590c0cb4a5f27eb264bd8,1763437883086,ETH-USD,Open Long,13.085,0xffffffffffffffffffffffffffffffffffffffff,0xe7ec7fbf4f195fc8e57d814e15c3a2857cb632a3,3025
PERP,0x0f075003df7eaa7b1081042fb1beb902128a00e97a71c94db2cffb569e728465,1763437883086,ETH-USD,Open Long,116.8604,0xffffffffffffffffffffffffffffffffffffffff,0xe7ec7fbf4f195fc8e57d814e15c3a2857cb632a3,3025
PERP,0xd25c28cb8ef1a459d3d5042fb1beb70203cc00b129f4c32b7624d41e4df57e44,1763437882946,ETH-USD,Open Long,0.6998,0xffffffffffffffffffffffffffffffffffffffff,0xe7ec7fbf4f195fc8e57d814e15c3a2857cb632a3,3025
PERP,0x755f8096322d601876d9042fb1beb40205b90101cd207eea19282be8f1213a03,1763437882681,ETH-USD,Open Long,0.1653,0xffffffffffffffffffffffffffffffffffffffff,0xe7ec7fbf4f195fc8e57d814e15c3a2857cb632a3,3025
PERP,0xae42369a492a854dafbb042fb1beb40205b6007fe42da41f520ae1ed082e5f38,1763437882681,ETH-USD,Open Long,31.8696,0xffffffffffffffffffffffffffffffffffffffff,0xe7ec7fbf4f195fc8e57d814e15c3a2857cb632a3,3025
PERP,0xf0a5664c2d0c9dbaf21f042fb1beb30202690031c80fbc8d946e119eec0077a5,1763437882604,ETH-USD,Open Long,32.3733,0xffffffffffffffffffffffffffffffffffffffff,0xe7ec7fbf4f195fc8e57d814e15c3a2857cb632a3,3025
PERP,0xbfb09ea993a50ed4c12a042fb1beb3020263008f2ea82da6637949fc52a8e8bf,1763437882604,ETH-USD,Open Long,0.7089,0xffffffffffffffffffffffffffffffffffffffff,0xe7ec7fbf4f195fc8e57d814e15c3a2857cb632a3,3025
PERP,0xccca5368a35c3b3dce44042fb1beb10211a0004e3e5f5a0f7092febb62501528,1763437882435,ETH-USD,Open Long,31.7027,0xffffffffffffffffffffffffffffffffffffffff,0xe7ec7fbf4f195fc8e57d814e15c3a2857cb632a3,3025
PERP,0xa35047a80abb7aada4ca042fb1beb1021186008da5be997f4718f2fac9bf5498,1763437882435,ETH-USD,Open Long,0.6277,0xffffffffffffffffffffffffffffffffffffffff,0xe7ec7fbf4f195fc8e57d814e15c3a2857cb632a3,3025
PERP,0xd9cddfe3023a82c7db47042fb1beb002018300c89d3da1997d968b35c13e5cb2,1763437882377,ETH-USD,Open Long,10.5693,0xffffffffffffffffffffffffffffffffffffffff,0xe7ec7fbf4f195fc8e57d814e15c3a2857cb632a3,3025
PERP,0x5bac8edb8264365d5d26042fb1beb002017e00c11d67552fff753a2e41681047,1763437882377,ETH-USD,Open Long,0.0165,0xffffffffffffffffffffffffffffffffffffffff,0xe7ec7fbf4f195fc8e57d814e15c3a2857cb632a3,3025
PERP,0xb428ac3a352883c7b5a2042fb1beaf02034f001fd02ba29957f1578cf42c5db2,1763437882278,ETH-USD,Open Long,29.8559,0xffffffffffffffffffffffffffffffffffffffff,0xe7ec7fbf4f195fc8e57d814e15c3a2857cb632a3,3025
PERP,0xf0dba62cc9f7c0d6f255042fb1bead0204ae001264fadfa994a4517f88fb9ac1,1763437882078,ETH-USD,Open Long,0.0165,0xffffffffffffffffffffffffffffffffffffffff,0xe7ec7fbf4f195fc8e57d814e15c3a2857cb632a3,3025
PERP,0x8b34b8f696d53bdf8cae042fb1bead0204ac00dc31d85ab12efd644955d915ca,1763437882078,ETH-USD,Open Long,0.0165,0xffffffffffffffffffffffffffffffffffffffff,0xe7ec7fbf4f195fc8e57d814e15c3a2857cb632a3,3025
PERP,0x0d1367ef170eef750e8d042fb1bead0204a700d4b2020e47b0dc1341d602c95f,1763437882078,ETH-USD,Open Long,0.0165,0xffffffffffffffffffffffffffffffffffffffff,0xe7ec7fbf4f195fc8e57d814e15c3a2857cb632a3,3025
PERP,0x7df26ef84b4ba9ed7f6c042fb1bead02048b00dde64ec8bf21bb1a4b0a4f83d8,1763437882078,ETH-USD,Open Long,31.6522,0xffffffffffffffffffffffffffffffffffffffff,0xe7ec7fbf4f195fc8e57d814e15c3a2857cb632a3,3025
PERP,0x65780b26fe97e27a66f1042fb1bead020488000c999b014c0940b679bd9bbc65,1763437882078,ETH-USD,Open Long,56.9652,0xffffffffffffffffffffffffffffffffffffffff,0xe7ec7fbf4f195fc8e57d814e15c3a2857cb632a3,3025
PERP,0x2afe57771a0a28cd2c78042fb1bead020457005cb50d479fcec702c9d90e02b7,1763437882078,ETH-USD,Open Long,0.0165,0xffffffffffffffffffffffffffffffffffffffff,0xe7ec7fbf4f195fc8e57d814e15c3a2857cb632a3,3025
PERP,0x636ddafbb428860964e7042fb1bead02044900e14f2ba4db0736864e732c5ff4,1763437882078,ETH-USD,Open Long,0.0165,0xffffffffffffffffffffffffffffffffffffffff,0xe7ec7fbf4f195fc8e57d814e15c3a2857cb632a3,3025
PERP,0x30867f1e6af8673e3200042fb1beac020303000405fb8610d44f2a7129fc4128,1763437881975,ETH-USD,Open Long,0.0165,0xffffffffffffffffffffffffffffffffffffffff,0xe7ec7fbf4f195fc8e57d814e15c3a2857cb632a3,3025
PERP,0x7db30883516724c27f2c042fb1beac0203020068ec6a4394217bb3d6106afead,1763437881975,ETH-USD,Open Long,24.7398,0xffffffffffffffffffffffffffffffffffffffff,0xe7ec7fbf4f195fc8e57d814e15c3a2857cb632a3,3025
PERP,0xcadf91e837d5e246cc59042fb1beac02030100cdd2d901186ea83d3af6d9bc31,1763437881975,ETH-USD,Open Long,0.0165,0xffffffffffffffffffffffffffffffffffffffff,0xe7ec7fbf4f195fc8e57d814e15c3a2857cb632a3,3025
PERP,0x180c1b4d1e449fcb1985042fb1beac0203000032b947be9dbbd4c69fdd4879b5,1763437881975,ETH-USD,Open Long,0.0165,0xffffffffffffffffffffffffffffffffffffffff,0xe7ec7fbf4f195fc8e57d814e15c3a2857cb632a3,3025
PERP,0x68f602a30516c47a6a6f042fb1beac0202f50088a019e34c0cbeadf5c41a9e65,1763437881975,ETH-USD,Open Long,0.0165,0xffffffffffffffffffffffffffffffffffffffff,0xe7ec7fbf4f195fc8e57d814e15c3a2857cb632a3,3025
PERP,0x88eb225652815a438a64042fb1beac0202e4003bed8479152cb3cda91185342e,1763437881975,ETH-USD,Open Long,0.6676,0xffffffffffffffffffffffffffffffffffffffff,0xe7ec7fbf4f195fc8e57d814e15c3a2857cb632a3,3025
PERP,0x7070be8505dd92d071ea042fb1beac0202e1006aa0d0b1a2143969d7c4d16cbb,1763437881975,ETH-USD,Open Long,41.9078,0xffffffffffffffffffffffffffffffffffffffff,0xe7ec7fbf4f195fc8e57d814e15c3a2857cb632a3,3025
PERP,0xbd9d47e9ec4c5054bf17042fb1beac0202e000cf874f6f266165f33cab402a3f,1763437881975,ETH-USD,Open Long,15.3238,0xffffffffffffffffffffffffffffffffffffffff,0xe7ec7fbf4f195fc8e57d814e15c3a2857cb632a3,3025
PERP,0x0ac9d14ed2bb0dd90c43042fb1beac0202df00346dbe2cabae927ca191bee7c3,1763437881975,ETH-USD,Open Long,22.0644,0xffffffffffffffffffffffffffffffffffffffff,0xe7ec7fbf4f195fc8e57d814e15c3a2857cb632a3,3025
PERP,0x57f65ab3b929cb5d5970042fb1beac0202de0099542cea2ffbbf0606782da547,1763437881975,ETH-USD,Open Long,14.4853,0xffffffffffffffffffffffffffffffffffffffff,0xe7ec7fbf4f195fc8e57d814e15c3a2857cb632a3,3025
PERP,0x5eda8bf15c1550aa6054042fb1beab0203aa00d6f7186f7c02a337441b192a95,1763437881876,ETH-USD,Open Long,0.0165,0xffffffffffffffffffffffffffffffffffffffff,0xe7ec7fbf4f195fc8e57d814e15c3a2857cb632a3,3025
PERP,0x8fe6abf0f13cc7ce9160042fb1beaa02089100d68c3fe6a033af5743b030a1b9,1763437881780,ETH-USD,Open Long,8.5209,0xffffffffffffffffffffffffffffffffffffffff,0xe7ec7fbf4f195fc8e57d814e15c3a2857cb632a3,3025
PERP,0xdd133555d7ab8552de8c042fb1beaa020890003b72aea42480dbe0a896af5f3d,1763437881780,ETH-USD,Open Long,0.0165,0xffffffffffffffffffffffffffffffffffffffff,0xe7ec7fbf4f195fc8e57d814e15c3a2857cb632a3,3025
PERP,0x2a3fbebabe1a42d72bb9042fb1beaa02088f00a0591d61a9ce086a0d7d1e1cc1,1763437881780,ETH-USD,Open Long,4.3835,0xffffffffffffffffffffffffffffffffffffffff,0xe7ec7fbf4f195fc8e57d814e15c3a2857cb632a3,3025
PERP,0x776c481fa489005b78e6042fb1beaa02088e00053f8c1f2d1b34f372638cda46,1763437881780,ETH-USD,Open Long,10.3909,0xffffffffffffffffffffffffffffffffffffffff,0xe7ec7fbf4f195fc8e57d814e15c3a2857cb632a3,3025
PERP,0xc498d1848af7bddfc612042fb1beaa02088d006a25fadcb168617cd749fb97ca,1763437881780,ETH-USD,Open Long,0.8463,0xffffffffffffffffffffffffffffffffffffffff,0xe7ec7fbf4f195fc8e57d814e15c3a2857cb632a3,3025
PERP,0x532aad33ceef9ad754a4042fb1bea50204fd001969e2b9a9f6f358868de374c1,1763437881341,ETH-USD,Open Long,0.0044,0xffffffffffffffffffffffffffffffffffffffff,0xe7ec7fbf4f195fc8e57d814e15c3a2857cb632a3,3025
PERP,0x23664cd6ac12408d24e0042fb1be8d0205c000bc47155f5fc72ef8296b161a77,1763437879559,ETH-USD,Open Long,0.0099,0xffffffffffffffffffffffffffffffffffffffff,0xe7ec7fbf4f195fc8e57d814e15c3a2857cb632a3,3025
PERP,0x02f260396aeea06e046c042fb1be8b0202bf001f05e1bf40a6bb0b8c29e27a58,1763437879360,ETH-USD,Open Long,0.0074,0xffffffffffffffffffffffffffffffffffffffff,0xe7ec7fbf4f195fc8e57d814e15c3a2857cb632a3,3025
PERP,0x341d67bca13152703597042fb1be8502050a00a23c347142d7e6130f60352c5a,1763437878791,ETH-USD,Open Long,0.0074,0xffffffffffffffffffffffffffffffffffffffff,0xe7ec7fbf4f195fc8e57d814e15c3a2857cb632a3,3025
PERP,0x231dbfcd554459532497042fb1be850204f300b2f0477825c6e66b201448333d,1763437878791,ETH-USD,Open Long,0.0099,0xffffffffffffffffffffffffffffffffffffffff,0xe7ec7fbf4f195fc8e57d814e15c3a2857cb632a3,3025
PERP,0x2a0127a79817433b2b7a042fb1be54020f5d008d331a620dcdc9d2fa571b1d25,1763437875372,ETH-USD,Open Long,0.9516,0xffffffffffffffffffffffffffffffffffffffff,0xe7ec7fbf4f195fc8e57d814e15c3a2857cb632a3,3025
PERP,0x772db10c7e8600bf78a7042fb1be54020f5c00f219891f911af65c5f3d89daaa,1763437875372,ETH-USD,Open Long,0.0165,0xffffffffffffffffffffffffffffffffffffffff,0xe7ec7fbf4f195fc8e57d814e15c3a2857cb632a3,3025
PERP,0x238b94c0244ddc312505042fb1be54020e1800a5bf40fb03c7544012e341b61b,1763437875372,ETH-USD,Open Long,0.2941,0xffffffffffffffffffffffffffffffffffffffff,0xe7ec7fbf4f195fc8e57d814e15c3a2857cb632a3,3025
PERP,0xbde4a789f12b5739bf5e042fb1be54020e16006f8c2e760b61ad52dcb02f3124,1763437875372,ETH-USD,Open Long,0.1921,0xffffffffffffffffffffffffffffffffffffffff,0xe7ec7fbf4f195fc8e57d814e15c3a2857cb632a3,3025
PERP,0x386014c73bc996de39d9042fb1be5302101500acd6ccb5b0dc28c019facd70c8,1763437875281,ETH-USD,Open Long,33.0923,0xffffffffffffffffffffffffffffffffffffffff,0xe7ec7fbf4f195fc8e57d814e15c3a2857cb632a3,3025
PERP,0x674aac3e8ab1c95368c4042fb1be53020fdc002425b4e8250b13579149b5a33e,1763437875281,ETH-USD,Open Long,0.0165,0xffffffffffffffffffffffffffffffffffffffff,0xe7ec7fbf4f195fc8e57d814e15c3a2857cb632a3,3025
PERP,0x7d0cdb1963ff90e77e86042fb1be53020e9000fefef2afb920d5866c22f36ad2,1763437875281,ETH-USD,Open Long,0.0496,0xffffffffffffffffffffffffffffffffffffffff,0xe7ec7fbf4f195fc8e57d814e15c3a2857cb632a3,3025
PERP,0xca39647e4a6e4e6bcbb3042fb1be53020e8f0063e5616d3d6e020fd109622856,1763437875281,ETH-USD,Open Long,0.0496,0xffffffffffffffffffffffffffffffffffffffff,0xe7ec7fbf4f195fc8e57d814e15c3a2857cb632a3,3025
PERP,0x0f2d4235e15f926710a6042fb1be50020425001b7c52b139b2f5ed88a0536c51,1763437874965,ETH-USD,Open Long,0.0496,0xffffffffffffffffffffffffffffffffffffffff,0xe7ec7fbf4f195fc8e57d814e15c3a2857cb632a3,3025
PERP,0x9ebc3091cf0bbb6ea035042fb1be4f02127d00776a0eda404284dbe48e0f9559,1763437874873,ETH-USD,Open Long,0.0496,0xffffffffffffffffffffffffffffffffffffffff,0xe7ec7fbf4f195fc8e57d814e15c3a2857cb632a3,3025
PERP,0x35ddfde795d347f43757042fb1be4d0213fc00cd30d666c6d9a6a93a54d721de,1763437874686,ETH-USD,Open Long,0.331,0xffffffffffffffffffffffffffffffffffffffff,0xe7ec7fbf4f195fc8e57d814e15c3a2857cb632a3,3025
PERP,0x269183bdffda5991280b042fb1be4d02139c00a39add7863ca5a2f10bede337b,1763437874686,ETH-USD,Open Long,0.0496,0xffffffffffffffffffffffffffffffffffffffff,0xe7ec7fbf4f195fc8e57d814e15c3a2857cb632a3,3025
PERP,0xf59cbc1b6672caaaf716042fb1be4d02139600010175e97d9965676e2576a495,1763437874686,ETH-USD,Open Long,0.0496,0xffffffffffffffffffffffffffffffffffffffff,0xe7ec7fbf4f195fc8e57d814e15c3a2857cb632a3,3025
PERP,0xc4a7f478cd1b3bc4c621042fb1be4d021390005e681e5a9668709fcb8c1f15af,1763437874686,ETH-USD,Open Long,0.0496,0xffffffffffffffffffffffffffffffffffffffff,0xe7ec7fbf4f195fc8e57d814e15c3a2857cb632a3,3025
PERP,0x886b28030cd96f9889e4042fb1be4a020a3b00e8a7dc8e6a2c33d355cbdd4983,1763437874442,ETH-USD,Open Long,0.0496,0xffffffffffffffffffffffffffffffffffffffff,0xe7ec7fbf4f195fc8e57d814e15c3a2857cb632a3,3025
PERP,0xf1cf732a405f5bbaf349042fb1be4a020a33000fdb527a8d95981e7cff5335a5,1763437874442,ETH-USD,Open Long,0.0496,0xffffffffffffffffffffffffffffffffffffffff,0xe7ec7fbf4f195fc8e57d814e15c3a2857cb632a3,3025
PERP,0xc535dfb00bbaeb5ac6af042fb1be470207a80095a6be0a2c68fe8b02cabec545,1763437874257,ETH-USD,Open Long,2655.153100000002,0xffffffffffffffffffffffffffffffffffffffff,0xe7ec7fbf4f195fc8e57d814e15c3a2857cb632a3,3027.9518827686557
PERP,0xf62aa752a5127a40f7a4042fb1be470207ae00384015991399f352a56416542b,1763437874257,ETH-USD,Open Long,0.0496,0xffffffffffffffffffffffffffffffffffffffff,0xe7ec7fbf4f195fc8e57d814e15c3a2857cb632a3,3025
PERP,0xddb04381586eb2cddf29042fb1be470207ab0066f361d19f8178eed417628cb8,1763437874257,ETH-USD,Open Long,0.0496,0xffffffffffffffffffffffffffffffffffffffff,0xe7ec7fbf4f195fc8e57d814e15c3a2857cb632a3,3025
PERP,0xe8de69a6c52cbb4fea58042fb16e740205390131602fda218ca714f98420953a,1763436256448,HYPE,order,7178.04,0xe7ec7fbf4f195fc8e57d814e15c3a2857cb632a3,limit,36
PERP,0x3a3b837c28dda7f83bb5042fb16e740205390130c3d0c6cade042ecee7d181e2,1763436256448,HYPE,order,7178.04,0xe7ec7fbf4f195fc8e57d814e15c3a2857cb632a3,limit,36.041
PERP,0x8b989d518c8e94a08d12042fb16e74020539012f2781b3722f6148a44b826e8b,1763436256448,HYPE,order,7178.04,0xe7ec7fbf4f195fc8e57d814e15c3a2857cb632a3,limit,36.082
PERP,0xdcf5b726f03f8148de6f042fb16e74020539012e8b32a01a80be6279af335b33,1763436256448,HYPE,order,7178.04,0xe7ec7fbf4f195fc8e57d814e15c3a2857cb632a3,limit,36.122
PERP,0x2e52d0fc53e06df12fcc042fb16e74020539012deee38cc3d21b7c4f12e447db,1763436256448,HYPE,order,7178.04,0xe7ec7fbf4f195fc8e57d814e15c3a2857cb632a3,limit,36.163
PERP,0x7fafead1b7915a998129042fb16e74020539012c5294796b2378962476953484,1763436256448,HYPE,order,7178.04,0xe7ec7fbf4f195fc8e57d814e15c3a2857cb632a3,limit,36.204
PERP,0xd10d04a71b424741d286042fb16e74020539012bb645661374d5aff9da46212c,1763436256448,HYPE,order,7178.04,0xe7ec7fbf4f195fc8e57d814e15c3a2857cb632a3,limit,36.245
PERP,0x226a1e7c7ef333ea23e3042fb16e74020539012a19f652bcc632c9cf3df70dd4,1763436256448,HYPE,order,7178.04,0xe7ec7fbf4f195fc8e57d814e15c3a2857cb632a3,limit,36.286
PERP,0x73c73851e2a420927540042fb16e7402053901297da73f64178fe3a4a1a7fa7d,1763436256448,HYPE,order,7178.04,0xe7ec7fbf4f195fc8e57d814e15c3a2857cb632a3,limit,36.327
PERP,0xc524522746550d3ac69e042fb16e740205390128e1582c0c68ecfd7a0558e725,1763436256448,HYPE,order,7178.04,0xe7ec7fbf4f195fc8e57d814e15c3a2857cb632a3,limit,36.367
PERP,0x16816bfcaa05f9e317fb042fb16e740205390127450918b5ba4a174f6909d3cd,1763436256448,HYPE,order,7178.04,0xe7ec7fbf4f195fc8e57d814e15c3a2857cb632a3,limit,36.408
PERP,0x67de85d20db6e68b6958042fb16e740205390126a8ba055d0ba73124ccbac076,1763436256448,HYPE,order,7178.04,0xe7ec7fbf4f195fc8e57d814e15c3a2857cb632a3,limit,36.449
PERP,0xb93b9fa77167d333bab5042fb16e7402053901250c6af2055d044afa306bad1e,1763436256448,HYPE,order,7178.04,0xe7ec7fbf4f195fc8e57d814e15c3a2857cb632a3,limit,36.49
PERP,0x0a98b97cd518bfdc0c12042fb16e740205390124701bdeaeae6164cf941c99c6,1763436256448,HYPE,order,7178.04,0xe7ec7fbf4f195fc8e57d814e15c3a2857cb632a3,limit,36.531
PERP,0x5bf5d35238c9ac845d6f042fb16e740205390123d3cccb56ffbe7ea4f7cd866e,1763436256448,HYPE,order,7178.04,0xe7ec7fbf4f195fc8e57d814e15c3a2857cb632a3,limit,36.571
PERP,0xad52ed279c7a992caecc042fb16e740205390122377db7fe511b987a5b7e7317,1763436256448,HYPE,order,7178.04,0xe7ec7fbf4f195fc8e57d814e15c3a2857cb632a3,limit,36.612
PERP,0xfeb006fd002b85d40029042fb16e7402053901219b2ea4a7a278b24fbf2f5fbf,1763436256448,HYPE,order,7178.04,0xe7ec7fbf4f195fc8e57d814e15c3a2857cb632a3,limit,36.653
PERP,0x500d20d263dc727d5186042fb16e740205390120fedf914ff3d5cc2522d04c67,1763436256448,HYPE,order,7178.04,0xe7ec7fbf4f195fc8e57d814e15c3a2857cb632a3,limit,36.694
PERP,0xa16a3aa7c78d5f25a2e3042fb16e74020539011f62807df74532e5fa86813910,1763436256448,HYPE,order,7178.04,0xe7ec7fbf4f195fc8e57d814e15c3a2857cb632a3,limit,36.735
PERP,0xf2c7547d2b3e4bcdf441042fb16e74020539011ec6316aa0968fffcfea3225b8,1763436256448,HYPE,order,7178.04,0xe7ec7fbf4f195fc8e57d814e15c3a2857cb632a3,limit,36.776
PERP,0x44246e528eef3876459e042fb16e74020539011d29e25748e7ed19a54de31260,1763436256448,HYPE,order,7178.04,0xe7ec7fbf4f195fc8e57d814e15c3a2857cb632a3,limit,36.816
PERP,0x95818827f290251e96fb042fb16e74020539011c8d9343f0394a337ab193ff09,1763436256448,HYPE,order,7178.04,0xe7ec7fbf4f195fc8e57d814e15c3a2857cb632a3,limit,36.857
PERP,0xe6dea1fd564111c6e858042fb16e74020539011bf14430988aa74d501544ebb1,1763436256448,HYPE,order,7178.04,0xe7ec7fbf4f195fc8e57d814e15c3a2857cb632a3,limit,36.898
PERP,0x383bbbd2b9f1fe6f39b5042fb16e74020539011a54f51d41dc04672578f5d859,1763436256448,HYPE,order,7178.04,0xe7ec7fbf4f195fc8e57d814e15c3a2857cb632a3,limit,36.939
PERP,0x8998d5a81da2eb178b12042fb16e740205390119b8a609e92d6180fadca6c502,1763436256448,HYPE,order,7178.04,0xe7ec7fbf4f195fc8e57d814e15c3a2857cb632a3,limit,36.98
PERP,0xdaf5ef7d8153d7bfdc6f042fb16e7402053901181c56f6917ebe9ad04057b1aa,1763436256448,HYPE,order,7178.04,0xe7ec7fbf4f195fc8e57d814e15c3a2857cb632a3,limit,37.02
PERP,0x2c530952e504c4682dcc042fb16e7402053901178007e33ad01bb4a5a4089e52,1763436256448,HYPE,order,7178.04,0xe7ec7fbf4f195fc8e57d814e15c3a2857cb632a3,limit,37.061
PERP,0x7db0232848b5b1107f29042fb16e740205390116e3b8cfe22178ce7b07b98afb,1763436256448,HYPE,order,7178.04,0xe7ec7fbf4f195fc8e57d814e15c3a2857cb632a3,limit,37.102
PERP,0xcf0d3cfdac669db8d086042fb16e7402053901154769bc8a72d5e8506b6a77a3,1763436256448,HYPE,order,7178.04,0xe7ec7fbf4f195fc8e57d814e15c3a2857cb632a3,limit,37.143
PERP,0x206a56d310178a6121e4042fb16e740205390114ab1aa933c4330225cf1b644b,1763436256448,HYPE,order,7178.04,0xe7ec7fbf4f195fc8e57d814e15c3a2857cb632a3,limit,37.184
PERP,0x71c770a873c877097341042fb16e7402053901130ecb95db15901bfb32cc50f4,1763436256448,HYPE,order,7178.04,0xe7ec7fbf4f195fc8e57d814e15c3a2857cb632a3,limit,37.224
PERP,0xc3248a7dd77963b1c49e042fb16e740205390112727c828366ed35d0967d3d9c,1763436256448,HYPE,order,7178.04,0xe7ec7fbf4f195fc8e57d814e15c3a2857cb632a3,limit,37.265
PERP,0x1481a4533b2a505a15fb042fb16e740205390111d62d6f2cb84a4fa5fa2e2a44,1763436256448,HYPE,order,7178.04,0xe7ec7fbf4f195fc8e57d814e15c3a2857cb632a3,limit,37.306
PERP,0x65debe289edb3d026758042fb16e74020539011039de5bd409a7697b5ddf16ed,1763436256448,HYPE,order,7178.04,0xe7ec7fbf4f195fc8e57d814e15c3a2857cb632a3,limit,37.347
PERP,0xb73bd7fe028c29aab8b5042fb16e74020539010f9d8f487c5b048350c1800395,1763436256448,HYPE,order,7178.04,0xe7ec7fbf4f195fc8e57d814e15c3a2857cb632a3,limit,37.388
PERP,0x0898f1d3663d16530a12042fb16e74020539010e01303525ac619d262530f03d,1763436256448,HYPE,order,7178.04,0xe7ec7fbf4f195fc8e57d814e15c3a2857cb632a3,limit,37.429
PERP,0x59f60ba8c9ee02fb5b6f042fb16e74020539010d64e121cdfdbeb6fb88e1dce5,1763436256448,HYPE,order,7178.04,0xe7ec7fbf4f195fc8e57d814e15c3a2857cb632a3,limit,37.469
PERP,0xab53257e2d9eefa3accc042fb16e74020539010cc8920e754f1bd0d0ec92c98e,1763436256448,HYPE,order,7178.04,0xe7ec7fbf4f195fc8e57d814e15c3a2857cb632a3,limit,37.51
PERP,0xfcb03f53914fdc4bfe29042fb16e74020539010b2c42fb1ea078eaa65043b636,1763436256448,HYPE,order,7178.04,0xe7ec7fbf4f195fc8e57d814e15c3a2857cb632a3,limit,37.551
PERP,0x4e0d5928f4f0c8f44f87042fb16e74020539010a8ff3e7c6f1d6047bb3f4a2de,1763436256448,HYPE,order,7178.04,0xe7ec7fbf4f195fc8e57d814e15c3a2857cb632a3,limit,37.592
PERP,0x9f6a72fe58a1b59ca0e4042fb16e740205390109f3a4d46e43331e5117a58f87,1763436256448,HYPE,order,7178.04,0xe7ec7fbf4f195fc8e57d814e15c3a2857cb632a3,limit,37.633
PERP,0xf0c78cd3bc52a244f241042fb16e7402053901085755c117949038267b567c2f,1763436256448,HYPE,order,7178.04,0xe7ec7fbf4f195fc8e57d814e15c3a2857cb632a3,limit,37.673
PERP,0x4224a6a920038eed439e042fb16e740205390107bb06adbfe5ed51fbdf0768d7,1763436256448,HYPE,order,7178.04,0xe7ec7fbf4f195fc8e57d814e15c3a2857cb632a3,limit,37.714
PERP,0x9381c07e83b47b9594fb042fb16e7402053901061eb79a67374a6bd142b85580,1763436256448,HYPE,order,7178.04,0xe7ec7fbf4f195fc8e57d814e15c3a2857cb632a3,limit,37.755
PERP,0xe4deda53e765683de658042fb16e7402053901058268870f88a785a6a6694228,1763436256448,HYPE,order,7178.04,0xe7ec7fbf4f195fc8e57d814e15c3a2857cb632a3,limit,37.796
PERP,0x363bf4294b1654e637b5042fb16e740205390104e61973b8da049f7c0a1a2ed0,1763436256448,HYPE,order,7178.04,0xe7ec7fbf4f195fc8e57d814e15c3a2857cb632a3,limit,37.837
PERP,0x87990dfeaec7418e8912042fb16e74020539010349ca60602b61b9516dcb1b79,1763436256448,HYPE,order,7178.04,0xe7ec7fbf4f195fc8e57d814e15c3a2857cb632a3,limit,37.878
PERP,0xd8f627d412782e36da6f042fb16e740205390102ad7b4d087cbed326d17c0821,1763436256448,HYPE,order,7178.04,0xe7ec7fbf4f195fc8e57d814e15c3a2857cb632a3,limit,37.918
PERP,0x2a5341a976291adf2bcc042fb16e740205390101112c39b1ce1becfc352cf4c9,1763436256448,HYPE,order,7178.04,0xe7ec7fbf4f195fc8e57d814e15c3a2857cb632a3,limit,37.959
PERP,0x7bb05b7ed9da07877d2a042fb16e74020539006474dd26591f7906d198dde172,1763436256448,HYPE,order,7178.04,0xe7ec7fbf4f195fc8e57d814e15c3a2857cb632a3,limit,38
PERP,0x6d1701e07dc182e96e90042fb16ab4020a13013118c4a1bb10dfad333cc55cd4,1763436178902,ETH,order,143.8381,0xe7ec7fbf4f195fc8e57d814e15c3a2857cb632a3,limit,2500
PERP,0xbe741bb5e1726f91bfed042fb16ab4020a1301307c758e63623cc708a076497c,1763436178902,ETH,order,143.8381,0xe7ec7fbf4f195fc8e57d814e15c3a2857cb632a3,limit,2504.1
PERP,0x0fd1358b45235c3a114a042fb16ab4020a13012fe0267b0cb399e0de04273624,1763436178902,ETH,order,143.8381,0xe7ec7fbf4f195fc8e57d814e15c3a2857cb632a3,limit,2508.2
PERP,0x612e4f60a8d448e262a8042fb16ab4020a13012e43d767b404f6fab367d822cd,1763436178902,ETH,order,143.8381,0xe7ec7fbf4f195fc8e57d814e15c3a2857cb632a3,limit,2512.2
PERP,0xb28b69360c85358ab405042fb16ab4020a13012da788545c56541488cb890f75,1763436178902,ETH,order,143.8381,0xe7ec7fbf4f195fc8e57d814e15c3a2857cb632a3,limit,2516.3
PERP,0x03e8830b703622330562042fb16ab4020a13012c0b394105a7b12e5e2f39fc1d,1763436178902,ETH,order,143.8381,0xe7ec7fbf4f195fc8e57d814e15c3a2857cb632a3,limit,2520.4
PERP,0x55459ce0d3e70edb56bf042fb16ab4020a13012b6eea2dadf90e483392eae8c5,1763436178902,ETH,order,143.8381,0xe7ec7fbf4f195fc8e57d814e15c3a2857cb632a3,limit,2524.5
PERP,0xa6a2b6b63797fb83a81c042fb16ab4020a13012ad29b1a554a6b6208f69bd56e,1763436178902,ETH,order,143.8381,0xe7ec7fbf4f195fc8e57d814e15c3a2857cb632a3,limit,2528.6
PERP,0xf7ffd08b9b48e82bf979042fb16ab4020a130129364c06fe9bc87bde5a4cc216,1763436178902,ETH,order,143.8381,0xe7ec7fbf4f195fc8e57d814e15c3a2857cb632a3,limit,2532.7
PERP,0x495cea60fef9d4d44ad6042fb16ab4020a13012899fcf3a6ed2595b3bdfdaebe,1763436178902,ETH,order,143.8381,0xe7ec7fbf4f195fc8e57d814e15c3a2857cb632a3,limit,2536.7
PERP,0x9aba043662aac17c9c33042fb16ab4020a130127fdade04e3e82af8921ae9b67,1763436178902,ETH,order,143.8381,0xe7ec7fbf4f195fc8e57d814e15c3a2857cb632a3,limit,2540.8
PERP,0xec171e0bc65bae24ed90042fb16ab4020a130126615eccf68fdfc95e855f880f,1763436178902,ETH,order,143.8381,0xe7ec7fbf4f195fc8e57d814e15c3a2857cb632a3,limit,2544.9
PERP,0x3d7437e12a0c9acd3eed042fb16ab4020a130125c50fb99fe13ce333e90074b7,1763436178902,ETH,order,143.8381,0xe7ec7fbf4f195fc8e57d814e15c3a2857cb632a3,limit,2549
PERP,0x8ed151b68dbd8775904b042fb16ab4020a13012428b0a6473299fd094cb16160,1763436178902,ETH,order,143.8381,0xe7ec7fbf4f195fc8e57d814e15c3a2857cb632a3,limit,2553.1
PERP,0xe02e6b8bf16e741de1a8042fb16ab4020a1301238c6192ef83f716deb0624e08,1763436178902,ETH,order,143.8381,0xe7ec7fbf4f195fc8e57d814e15c3a2857cb632a3,limit,2557.1
PERP,0x318b8561551f60c63305042fb16ab4020a130122f0127f98d55430b414133ab0,1763436178902,ETH,order,143.8381,0xe7ec7fbf4f195fc8e57d814e15c3a2857cb632a3,limit,2561.2
PERP,0x82e89f36b8c04d6e8462042fb16ab4020a13012153c36c4026b14a8977c42759,1763436178902,ETH,order,143.8381,0xe7ec7fbf4f195fc8e57d814e15c3a2857cb632a3,limit,2565.3
PERP,0xd445b90c1c713a16d5bf042fb16ab4020a130120b77458e8780e645edb751401,1763436178902,ETH,order,143.8381,0xe7ec7fbf4f195fc8e57d814e15c3a2857cb632a3,limit,2569.4
PERP,0x25a2d2e1802226bf271c042fb16ab4020a13011f1b254591c96b7e343f2600a9,1763436178902,ETH,order,143.8381,0xe7ec7fbf4f195fc8e57d814e15c3a2857cb632a3,limit,2573.5
PERP,0x76ffecb6e3d313677879042fb16ab4020a13011e7ed632391ac89809a2d6ed52,1763436178902,ETH,order,143.8381,0xe7ec7fbf4f195fc8e57d814e15c3a2857cb632a3,limit,2577.6
PERP,0xc85d068c4784000fc9d6042fb16ab4020a13011de2871ee16c25b1df0687d9fa,1763436178902,ETH,order,143.8381,0xe7ec7fbf4f195fc8e57d814e15c3a2857cb632a3,limit,2581.6
PERP,0x19ba2061ab34ecb81b33042fb16ab4020a13011c46380b8abd82cbb46a38c6a2,1763436178902,ETH,order,143.8381,0xe7ec7fbf4f195fc8e57d814e15c3a2857cb632a3,limit,2585.7
PERP,0x6b173a370ee5d9606c90042fb16ab4020a13011ba9e8f8320edfe589cde9b34b,1763436178902,ETH,order,143.8381,0xe7ec7fbf4f195fc8e57d814e15c3a2857cb632a3,limit,2589.8
PERP,0xbc74540c7296c608bdee042fb16ab4020a13011a0d99e4da603cff5f319a9ff3,1763436178902,ETH,order,143.8381,0xe7ec7fbf4f195fc8e57d814e15c3a2857cb632a3,limit,2593.9
PERP,0x0dd16de1d647b2b10f4b042fb16ab4020a130119714ad183b19a1934954b8c9b,1763436178902,ETH,order,143.8381,0xe7ec7fbf4f195fc8e57d814e15c3a2857cb632a3,limit,2598
PERP,0x5f2e87b739f89f5960a8042fb16ab4020a130118d4fbbe2b02f73309f8fc7944,1763436178902,ETH,order,143.8381,0xe7ec7fbf4f195fc8e57d814e15c3a2857cb632a3,limit,2602
PERP,0xb08ba18c9da98c01b205042fb16ab4020a13011738acaad354544cdf5cad65ec,1763436178902,ETH,order,143.8381,0xe7ec7fbf4f195fc8e57d814e15c3a2857cb632a3,limit,2606.1
PERP,0x01e8bb62015a78aa0362042fb16ab4020a1301169c5d977ca5b166b4c05e5294,1763436178902,ETH,order,143.8381,0xe7ec7fbf4f195fc8e57d814e15c3a2857cb632a3,limit,2610.2
PERP,0x5345d537650b655254bf042fb16ab4020a130115000e8424f70e808a240f3f3c,1763436178902,ETH,order,143.8381,0xe7ec7fbf4f195fc8e57d814e15c3a2857cb632a3,limit,2614.3
PERP,0xa4a2ef0cc8bc51faa61c042fb16ab4020a13011463bf70cc486b9a5f87b02be5,1763436178902,ETH,order,143.8381,0xe7ec7fbf4f195fc8e57d814e15c3a2857cb632a3,limit,2618.4
PERP,0xf60008e22c6d3ea2f779042fb16ab4020a130113c7605d7599c8b434eb61188d,1763436178902,ETH,order,143.8381,0xe7ec7fbf4f195fc8e57d814e15c3a2857cb632a3,limit,2622.4
PERP,0x475d22b7901e2b4b48d6042fb16ab4020a1301122b114a1deb25ce0a4f120535,1763436178902,ETH,order,143.8381,0xe7ec7fbf4f195fc8e57d814e15c3a2857cb632a3,limit,2626.5
PERP,0x98ba3c8cf3cf17f39a33042fb16ab4020a1301118ec236c53c82e7dfb2c2f1de,1763436178902,ETH,order,143.8381,0xe7ec7fbf4f195fc8e57d814e15c3a2857cb632a3,limit,2630.6
PERP,0xea1756625770049beb91042fb16ab4020a130110f273236d8de001b51673de86,1763436178902,ETH,order,143.8381,0xe7ec7fbf4f195fc8e57d814e15c3a2857cb632a3,limit,2634.7
PERP,0x3b747037bb20f1443cee042fb16ab4020a13010f56241016df3d1b8a7a24cb2e,1763436178902,ETH,order,143.8381,0xe7ec7fbf4f195fc8e57d814e15c3a2857cb632a3,limit,2638.8
PERP,0x8cd18a0d1ed1ddec8e4b042fb16ab4020a13010eb9d4fcbe309a355fddd5b7d7,1763436178902,ETH,order,143.8381,0xe7ec7fbf4f195fc8e57d814e15c3a2857cb632a3,limit,2642.9
PERP,0xde2ea3e28282ca94dfa8042fb16ab4020a13010d1d85e96681f74f354186a47f,1763436178902,ETH,order,143.8381,0xe7ec7fbf4f195fc8e57d814e15c3a2857cb632a3,limit,2646.9
PERP,0x2f8bbdb7e633b73d3105042fb16ab4020a13010c8136d60fd354690aa5379127,1763436178902,ETH,order,143.8381,0xe7ec7fbf4f195fc8e57d814e15c3a2857cb632a3,limit,2651
PERP,0x80e8d78d49e4a3e58262042fb16ab4020a13010be4e7c2b724b182e008e87dd0,1763436178902,ETH,order,143.8381,0xe7ec7fbf4f195fc8e57d814e15c3a2857cb632a3,limit,2655.1
PERP,0xd245f162ad95908dd3bf042fb16ab4020a13010a4898af5f760e9cb56c996a78,1763436178902,ETH,order,143.8381,0xe7ec7fbf4f195fc8e57d814e15c3a2857cb632a3,limit,2659.2
PERP,0x23a30b3811467d36251c042fb16ab4020a130109ac499c08c76bb68ad04a5720,1763436178902,ETH,order,143.8381,0xe7ec7fbf4f195fc8e57d814e15c3a2857cb632a3,limit,2663.3
PERP,0x7500250d74f769de7679042fb16ab4020a1301080ffa88b018c8d06033fb43c9,1763436178902,ETH,order,143.8381,0xe7ec7fbf4f195fc8e57d814e15c3a2857cb632a3,limit,2667.3
PERP,0xc65d3ee2d8a85686c7d6042fb16ab4020a13010773ab75586a25ea3597ac3071,1763436178902,ETH,order,143.8381,0xe7ec7fbf4f195fc8e57d814e15c3a2857cb632a3,limit,2671.4
PERP,0x17ba58b83c59432f1934042fb16ab4020a130106d75c6201bb83040afb5d1d19,1763436178902,ETH,order,143.8381,0xe7ec7fbf4f195fc8e57d814e15c3a2857cb632a3,limit,2675.5
PERP,0x6917728da00a2fd76a91042fb16ab4020a1301053b0d4ea90ce01de05f0e09c2,1763436178902,ETH,order,143.8381,0xe7ec7fbf4f195fc8e57d814e15c3a2857cb632a3,limit,2679.6
PERP,0xba748c6303bb1c7fbbee042fb16ab4020a1301049ebe3b515e3d37b5c2bef66a,1763436178902,ETH,order,143.8381,0xe7ec7fbf4f195fc8e57d814e15c3a2857cb632a3,limit,2683.7
PERP,0x0bd1a638676c09280d4b042fb16ab4020a130103026f27faaf9a518b266fe312,1763436178902,ETH,order,143.8381,0xe7ec7fbf4f195fc8e57d814e15c3a2857cb632a3,limit,2687.8
PERP,0x5d2ec00dcb1cf5d05ea8042fb16ab4020a130102661014a200f76b608a10cfbb,1763436178902,ETH,order,143.8381,0xe7ec7fbf4f195fc8e57d814e15c3a2857cb632a3,limit,2691.8
PERP,0xae8bd9e32ecde278b005042fb16ab4020a130101c9c1014a52548535edc1bc63,1763436178902,ETH,order,143.8381,0xe7ec7fbf4f195fc8e57d814e15c3a2857cb632a3,limit,2695.9
PERP,0xffe8f3b8927ecf200162042fb16ab4020a13009e2d71edf3a3b19f0b5172a90b,1763436178902,ETH,order,143.8381,0xe7ec7fbf4f195fc8e57d814e15c3a2857cb632a3,limit,2700
PERP,0x6edf27e0eb2112f57058042fb1652c02027e00c6862431c712a7d333aa24ece0,1763436064091,HYPE-USD,Close Long,-8615.590000000004,0xe7ec7fbf4f195fc8e57d814e15c3a2857cb632a3,0xffffffffffffffffffffffffffffffffffffffff,39.90914536090969
PERP,0x659b13656cc6fe396714042f5571b70205b1004b07ca1d0b0963beb82bcad824,1762945830357,HYPE-USD,Close Long,-23.57,0xe7ec7fbf4f195fc8e57d814e15c3a2857cb632a3,0xffffffffffffffffffffffffffffffffffffffff,40.8
PERP,0x695871566d2a65646ad2042f5571b70205a7003c082d84360d211ca92c2e3f4f,1762945830357,HYPE-USD,Close Long,-0.25,0xe7ec7fbf4f195fc8e57d814e15c3a2857cb632a3,0xffffffffffffffffffffffffffffffffffffffff,40.8
PERP,0x44d74e2bce31088e4651042f5571b102037e001169342760e89ff97e8d34e278,1762945829824,HYPE-USD,Close Long,-0.49,0xe7ec7fbf4f195fc8e57d814e15c3a2857cb632a3,0xffffffffffffffffffffffffffffffffffffffff,40.8
PERP,0xc9b505ec91b521a6cb2e042f5571ae0201c500d22cb840786d7db13f50b8fb91,1762945829536,HYPE-USD,Close Long,-89.16,0xe7ec7fbf4f195fc8e57d814e15c3a2857cb632a3,0xffffffffffffffffffffffffffffffffffffffff,40.8
PERP,0x16e18f517823df2b185b042f5571ae0201c400371326fdfdbaaa3aa43727b915,1762945829536,HYPE-USD,Close Long,-134.25,0xe7ec7fbf4f195fc8e57d814e15c3a2857cb632a3,0xffffffffffffffffffffffffffffffffffffffff,40.8
PERP,0xfe672b802b7017b7ffe0042f5571ae0201c10065c673368aa22fd6d2ea73f1a2,1762945829536,HYPE-USD,Close Long,-42.3,0xe7ec7fbf4f195fc8e57d814e15c3a2857cb632a3,0xffffffffffffffffffffffffffffffffffffffff,40.8
PERP,0x53db3b4c0d6c0fb75554042f5571a90203110031a86f2e89f7a3e69ecc6fe9a1,1762945829134,HYPE-USD,Close Long,-36.11,0xe7ec7fbf4f195fc8e57d814e15c3a2857cb632a3,0xffffffffffffffffffffffffffffffffffffffff,40.8
PERP,0x888d60dfa72705c88a07042f5571a902030d00c5422a249a2c560c32662adfb3,1762945829134,HYPE-USD,Close Long,-68.38,0xe7ec7fbf4f195fc8e57d814e15c3a2857cb632a3,0xffffffffffffffffffffffffffffffffffffffff,40.8
PERP,0x73d05aff5ad6a580754a042f5571a902030000e4f5d9c4521799065219da7f6b,1762945829134,HYPE-USD,Close Long,-10,0xe7ec7fbf4f195fc8e57d814e15c3a2857cb632a3,0xffffffffffffffffffffffffffffffffffffffff,40.8
PERP,0x0eef0e84eb5190831068042f5571a802030d006a8654af55b2b7b9d7aa556a6d,1762945829076,HYPE-USD,Close Long,-96.43,0xe7ec7fbf4f195fc8e57d814e15c3a2857cb632a3,0xffffffffffffffffffffffffffffffffffffffff,40.8
PERP,0x9fc335416d08e0c4a13c042f5571a80202e00027080bff96438be0942c0cbaaf,1762945829076,HYPE-USD,Close Long,-103.62,0xe7ec7fbf4f195fc8e57d814e15c3a2857cb632a3,0xffffffffffffffffffffffffffffffffffffffff,40.8
PERP,0x8b062f6120b8807c8c7f042f5571a80202d30046bbbb9f4e2ecedab3dfbc5a67,1762945829076,HYPE-USD,Close Long,-88.13,0xe7ec7fbf4f195fc8e57d814e15c3a2857cb632a3,0xffffffffffffffffffffffffffffffffffffffff,40.8
PERP,0x3c95168cb377d6813e0e042f5571a70202a400724e7af553e05dc1df727bb06b,1762945829002,HYPE-USD,Close Long,-32.3,0xe7ec7fbf4f195fc8e57d814e15c3a2857cb632a3,0xffffffffffffffffffffffffffffffffffffffff,40.8
PERP,0x241ab2bb66c40f0e2594042f5571a70202a100a101c72de0c7e35e0e25c7e8f8,1762945829002,HYPE-USD,Close Long,-343.14,0xe7ec7fbf4f195fc8e57d814e15c3a2857cb632a3,0xffffffffffffffffffffffffffffffffffffffff,40.8
PERP,0x47cd305fb4920c024946042f5571a702028600454f952ad4eb95dbb27395e5ec,1762945829002,HYPE-USD,Close Long,-43.88,0xe7ec7fbf4f195fc8e57d814e15c3a2857cb632a3,0xffffffffffffffffffffffffffffffffffffffff,40.8
PERP,0x2f52cc8e67ee448f30cc042f5571a7020283007402e16361d31b77e126e21e79,1762945829002,HYPE-USD,Close Long,-20.35,0xe7ec7fbf4f195fc8e57d814e15c3a2857cb632a3,0xffffffffffffffffffffffffffffffffffffffff,40.8
PERP,0xe342e64ad99848bbe4bc042f5571a602031b0030749b678d870b919d989c22a6,1762945828941,HYPE-USD,Close Long,-133.35,0xe7ec7fbf4f195fc8e57d814e15c3a2857cb632a3,0xffffffffffffffffffffffffffffffffffffffff,40.8
PERP,0x7d9bf914a675c3c47f15042f5571a602031900fa4178e2962164a46765799daf,1762945828941,HYPE-USD,Close Long,-37.43,0xe7ec7fbf4f195fc8e57d814e15c3a2857cb632a3,0xffffffffffffffffffffffffffffffffffffffff,40.8
PERP,0xcac882798ce48148cc42042f5571a6020318005f27e7a01a6e912dcc4be85b33,1762945828941,HYPE-USD,Close Long,-160.07,0xe7ec7fbf4f195fc8e57d814e15c3a2857cb632a3,0xffffffffffffffffffffffffffffffffffffffff,40.8
PERP,0xb24e1ea84030b9d5b3c7042f5571a6020315008ddb33d8a75616c9faff3493c0,1762945828941,HYPE-USD,Close Long,-17.19,0xe7ec7fbf4f195fc8e57d814e15c3a2857cb632a3,0xffffffffffffffffffffffffffffffffffffffff,40.8
PERP,0xff7aa80d26af775900f4042f5571a602031400f2c1a2962ca343535fe5a35144,1762945828941,HYPE-USD,Close Long,-207.47,0xe7ec7fbf4f195fc8e57d814e15c3a2857cb632a3,0xffffffffffffffffffffffffffffffffffffffff,40.8
PERP,0x4ca731720d1e34de4e20042f5571a60203130057a81153b0f06fdcc4cc120ec8,1762945828941,HYPE-USD,Close Long,-41.02,0xe7ec7fbf4f195fc8e57d814e15c3a2857cb632a3,0xffffffffffffffffffffffffffffffffffffffff,40.8
PERP,0x99d3bad6f38cf2629b4d042f5571a602031200bc8e8011343d9c6629b280cc4d,1762945828941,HYPE-USD,Close Long,-208.51,0xe7ec7fbf4f195fc8e57d814e15c3a2857cb632a3,0xffffffffffffffffffffffffffffffffffffffff,40.8
PERP,0xe700443bd9fbafe6e87a042f5571a6020311002174feceb88ac8ef8e98ff89d1,1762945828941,HYPE-USD,Close Long,-215.43,0xe7ec7fbf4f195fc8e57d814e15c3a2857cb632a3,0xffffffffffffffffffffffffffffffffffffffff,40.8
PERP,0x342ccda0c06a6d6b35a6042f5571a602031000865b6d8c3dd7f578f37f6e4755,1762945828941,HYPE-USD,Close Long,-144.45,0xe7ec7fbf4f195fc8e57d814e15c3a2857cb632a3,0xffffffffffffffffffffffffffffffffffffffff,40.8
PERP,0x81595705a6d92aef82d3042f5571a602030f00eb41dc49c12522025865dd04da,1762945828941,HYPE-USD,Close Long,-51.18,0xe7ec7fbf4f195fc8e57d814e15c3a2857cb632a3,0xffffffffffffffffffffffffffffffffffffffff,40.8
PERP,0xce85e06a8d47e873cfff042f5571a602030e0050284b0745724e8bbd4c4bc25e,1762945828941,HYPE-USD,Close Long,-105.57,0xe7ec7fbf4f195fc8e57d814e15c3a2857cb632a3,0xffffffffffffffffffffffffffffffffffffffff,40.8
PERP,0x1bb269cf73b6a5f81d2c042f5571a602030d00b50eb9c4cabf7b152232ba7fe2,1762945828941,HYPE-USD,Close Long,-495.54,0xe7ec7fbf4f195fc8e57d814e15c3a2857cb632a3,0xffffffffffffffffffffffffffffffffffffffff,40.8
PERP,0x68def3345a25637c6a58042f5571a602030c0019f528824e0ca79e8719293d67,1762945828941,HYPE-USD,Close Long,-63.97,0xe7ec7fbf4f195fc8e57d814e15c3a2857cb632a3,0xffffffffffffffffffffffffffffffffffffffff,40.8
PERP,0xb60b7c9940942100b785042f5571a602030b007edb973fd259d427ebff97faeb,1762945828941,HYPE-USD,Close Long,-31.44,0xe7ec7fbf4f195fc8e57d814e15c3a2857cb632a3,0xffffffffffffffffffffffffffffffffffffffff,40.8
PERP,0x412f8f6042a4080b42a9042f5571a50204990045dda726dde4f83ab301a7e1f5,1762945828836,HYPE-USD,Close Long,-24.73,0xe7ec7fbf4f195fc8e57d814e15c3a2857cb632a3,0xffffffffffffffffffffffffffffffffffffffff,40.8
PERP,0xfb7dc1dd5cfc18dcfcf7042f5571a502048600c2f7ff37af9f466d301bfff2c7,1762945828836,HYPE-USD,Close Long,-71.84,0xe7ec7fbf4f195fc8e57d814e15c3a2857cb632a3,0xffffffffffffffffffffffffffffffffffffffff,40.8
PERP,0x81886d1d0cab51e08302042f5571a40203fe0002a7ae70b22551186fcbaf2bcb,1762945828770,HYPE-USD,Close Long,-87.87,0xe7ec7fbf4f195fc8e57d814e15c3a2857cb632a3,0xffffffffffffffffffffffffffffffffffffffff,40.8
PERP,0x381941a9269ffb873992042f5571a40203f5008ec1931a59dbe1ecfbe593d571,1762945828770,HYPE-USD,Close Long,-0.49,0xe7ec7fbf4f195fc8e57d814e15c3a2857cb632a3,0xffffffffffffffffffffffffffffffffffffffff,40.8
PERP,0xba0f8c9241607ba8bb89042f5571a30202ef0077dc639a7a5dd837e500645593,1762945828719,HYPE-USD,Close Long,-67.71,0xe7ec7fbf4f195fc8e57d814e15c3a2857cb632a3,0xffffffffffffffffffffffffffffffffffffffff,40.8
PERP,0xba3e80dfd7c73072bbb8042f5571a10206cf00c572ca4f445e072c3296cb0a5d,1762945828546,HYPE-USD,Close Long,-102.84,0xe7ec7fbf4f195fc8e57d814e15c3a2857cb632a3,0xffffffffffffffffffffffffffffffffffffffff,40.8
PERP,0xdeb65bac4a5bb912e030042f5571a0020ca50091e55ed7e4827f06ff095f92fd,1762945828414,HYPE-USD,Close Long,-112.48,0xe7ec7fbf4f195fc8e57d814e15c3a2857cb632a3,0xffffffffffffffffffffffffffffffffffffffff,40.8
PERP,0x338e4fcfcb5d8cd23508042f557179020c3800b56650aba4d756fb228a5166bc,1762945825279,HYPE-USD,Close Long,-1.29,0xe7ec7fbf4f195fc8e57d814e15c3a2857cb632a3,0xffffffffffffffffffffffffffffffffffffffff,40.8
PERP,0x27690e50463f130628e2042f5571780203db0035e13231d8cb31b9a30532ecf0,1762945825218,HYPE-USD,Close Long,-224.45,0xe7ec7fbf4f195fc8e57d814e15c3a2857cb632a3,0xffffffffffffffffffffffffffffffffffffffff,40.8
PERP,0x535bc6c888f5dc2354d5042f5571770206ac00ae23f8faf5f724721b47f9b60d,1762945825124,HYPE-USD,Close Long,-579.58,0xe7ec7fbf4f195fc8e57d814e15c3a2857cb632a3,0xffffffffffffffffffffffffffffffffffffffff,40.8
PERP,0x41c550a14056b5af433f042f557176020d570086db59d481e58dfbf3ff5a8f99,1762945825071,HYPE-USD,Close Long,-464.02,0xe7ec7fbf4f195fc8e57d814e15c3a2857cb632a3,0xffffffffffffffffffffffffffffffffffffffff,40.8
PERP,0x81af9007db3be1418329042f557176020d3500ed763f001325783b5a9a3fbb2c,1762945825071,HYPE-USD,Close Long,-10,0xe7ec7fbf4f195fc8e57d814e15c3a2857cb632a3,0xffffffffffffffffffffffffffffffffffffffff,40.8
PERP,0xcedc196cc1aa9ec5d055042f557176020d3400525cadbd9772a4c4bf80ae78b0,1762945825071,HYPE-USD,Close Long,-10,0xe7ec7fbf4f195fc8e57d814e15c3a2857cb632a3,0xffffffffffffffffffffffffffffffffffffffff,40.8
PERP,0x69352c368e8819ce6aae042f557176020d32001c298b38a00cfdd7894d8bf3b9,1762945825071,HYPE-USD,Close Long,-145.76,0xe7ec7fbf4f195fc8e57d814e15c3a2857cb632a3,0xffffffffffffffffffffffffffffffffffffffff,40.8
PERP,0xb661b59b74f6d752b7db042f557176020d3100810ff9f6245a2a60ee33fab13d,1762945825071,HYPE-USD,Close Long,-10,0xe7ec7fbf4f195fc8e57d814e15c3a2857cb632a3,0xffffffffffffffffffffffffffffffffffffffff,40.8
PERP,0x038e3f005b6594d70507042f557176020d3000e5f668b3a9a756ea531a696ec1,1762945825071,HYPE-USD,Close Long,-100,0xe7ec7fbf4f195fc8e57d814e15c3a2857cb632a3,0xffffffffffffffffffffffffffffffffffffffff,40.8
PERP,0x6cf28a278eeb80f96e6c042f557176020d28000d29ee9fcb10bb357a4def5ae4,1762945825071,HYPE-USD,Close Long,-117.01,0xe7ec7fbf4f195fc8e57d814e15c3a2857cb632a3,0xffffffffffffffffffffffffffffffffffffffff,40.8
PERP,0x5bf2e23842fe87dc5d6c042f557176020d11001dddf1a6aeffbb8d8b01f261c6,1762945825071,HYPE-USD,Close Long,-183.83,0xe7ec7fbf4f195fc8e57d814e15c3a2857cb632a3,0xffffffffffffffffffffffffffffffffffffffff,40.8
PERP,0x946265bcdd1ce51895dc042f557176020d0300a2781003ea382b110f9c10bf03,1762945825071,HYPE-USD,Close Long,-0.52,0xe7ec7fbf4f195fc8e57d814e15c3a2857cb632a3,0xffffffffffffffffffffffffffffffffffffffff,40.8
PERP,0xd44ca52377f210aad5c6042f557176020ce1000912f52f7c7815507636f5ea95,1762945825071,HYPE-USD,Close Long,-248.2,0xe7ec7fbf4f195fc8e57d814e15c3a2857cb632a3,0xffffffffffffffffffffffffffffffffffffffff,40.8
PERP,0x36d44e33adf7ca20384e042f557173020490001948fae8f2da9cf9866cfba40a,1762945824866,HYPE-USD,Close Long,-159.43,0xe7ec7fbf4f195fc8e57d814e15c3a2857cb632a3,0xffffffffffffffffffffffffffffffffffffffff,40.8
PERP,0xa74022bd6555bc9fa8b9042f55717302046901010058db714b08ce102459968a,1762945824866,HYPE-USD,Close Long,-382.82,0xe7ec7fbf4f195fc8e57d814e15c3a2857cb632a3,0xffffffffffffffffffffffffffffffffffffffff,40.8
PERP,0xf89d3c92c906a947fa16042f55717302046900786409c81a9c65e7e5880a8332,1762945824866,HYPE-USD,Close Long,-537.1,0xe7ec7fbf4f195fc8e57d814e15c3a2857cb632a3,0xffffffffffffffffffffffffffffffffffffffff,40.8
PERP,0xc7a874f02faf1a61c922042f55717302046300d5caa239336b712042eea2f44c,1762945824866,HYPE-USD,Close Long,-228.88,0xe7ec7fbf4f195fc8e57d814e15c3a2857cb632a3,0xffffffffffffffffffffffffffffffffffffffff,40.8
PERP,0x25d751ff08cd5bd42751042f5570f90205a700e4a3c07aa6c99ffd51c7c135be,1762945815646,HYPE-USD,Close Long,-0.02,0xe7ec7fbf4f195fc8e57d814e15c3a2857cb632a3,0xffffffffffffffffffffffffffffffffffffffff,40.8
PERP,0xb9d092d0a61348a1bb4a042f5570ed02028000b6411667735d993e236517228c,1762945814605,HYPE-USD,Close Long,-95.79,0xe7ec7fbf4f195fc8e57d814e15c3a2857cb632a3,0xffffffffffffffffffffffffffffffffffffffff,40.8
PERP,0x9cb24c03ce6309479e2c042f5570e802072600e969662819407af7568d66e332,1762945814256,HYPE-USD,Close Long,-65.39,0xe7ec7fbf4f195fc8e57d814e15c3a2857cb632a3,0xffffffffffffffffffffffffffffffffffffffff,40.8
PERP,0x1e90fafc4e9cbcdd200a042f5570e802072100e1e99fdbafc259a64f0d9096c7,1762945814256,HYPE-USD,Close Long,-170.26,0xe7ec7fbf4f195fc8e57d814e15c3a2857cb632a3,0xffffffffffffffffffffffffffffffffffffffff,40.8
PERP,0x79178c19eaa74b067a91042f5570e702034f00ff85aa69d81ce0376ca9ab24f1,1762945814178,HYPE-USD,Close Long,-107.72,0xe7ec7fbf4f195fc8e57d814e15c3a2857cb632a3,0xffffffffffffffffffffffffffffffffffffffff,40.8
PERP,0x37231c880552c303389c042f5570e7020332006da055e1d5daebc7dac4569ced,1762945814178,HYPE-USD,Close Long,-106.17,0xe7ec7fbf4f195fc8e57d814e15c3a2857cb632a3,0xffffffffffffffffffffffffffffffffffffffff,40.8
PERP,0xa444c5a0393c1650a5be042f5570e70203200085d43f3522480d70f2f83ff03b,1762945814178,HYPE-USD,Close Long,-56.75,0xe7ec7fbf4f195fc8e57d814e15c3a2857cb632a3,0xffffffffffffffffffffffffffffffffffffffff,40.8
PERP,0x679890196d337ef76912042f5570e5020bea00ff08369dc90b613b6c2c3758e2,1762945814032,HYPE-USD,Close Long,-25.47,0xe7ec7fbf4f195fc8e57d814e15c3a2857cb632a3,0xffffffffffffffffffffffffffffffffffffffff,40.8
PERP,0x36a3c876d3dbf011381d042f5570e5020be4005c6edf0ee3da6c73c992dfc9fb,1762945814032,HYPE-USD,Close Long,-129.47,0xe7ec7fbf4f195fc8e57d814e15c3a2857cb632a3,0xffffffffffffffffffffffffffffffffffffffff,40.8
PERP,0xd0fcdb40a0b96b19d276042f5570e5020be200263bbc89eb74c586935fbd4504,1762945814032,HYPE-USD,Close Long,-122.69,0xe7ec7fbf4f195fc8e57d814e15c3a2857cb632a3,0xffffffffffffffffffffffffffffffffffffffff,40.8
PERP,0xf4af58e4ee87680df629042f5570e5020bc700ca898a86e098780437ad8b41f8,1762945814032,HYPE-USD,Close Long,-558.9,0xe7ec7fbf4f195fc8e57d814e15c3a2857cb632a3,0xffffffffffffffffffffffffffffffffffffffff,40.8
PERP,0x03a4d0a8f00504ba051e042f5570e5020b9f008e8b08238ca76d7bfbaf08dea4,1762945814032,HYPE-USD,Close Long,-99.68,0xe7ec7fbf4f195fc8e57d814e15c3a2857cb632a3,0xffffffffffffffffffffffffffffffffffffffff,40.8
PERP,0x50d15a0dd673c23e524b042f5570e5020b9e00f37176e110f49a056095779c28,1762945814032,HYPE-USD,Close Long,-151.11,0xe7ec7fbf4f195fc8e57d814e15c3a2857cb632a3,0xffffffffffffffffffffffffffffffffffffffff,40.8
PERP,0x9dfde372bce27fc29f77042f5570e5020b9d005857e59e9441c68ec57be659ad,1762945814032,HYPE-USD,Close Long,-0.49,0xe7ec7fbf4f195fc8e57d814e15c3a2857cb632a3,0xffffffffffffffffffffffffffffffffffffffff,40.8
PERP,0xeb2a6cd7a3513d46eca4042f5570e5020b9c00bd3e545c188ef3182a62551731,1762945814032,HYPE-USD,Close Long,-43.39,0xe7ec7fbf4f195fc8e57d814e15c3a2857cb632a3,0xffffffffffffffffffffffffffffffffffffffff,40.8
PERP,0x3856f63c89cffacb39d0042f5570e5020b9b002224c3199ddc1fa18f48c3d4b5,1762945814032,HYPE-USD,Close Long,-104.73,0xe7ec7fbf4f195fc8e57d814e15c3a2857cb632a3,0xffffffffffffffffffffffffffffffffffffffff,40.8
PERP,0x85837fa1703eb84f86fd042f5570e5020b9a00870b31d721294c2af42f32923a,1762945814032,HYPE-USD,Close Long,-24.66,0xe7ec7fbf4f195fc8e57d814e15c3a2857cb632a3,0xffffffffffffffffffffffffffffffffffffffff,40.8
PERP,0xa5789f54bda94e18a6f2042f5570e5020b89003a58ac6cea49414aa77cad2803,1762945814032,HYPE-USD,Close Long,-140.25,0xe7ec7fbf4f195fc8e57d814e15c3a2857cb632a3,0xffffffffffffffffffffffffffffffffffffffff,40.8
PERP,0xfa37c41fde5c8accfbb1042f5570e40204910005795fa99f9e006f729d5064b7,1762945813956,HYPE-USD,Close Long,-222.01,0xe7ec7fbf4f195fc8e57d814e15c3a2857cb632a3,0xffffffffffffffffffffffffffffffffffffffff,40.8
PERP,0x47644d84c4cb485148de042f5570e4020490006a5fce6723eb2cf8d783cf223b,1762945813956,HYPE-USD,Close Long,-39.3,0xe7ec7fbf4f195fc8e57d814e15c3a2857cb632a3,0xffffffffffffffffffffffffffffffffffffffff,40.8
PERP,0x2ee9e9b3781780de3063042f5570e402048d0099131a9fb0d2b29506371b5ac8,1762945813956,HYPE-USD,Close Long,-111.39,0xe7ec7fbf4f195fc8e57d814e15c3a2857cb632a3,0xffffffffffffffffffffffffffffffffffffffff,40.8
PERP,0x944f95735af08ced95c9042f5570d80202270058f5f3abbf381840c619f466d8,1762945813141,HYPE-USD,Close Long,-12.26,0xe7ec7fbf4f195fc8e57d814e15c3a2857cb632a3,0xffffffffffffffffffffffffffffffffffffffff,40.8
PERP,0xa99ad01cf8806b43ab14042f55704d02025f000293838a154d637b6fb784452e,1762945800591,HYPE-USD,Close Long,-957.97,0xe7ec7fbf4f195fc8e57d814e15c3a2857cb632a3,0xffffffffffffffffffffffffffffffffffffffff,40.8
PERP,0x1841619ccce9396e19bb042f556fca020164008267ec5840bc0a0cef8bed1358,1762945790478,HYPE-USD,Close Long,-88.31,0xe7ec7fbf4f195fc8e57d814e15c3a2857cb632a3,0xffffffffffffffffffffffffffffffffffffffff,40.8
PERP,0x692b48f2b3bb5e1d6aa5042f556fca02015900d84ebe7cef0cf3f44572bf3808,1762945790478,HYPE-USD,Close Long,-55.88,0xe7ec7fbf4f195fc8e57d814e15c3a2857cb632a3,0xffffffffffffffffffffffffffffffffffffffff,40.8
PERP,0x1aba301e467ab4221c33042f556fc902012a0003e17dd2f4be82db71057e8e0c,1762945790416,HYPE-USD,Close Long,-30.58,0xe7ec7fbf4f195fc8e57d814e15c3a2857cb632a3,0xffffffffffffffffffffffffffffffffffffffff,40.8
PERP,0x39c8ead29a27b9f93b42042f556fc90201030102352ad8cbdd919625592b93e3,1762945790416,HYPE-USD,Close Long,-301.83,0xe7ec7fbf4f195fc8e57d814e15c3a2857cb632a3,0xffffffffffffffffffffffffffffffffffffffff,40.8
PERP,0x8b2604a7fdd8a6a18c9f042f556fc9020103010198dbc5732eeeaffabcdc808c,1762945790416,HYPE-USD,Close Long,-1347.34,0xe7ec7fbf4f195fc8e57d814e15c3a2857cb632a3,0xffffffffffffffffffffffffffffffffffffffff,40.8
PERP,0xdc831e7d61899349ddfc042f556fc90201030062fc8cb21b804bc9d0208d6d34,1762945790416,HYPE-USD,Close Long,-925.2,0xe7ec7fbf4f195fc8e57d814e15c3a2857cb632a3,0xffffffffffffffffffffffffffffffffffffffff,40.8
PERP,0x45e769a4950f7f6c4761042f556fc901fb00818a30029e3ee9b014f754035956,1762945790416,HYPE-USD,Close Long,-159.37,0xe7ec7fbf4f195fc8e57d814e15c3a2857cb632a3,0xffffffffffffffffffffffffffffffffffffffff,40.8
PERP,0x817dc075d1b5faca82f7042f556fc80201c3005b6cb9199c25466bc890b9d4b5,1762945790336,HYPE-USD,Close Long,-257.36,0xe7ec7fbf4f195fc8e57d814e15c3a2857cb632a3,0xffffffffffffffffffffffffffffffffffffffff,40.8
PERP,0x602f09440daf0d1661a8042f556fc80201b30103a8a22be803f7b496cca2e701,1762945790336,HYPE-USD,Close Long,-1069.47,0xe7ec7fbf4f195fc8e57d814e15c3a2857cb632a3,0xffffffffffffffffffffffffffffffffffffffff,40.8
PERP,0xb18c2319715ff9beb305042f556fc80201b301020c5318905554ce6c3053d3a9,1762945790336,HYPE-USD,Close Long,-654.35,0xe7ec7fbf4f195fc8e57d814e15c3a2857cb632a3,0xffffffffffffffffffffffffffffffffffffffff,40.8
PERP,0x02e93ceed500e6670462042f556fc80201b3010170040539a6b1e8419404c051,1762945790336,HYPE-USD,Close Long,-795.02,0xe7ec7fbf4f195fc8e57d814e15c3a2857cb632a3,0xffffffffffffffffffffffffffffffffffffffff,40.8
PERP,0x544656c438b1d30f55c0042f556fc80201b300a9d3b4f1e1f80f0216f7b5acf9,1762945790336,HYPE-USD,Close Long,-532.32,0xe7ec7fbf4f195fc8e57d814e15c3a2857cb632a3,0xffffffffffffffffffffffffffffffffffffffff,40.8
PERP,0x4be535e33e3d74c74d5e042f556fc80201b10102d9309399efade135fd314eb1,1762945790336,HYPE-USD,Close Long,-1072.48,0xe7ec7fbf4f195fc8e57d814e15c3a2857cb632a3,0xffffffffffffffffffffffffffffffffffffffff,40.8
PERP,0x23518f219f5a442924cb042f556fc80201ad00073a5d62fbc71a3a745e5e1e13,1762945790336,HYPE-USD,Close Long,-142.22,0xe7ec7fbf4f195fc8e57d814e15c3a2857cb632a3,0xffffffffffffffffffffffffffffffffffffffff,40.8
PERP,0x0ad72b5052a67cb60c50042f556fc80201aa0035eda99b88ae9fd6a311aa56a0,1762945790336,HYPE-USD,Close Long,-135.83,0xe7ec7fbf4f195fc8e57d814e15c3a2857cb632a3,0xffffffffffffffffffffffffffffffffffffffff,40.8
PERP,0xb118f099f47131c5b292042f556fc80201a801038f74509754e19becb3750bb0,1762945790336,HYPE-USD,Close Long,-296.47,0xe7ec7fbf4f195fc8e57d814e15c3a2857cb632a3,0xffffffffffffffffffffffffffffffffffffffff,40.8
PERP,0x53d32444bbd30b16554c042f556fc80201a8010156d629e8f79bcf977ad6e500,1762945790336,HYPE-USD,Close Long,-1677.02,0xe7ec7fbf4f195fc8e57d814e15c3a2857cb632a3,0xffffffffffffffffffffffffffffffffffffffff,40.8
PERP,0xa5303e1a1f83f7bea6a9042f556fc80201a800ffba87169048f8e96cde87d1a9,1762945790336,HYPE-USD,Close Long,-1216.19,0xe7ec7fbf4f195fc8e57d814e15c3a2857cb632a3,0xffffffffffffffffffffffffffffffffffffffff,40.8
PERP,0x9ccf1d39250f99769e48042f556fc80201a60102c002b8484097c88be4037361,1762945790336,HYPE-USD,Close Long,-1523.4,0xe7ec7fbf4f195fc8e57d814e15c3a2857cb632a3,0xffffffffffffffffffffffffffffffffffffffff,40.8
PERP,0xee2c370e88b0861eefa5042f556fc80201a6010123b3a4f091f4e26147b46009,1762945790336,HYPE-USD,Close Long,-598.84,0xe7ec7fbf4f195fc8e57d814e15c3a2857cb632a3,0xffffffffffffffffffffffffffffffffffffffff,40.8
PERP,0xd9e263adb94eedcfdb5c042f556fc80201a4009354420ca17dab0f007842c7ba,1762945790336,HYPE-USD,Close Long,-217.48,0xe7ec7fbf4f195fc8e57d814e15c3a2857cb632a3,0xffffffffffffffffffffffffffffffffffffffff,40.8
DUST,00000000000000000000000000000000000000597,1762905600096,UXPL,Spot Dust Conversion,-0.071027,0xe7ec7fbf4f195fc8e57d814e15c3a2857cb632a3,0xffffffffffffffffffffffffffffffffffffffff,0.263
PERP,0x172730d3b14d720e18a0042f4106370202b900b94c4090e0baefdc2670414bf8,1762836983322,HYPE-USD,Close Long,-5.61,0xe7ec7fbf4f195fc8e57d814e15c3a2857cb632a3,0xffffffffffffffffffffffffffffffffffffffff,40.8
PERP,0x67197cf8f5dc72156893042f41020b020ac600de90df90e70ae2284bb4d04c00,1762836899047,HYPE-USD,Close Long,-84.83,0xe7ec7fbf4f195fc8e57d814e15c3a2857cb632a3,0xffffffffffffffffffffffffffffffffffffffff,40.8
PERP,0x96b5d095970140f7982f042f4101f1020553007b32045fc93a7e7be856051ae2,1762836897016,HYPE-USD,Close Long,-38.39,0xe7ec7fbf4f195fc8e57d814e15c3a2857cb632a3,0xffffffffffffffffffffffffffffffffffffffff,40.8
PERP,0x0c3834ca9508bc400db1042f4101c602044a00b0300bdb12b000e01d540c962a,1762836893216,HYPE-USD,Close Long,-57.09,0xe7ec7fbf4f195fc8e57d814e15c3a2857cb632a3,0xffffffffffffffffffffffffffffffffffffffff,40.8
PERP,0x0443d8fcb1d179db05bd042f4101b50204b400e24cd498ada80c844f70d553c5,1762836891048,HYPE-USD,Close Long,-19.16,0xe7ec7fbf4f195fc8e57d814e15c3a2857cb632a3,0xffffffffffffffffffffffffffffffffffffffff,40.8
PERP,0x9634a2da8ba18bcd97ae042f4101b402051e00c026a4aa9f39fd4e2d4aa565b8,1762836890846,HYPE-USD,Close Long,-73.53,0xe7ec7fbf4f195fc8e57d814e15c3a2857cb632a3,0xffffffffffffffffffffffffffffffffffffffff,40.8
PERP,0xeba188dd367487a1ed1b042f4101b302051800c2d177a6738f6a342ff578618c,1762836890641,HYPE-USD,Close Long,-0.49,0xe7ec7fbf4f195fc8e57d814e15c3a2857cb632a3,0xffffffffffffffffffffffffffffffffffffffff,40.8
PERP,0xd395c36218e2de71d50f042f4101b202049c0047b3e5fd43775e6eb4d7e6b85c,1762836890484,HYPE-USD,Close Long,-0.49,0xe7ec7fbf4f195fc8e57d814e15c3a2857cb632a3,0xffffffffffffffffffffffffffffffffffffffff,40.8
PERP,0x5f061a8c9b06a5b5607f042f41019f01ad0032723609c48702cec5df5a0a7fa0,1762836888959,HYPE-USD,Close Long,-1.37,0xe7ec7fbf4f195fc8e57d814e15c3a2857cb632a3,0xffffffffffffffffffffffffffffffffffffffff,40.8
PERP,0x0e4222b9bd1d45e80fbb042f410196020263009f581064bab20ace0c7c111fd2,1762836888358,HYPE-USD,Close Long,-0.4,0xe7ec7fbf4f195fc8e57d814e15c3a2857cb632a3,0xffffffffffffffffffffffffffffffffffffffff,40.8
PERP,0xf818a11bbb41ce62f992042f41019302028d00015644ed359be14c6e7a45a84d,1762836888154,HYPE-USD,Close Long,-1,0xe7ec7fbf4f195fc8e57d814e15c3a2857cb632a3,0xffffffffffffffffffffffffffffffffffffffff,40.8
PERP,0xfe25063eb02891beff9e042f4101850201d100244b2bb091a1edb1916f2c6ba9,1762836887199,HYPE-USD,Close Long,-25,0xe7ec7fbf4f195fc8e57d814e15c3a2857cb632a3,0xffffffffffffffffffffffffffffffffffffffff,40.8
PERP,0x7c06cf0766aee6d77d80042f41018402033e00ed01a205a91fcf7a5a25a2c0c2,1762836887144,HYPE-USD,Close Long,-19.63,0xe7ec7fbf4f195fc8e57d814e15c3a2857cb632a3,0xffffffffffffffffffffffffffffffffffffffff,40.8
PERP,0x4cd0e5afb77bdd644e4a042f4101110206520095527efc36f0999102767fb74e,1762836877409,HYPE-USD,Close Long,-0.48,0xe7ec7fbf4f195fc8e57d814e15c3a2857cb632a3,0xffffffffffffffffffffffffffffffffffffffff,40.8
PERP,0xf8209b9e42c861a1f99a042f41010a0204320083ddcb80749be946f101cc3b8c,1762836876951,HYPE-USD,Close Long,-5.07,0xe7ec7fbf4f195fc8e57d814e15c3a2857cb632a3,0xffffffffffffffffffffffffffffffffffffffff,40.8
PERP,0xcbdde8bfd333d0d1cd57042f41010702052000a56e36efa36fa694129237aabc,1762836876783,HYPE-USD,Close Long,-5.65,0xe7ec7fbf4f195fc8e57d814e15c3a2857cb632a3,0xffffffffffffffffffffffffffffffffffffffff,40.8
PERP,0x238415052e48500824fd042f41010402064800eac94b6edac74cc057ed4c29f2,1762836876583,HYPE-USD,Close Long,-10,0xe7ec7fbf4f195fc8e57d814e15c3a2857cb632a3,0xffffffffffffffffffffffffffffffffffffffff,40.8
PERP,0x9db738ccc0ff8cc09f30042f4100fb02019800b25bf2ab92417fe41f7ff366ab,1762836875811,HYPE-USD,Close Long,-11.61,0xe7ec7fbf4f195fc8e57d814e15c3a2857cb632a3,0xffffffffffffffffffffffffffffffffffffffff,40.8
PERP,0x842580a1fce70c0a859f042f4100ed020175008797ea2adc27ee2bf4bbeae5f5,1762836874861,HYPE-USD,Close Long,-1,0xe7ec7fbf4f195fc8e57d814e15c3a2857cb632a3,0xffffffffffffffffffffffffffffffffffffffff,40.8
PERP,0x284a31811563a55729c3042f4100ea02018c0066b066c429cc12dcd3d4677f41,1762836874553,HYPE-USD,Close Long,-5000,0xe7ec7fbf4f195fc8e57d814e15c3a2857cb632a3,0xffffffffffffffffffffffffffffffffffffffff,40.8
PERP,0x6c00226b1eee306a6d79042f4100e202040c0050b9e14f3c0fc8cdbddde20a55,1762836874003,HYPE-USD,Close Long,-25,0xe7ec7fbf4f195fc8e57d814e15c3a2857cb632a3,0xffffffffffffffffffffffffffffffffffffffff,40.8
PERP,0x52ed58f41e0a2c315467042f4100d602040a00d9b90d4b03f6b60446dd0e061b,1762836872995,HYPE-USD,Close Long,-2.6,0xe7ec7fbf4f195fc8e57d814e15c3a2857cb632a3,0xffffffffffffffffffffffffffffffffffffffff,40.8
PERP,0x0598c1773976d1c00712042f4100d4020763005cd479f092a9616cc9f87aabaa,1762836872889,HYPE-USD,Close Long,-21.01,0xe7ec7fbf4f195fc8e57d814e15c3a2857cb632a3,0xffffffffffffffffffffffffffffffffffffffff,40.8
PERP,0xa91cc0da7a748204aa96042f40ff2402026300c01577a0d64ce56c2d39785bef,1762836841312,HYPE-USD,Close Long,-50,0xe7ec7fbf4f195fc8e57d814e15c3a2857cb632a3,0xffffffffffffffffffffffffffffffffffffffff,40.8
PERP,0xbbbd6b3091ee33e4bd37042f40ff1601b80083162ce152b65f86168350e20dcf,1762836839904,HYPE-USD,Close Long,-6.54,0xe7ec7fbf4f195fc8e57d814e15c3a2857cb632a3,0xffffffffffffffffffffffffffffffffffffffff,40.8
PERP,0xecf50d0eaf895ca6ee6e042f40fefd0201df00f44a8c7b7890bdb8616e8d3691,1762836837548,HYPE-USD,Close Long,-0.49,0xe7ec7fbf4f195fc8e57d814e15c3a2857cb632a3,0xffffffffffffffffffffffffffffffffffffffff,40.8
PERP,0x104ad57f9641ba8611c4042f40fedc02019000653144d958b41380d255459470,1762836834726,HYPE-USD,Close Long,-0.28,0xe7ec7fbf4f195fc8e57d814e15c3a2857cb632a3,0xffffffffffffffffffffffffffffffffffffffff,40.8
PERP,0xdf560ddcfcea2b9fe0cf042f40fedc02018a00c297ed4a71831eb92fbbee058a,1762836834726,HYPE-USD,Close Long,-0.4,0xe7ec7fbf4f195fc8e57d814e15c3a2857cb632a3,0xffffffffffffffffffffffffffffffffffffffff,40.8
PERP,0xb7fdce38495f940cb977042f40fedb01ae00e61de452b2de5bc6798b08536df7,1762836834657,HYPE-USD,Close Long,-1,0xe7ec7fbf4f195fc8e57d814e15c3a2857cb632a3,0xffffffffffffffffffffffffffffffffffffffff,40.8
PERP,0x27ade4f76b90c8b62927042f40fece02017300dd0693e788cb76904a2a94a2a0,1762836833652,HYPE-USD,Close Long,-25,0xe7ec7fbf4f195fc8e57d814e15c3a2857cb632a3,0xffffffffffffffffffffffffffffffffffffffff,40.8
PERP,0x26416939b615b17927bb042f40fecb0201aa001f5118d04bca0a148c75198b63,1762836833424,HYPE-USD,Close Long,-5.07,0xe7ec7fbf4f195fc8e57d814e15c3a2857cb632a3,0xffffffffffffffffffffffffffffffffffffffff,40.8
PERP,0x841be6f034ba1ed18595042f40febc0201af00d5cfbd3da327e49242f3bdf8bc,1762836832115,HYPE-USD,Close Long,-5000,0xe7ec7fbf4f195fc8e57d814e15c3a2857cb632a3,0xffffffffffffffffffffffffffffffffffffffff,40.8
PERP,0xb10ff0968838f599b289042f40fea502045a007c233c146b54d89be9473ccf84,1762836830498,HYPE-USD,Close Long,-2.04,0xe7ec7fbf4f195fc8e57d814e15c3a2857cb632a3,0xffffffffffffffffffffffffffffffffffffffff,40.8
PERP,0xf97f63a191865f3bfaf9042f40fe9602034200872c897e0e9d480ef4508a3926,1762836829325,HYPE-USD,Close Long,-313.43,0xe7ec7fbf4f195fc8e57d814e15c3a2857cb632a3,0xffffffffffffffffffffffffffffffffffffffff,40.8
PERP,0x6cf423e4babf69626e6d042f40fe8502026200ca55b2883410bccf3779b3434d,1762836828069,HYPE-USD,Close Long,-70.09,0xe7ec7fbf4f195fc8e57d814e15c3a2857cb632a3,0xffffffffffffffffffffffffffffffffffffffff,40.8
PERP,0x117e4c85a564bee312f8042f40fe7a0202bc006b4067ddb5b546f7d8646898cd,1762836827312,HYPE-USD,Close Long,-49,0xe7ec7fbf4f195fc8e57d814e15c3a2857cb632a3,0xffffffffffffffffffffffffffffffffffffffff,40.8
PERP,0xcb652c3f972f1fc3ccde042f40fe77020187002532223e956f2dd7925622f9ae,1762836827113,HYPE-USD,Close Long,-3.35,0xe7ec7fbf4f195fc8e57d814e15c3a2857cb632a3,0xffffffffffffffffffffffffffffffffffffffff,40.8
PERP,0x317191379c7a60ef32eb042f40fe6f0201cc001d377d7fc1d53a3c8a5b7e3ad9,1762836826407,HYPE-USD,Close Long,-2.42,0xe7ec7fbf4f195fc8e57d814e15c3a2857cb632a3,0xffffffffffffffffffffffffffffffffffffffff,40.8
PERP,0xf2e18065fd3d887bf45b042f40fe6402032f004b9830a74e96aa2bb8bc316266,1762836825488,HYPE-USD,Close Long,-5.9,0xe7ec7fbf4f195fc8e57d814e15c3a2857cb632a3,0xffffffffffffffffffffffffffffffffffffffff,40.8
PERP,0x4fb88e5975de101e5132042f40fe6002085d003f10d12ef0f38139ac34d1ea08,1762836825186,HYPE-USD,Close Long,-191.79,0xe7ec7fbf4f195fc8e57d814e15c3a2857cb632a3,0xffffffffffffffffffffffffffffffffffffffff,40.8
PERP,0xea11a12342bb8b26eb8b042f40fe6002085b0008ddbea9f88dda4c7601bf6511,1762836825186,HYPE-USD,Close Long,-114.59,0xe7ec7fbf4f195fc8e57d814e15c3a2857cb632a3,0xffffffffffffffffffffffffffffffffffffffff,40.8
PERP,0xfc5d024b4c936ce5fdd6042f40fe5d0209f80030e7968bb8a025ad9e0b9746d0,1762836824988,HYPE-USD,Close Long,-113.67,0xe7ec7fbf4f195fc8e57d814e15c3a2857cb632a3,0xffffffffffffffffffffffffffffffffffffffff,40.8
PERP,0xf0379f01f80980f2f1b1042f40fe5c02048c00e7930c9fc594004a54b70d5add,1762836824948,HYPE-USD,Close Long,-71.69,0xe7ec7fbf4f195fc8e57d814e15c3a2857cb632a3,0xffffffffffffffffffffffffffffffffffffffff,40.8
PERP,0x91a41aea9d101a60931d042f40fe5902035400d038133932356cc63d5c13f44b,1762836824754,HYPE-USD,Close Long,-47.84,0xe7ec7fbf4f195fc8e57d814e15c3a2857cb632a3,0xffffffffffffffffffffffffffffffffffffffff,40.8
PERP,0xb1993a9dea8ab029b312042f40fe590203430083858dcefb5561e5f0a98e8a14,1762836824754,HYPE-USD,Close Long,-236.17,0xe7ec7fbf4f195fc8e57d814e15c3a2857cb632a3,0xffffffffffffffffffffffffffffffffffffffff,40.8
PERP,0x88bc9fb747f7507f8a36042f40fe56020981009ce2fa6f512c854b0a06fb2a6a,1762836824540,HYPE-USD,Close Long,-132.62,0xe7ec7fbf4f195fc8e57d814e15c3a2857cb632a3,0xffffffffffffffffffffffffffffffffffffffff,40.8
PERP,0x70423be5fb43890c71bb042f40fe5602097e00cb9646a7de140ae738ba4762f7,1762836824540,HYPE-USD,Close Long,-52.36,0xe7ec7fbf4f195fc8e57d814e15c3a2857cb632a3,0xffffffffffffffffffffffffffffffffffffffff,40.8
PERP,0x9b6f756c49d854569ce9042f40fe5602094f0051e4db73283f3820bf08dc2e41,1762836824540,HYPE-USD,Close Long,-16.62,0xe7ec7fbf4f195fc8e57d814e15c3a2857cb632a3,0xffffffffffffffffffffffffffffffffffffffff,40.8
PERP,0x35c8883616b5cf5f3742042f40fe5602094d001bb1b8ee31d9913388d5b9a949,1762836824540,HYPE-USD,Close Long,-101.53,0xe7ec7fbf4f195fc8e57d814e15c3a2857cb632a3,0xffffffffffffffffffffffffffffffffffffffff,40.8
PERP,0x3985e6271719368a3aff042f40fe56020943000cb21c555cdd4e9179d61d1074,1762836824540,HYPE-USD,Close Long,-3.99,0xe7ec7fbf4f195fc8e57d814e15c3a2857cb632a3,0xffffffffffffffffffffffffffffffffffffffff,40.8
PERP,0x24b86e1f674b05e12632042f40fe53020b8d0005024e24b3c8811972264edfcb,1762836824349,HYPE-USD,Close Long,-109.5,0xe7ec7fbf4f195fc8e57d814e15c3a2857cb632a3,0xffffffffffffffffffffffffffffffffffffffff,40.8
PERP,0x71e4f7844db9c365735e042f40fe53020b8c0069e8bce23715ada2d70cbd9d50,1762836824349,HYPE-USD,Close Long,-63.73,0xe7ec7fbf4f195fc8e57d814e15c3a2857cb632a3,0xffffffffffffffffffffffffffffffffffffffff,40.8
PERP,0x0c3e0a4e1a973e6e0db7042f40fe53020b8a0033b59a5d40b006b5a0d99b1858,1762836824349,HYPE-USD,Close Long,-6.18,0xe7ec7fbf4f195fc8e57d814e15c3a2857cb632a3,0xffffffffffffffffffffffffffffffffffffffff,40.8
PERP,0x9875feff8628db8f99ef042f40fe4a02059800e5212bfa613c3eaa52452cb57a,1762836823692,HYPE-USD,Close Long,-0.49,0xe7ec7fbf4f195fc8e57d814e15c3a2857cb632a3,0xffffffffffffffffffffffffffffffffffffffff,40.8
PERP,0x2eed5d1a7dc44b7f3067042f40fe2e0202ae000018c76a51d2b6086d3cc82569,1762836821587,HYPE-USD,Close Long,-1.13,0xe7ec7fbf4f195fc8e57d814e15c3a2857cb632a3,0xffffffffffffffffffffffffffffffffffffffff,40.8
PERP,0xd41736f4233e4c17d590042f40fe2b02016c00d9be316ae977dfe246e2322602,1762836821386,HYPE-USD,Close Long,-1,0xe7ec7fbf4f195fc8e57d814e15c3a2857cb632a3,0xffffffffffffffffffffffffffffffffffffffff,40.8
PERP,0x1b129f1ad1954bdd1c8c042f40fe1d02080800006c986aafbedb4a6d909925c7,1762836820252,HYPE-USD,Close Long,-2.64,0xe7ec7fbf4f195fc8e57d814e15c3a2857cb632a3,0xffffffffffffffffffffffffffffffffffffffff,40.8
PERP,0x573f80906c17104458b9042f40fe1d0207f00076071a2f16fb082be32b1aea2e,1762836820252,HYPE-USD,Close Long,-25,0xe7ec7fbf4f195fc8e57d814e15c3a2857cb632a3,0xffffffffffffffffffffffffffffffffffffffff,40.8
PERP,0x06c965e6423bb1a40843042f40fddd0202e200cbdd3ed076aa921139013f8b8e,1762836815832,HYPE-USD,Close Long,-2.08,0xe7ec7fbf4f195fc8e57d814e15c3a2857cb632a3,0xffffffffffffffffffffffffffffffffffffffff,40.8
PERP,0x1fe9db5620a484f52163042f40fdb1020c3d003bbba7a3c7c3b286a8dfa85edf,1762836812701,HYPE-USD,Close Long,-4.57,0xe7ec7fbf4f195fc8e57d814e15c3a2857cb632a3,0xffffffffffffffffffffffffffffffffffffffff,40.8
PERP,0xa708688039d5740fa882042f40fda80204350065d4d892e14ad113d2f8d94dfa,1762836811887,HYPE-USD,Close Long,-33.87,0xe7ec7fbf4f195fc8e57d814e15c3a2857cb632a3,0xffffffffffffffffffffffffffffffffffffffff,40.8
PERP,0x5195f1798be39d04530f042f40fd8802019e005f26e6bbd6f55e9ccc4ae776ee,1762836809455,HYPE-USD,Close Long,-0.25,0xe7ec7fbf4f195fc8e57d814e15c3a2857cb632a3,0xffffffffffffffffffffffffffffffffffffffff,40.8
PERP,0x985b3b896ccaebd499d4042f40fd80020304006f07ce0aa63c23e6dc2bcec5bf,1762836808696,HYPE-USD,Close Long,-2.63,0xe7ec7fbf4f195fc8e57d814e15c3a2857cb632a3,0xffffffffffffffffffffffffffffffffffffffff,40.8
PERP,0x8719cafc92d6b1338893042f40fd74020c4900e22dd9d0052ae2764f51da8b1e,1762836807755,HYPE-USD,Close Long,-0.31,0xe7ec7fbf4f195fc8e57d814e15c3a2857cb632a3,0xffffffffffffffffffffffffffffffffffffffff,40.8
PERP,0xae89a691e1081552b003042f40fd74020c2400777c0b3424525251e4a00bef3d,1762836807755,HYPE-USD,Close Long,-0.26,0xe7ec7fbf4f195fc8e57d814e15c3a2857cb632a3,0xffffffffffffffffffffffffffffffffffffffff,40.8
PERP,0x4b73676160f4bbe94ced042f40fd720205050046fbf7dabbef3c12b41ff895d3,1762836807531,HYPE-USD,Close Long,-0.52,0xe7ec7fbf4f195fc8e57d814e15c3a2857cb632a3,0xffffffffffffffffffffffffffffffffffffffff,40.8
PERP,0xab78d7c82198b44dacf2042f40fd6902038c00adbc9bd31f4f41831ae09c8e38,1762836806549,HYPE-USD,Close Long,-13,0xe7ec7fbf4f195fc8e57d814e15c3a2857cb632a3,0xffffffffffffffffffffffffffffffffffffffff,40.8
PERP,0x18ff52601379ac161a79042f40fd010202620045ae7ccae8bcc7fdb2d27d8600,1762836798137,HYPE-USD,Close Long,-10,0xe7ec7fbf4f195fc8e57d814e15c3a2857cb632a3,0xffffffffffffffffffffffffffffffffffffffff,40.8
PERP,0x0c4124139c6d2ce80dba042f40fcf40205ca00f937604bbab009cf665b6106d2,1762836797134,HYPE-USD,Close Long,-10,0xe7ec7fbf4f195fc8e57d814e15c3a2857cb632a3,0xffffffffffffffffffffffffffffffffffffffff,40.8
PERP,0x3476c22e7da7732835f0042f40fcf30202c3001418aa91fad83f6d813cab4d12,1762836797005,HYPE-USD,Close Long,-2.64,0xe7ec7fbf4f195fc8e57d814e15c3a2857cb632a3,0xffffffffffffffffffffffffffffffffffffffff,40.8
PERP,0xc8e784570821fbf9ca61042f40fced020449003ca3251acb6cb02fa9c725d5e4,1762836796584,HYPE-USD,Close Long,-0.25,0xe7ec7fbf4f195fc8e57d814e15c3a2857cb632a3,0xffffffffffffffffffffffffffffffffffffffff,40.8
PERP,0xb881dad2a46f6096b9fb042f40fcd40202ea00b83f627f685c4a862563633a81,1762836794385,HYPE-USD,Close Long,-0.29,0xe7ec7fbf4f195fc8e57d814e15c3a2857cb632a3,0xffffffffffffffffffffffffffffffffffffffff,40.8
PERP,0xc5dbc0c18a9fbf14c755042f40fcd302020a00a72592dde669a46c14499398ff,1762836794286,HYPE-USD,Close Long,-0.3,0xe7ec7fbf4f195fc8e57d814e15c3a2857cb632a3,0xffffffffffffffffffffffffffffffffffffffff,40.8
PERP,0x27dcebf757f5a96d2956042f40fcd202011500dcf2f8c83fcba5974a16f98357,1762836794197,HYPE-USD,Close Long,-0.52,0xe7ec7fbf4f195fc8e57d814e15c3a2857cb632a3,0xffffffffffffffffffffffffffffffffffffffff,40.8
PERP,0x3a2650543c0d25483ba0042f40fcc40204c40039d700441addeefba6fb00ff32,1762836793166,HYPE-USD,Close Long,-13,0xe7ec7fbf4f195fc8e57d814e15c3a2857cb632a3,0xffffffffffffffffffffffffffffffffffffffff,40.8
PERP,0x54a9094f7ccb556f5622042f40fcb9020427003517ce7441f871b4a23bcf2f59,1762836792235,HYPE-USD,Close Long,-85.9,0xe7ec7fbf4f195fc8e57d814e15c3a2857cb632a3,0xffffffffffffffffffffffffffffffffffffffff,40.8
PERP,0x4503b1befbe22198467d042f40fcae02026000a496e5406ae8cc5d11bae5fb82,1762836791472,HYPE-USD,Close Long,-9.16,0xe7ec7fbf4f195fc8e57d814e15c3a2857cb632a3,0xffffffffffffffffffffffffffffffffffffffff,40.8
PERP,0xf8317cbc64e25854f9ab042f40fc9402057200a1ffe577279bfa280f23e6323f,1762836789421,HYPE-USD,Close Long,-2.42,0xe7ec7fbf4f195fc8e57d814e15c3a2857cb632a3,0xffffffffffffffffffffffffffffffffffffffff,40.8
PERP,0x2d86a58574559c082f00042f40fc8202065b006b0f58badad14f50d8335975f2,1762836787552,HYPE-USD,Close Long,-4.9,0xe7ec7fbf4f195fc8e57d814e15c3a2857cb632a3,0xffffffffffffffffffffffffffffffffffffffff,40.8
PERP,0x4e77e968c13fa9354ff1042f40fc7b0202bc004e5c32c807f24094bb8033831f,1762836787082,HYPE-USD,Close Long,-85.9,0xe7ec7fbf4f195fc8e57d814e15c3a2857cb632a3,0xffffffffffffffffffffffffffffffffffffffff,40.8
PERP,0x6b93ac433551ba0f6d0d042f40fc75020bec0028d054d8e10f5c5795f45593fa,1762836786604,HYPE-USD,Close Long,-0.25,0xe7ec7fbf4f195fc8e57d814e15c3a2857cb632a3,0xffffffffffffffffffffffffffffffffffffffff,40.8
PERP,0x8b81d6a9711cf1c18cfb042f40fa7f020356008f0c1010932f4a81fc3010cbac,1762836747257,HYPE-USD,Close Long,-5.27,0xe7ec7fbf4f195fc8e57d814e15c3a2857cb632a3,0xffffffffffffffffffffffffffffffffffffffff,40.8
PERP,0xc9be371236c21b07cb37042f40fa700203f400f7d1c539d96d86e264f5c5f4f2,1762836746038,HYPE-USD,Close Long,-10.85,0xe7ec7fbf4f195fc8e57d814e15c3a2857cb632a3,0xffffffffffffffffffffffffffffffffffffffff,40.8
PERP,0xeff7f8943bdefd2cf171042f40fa6702035a0079d6d21bff93c0a3e6fad2d717,1762836745213,HYPE-USD,Close Long,-1029.71,0xe7ec7fbf4f195fc8e57d814e15c3a2857cb632a3,0xffffffffffffffffffffffffffffffffffffffff,40.8
PERP,0x9030356aee26085d91a9042f40fa6602028c00508929272f33f8e0bdad29e248,1762836745068,HYPE-USD,Close Long,-56.11,0xe7ec7fbf4f195fc8e57d814e15c3a2857cb632a3,0xffffffffffffffffffffffffffffffffffffffff,40.8
PERP,0x61e3309764b6a8f5635c042f40fa6302062c007cffb9c7c705abdbea23ba82e0,1762836744843,HYPE-USD,Close Long,-0.25,0xe7ec7fbf4f195fc8e57d814e15c3a2857cb632a3,0xffffffffffffffffffffffffffffffffffffffff,40.8
PERP,0xb8ac63c4006dcff3ba26042f40fa6202026400a99b60eec55c750f16bf61a9de,1762836744665,HYPE-USD,Close Long,-8.5,0xe7ec7fbf4f195fc8e57d814e15c3a2857cb632a3,0xffffffffffffffffffffffffffffffffffffffff,40.8
PERP,0x1263c8340d9f359f13dd042f40fa5b0208120019a8925471b62c7386cc930f89,1762836744015,HYPE-USD,Close Long,-64.21,0xe7ec7fbf4f195fc8e57d814e15c3a2857cb632a3,0xffffffffffffffffffffffffffffffffffffffff,40.8
PERP,0x1d9be2070eb96b201f15042f40fa5b0207f400eca9bc89f2c1648d59cdbd450a,1762836744015,HYPE-USD,Close Long,-14.3,0xe7ec7fbf4f195fc8e57d814e15c3a2857cb632a3,0xffffffffffffffffffffffffffffffffffffffff,40.8
PERP,0xb911db85d2968c27ba8b042f40fa5a0202a7006b6d99aaf95cda86d8919a6612,1762836743860,HYPE-USD,Close Long,-42.8,0xe7ec7fbf4f195fc8e57d814e15c3a2857cb632a3,0xffffffffffffffffffffffffffffffffffffffff,40.8
PERP,0xfc96db571fe9fc8cfe10042f40fa49020359003cbaed1b5fa05f86a9deedd677,1762836742536,HYPE-USD,Close Long,-0.26,0xe7ec7fbf4f195fc8e57d814e15c3a2857cb632a3,0xffffffffffffffffffffffffffffffffffffffff,40.8
PERP,0x106d9fc08078306711e7042f40fa4402022300a61b7b4f39b4364b133f7c0a51,1762836742189,HYPE-USD,Close Long,-0.52,0xe7ec7fbf4f195fc8e57d814e15c3a2857cb632a3,0xffffffffffffffffffffffffffffffffffffffff,40.8
PERP,0x2cc4273c9f4f27bc2e3d042f40fa3f02027100223a42468ed08cd28f5e4301a6,1762836741829,HYPE-USD,Close Long,-4.9,0xe7ec7fbf4f195fc8e57d814e15c3a2857cb632a3,0xffffffffffffffffffffffffffffffffffffffff,40.8
PERP,0x556f49e347eda41c56e9042f40fa3902062900c8e2e0c2eef937f53606e17e06,1762836741386,HYPE-USD,Close Long,-13,0xe7ec7fbf4f195fc8e57d814e15c3a2857cb632a3,0xffffffffffffffffffffffffffffffffffffffff,40.8
PERP,0xbbe29c4107743ec3bd5c042f40fa340210630026a2775d955fab4793c67818ae,1762836740832,HYPE-USD,Close Long,-4.9,0xe7ec7fbf4f195fc8e57d814e15c3a2857cb632a3,0xffffffffffffffffffffffffffffffffffffffff,40.8
PERP,0xff7a70624c683be200f4042f40fa310203d90047e76b5ab5a3431bb50b6c15cd,1762836740433,HYPE-USD,Close Long,-2.42,0xe7ec7fbf4f195fc8e57d814e15c3a2857cb632a3,0xffffffffffffffffffffffffffffffffffffffff,40.8
PERP,0x37e9f3e6e686991f3963042f40fa310203cb00cc8189b7f1dbb29f39a58a7309,1762836740433,HYPE-USD,Close Long,-46.64,0xe7ec7fbf4f195fc8e57d814e15c3a2857cb632a3,0xffffffffffffffffffffffffffffffffffffffff,40.8
PERP,0xd88e8eb503487860da08042f40fa24020a78009a9e4b97327c573a07c24c524b,1762836739354,HYPE-USD,Close Long,-141.13,0xe7ec7fbf4f195fc8e57d814e15c3a2857cb632a3,0xffffffffffffffffffffffffffffffffffffffff,40.8
PERP,0xb2d1e0e56b0b1efbb44b042f40fa24020a5400cb060e3dcd569a8c382a0ef8e6,1762836739354,HYPE-USD,Close Long,-5.98,0xe7ec7fbf4f195fc8e57d814e15c3a2857cb632a3,0xffffffffffffffffffffffffffffffffffffffff,40.8
PERP,0xa01eeabe163aba82a198042f40f9f402056f00a3b13dd95443e79610d53e946d,1762836736161,HYPE-USD,Close Long,-4.9,0xe7ec7fbf4f195fc8e57d814e15c3a2857cb632a3,0xffffffffffffffffffffffffffffffffffffffff,40.8
PERP,0x2656d113d55726ba27d0042f40f9e60204f700f9705a458cca1f7c66945b00a4,1762836735189,HYPE-USD,Close Long,-59.1,0xe7ec7fbf4f195fc8e57d814e15c3a2857cb632a3,0xffffffffffffffffffffffffffffffffffffffff,40.8
PERP,0xc0afe3dda234a1c2c229042f40f9e60204f500c33d37c09464788f3061387bad,1762836735189,HYPE-USD,Close Long,-49.8,0xe7ec7fbf4f195fc8e57d814e15c3a2857cb632a3,0xffffffffffffffffffffffffffffffffffffffff,40.8
PERP,0x8ab8eb46e2c0daec8c32042f40f9e5020aab002c7dc3f9be2e819699a1c4b4d7,1762836735126,HYPE-USD,Close Long,-4.9,0xe7ec7fbf4f195fc8e57d814e15c3a2857cb632a3,0xffffffffffffffffffffffffffffffffffffffff,40.8
PERP,0xdf60308dc9f666c6e0d9042f40f9e5020a96007364f985988328dbe088fa40b1,1762836735126,HYPE-USD,Close Long,-185.47,0xe7ec7fbf4f195fc8e57d814e15c3a2857cb632a3,0xffffffffffffffffffffffffffffffffffffffff,40.8
PERP,0x7034574a4badb70871ae042f40f9e5020a69002fe6a0d5da13fd029d0aa190f3,1762836735126,HYPE-USD,Close Long,-4.9,0xe7ec7fbf4f195fc8e57d814e15c3a2857cb632a3,0xffffffffffffffffffffffffffffffffffffffff,40.8
PERP,0xbd60e0af321c748cbeda042f40f9e5020a680094cd1f935e61298c01f1104e77,1762836735126,HYPE-USD,Close Long,-220.51,0xe7ec7fbf4f195fc8e57d814e15c3a2857cb632a3,0xffffffffffffffffffffffffffffffffffffffff,40.8
PERP,0x66dea31e35b525596858042f40f9e302083c0003d0b8442b0aa74e70f4b8ff44,1762836734978,HYPE-USD,Close Long,-98.59,0xe7ec7fbf4f195fc8e57d814e15c3a2857cb632a3,0xffffffffffffffffffffffffffffffffffffffff,40.8
PERP,0x4e643f4ce9015de64fdd042f40f9e3020839003284047cb8f22cea9fa80537d0,1762836734978,HYPE-USD,Close Long,-27.32,0xe7ec7fbf4f195fc8e57d814e15c3a2857cb632a3,0xffffffffffffffffffffffffffffffffffffffff,40.8
PERP,0x54438b239de6603555bd042f40f9e202047c000938e97f07f80c36765cea3a1f,1762836734890,HYPE-USD,Close Long,-279.22,0xe7ec7fbf4f195fc8e57d814e15c3a2857cb632a3,0xffffffffffffffffffffffffffffffffffffffff,40.8
PERP,0xee9c9ded6ac3db3df016042f40f9e202047a00d305c6fa0f9265494029c7b528,1762836734890,HYPE-USD,Close Long,-72.58,0xe7ec7fbf4f195fc8e57d814e15c3a2857cb632a3,0xffffffffffffffffffffffffffffffffffffffff,40.8
PERP,0x88f5b0b737a156468a6f042f40f9e2020478009cd2a475182cbe5c09f6a53031,1762836734890,HYPE-USD,Close Long,-193.29,0xe7ec7fbf4f195fc8e57d814e15c3a2857cb632a3,0xffffffffffffffffffffffffffffffffffffffff,40.8
PERP,0xd6223a1c1e1013cad79b042f40f9e20204770001b913329c79eae56edd13edb5,1762836734890,HYPE-USD,Close Long,-54.61,0xe7ec7fbf4f195fc8e57d814e15c3a2857cb632a3,0xffffffffffffffffffffffffffffffffffffffff,40.8
PERP,0xbda7d64ad16c4c57bf21042f40f9e202047400306c6f6b296170819d90602642,1762836734890,HYPE-USD,Close Long,-172.3,0xe7ec7fbf4f195fc8e57d814e15c3a2857cb632a3,0xffffffffffffffffffffffffffffffffffffffff,40.8
PERP,0x5800e9149e49c760597a042f40f9e202047200fa394ce632fbc994675d4da14a,1762836734890,HYPE-USD,Close Long,-157.4,0xe7ec7fbf4f195fc8e57d814e15c3a2857cb632a3,0xffffffffffffffffffffffffffffffffffffffff,40.8
PERP,0x0e91bda0b83e7107100b042f40f9e2020469008653318fd9b25a68f377324af1,1762836734890,HYPE-USD,Close Long,-70.78,0xe7ec7fbf4f195fc8e57d814e15c3a2857cb632a3,0xffffffffffffffffffffffffffffffffffffffff,40.8
PERP,0xdd9cf5fe1ed6e220df16042f40f9e202046300e3b9da00f28165a150dddabc0b,1762836734890,HYPE-USD,Close Long,-229.05,0xe7ec7fbf4f195fc8e57d814e15c3a2857cb632a3,0xffffffffffffffffffffffffffffffffffffffff,40.8
PERP,0xad6d69b9daca6cbfaee7042f40f9e1020d3f009f75cd8b915136150c99ce46aa,1762836734786,HYPE-USD,Close Long,-97.24,0xe7ec7fbf4f195fc8e57d814e15c3a2857cb632a3,0xffffffffffffffffffffffffffffffffffffffff,40.8
PERP,0x5c2c7ffe5f7cf6595da6042f40f9e1020cc200e3fa70152bfff52b511e70d043,1762836734786,HYPE-USD,Close Long,-100.83,0xe7ec7fbf4f195fc8e57d814e15c3a2857cb632a3,0xffffffffffffffffffffffffffffffffffffffff,40.8
PERP,0x3a2d301fc793041f3ba6042f40f9e1020c940005629622f1ddf5db728696de09,1762836734786,HYPE-USD,Close Long,-103.46,0xe7ec7fbf4f195fc8e57d814e15c3a2857cb632a3,0xffffffffffffffffffffffffffffffffffffffff,40.8
PERP,0xd48642e994707f27d5ff042f40f9e1020c9200cf2f739df9784eee3c53745912,1762836734786,HYPE-USD,Close Long,-66.25,0xe7ec7fbf4f195fc8e57d814e15c3a2857cb632a3,0xffffffffffffffffffffffffffffffffffffffff,40.8
PERP,0xc7b2dad516efefc6c92c042f40f9e002061600bab1e30e986b7b8627d5e3c9b1,1762836734685,HYPE-USD,Close Long,-59.42,0xe7ec7fbf4f195fc8e57d814e15c3a2857cb632a3,0xffffffffffffffffffffffffffffffffffffffff,40.8
PERP,0x311725fc4a65dbe93290042f40f9e002060e00e1e568fabbd4dfd14f0969b5d3,1762836734685,HYPE-USD,Close Long,-48.46,0xe7ec7fbf4f195fc8e57d814e15c3a2857cb632a3,0xffffffffffffffffffffffffffffffffffffffff,40.8
PERP,0x189cc22afdb214761a16042f40f9e002060b001098b53348bc656d7dbcb5ee60,1762836734685,HYPE-USD,Close Long,-178.19,0xe7ec7fbf4f195fc8e57d814e15c3a2857cb632a3,0xffffffffffffffffffffffffffffffffffffffff,40.8
PERP,0x00225e59b10e4d03019c042f40f9e0020608003f4c016bd5a3eb09ac700226ed,1762836734685,HYPE-USD,Close Long,-36.69,0xe7ec7fbf4f195fc8e57d814e15c3a2857cb632a3,0xffffffffffffffffffffffffffffffffffffffff,40.8
PERP,0x510c45af97d071b25286042f40f9e00205fd009532d39084f4d4f10256d44b9c,1762836734685,HYPE-USD,Close Long,-124.38,0xe7ec7fbf4f195fc8e57d814e15c3a2857cb632a3,0xffffffffffffffffffffffffffffffffffffffff,40.8
PERP,0x9e38cf147e4f2f369fb2042f40f9e00205fc00fa19424e0842017a673d430921,1762836734685,HYPE-USD,Close Long,-116.73,0xe7ec7fbf4f195fc8e57d814e15c3a2857cb632a3,0xffffffffffffffffffffffffffffffffffffffff,40.8
PERP,0x3891e1de4b2caa3f3a0b042f40f9e00205fa00c3e62fc911dc5a8d310a208429,1762836734685,HYPE-USD,Close Long,-99.42,0xe7ec7fbf4f195fc8e57d814e15c3a2857cb632a3,0xffffffffffffffffffffffffffffffffffffffff,40.8
PERP,0x279239eeff3fb122290b042f40f9e00205e300d49a32cff4cb5ae541be338b0c,1762836734685,HYPE-USD,Close Long,-108.03,0xe7ec7fbf4f195fc8e57d814e15c3a2857cb632a3,0xffffffffffffffffffffffffffffffffffffffff,40.8
PERP,0xa970e8e77f6964b7aaea042f40f9e00205de00cd1a6c83894d39943a3e6d3ea2,1762836734685,HYPE-USD,Close Long,-94.14,0xe7ec7fbf4f195fc8e57d814e15c3a2857cb632a3,0xffffffffffffffffffffffffffffffffffffffff,40.8
PERP,0xde230e7b19245ac8df9c042f40f9e00205da0060b427799a81ebb9cdd82834b3,1762836734685,HYPE-USD,Close Long,-70.99,0xe7ec7fbf4f195fc8e57d814e15c3a2857cb632a3,0xffffffffffffffffffffffffffffffffffffffff,40.8
PERP,0x787c2144e601d5d179f5042f40f9e00205d8002a8104f4a31c44cc97a505afbc,1762836734685,HYPE-USD,Close Long,-41.41,0xe7ec7fbf4f195fc8e57d814e15c3a2857cb632a3,0xffffffffffffffffffffffffffffffffffffffff,40.8
PERP,0xc5a8aaa9cc709355c722042f40f9e00205d7008f6773b227697155fc8b746d40,1762836734685,HYPE-USD,Close Long,-108.28,0xe7ec7fbf4f195fc8e57d814e15c3a2857cb632a3,0xffffffffffffffffffffffffffffffffffffffff,40.8
PERP,0xe1e06c6c1987c1f3e35a042f40f9e00205d00051b48ae0c585a917bed88b9bde,1762836734685,HYPE-USD,Close Long,-96.93,0xe7ec7fbf4f195fc8e57d814e15c3a2857cb632a3,0xffffffffffffffffffffffffffffffffffffffff,40.8
PERP,0x63bf1b6499b175896538042f40f9e00205cb004a34b4945b0787c6b758b54f74,1762836734685,HYPE-USD,Close Long,-343.14,0xe7ec7fbf4f195fc8e57d814e15c3a2857cb632a3,0xffffffffffffffffffffffffffffffffffffffff,40.8
PERP,0x4b44b7934d0dae164cbe042f40f9e00205c80078e800cce8ef0d62e60c018800,1762836734685,HYPE-USD,Close Long,-159.04,0xe7ec7fbf4f195fc8e57d814e15c3a2857cb632a3,0xffffffffffffffffffffffffffffffffffffffff,40.8
PERP,0x149fba31649343d21619042f40f9df020a6e0016ff9662a4b868658423971dbc,1762836734585,HYPE-USD,Close Long,-138.26,0xe7ec7fbf4f195fc8e57d814e15c3a2857cb632a3,0xffffffffffffffffffffffffffffffffffffffff,40.8
PERP,0x3494d9e4b20dd99b360e042f40f9df020a5d00ca4d00f86dd85d85377101b385,1762836734585,HYPE-USD,Close Long,-25.36,0xe7ec7fbf4f195fc8e57d814e15c3a2857cb632a3,0xffffffffffffffffffffffffffffffffffffffff,40.8
PERP,0x385237d5b26140c639cb042f40f9df020a5300bb4d645f98dc1ae32871651ab0,1762836734585,HYPE-USD,Close Long,-2.48,0xe7ec7fbf4f195fc8e57d814e15c3a2857cb632a3,0xffffffffffffffffffffffffffffffffffffffff,40.8
PERP,0x7e72c57896a6c05e7fec042f40f9de0206fc005e31a9df30223b70cb55aa9a49,1762836734485,HYPE-USD,Close Long,-48.45,0xe7ec7fbf4f195fc8e57d814e15c3a2857cb632a3,0xffffffffffffffffffffffffffffffffffffffff,40.8
PERP,0xc76ebe6cffd34ebec8e8042f40f9de0206fa01019ad66d906b3769bfbed728a9,1762836734485,HYPE-USD,Close Long,-65.19,0xe7ec7fbf4f195fc8e57d814e15c3a2857cb632a3,0xffffffffffffffffffffffffffffffffffffffff,40.8
PERP,0x18cbd84263843b671a45042f40f9de0206fa0027fe875a39bc94839522881551,1762836734485,HYPE-USD,Close Long,-64.03,0xe7ec7fbf4f195fc8e57d814e15c3a2857cb632a3,0xffffffffffffffffffffffffffffffffffffffff,40.8
PERP,0x9e67e52be41156279fe1042f40f9de0206eb00117f1474f94230907ea3153012,1762836734485,HYPE-USD,Close Long,-184.69,0xe7ec7fbf4f195fc8e57d814e15c3a2857cb632a3,0xffffffffffffffffffffffffffffffffffffffff,40.8
PERP,0x85ed815a976d8eb48767042f40f9de0206e800403260ad8629b62cad5661689f,1762836734485,HYPE-USD,Close Long,-178.01,0xe7ec7fbf4f195fc8e57d814e15c3a2857cb632a3,0xffffffffffffffffffffffffffffffffffffffff,40.8
PERP,0x6d731d894ab9c7416eec042f40f9de0206e5006ee5bce613113bc8dc09bda12c,1762836734485,HYPE-USD,Close Long,-660.81,0xe7ec7fbf4f195fc8e57d814e15c3a2857cb632a3,0xffffffffffffffffffffffffffffffffffffffff,40.8
PERP,0x39ac88347d75060c3b26042f40f9d40208a3001a187824dedd7533873c78dff6,1762836733642,HYPE-USD,Close Long,-4.9,0xe7ec7fbf4f195fc8e57d814e15c3a2857cb632a3,0xffffffffffffffffffffffffffffffffffffffff,40.8
PERP,0xa219fdf3924f8338a393042f40f9cc020ca000d92d42a20a45e2a94651435d23,1762836733062,HYPE-USD,Close Long,-15.4,0xe7ec7fbf4f195fc8e57d814e15c3a2857cb632a3,0xffffffffffffffffffffffffffffffffffffffff,40.8
PERP,0xb967900fc2339ce7bae1042f40f9ca02088100f55d36bbb95d303b62813776d2,1762836732891,HYPE-USD,Close Long,-62.61,0xe7ec7fbf4f195fc8e57d814e15c3a2857cb632a3,0xffffffffffffffffffffffffffffffffffffffff,40.8
PERP,0xdd9e4b2fb3fa1ec6df18042f40f9bd0208fe00154efd3d988166f68272fdf8b1,1762836731659,HYPE-USD,Close Long,-0.25,0xe7ec7fbf4f195fc8e57d814e15c3a2857cb632a3,0xffffffffffffffffffffffffffffffffffffffff,40.8
PERP,0xf8282f4ba85d5c9df9a1042f40f97e0201af003143507b709bf0da9e67513688,1762836726874,HYPE-USD,Close Long,-4,0xe7ec7fbf4f195fc8e57d814e15c3a2857cb632a3,0xffffffffffffffffffffffffffffffffffffffff,40.8
PERP,0x5b856417c7b08dd25cff042f40f97d0202da00fd62b3aca4ff4e0f6a86b467bc,1762836726817,HYPE-USD,Close Long,-4.9,0xe7ec7fbf4f195fc8e57d814e15c3a2857cb632a3,0xffffffffffffffffffffffffffffffffffffffff,40.8
PERP,0x9bb65586630eace19d30042f40f97a0202a6006bfe01cbb33f7f00d9220286cc,1762836726561,HYPE-USD,Close Long,-3.08,0xe7ec7fbf4f195fc8e57d814e15c3a2857cb632a3,0xffffffffffffffffffffffffffffffffffffffff,40.8
PERP,0x360f68502fec27ea3789042f40f97a0202a40035caef46bcd9d813a2eee001d4,1762836726561,HYPE-USD,Close Long,-2.45,0xe7ec7fbf4f195fc8e57d814e15c3a2857cb632a3,0xffffffffffffffffffffffffffffffffffffffff,40.8
PERP,0xd0cdf2dbcef25f26d247042f40f9720202e500c169f57df874969e2e8df63911,1762836725810,HYPE-USD,Close Long,-3.08,0xe7ec7fbf4f195fc8e57d814e15c3a2857cb632a3,0xffffffffffffffffffffffffffffffffffffffff,40.8
PERP,0x37d969fa9cda75503953042f40f9190202f000e037dd9422dba2154d5bde4f3a,1762836717519,HYPE-USD,Close Long,-0.25,0xe7ec7fbf4f195fc8e57d814e15c3a2857cb632a3,0xffffffffffffffffffffffffffffffffffffffff,40.8
PERP,0x5fbd10e42b768df96136042f40f9090205ba00c9c679accb0385bc36ea7a67e4,1762836715940,HYPE-USD,Close Long,-0.52,0xe7ec7fbf4f195fc8e57d814e15c3a2857cb632a3,0xffffffffffffffffffffffffffffffffffffffff,40.8
PERP,0x5b20bd0f45e568b25c9a042f40f9000202e600f4e0e88784fee9686204e9429c,1762836715018,HYPE-USD,Close Long,-13,0xe7ec7fbf4f195fc8e57d814e15c3a2857cb632a3,0xffffffffffffffffffffffffffffffffffffffff,40.8
PERP,0x3091162cbcd97075320a042f40f8fd02067c001257dc8f47d459c17f7bdd4a5f,1762836714737,HYPE-USD,Close Long,-5,0xe7ec7fbf4f195fc8e57d814e15c3a2857cb632a3,0xffffffffffffffffffffffffffffffffffffffff,40.8
PERP,0xb97f784168725af5baf9042f40f8e40203830027037579c75d482394277634e0,1762836712688,HYPE-USD,Close Long,-2.59,0xe7ec7fbf4f195fc8e57d814e15c3a2857cb632a3,0xffffffffffffffffffffffffffffffffffffffff,40.8
PERP,0xbc2ccd6bf805772fbda6042f40f8d20201be0051930896015ff578beb709511a,1762836711443,HYPE-USD,Close Long,-5.27,0xe7ec7fbf4f195fc8e57d814e15c3a2857cb632a3,0xffffffffffffffffffffffffffffffffffffffff,40.8
PERP,0x9cad75d810d5fbd49e27042f40f8cd0202ac00bdabd91aa64076212acfd9d5bf,1762836711137,HYPE-USD,Close Long,-1.69,0xe7ec7fbf4f195fc8e57d814e15c3a2857cb632a3,0xffffffffffffffffffffffffffffffffffffffff,40.8
PERP,0x27c11677af68127e293a042f40f8c9020691005d4a6b3150cb89c1ca6e6bec68,1762836710847,HYPE-USD,Close Long,-2.42,0xe7ec7fbf4f195fc8e57d814e15c3a2857cb632a3,0xffffffffffffffffffffffffffffffffffffffff,40.8
PERP,0x7a94af0787f049517c0e042f40f8c30202a000ed22f368231e5d5a5a46f4233c,1762836710392,HYPE-USD,Close Long,-72.28,0xe7ec7fbf4f195fc8e57d814e15c3a2857cb632a3,0xffffffffffffffffffffffffffffffffffffffff,40.8
PERP,0x0f7b1785a94a7a6a10f4042f40f8b80207f4006b444d993cb343c2d8684e5454,1762836709438,HYPE-USD,Close Long,-30.5,0xe7ec7fbf4f195fc8e57d814e15c3a2857cb632a3,0xffffffffffffffffffffffffffffffffffffffff,40.8
PERP,0x418ca4136a363d284306042f40f8b70205a000f905395bfae5554f66293a1712,1762836709384,HYPE-USD,Close Long,-152.01,0xe7ec7fbf4f195fc8e57d814e15c3a2857cb632a3,0xffffffffffffffffffffffffffffffffffffffff,40.8
PERP,0x18129852d1957c98198c042f40f8b702058600386c989b6abbdb43a590995682,1762836709384,HYPE-USD,Close Long,-207.02,0xe7ec7fbf4f195fc8e57d814e15c3a2857cb632a3,0xffffffffffffffffffffffffffffffffffffffff,40.8
PERP,0xb26bab1c9e72f7a0b3e5042f40f8b70205840002397616725634566f5d76d18b,1762836709384,HYPE-USD,Close Long,-122.13,0xe7ec7fbf4f195fc8e57d814e15c3a2857cb632a3,0xffffffffffffffffffffffffffffffffffffffff,40.8
PERP,0xe9969f31b1cf6865eb10042f40f8b602054600174cc287378d5f4a8470c34250,1762836709297,HYPE-USD,Close Long,-57.1,0xe7ec7fbf4f195fc8e57d814e15c3a2857cb632a3,0xffffffffffffffffffffffffffffffffffffffff,40.8
PERP,0xd3aca5d27943e832d526042f40f8b402040800b814470704777551253847c21d,1762836709108,HYPE-USD,Close Long,-35.8,0xe7ec7fbf4f195fc8e57d814e15c3a2857cb632a3,0xffffffffffffffffffffffffffffffffffffffff,40.8
PERP,0x085ecb66130ede4409d8042f40f8b4020404004bae01fd16ac2776b8d202b82e,1762836709108,HYPE-USD,Close Long,-30.37,0xe7ec7fbf4f195fc8e57d814e15c3a2857cb632a3,0xffffffffffffffffffffffffffffffffffffffff,40.8
PERP,0x947795003e8e5c3995f1042f40f8b002069000e5d9817b0b38404052fd823624,1762836708850,HYPE-USD,Close Long,-6,0xe7ec7fbf4f195fc8e57d814e15c3a2857cb632a3,0xffffffffffffffffffffffffffffffffffffffff,40.8
PERP,0xbef51083dd23027fc06e042f40f8a502018100697826215162bdbbd69c26dc6a,1762836707976,HYPE-USD,Close Long,-111.87,0xe7ec7fbf4f195fc8e57d814e15c3a2857cb632a3,0xffffffffffffffffffffffffffffffffffffffff,40.8
PERP,0x26b4a34198624e65282e042f40f89d02017d002733656d37ca7d4e945766284f,1762836707460,HYPE-USD,Close Long,-0.37,0xe7ec7fbf4f195fc8e57d814e15c3a2857cb632a3,0xffffffffffffffffffffffffffffffffffffffff,40.8
PERP,0xb8a34e8a7cf6884cba1d042f40f8910206ea007017f9a71e5c6bf9dd3bfa6237,1762836706509,HYPE-USD,Close Long,-2.2,0xe7ec7fbf4f195fc8e57d814e15c3a2857cb632a3,0xffffffffffffffffffffffffffffffffffffffff,40.8
PERP,0x4a7ac34035364c1d4bf4042f40f8860204850025d0396aefee436e92f43a2607,1762836705702,HYPE-USD,Close Long,-1.83,0xe7ec7fbf4f195fc8e57d814e15c3a2857cb632a3,0xffffffffffffffffffffffffffffffffffffffff,40.8
PERP,0xd693d06dff9cae60d80d042f40f88202012f00539a9fcd327a5c7bc0be90884b,1762836705396,HYPE-USD,Close Long,-73.24,0xe7ec7fbf4f195fc8e57d814e15c3a2857cb632a3,0xffffffffffffffffffffffffffffffffffffffff,40.8
PERP,0x23c059d2e60b6be5253a042f40f88202012e00b8810e8ab7c7890525a50f45cf,1762836705396,HYPE-USD,Close Long,-157.54,0xe7ec7fbf4f195fc8e57d814e15c3a2857cb632a3,0xffffffffffffffffffffffffffffffffffffffff,40.8
PERP,0xb78a1f2faf3cdb4cb903042f40f8780205eb00154a3ffa1e5b52ca826e30b537,1762836704708,HYPE-USD,Close Long,-0.25,0xe7ec7fbf4f195fc8e57d814e15c3a2857cb632a3,0xffffffffffffffffffffffffffffffffffffffff,40.8
PERP,0x5ab1147110cbedc65c2a042f40f8710202cf0056abcf0c98fe79bfc3cfcfc7b0,1762836704236,HYPE-USD,Close Long,-0.35,0xe7ec7fbf4f195fc8e57d814e15c3a2857cb632a3,0xffffffffffffffffffffffffffffffffffffffff,40.8
PERP,0x656a3f904eb1a6ca66e3042f40f86f0202900075e9b4c59c0932eae30db580b5,1762836704098,HYPE-USD,Close Long,-0.5,0xe7ec7fbf4f195fc8e57d814e15c3a2857cb632a3,0xffffffffffffffffffffffffffffffffffffffff,40.8
PERP,0xaed76e390efc973fb051042f40f8640204ab001ea9ffb61152a0198bcdf0712a,1762836703126,HYPE-USD,Close Long,-2.42,0xe7ec7fbf4f195fc8e57d814e15c3a2857cb632a3,0xffffffffffffffffffffffffffffffffffffffff,40.8
PERP,0xd5cfa6ada08ded33d749042f40f85e0202ca00933b810c05799852005f81c71e,1762836702524,HYPE-USD,Close Long,-0.25,0xe7ec7fbf4f195fc8e57d814e15c3a2857cb632a3,0xffffffffffffffffffffffffffffffffffffffff,40.8
PERP,0x5a2e4df0d16217a85ba8042f40f8590203e100d66c65367afdf6f9439065f192,1762836702028,HYPE-USD,Close Long,-0.52,0xe7ec7fbf4f195fc8e57d814e15c3a2857cb632a3,0xffffffffffffffffffffffffffffffffffffffff,40.8
PERP,0x1dc92fcf7424ca411f42042f40f8540203c600b50f27e913c191db223328a42b,1762836701627,HYPE-USD,Close Long,-0.25,0xe7ec7fbf4f195fc8e57d814e15c3a2857cb632a3,0xffffffffffffffffffffffffffffffffffffffff,40.8
PERP,0x5dcae95cda3550385f44042f40f853020594004275386f0a019394af99392a23,1762836701511,HYPE-USD,Close Long,-49.89,0xe7ec7fbf4f195fc8e57d814e15c3a2857cb632a3,0xffffffffffffffffffffffffffffffffffffffff,40.8
PERP,0x6cc06120dbb2ece46e3a042f40f85302056c000676b60bb610890c739ab6c6cf,1762836701511,HYPE-USD,Close Long,-57.8,0xe7ec7fbf4f195fc8e57d814e15c3a2857cb632a3,0xffffffffffffffffffffffffffffffffffffffff,40.8
PERP,0x531909d0a2d405865492042f40f85102043800b63dd72458f6e1b52361d7df70,1762836701315,HYPE-USD,Close Long,-9.94,0xe7ec7fbf4f195fc8e57d814e15c3a2857cb632a3,0xffffffffffffffffffffffffffffffffffffffff,40.8
PERP,0xb68dda8d5cde0346b807042f40f84f0204620072f7d122185a5685e01bd1dd31,1762836701109,HYPE-USD,Close Long,-4.9,0xe7ec7fbf4f195fc8e57d814e15c3a2857cb632a3,0xffffffffffffffffffffffffffffffffffffffff,40.8
PERP,0x80ee49b9a037e49c8268042f40f84e0201cd009f3b3b036e24b6f50c5f3bbe87,1762836700991,HYPE-USD,Close Long,-13,0xe7ec7fbf4f195fc8e57d814e15c3a2857cb632a3,0xffffffffffffffffffffffffffffffffffffffff,40.8
PERP,0xea5294e0d3bdd0beebcc042f40f84e0201c500c66eb0ef908e1b403392b1aaa9,1762836700991,HYPE-USD,Close Long,-1.23,0xe7ec7fbf4f195fc8e57d814e15c3a2857cb632a3,0xffffffffffffffffffffffffffffffffffffffff,40.8
PERP,0x93008308b7c02fcf947a042f40f816020fc600ee52c34ea136c92e5b76c409ba,1762836696362,HYPE-USD,Close Long,-73.43,0xe7ec7fbf4f195fc8e57d814e15c3a2857cb632a3,0xffffffffffffffffffffffffffffffffffffffff,40.8
PERP,0xda7d3c0bbd7e686adbf6042f40f815020b9e00f15871873c7e45e75e7c724255,1762836696166,HYPE-USD,Close Long,-1.35,0xe7ec7fbf4f195fc8e57d814e15c3a2857cb632a3,0xffffffffffffffffffffffffffffffffffffffff,40.8
PERP,0xd156e18aac3ee1fad2d0042f40f81102047e0070473200cc751f8cdd6b32bbe5,1762836695862,HYPE-USD,Close Long,-72.26,0xe7ec7fbf4f195fc8e57d814e15c3a2857cb632a3,0xffffffffffffffffffffffffffffffffffffffff,40.8
PERP,0x970c65bbfceec1659886042f40f80f02024b00a197e1e0373ad5110ebbe29b50,1762836695753,HYPE-USD,Close Long,-14.07,0xe7ec7fbf4f195fc8e57d814e15c3a2857cb632a3,0xffffffffffffffffffffffffffffffffffffffff,40.8
PERP,0xaa84ba62f2f1c30fabfe042f40f80e02051900488df4e1e14e4d65b5b1f59cfa,1762836695659,HYPE-USD,Close Long,-4.35,0xe7ec7fbf4f195fc8e57d814e15c3a2857cb632a3,0xffffffffffffffffffffffffffffffffffffffff,40.8
PERP,0x51b8c467e2db20195332042f40f80b020416004d7dde3eebf5816fbaa1defa03,1762836695481,HYPE-USD,Close Long,-49,0xe7ec7fbf4f195fc8e57d814e15c3a2857cb632a3,0xffffffffffffffffffffffffffffffffffffffff,40.8
PERP,0x05a8bc5a8519b21f0722042f40f80a02079f0040201cd0f1a97167ad441d8c09,1762836695418,HYPE-USD,Close Long,-73.44,0xe7ec7fbf4f195fc8e57d814e15c3a2857cb632a3,0xffffffffffffffffffffffffffffffffffffffff,40.8
PERP,0x8ae45cb6755b34cb8c5e042f40f803020da6009c105e539d2ead0809345f0eb6,1762836694839,HYPE-USD,Close Long,-0.25,0xe7ec7fbf4f195fc8e57d814e15c3a2857cb632a3,0xffffffffffffffffffffffffffffffffffffffff,40.8
PERP,0x7eaea90f8cbeea9e8028042f40f7ff0207a000f527b20970227754624bb2c489,1762836694418,HYPE-USD,Close Long,-49.92,0xe7ec7fbf4f195fc8e57d814e15c3a2857cb632a3,0xffffffffffffffffffffffffffffffffffffffff,40.8
PERP,0x03cba57b7aac16bb0545042f40f7fd020a61006115af358da79450ce39aff0a5,1762836694236,HYPE-USD,Close Long,-62.73,0xe7ec7fbf4f195fc8e57d814e15c3a2857cb632a3,0xffffffffffffffffffffffffffffffffffffffff,40.8
PERP,0x8cbddf5ca27a5adc8e37042f40f7fa02063500423d7d79ae30868aaf617e34c7,1762836694011,HYPE-USD,Close Long,-4.9,0xe7ec7fbf4f195fc8e57d814e15c3a2857cb632a3,0xffffffffffffffffffffffffffffffffffffffff,40.8
PERP,0xd9ea68c188e91860db64042f40f7fa02063400a723ec37327db3141447ecf24b,1762836694011,HYPE-USD,Close Long,-4.9,0xe7ec7fbf4f195fc8e57d814e15c3a2857cb632a3,0xffffffffffffffffffffffffffffffffffffffff,40.8
PERP,0xff17f949995b09350091042f40f7f50202ac002f345e2808a2e0a49c585ee320,1762836693672,HYPE-USD,Close Long,-73.43,0xe7ec7fbf4f195fc8e57d814e15c3a2857cb632a3,0xffffffffffffffffffffffffffffffffffffffff,40.8
PERP,0xeb4faa3c767a3fd8ecc9042f40f7f202039d0022117d5eaa8f18558f357e19c3,1762836693471,HYPE-USD,Close Long,-13.56,0xe7ec7fbf4f195fc8e57d814e15c3a2857cb632a3,0xffffffffffffffffffffffffffffffffffffffff,40.8
PERP,0xbc23d14ed748947bbd9d042f40f7e602016e0034724bb34d5fec7ca1964c6e66,1762836692666,HYPE-USD,Close Long,-22.9,0xe7ec7fbf4f195fc8e57d814e15c3a2857cb632a3,0xffffffffffffffffffffffffffffffffffffffff,40.8
PERP,0x43d1382cd96e07d8454a042f40f7e20202f40012746126aae799e37f9861e1c2,1762836692387,HYPE-USD,Close Long,-0.89,0xe7ec7fbf4f195fc8e57d814e15c3a2857cb632a3,0xffffffffffffffffffffffffffffffffffffffff,40.8
PERP,0x20656c908c08fe6121df042f40f7df0202fd0076270c1d33c42e17e34b0cd84b,1762836692187,HYPE-USD,Close Long,-10.6,0xe7ec7fbf4f195fc8e57d814e15c3a2857cb632a3,0xffffffffffffffffffffffffffffffffffffffff,40.8
PERP,0xdf264d5cd64f881de0a0042f40f7db02025500427142a6ef82eef8af95436208,1762836691775,HYPE-USD,Close Long,-57.68,0xe7ec7fbf4f195fc8e57d814e15c3a2857cb632a3,0xffffffffffffffffffffffffffffffffffffffff,40.8
PERP,0xc8cd93dd9f367780ca47042f40f7da02048100c33a3996526c963f305e3a516b,1762836691653,HYPE-USD,Close Long,-0.25,0xe7ec7fbf4f195fc8e57d814e15c3a2857cb632a3,0xffffffffffffffffffffffffffffffffffffffff,40.8
PERP,0x58b44f59fe029f295a2e042f40f7d90201bb003f9905bdfbfc7cfaacbd067913,1762836691584,HYPE-USD,Close Long,-45.78,0xe7ec7fbf4f195fc8e57d814e15c3a2857cb632a3,0xffffffffffffffffffffffffffffffffffffffff,40.8
PERP,0xd6961822b488f441d80f042f40f7d802032800084f8c13137a5ec375738cce2c,1762836691460,HYPE-USD,Close Long,-2.64,0xe7ec7fbf4f195fc8e57d814e15c3a2857cb632a3,0xffffffffffffffffffffffffffffffffffffffff,40.8
PERP,0x2073e1ecc9b668de21ed042f40f7d70202b800d264b987b0c43c8d3f88ba42c8,1762836691380,HYPE-USD,Close Long,-22.04,0xe7ec7fbf4f195fc8e57d814e15c3a2857cb632a3,0xffffffffffffffffffffffffffffffffffffffff,40.8
PERP,0x75f863e00f20313e7772042f40f7d50201b100c5aa23501019c10f32ce240b29,1762836691173,HYPE-USD,Close Long,-12.2,0xe7ec7fbf4f195fc8e57d814e15c3a2857cb632a3,0xffffffffffffffffffffffffffffffffffffffff,40.8
PERP,0x90eb746905fa013e9265042f40f7d402046b004ea0fd201034b41fbbc4fddb29,1762836691056,HYPE-USD,Close Long,-4.64,0xe7ec7fbf4f195fc8e57d814e15c3a2857cb632a3,0xffffffffffffffffffffffffffffffffffffffff,40.8
PERP,0x75f66714e95fcb5a7770042f40f7ca0203c300fa8452ea2c19bf1267a853a545,1762836690053,HYPE-USD,Close Long,-0.31,0xe7ec7fbf4f195fc8e57d814e15c3a2857cb632a3,0xffffffffffffffffffffffffffffffffffffffff,40.8
PERP,0x520482fba1ad493b537e042f40f7c902025500e13ca0680df5cd2e4e60a12325,1762836689963,HYPE-USD,Close Long,-12.2,0xe7ec7fbf4f195fc8e57d814e15c3a2857cb632a3,0xffffffffffffffffffffffffffffffffffffffff,40.8
PERP,0xa51014a39e1a24c0a689042f40f7c80204790089391d439248d8bff65d1dfeab,1762836689850,HYPE-USD,Close Long,-0.52,0xe7ec7fbf4f195fc8e57d814e15c3a2857cb632a3,0xffffffffffffffffffffffffffffffffffffffff,40.8
PERP,0xd9c23a3737d51ad1db3b042f40f7c8020475001cd2d839a37d8ae589f6d8f4bc,1762836689850,HYPE-USD,Close Long,-16.52,0xe7ec7fbf4f195fc8e57d814e15c3a2857cb632a3,0xffffffffffffffffffffffffffffffffffffffff,40.8
PERP,0x0e3c231f0ed487e30fb5042f40f7c302043e0004a9d7a6b5b204ce71cdd861cd,1762836689481,HYPE-USD,Close Long,-5.48,0xe7ec7fbf4f195fc8e57d814e15c3a2857cb632a3,0xffffffffffffffffffffffffffffffffffffffff,40.8
PERP,0xeb7e7e17b9e19400ecf8042f40f7c002026600fd54e4b2d28f47296a78e56deb,1762836689271,HYPE-USD,Close Long,-2.21,0xe7ec7fbf4f195fc8e57d814e15c3a2857cb632a3,0xffffffffffffffffffffffffffffffffffffffff,40.8
PERP,0x50379ab05bd699ea51b1042f40f7bf0208a20095f6d9b8bcf40046031ada73d4,1762836689214,HYPE-USD,Close Long,-7.6,0xe7ec7fbf4f195fc8e57d814e15c3a2857cb632a3,0xffffffffffffffffffffffffffffffffffffffff,40.8
PERP,0xc7c2b8153fbec2d6c93c042f40f7b902062e00fadab1e1a86b8b6367feb29cc1,1762836688740,HYPE-USD,Close Long,-30.76,0xe7ec7fbf4f195fc8e57d814e15c3a2857cb632a3,0xffffffffffffffffffffffffffffffffffffffff,40.8
PERP,0x3b3229908823c48f3cab042f40f7b70204d700762326e361defad4e347279e79,1762836688564,HYPE-USD,Close Long,-4.9,0xe7ec7fbf4f195fc8e57d814e15c3a2857cb632a3,0xffffffffffffffffffffffffffffffffffffffff,40.8
PERP,0x22b7c5bf3b7ffd1c2431042f40f7b70204d400a4d6731beec6807111fa73d706,1762836688564,HYPE-USD,Close Long,-73.43,0xe7ec7fbf4f195fc8e57d814e15c3a2857cb632a3,0xffffffffffffffffffffffffffffffffffffffff,40.8
PERP,0xbd10d889085d7824be8a042f40f7b70204d2006ea35096f660d983dbc751520f,1762836688564,HYPE-USD,Close Long,-62.46,0xe7ec7fbf4f195fc8e57d814e15c3a2857cb632a3,0xffffffffffffffffffffffffffffffffffffffff,40.8
PERP,0x3eef878188872bba4069042f40f7b70204cd0067238a4a8ce2b832d4478b05a4,1762836688564,HYPE-USD,Close Long,-13,0xe7ec7fbf4f195fc8e57d814e15c3a2857cb632a3,0xffffffffffffffffffffffffffffffffffffffff,40.8
PERP,0x8c1c10e66ef5e93e8d95042f40f7b70204cc00cc09f908102fe4bc392df9c329,1762836688564,HYPE-USD,Close Long,-5.51,0xe7ec7fbf4f195fc8e57d814e15c3a2857cb632a3,0xffffffffffffffffffffffffffffffffffffffff,40.8
PERP,0x2a3281a13c36cb722bac042f40f7b70204c00086d739ea44cdfb2cf3fb3aa55c,1762836688564,HYPE-USD,Close Long,-12.2,0xe7ec7fbf4f195fc8e57d814e15c3a2857cb632a3,0xffffffffffffffffffffffffffffffffffffffff,40.8
PERP,0x11b81dcfef8303ff1331042f40f7b70204bd00b58a8622d1b580c922ae86dde9,1762836688564,HYPE-USD,Close Long,-48.01,0xe7ec7fbf4f195fc8e57d814e15c3a2857cb632a3,0xffffffffffffffffffffffffffffffffffffffff,40.8
PERP,0x97542ab970101ebf98cd042f40f7b70204ae009f0b133d913b1cd60c2f13f8aa,1762836688564,HYPE-USD,Close Long,-73.5,0xe7ec7fbf4f195fc8e57d814e15c3a2857cb632a3,0xffffffffffffffffffffffffffffffffffffffff,40.8
PERP,0xe480b41e568edc43e5fa042f40f7b70204ad0003f181fb1588495f711582b62e,1762836688564,HYPE-USD,Close Long,-73.44,0xe7ec7fbf4f195fc8e57d814e15c3a2857cb632a3,0xffffffffffffffffffffffffffffffffffffffff,40.8
PERP,0x31ad3d833cfd99c83326042f40f7b70204ac0068d7f0b89ad575e8d5fbf173b2,1762836688564,HYPE-USD,Close Long,-175.78,0xe7ec7fbf4f195fc8e57d814e15c3a2857cb632a3,0xffffffffffffffffffffffffffffffffffffffff,40.8
PERP,0x7ed9c6e8236c574c8053042f40f7b70204ab00cdbe6f761e22a2723ae2603137,1762836688564,HYPE-USD,Close Long,-97.27,0xe7ec7fbf4f195fc8e57d814e15c3a2857cb632a3,0xffffffffffffffffffffffffffffffffffffffff,40.8
PERP,0xcb9edbc011d1f2b8cd18042f40f7b402067900a5acd5118a6f678712d0d5cca3,1762836688293,HYPE-USD,Close Long,-1.83,0xe7ec7fbf4f195fc8e57d814e15c3a2857cb632a3,0xffffffffffffffffffffffffffffffffffffffff,40.8
PERP,0xf760c4e967dd134ef8da042f40f7aa02048b00cf02d032219b29703c26d0ed39,1762836687602,HYPE-USD,Close Long,-12.2,0xe7ec7fbf4f195fc8e57d814e15c3a2857cb632a3,0xffffffffffffffffffffffffffffffffffffffff,40.8
PERP,0xa4f2e7af00547cfda66c042f40f7a80202dd00949b579bcf48bb9301bf5856e8,1762836687454,HYPE-USD,Close Long,-2.26,0xe7ec7fbf4f195fc8e57d814e15c3a2857cb632a3,0xffffffffffffffffffffffffffffffffffffffff,40.8
PERP,0x2a8ef49880e197be2c08042f40f7a80202ce007e1be4b690ce579feb3fe571a8,1762836687454,HYPE-USD,Close Long,-10,0xe7ec7fbf4f195fc8e57d814e15c3a2857cb632a3,0xffffffffffffffffffffffffffffffffffffffff,40.8
PERP,0xd21a01030546467ed393042f40f7a502025300e8a049655075e2ac55c44a2069,1762836687232,HYPE-USD,Close Long,-4.9,0xe7ec7fbf4f195fc8e57d814e15c3a2857cb632a3,0xffffffffffffffffffffffffffffffffffffffff,40.8
PERP,0x701fbc02d02274037199042f40f7a2020a8000e86b2592d513e867558f264dee,1762836686995,HYPE-USD,Close Long,-1.23,0xe7ec7fbf4f195fc8e57d814e15c3a2857cb632a3,0xffffffffffffffffffffffffffffffffffffffff,40.8
PERP,0xba8403a74dffb7bcbbfd042f40f79f0202b4008ce8f2d68e5e4caefa0cf391a7,1762836686769,HYPE-USD,Close Long,-32.52,0xe7ec7fbf4f195fc8e57d814e15c3a2857cb632a3,0xffffffffffffffffffffffffffffffffffffffff,40.8
PERP,0x23e84ece8175a3df2562042f40f79f0202ac00b41c78c2b1c7b0fa2140797dc9,1762836686769,HYPE-USD,Close Long,-29.7,0xe7ec7fbf4f195fc8e57d814e15c3a2857cb632a3,0xffffffffffffffffffffffffffffffffffffffff,40.8
PERP,0x7114d83367e46163728e042f40f79f0202ab001902e7803514dd838626e83b4e,1762836686769,HYPE-USD,Close Long,-4.9,0xe7ec7fbf4f195fc8e57d814e15c3a2857cb632a3,0xffffffffffffffffffffffffffffffffffffffff,40.8
PERP,0x8bb1082099ae51d38d2a042f40f79e0201ec000634a170a52f79b37358a22bbe,1762836686692,HYPE-USD,Close Long,-59.69,0xe7ec7fbf4f195fc8e57d814e15c3a2857cb632a3,0xffffffffffffffffffffffffffffffffffffffff,40.8
PERP,0x49ebaea61a2bf0c14b65042f40f79c0202be008bb52f0f93edb459f8d92fcaab,1762836686628,HYPE-USD,Close Long,-12.2,0xe7ec7fbf4f195fc8e57d814e15c3a2857cb632a3,0xffffffffffffffffffffffffffffffffffffffff,40.8
PERP,0x7cda561669e07dde7e54042f40f79902026900fc04e39cb020a3016928e457c9,1762836686428,HYPE-USD,Close Long,-4.9,0xe7ec7fbf4f195fc8e57d814e15c3a2857cb632a3,0xffffffffffffffffffffffffffffffffffffffff,40.8
PERP,0x6da556139f12e9e06f1f042f40f7980203f900f93a1608b2116e01665e16c3cb,1762836686370,HYPE-USD,Close Long,-11.85,0xe7ec7fbf4f195fc8e57d814e15c3a2857cb632a3,0xffffffffffffffffffffffffffffffffffffffff,40.8
PERP,0xbad1df788581a764bc4b042f40f7980203f8005e2084c6365e9a8acb4485814f,1762836686370,HYPE-USD,Close Long,-73.43,0xe7ec7fbf4f195fc8e57d814e15c3a2857cb632a3,0xffffffffffffffffffffffffffffffffffffffff,40.8
PERP,0x5cbb2b7ff880e5445e34042f40f78c0207e40065938404160083d6d2b784bf2f,1762836685511,HYPE-USD,Close Long,-12.2,0xe7ec7fbf4f195fc8e57d814e15c3a2857cb632a3,0xffffffffffffffffffffffffffffffffffffffff,40.8
PERP,0x9e48484eb547bd569fc2042f40f7890206df0034504adc284210f3a1744b9741,1762836685320,HYPE-USD,Close Long,-4.9,0xe7ec7fbf4f195fc8e57d814e15c3a2857cb632a3,0xffffffffffffffffffffffffffffffffffffffff,40.8
PERP,0x426d1af79d3fc8ca43e6042f40f78602040500dd3832e79ce635c64a5c33a2b4,1762836685119,HYPE-USD,Close Long,-72.22,0xe7ec7fbf4f195fc8e57d814e15c3a2857cb632a3,0xffffffffffffffffffffffffffffffffffffffff,40.8
PERP,0x1178535503d839e412f2042f40f7860203ff003a9edb58b6b540fea7c2dc13ce,1762836685119,HYPE-USD,Close Long,-4.9,0xe7ec7fbf4f195fc8e57d814e15c3a2857cb632a3,0xffffffffffffffffffffffffffffffffffffffff,40.8
PERP,0x127b7f846af53b4c13f5042f40f77b0204b8006a05f85a1eb6442ad729f91536,1762836684378,HYPE-USD,Close Long,-12.2,0xe7ec7fbf4f195fc8e57d814e15c3a2857cb632a3,0xffffffffffffffffffffffffffffffffffffffff,40.8
PERP,0xaa8ad9e424136291ac04042f40f77a0205df00c9bf1681634e538536e3173c7c,1762836684312,HYPE-USD,Close Long,-0.25,0xe7ec7fbf4f195fc8e57d814e15c3a2857cb632a3,0xffffffffffffffffffffffffffffffffffffffff,40.8
PERP,0x44e3ecadf0f0dd9a465d042f40f77a0205dd00938bf3fc6ce8ac9800aff4b784,1762836684312,HYPE-USD,Close Long,-4.9,0xe7ec7fbf4f195fc8e57d814e15c3a2857cb632a3,0xffffffffffffffffffffffffffffffffffffffff,40.8
PERP,0x799612418abbd3ab7b0f042f40f77a0205d9002725bef27d1d5ebd9449bfad96,1762836684312,HYPE-USD,Close Long,-73.53,0xe7ec7fbf4f195fc8e57d814e15c3a2857cb632a3,0xffffffffffffffffffffffffffffffffffffffff,40.8
PERP,0xcc0b5cd8c8344a75cd85042f40f7780202fb00be633769476fd4082b87382460,1762836684174,HYPE-USD,Close Long,-4.9,0xe7ec7fbf4f195fc8e57d814e15c3a2857cb632a3,0xffffffffffffffffffffffffffffffffffffffff,40.8
PERP,0x86598f55e28c5b4787d3042f40f7780202e8003b7d8f7a192a223aa8a1803532,1762836684174,HYPE-USD,Close Long,-16.79,0xe7ec7fbf4f195fc8e57d814e15c3a2857cb632a3,0xffffffffffffffffffffffffffffffffffffffff,40.8
PERP,0x81927441077ee31a830c042f40f7770203c70101a27201ec255b1f93c672bd05,1762836684111,HYPE-USD,Close Long,-520.65,0xe7ec7fbf4f195fc8e57d814e15c3a2857cb632a3,0xffffffffffffffffffffffffffffffffffffffff,40.8
PERP,0xd2ef8e166b2fcfc2d469042f40f7770203c700fc0622ee9476b839692a23a9ad,1762836684111,HYPE-USD,Close Long,-50.56,0xe7ec7fbf4f195fc8e57d814e15c3a2857cb632a3,0xffffffffffffffffffffffffffffffffffffffff,40.8
PERP,0x201c177b519e8d472195042f40f7770203c60060ec91ac19c3e4c2ce10926731,1762836684111,HYPE-USD,Close Long,-1.31,0xe7ec7fbf4f195fc8e57d814e15c3a2857cb632a3,0xffffffffffffffffffffffffffffffffffffffff,40.8
PERP,0xba752a451e7c084fbbee042f40f7770203c4002ab97f27215e3dd597dd7fe23a,1762836684111,HYPE-USD,Close Long,-73.53,0xe7ec7fbf4f195fc8e57d814e15c3a2857cb632a3,0xffffffffffffffffffffffffffffffffffffffff,40.8
PERP,0x89af9a83ba5212818b29042f40f7750201bc0069555531532d7845d67955ec6c,1762836683972,HYPE-USD,Close Long,-3.74,0xe7ec7fbf4f195fc8e57d814e15c3a2857cb632a3,0xffffffffffffffffffffffffffffffffffffffff,40.8
PERP,0x8657b4548c27678a87d1042f40f76d020209003a272a865c2a205fa74b2b4175,1762836683308,HYPE-USD,Close Long,-4.9,0xe7ec7fbf4f195fc8e57d814e15c3a2857cb632a3,0xffffffffffffffffffffffffffffffffffffffff,40.8
PERP,0xd3843db97296250ed4fd042f40f76d020208009f0d9943e0774ce90c3199fef9,1762836683308,HYPE-USD,Close Long,-4.9,0xe7ec7fbf4f195fc8e57d814e15c3a2857cb632a3,0xffffffffffffffffffffffffffffffffffffffff,40.8
PERP,0x59e5c994e7553da25b5f042f40f76c0204f9007a82585c74fdae74e7a659178c,1762836683206,HYPE-USD,Close Long,-12.2,0xe7ec7fbf4f195fc8e57d814e15c3a2857cb632a3,0xffffffffffffffffffffffffffffffffffffffff,40.8
PERP,0x6bab3409c65b18e06d24042f40f76b02022e00ef615e37b20f73df5c855ef2cb,1762836683106,HYPE-USD,Close Long,-4.48,0xe7ec7fbf4f195fc8e57d814e15c3a2857cb632a3,0xffffffffffffffffffffffffffffffffffffffff,40.8
PERP,0xb8d7bd6eacc9d664ba51042f40f76b02022d005447ccf5365ca068c16bcdb04f,1762836683106,HYPE-USD,Close Long,-2.71,0xe7ec7fbf4f195fc8e57d814e15c3a2857cb632a3,0xffffffffffffffffffffffffffffffffffffffff,40.8
PERP,0x0e340f8024a38fb10fad042f40f76702076f0065bfa6ae83b1fcbad2e3a7699b,1762836682804,HYPE-USD,Close Long,-1.62,0xe7ec7fbf4f195fc8e57d814e15c3a2857cb632a3,0xffffffffffffffffffffffffffffffffffffffff,40.8
PERP,0x6b4b0b0fd4e6651a6cc4042f40f76402026200f56fe983ec0f13b66293ea3f05,1762836682541,HYPE-USD,Close Long,-9.59,0xe7ec7fbf4f195fc8e57d814e15c3a2857cb632a3,0xffffffffffffffffffffffffffffffffffffffff,40.8
PERP,0x3619f6c877f6f28c3793042f40f76202024500ae12fa115ed9e2a21b36facc76,1762836682387,HYPE-USD,Close Long,-61.21,0xe7ec7fbf4f195fc8e57d814e15c3a2857cb632a3,0xffffffffffffffffffffffffffffffffffffffff,40.8
PERP,0x5a3b12c2f4e70dc35bb4042f40f7610201b100a88fea2c95fe03be15b3eae7ad,1762836682294,HYPE-USD,Close Long,-2.29,0xe7ec7fbf4f195fc8e57d814e15c3a2857cb632a3,0xffffffffffffffffffffffffffffffffffffffff,40.8
PERP,0xa7679c27db55cb47a8e1042f40f7610201b0000d7658ea194b30477a9a59a532,1762836682294,HYPE-USD,Close Long,-2.29,0xe7ec7fbf4f195fc8e57d814e15c3a2857cb632a3,0xffffffffffffffffffffffffffffffffffffffff,40.8
PERP,0xdc19c1bb7510c158dd93042f40f7610201ac00a11013e02a7fe26d0e34149b43,1762836682294,HYPE-USD,Close Long,-1.23,0xe7ec7fbf4f195fc8e57d814e15c3a2857cb632a3,0xffffffffffffffffffffffffffffffffffffffff,40.8
PERP,0x7a47ac9d0d8cfdf17bc1042f40f7600203900082a8801cc31e1057efcc80d7dc,1762836682187,HYPE-USD,Close Long,-3.26,0xe7ec7fbf4f195fc8e57d814e15c3a2857cb632a3,0xffffffffffffffffffffffffffffffffffffffff,40.8
PERP,0xc7743601f3fbbb75c8ed042f40f76002038f00e78efeda476b3ce154b2ff9560,1762836682187,HYPE-USD,Close Long,-4.9,0xe7ec7fbf4f195fc8e57d814e15c3a2857cb632a3,0xffffffffffffffffffffffffffffffffffffffff,40.8
PERP,0x7e050a8e0de0651c7f7e042f40f7600203860073a8e383ee21cdb5e0cce43f07,1762836682187,HYPE-USD,Close Long,-12.2,0xe7ec7fbf4f195fc8e57d814e15c3a2857cb632a3,0xffffffffffffffffffffffffffffffffffffffff,40.8
PERP,0xffe3b9868e1a18b1015d042f40f760020381006c291d3784a3ac64d94d1df29c,1762836682187,HYPE-USD,Close Long,-4.9,0xe7ec7fbf4f195fc8e57d814e15c3a2857cb632a3,0xffffffffffffffffffffffffffffffffffffffff,40.8
PERP,0xe76955b54166513ee8e3042f40f76002037e009adc6970108b320108006a2b29,1762836682187,HYPE-USD,Close Long,-4.9,0xe7ec7fbf4f195fc8e57d814e15c3a2857cb632a3,0xffffffffffffffffffffffffffffffffffffffff,40.8
PERP,0x50cda0dc74ec3d615247042f40f76002037600c20fef5c33f4964c2f33e0174b,1762836682187,HYPE-USD,Close Long,-73.53,0xe7ec7fbf4f195fc8e57d814e15c3a2857cb632a3,0xffffffffffffffffffffffffffffffffffffffff,40.8
PERP,0x9e296222909893fd9fa3042f40f75e02017300082b9bb2cf41f20d754f9c6de8,1762836681938,HYPE-USD,Close Long,-32.1,0xe7ec7fbf4f195fc8e57d814e15c3a2857cb632a3,0xffffffffffffffffffffffffffffffffffffffff,40.8
PERP,0xce5fb2d29d7baf14cfd9042f40f75b0202c000b8387ecde672285e255c7f88ff,1762836681722,HYPE-USD,Close Long,-241.7,0xe7ec7fbf4f195fc8e57d814e15c3a2857cb632a3,0xffffffffffffffffffffffffffffffffffffffff,40.8
PERP,0x3387b1550d69b78f3501042f40f7590202a1003aa86cd661d7505ca7cc6d9179,1762836681582,HYPE-USD,Close Long,-157.33,0xe7ec7fbf4f195fc8e57d814e15c3a2857cb632a3,0xffffffffffffffffffffffffffffffffffffffff,40.8
PERP,0x80b43ab9f3d87513822d042f40f7590202a0009f8edb93e5247ce60cb2dc4efe,1762836681582,HYPE-USD,Close Long,-78.67,0xe7ec7fbf4f195fc8e57d814e15c3a2857cb632a3,0xffffffffffffffffffffffffffffffffffffffff,40.8
PERP,0x6839d6e8a724ada069b3042f40f75902029d00ce4227cc720c02823b6628878b,1762836681582,HYPE-USD,Close Long,-24.13,0xe7ec7fbf4f195fc8e57d814e15c3a2857cb632a3,0xffffffffffffffffffffffffffffffffffffffff,40.8
PERP,0x4fbf73175a70e62d5139042f40f75902029a00fcf57404fff3881e6a1974c017,1762836681582,HYPE-USD,Close Long,-73.53,0xe7ec7fbf4f195fc8e57d814e15c3a2857cb632a3,0xffffffffffffffffffffffffffffffffffffffff,40.8
PERP,0x7196d6a7c3a1ada17310042f40f75702032f008d5ea4cc73155f81fa82a5878c,1762836681386,HYPE-USD,Close Long,-51.72,0xe7ec7fbf4f195fc8e57d814e15c3a2857cb632a3,0xffffffffffffffffffffffffffffffffffffffff,40.8
PERP,0x591c72d676fde62e5a96042f40f75702032c00bc11f10500fce51e2935f1c018,1762836681386,HYPE-USD,Close Long,-31.71,0xe7ec7fbf4f195fc8e57d814e15c3a2857cb632a3,0xffffffffffffffffffffffffffffffffffffffff,40.8
PERP,0xf37585a043db6136f4ef042f40f75702032a0085dede8009973e30f302df3b21,1762836681386,HYPE-USD,Close Long,-13.57,0xe7ec7fbf4f195fc8e57d814e15c3a2857cb632a3,0xffffffffffffffffffffffffffffffffffffffff,40.8
PERP,0x481ccae72b00ed114996042f40f75702031500ccc6040be3ebe57639ea04c6fb,1762836681386,HYPE-USD,Close Long,-107.59,0xe7ec7fbf4f195fc8e57d814e15c3a2857cb632a3,0xffffffffffffffffffffffffffffffffffffffff,40.8
PERP,0x9549544c117faa9596c3042f40f7570203140031ac72c9673911ff9ed0738480,1762836681386,HYPE-USD,Close Long,-13.57,0xe7ec7fbf4f195fc8e57d814e15c3a2857cb632a3,0xffffffffffffffffffffffffffffffffffffffff,40.8
PERP,0x4f58205431e3363c50d1042f40f7560201780039cce6550ef320cba6f0e71026,1762836681276,HYPE-USD,Close Long,-4.9,0xe7ec7fbf4f195fc8e57d814e15c3a2857cb632a3,0xffffffffffffffffffffffffffffffffffffffff,40.8
PERP,0xe9b1331dfec0b144eb2a042f40f756020176000399c3d0168d79de70bdc48b2f,1762836681276,HYPE-USD,Close Long,-3.68,0xe7ec7fbf4f195fc8e57d814e15c3a2857cb632a3,0xffffffffffffffffffffffffffffffffffffffff,40.8
PERP,0xaea0d2ffecfc3c67b01a042f40f75502051600e587ff5b3952697e52abf01652,1762836681184,HYPE-USD,Close Long,-0.7,0xe7ec7fbf4f195fc8e57d814e15c3a2857cb632a3,0xffffffffffffffffffffffffffffffffffffffff,40.8
PERP,0x7dac0b5d5394ad817f25042f40f7550205100042ee97cc532174b6b01298876c,1762836681184,HYPE-USD,Close Long,-4.9,0xe7ec7fbf4f195fc8e57d814e15c3a2857cb632a3,0xffffffffffffffffffffffffffffffffffffffff,40.8
PERP,0x18051e272072288a197e042f40f75502050e000cbb75475cbbcdc979df760274,1762836681184,HYPE-USD,Close Long,-4.9,0xe7ec7fbf4f195fc8e57d814e15c3a2857cb632a3,0xffffffffffffffffffffffffffffffffffffffff,40.8
PERP,0x8169694e53f814ac82e3042f40f7550205060033eefb337e253214a112fbee97,1762836681184,HYPE-USD,Close Long,-12.2,0xe7ec7fbf4f195fc8e57d814e15c3a2857cb632a3,0xffffffffffffffffffffffffffffffffffffffff,40.8
PERP,0x1bc27c1820d58fb51d3c042f40f75502050400fdbbd8ae87bf8b276adfd9699f,1762836681184,HYPE-USD,Close Long,-12.15,0xe7ec7fbf4f195fc8e57d814e15c3a2857cb632a3,0xffffffffffffffffffffffffffffffffffffffff,40.8
PERP,0x975aae409308033198d4042f40f7530204a900262e0b22033b235993520bdd1c,1762836680984,HYPE-USD,Close Long,-49.02,0xe7ec7fbf4f195fc8e57d814e15c3a2857cb632a3,0xffffffffffffffffffffffffffffffffffffffff,40.8
PERP,0xe48737a57976c0b5e600042f40f7530204a8008b1479df87884fe2f8387a9aa0,1762836680984,HYPE-USD,Close Long,-41.43,0xe7ec7fbf4f195fc8e57d814e15c3a2857cb632a3,0xffffffffffffffffffffffffffffffffffffffff,40.8
PERP,0x6c5c8ad1aa455ed86dd6042f40f7510205c700b745487daa10253624694938c3,1762836680782,HYPE-USD,Close Long,-1.57,0xe7ec7fbf4f195fc8e57d814e15c3a2857cb632a3,0xffffffffffffffffffffffffffffffffffffffff,40.8
PERP,0xb989143690b41c5cbb02042f40f7510205c6001c2bb73b2e5d51bf894fb7f647,1762836680782,HYPE-USD,Close Long,-1.08,0xe7ec7fbf4f195fc8e57d814e15c3a2857cb632a3,0xffffffffffffffffffffffffffffffffffffffff,40.8
PERP,0xdba74b98c9c94974dd21042f40f74c020358007e64cc68467f6ff6eb88cd235f,1762836680361,HYPE-USD,Close Long,-4.9,0xe7ec7fbf4f195fc8e57d814e15c3a2857cb632a3,0xffffffffffffffffffffffffffffffffffffffff,40.8
PERP,0x2c9132eeb09b6e242e0a042f40f74c02034d00d44b9e8cf6d059de416f9f480e,1762836680361,HYPE-USD,Close Long,-0.38,0xe7ec7fbf4f195fc8e57d814e15c3a2857cb632a3,0xffffffffffffffffffffffffffffffffffffffff,40.8
PERP,0x1a0d7351148c913e1b87042f40f74a02046e0036af8fb010bdd61ea3d3806b28,1762836680162,HYPE-USD,Close Long,-4.9,0xe7ec7fbf4f195fc8e57d814e15c3a2857cb632a3,0xffffffffffffffffffffffffffffffffffffffff,40.8
PERP,0xb823e40be1cd7371b99d042f40f74a02046200f17cc092435bec8f5ea0c14d5c,1762836680162,HYPE-USD,Close Long,-5,0xe7ec7fbf4f195fc8e57d814e15c3a2857cb632a3,0xffffffffffffffffffffffffffffffffffffffff,40.8
PERP,0xf80e23727ca29f03f987042f40f74a020440005817a5bdd69bd6cec53ba678ee,1762836680162,HYPE-USD,Close Long,-3.26,0xe7ec7fbf4f195fc8e57d814e15c3a2857cb632a3,0xffffffffffffffffffffffffffffffffffffffff,40.8
PERP,0x803a9ace1168010481b4042f40f7480202f600b3ac6b1fd624034620d06bdaef,1762836679960,HYPE-USD,Close Long,-4.89,0xe7ec7fbf4f195fc8e57d814e15c3a2857cb632a3,0xffffffffffffffffffffffffffffffffffffffff,40.8
PERP,0x05d6a7b791f51bc50750042f40f7480202e7009d2cf83a97a99f530a50f8f5af,1762836679960,HYPE-USD,Close Long,-4.9,0xe7ec7fbf4f195fc8e57d814e15c3a2857cb632a3,0xffffffffffffffffffffffffffffffffffffffff,40.8
PERP,0xa14c5da2b6fb587ea2c6042f40f74702037c008851fe7750451508f575ff3269,1762836679859,HYPE-USD,Close Long,-2.71,0xe7ec7fbf4f195fc8e57d814e15c3a2857cb632a3,0xffffffffffffffffffffffffffffffffffffffff,40.8
PERP,0xa8c71984b7b226d4aa40042f40f747020368006a52b545a64c8fc4d776b600bf,1762836679859,HYPE-USD,Close Long,-40.67,0xe7ec7fbf4f195fc8e57d814e15c3a2857cb632a3,0xffffffffffffffffffffffffffffffffffffffff,40.8
PERP,0x6aa7a3d46d67d2886c21042f40f74602024000ba086af15a0e704f272c6bac73,1762836679753,HYPE-USD,Close Long,-5.38,0xe7ec7fbf4f195fc8e57d814e15c3a2857cb632a3,0xffffffffffffffffffffffffffffffffffffffff,40.8
PERP,0x21387860875c7c2f22b2042f40f7460202370046225f9b01c50123b346505619,1762836679753,HYPE-USD,Close Long,-30,0xe7ec7fbf4f195fc8e57d814e15c3a2857cb632a3,0xffffffffffffffffffffffffffffffffffffffff,40.8
PERP,0x72ff7a98fcf76b3d7479042f40f74402042b007e97fa8a0f16c825ebbbfb4528,1762836679562,HYPE-USD,Close Long,-4.9,0xe7ec7fbf4f195fc8e57d814e15c3a2857cb632a3,0xffffffffffffffffffffffffffffffffffffffff,40.8
PERP,0x76bcd889fd5ad2687836042f40f744020421006f985df13a1a8583dcbc5eac53,1762836679562,HYPE-USD,Close Long,-12.19,0xe7ec7fbf4f195fc8e57d814e15c3a2857cb632a3,0xffffffffffffffffffffffffffffffffffffffff,40.8
PERP,0x001643647e4b5454018f042f40f744020408004a194e7326a3deeeb73d4f2e3e,1762836679562,HYPE-USD,Close Long,-10,0xe7ec7fbf4f195fc8e57d814e15c3a2857cb632a3,0xffffffffffffffffffffffffffffffffffffffff,40.8
PERP,0x1868dcb16bb1632819e2042f40f742020181009706b481fabc3188042ab53d12,1762836679400,HYPE-USD,Close Long,-1.05,0xe7ec7fbf4f195fc8e57d814e15c3a2857cb632a3,0xffffffffffffffffffffffffffffffffffffffff,40.800000000000004
PERP,0xeb3172ffd2bd3b6cecab042f40f74202017100e56db05a3e8efa1e5291b11557,1762836679400,HYPE-USD,Close Long,-4.15,0xe7ec7fbf4f195fc8e57d814e15c3a2857cb632a3,0xffffffffffffffffffffffffffffffffffffffff,40.8
PERP,0x95f3a3148dbc6689976d042f40f74102026600fa28bf855b39bc4e674cb04074,1762836679282,HYPE-USD,Close Long,-74.93,0xe7ec7fbf4f195fc8e57d814e15c3a2857cb632a3,0xffffffffffffffffffffffffffffffffffffffff,40.8
PERP,0x9d6e5ef68e7334df9ee8042f40f74102025200dc297653b141370a494d770eca,1762836679282,HYPE-USD,Close Long,-165.08,0xe7ec7fbf4f195fc8e57d814e15c3a2857cb632a3,0xffffffffffffffffffffffffffffffffffffffff,40.8
PERP,0xea9ae85b74e1f263ec14042f40f74102025100410fe511358e6393ae33e5cc4e,1762836679282,HYPE-USD,Close Long,-6.72,0xe7ec7fbf4f195fc8e57d814e15c3a2857cb632a3,0xffffffffffffffffffffffffffffffffffffffff,40.8
PERP,0x5a4cda1bed881aca5bc6042f40f73f0203f50001888b399cfe15856eac8bf4b4,1762836679168,HYPE-USD,Close Long,-74.93,0xe7ec7fbf4f195fc8e57d814e15c3a2857cb632a3,0xffffffffffffffffffffffffffffffffffffffff,40.8
PERP,0x76849bde3a9f496877fe042f40f73f0203ee00c3d592683a1a4d4730f9932353,1762836679168,HYPE-USD,Close Long,-61.39,0xe7ec7fbf4f195fc8e57d814e15c3a2857cb632a3,0xffffffffffffffffffffffffffffffffffffffff,40.8
PERP,0xffde06b8bb8fcb530157042f40f73f0203d5009e5682ea26a3a6b20b7a83a53e,1762836679168,HYPE-USD,Close Long,-0.3,0xe7ec7fbf4f195fc8e57d814e15c3a2857cb632a3,0xffffffffffffffffffffffffffffffffffffffff,40.8
PERP,0xa83f043c97944848a9b8042f40f73e02040300223297671a4c07af8f56982233,1762836679046,HYPE-USD,Close Long,-4.9,0xe7ec7fbf4f195fc8e57d814e15c3a2857cb632a3,0xffffffffffffffffffffffffffffffffffffffff,40.8
PERP,0xe0ae87c131b2a584e228042f40f73e0203f500a6ccb5c45684773313f0b67f6f,1762836679046,HYPE-USD,Close Long,-165.08,0xe7ec7fbf4f195fc8e57d814e15c3a2857cb632a3,0xffffffffffffffffffffffffffffffffffffffff,40.8
PERP,0xfce649837ec9d422fe60042f40f73e0203ee006919ccf2f5a0aef4d63dcdae0d,1762836679046,HYPE-USD,Close Long,-41.07,0xe7ec7fbf4f195fc8e57d814e15c3a2857cb632a3,0xffffffffffffffffffffffffffffffffffffffff,40.8
PERP,0x550b647c9d02cfd65685042f40f73d02053700623805eea8f8d40fcf5c06a9c0,1762836678952,HYPE-USD,Close Long,-38.26,0xe7ec7fbf4f195fc8e57d814e15c3a2857cb632a3,0xffffffffffffffffffffffffffffffffffffffff,40.8
PERP,0xdeeb099de7bc3c90e064042f40f73b0203a4008382bf5b6282b3b4f0a6b0167b,1762836678746,HYPE-USD,Close Long,-74.93,0xe7ec7fbf4f195fc8e57d814e15c3a2857cb632a3,0xffffffffffffffffffffffffffffffffffffffff,40.8
PERP,0xb570fddd4f1b7c00b6ea042f40f73b02038a00c2ea1e9ad25939a9300e1f55eb,1762836678746,HYPE-USD,Close Long,-1.54,0xe7ec7fbf4f195fc8e57d814e15c3a2857cb632a3,0xffffffffffffffffffffffffffffffffffffffff,40.8
PERP,0x46452499d0c2cc4247be042f40f73b02035d007f6bc5eb14ea0dcfec8fc6a62c,1762836678746,HYPE-USD,Close Long,-44.96,0xe7ec7fbf4f195fc8e57d814e15c3a2857cb632a3,0xffffffffffffffffffffffffffffffffffffffff,40.8
PERP,0x2dcac0c8841f04cf2f44042f40f73b02035a00ae1f1223a1d1936c1b4312deb9,1762836678746,HYPE-USD,Close Long,-74.68,0xe7ec7fbf4f195fc8e57d814e15c3a2857cb632a3,0xffffffffffffffffffffffffffffffffffffffff,40.8
PERP,0xc823d39250fc7fd7c99d042f40f73b0203580077ebff9ea96bec7ee50ff059c2,1762836678746,HYPE-USD,Close Long,-4.9,0xe7ec7fbf4f195fc8e57d814e15c3a2857cb632a3,0xffffffffffffffffffffffffffffffffffffffff,40.8
PERP,0x3352e86fd50d434034cc042f40f73a020206005570006212d71b93c294011d2a,1762836678656,HYPE-USD,Close Long,-118.34,0xe7ec7fbf4f195fc8e57d814e15c3a2857cb632a3,0xffffffffffffffffffffffffffffffffffffffff,40.8
PERP,0x68050e036ec83951697e042f40f73a02020200e909cb58230bcdb9562dcc133c,1762836678656,HYPE-USD,Close Long,-165.08,0xe7ec7fbf4f195fc8e57d814e15c3a2857cb632a3,0xffffffffffffffffffffffffffffffffffffffff,40.8
PERP,0x4605be24d6ee4717477f042f40f73a0201d4000a71e165e9e9ce697795e22101,1762836678656,HYPE-USD,Close Long,-0.25,0xe7ec7fbf4f195fc8e57d814e15c3a2857cb632a3,0xffffffffffffffffffffffffffffffffffffffff,40.8
PERP,0x472261462f0708c8489c042f40f73902026b002bca0a279aeaeb0c98ee0ae2b2,1762836678537,HYPE-USD,Close Long,-0.27,0xe7ec7fbf4f195fc8e57d814e15c3a2857cb632a3,0xffffffffffffffffffffffffffffffffffffffff,40.8
PERP,0x03923e155ef9d070050b042f40f73802048700faf9fcef42a75ae9681dfdaa5a,1762836678412,HYPE-USD,Close Long,-30,0xe7ec7fbf4f195fc8e57d814e15c3a2857cb632a3,0xffffffffffffffffffffffffffffffffffffffff,40.8
PERP,0xa5660cc12c9e19cea6df042f40f73802047100a6c79138a0492eb813eb91f3b9,1762836678412,HYPE-USD,Close Long,-74.93,0xe7ec7fbf4f195fc8e57d814e15c3a2857cb632a3,0xffffffffffffffffffffffffffffffffffffffff,40.8
PERP,0xf2929626130cd752f40c042f40f738020470000bae0ff625965b4178d200b13d,1762836678412,HYPE-USD,Close Long,-165.08,0xe7ec7fbf4f195fc8e57d814e15c3a2857cb632a3,0xffffffffffffffffffffffffffffffffffffffff,40.8
PERP,0xa9236ab22cf180f9aa9d042f40f7380204670097c7f49fcb4cec1604ebf55ae4,1762836678412,HYPE-USD,Close Long,-2.71,0xe7ec7fbf4f195fc8e57d814e15c3a2857cb632a3,0xffffffffffffffffffffffffffffffffffffffff,40.8
PERP,0xf2532fb119285227f3cc042f40f7370202e70096b42b70fa961bdb03d82c2c12,1762836678340,HYPE-USD,Close Long,-13.56,0xe7ec7fbf4f195fc8e57d814e15c3a2857cb632a3,0xffffffffffffffffffffffffffffffffffffffff,40.8
PERP,0x3f97333ccac26a114110042f40f7360204d6002265c588e3e35fde8f89c643fb,1762836678234,HYPE-USD,Close Long,-24.4,0xe7ec7fbf4f195fc8e57d814e15c3a2857cb632a3,0xffffffffffffffffffffffffffffffffffffffff,40.8
PERP,0xe8e5bdca992d81c5ea5f042f40f7360204ac00b03420a0978cae691d58215bb0,1762836678234,HYPE-USD,Close Long,-4.9,0xe7ec7fbf4f195fc8e57d814e15c3a2857cb632a3,0xffffffffffffffffffffffffffffffffffffffff,40.8
PERP,0x1d97e35e32e877d71f11042f40f7360204a80043cdeb96a9c1608eb0f1ec51c1,1762836678234,HYPE-USD,Close Long,-13.56,0xe7ec7fbf4f195fc8e57d814e15c3a2857cb632a3,0xffffffffffffffffffffffffffffffffffffffff,40.8
PERP,0xa333f047b3759297a4ad042f40f736020499002d4e78b16946fc9b9a72796c82,1762836678234,HYPE-USD,Close Long,-215.44,0xe7ec7fbf4f195fc8e57d814e15c3a2857cb632a3,0xffffffffffffffffffffffffffffffffffffffff,40.8
PERP,0xbf6bb20a008cc135c0e5042f40f73602049200ef9b8fe00763345d5cbf809b20,1762836678234,HYPE-USD,Close Long,-241.7,0xe7ec7fbf4f195fc8e57d814e15c3a2857cb632a3,0xffffffffffffffffffffffffffffffffffffffff,40.8
PERP,0x7da6588f810a60237f20042f40f73402056400751c0d7ef5216f03e2400e3a0e,1762836678052,HYPE-USD,Close Long,-36.36,0xe7ec7fbf4f195fc8e57d814e15c3a2857cb632a3,0xffffffffffffffffffffffffffffffffffffffff,40.8
PERP,0xcad2e1f467791da7cc4c042f40f73402056300da027c3c796e9b8d47267cf792,1762836678052,HYPE-USD,Close Long,-44.79,0xe7ec7fbf4f195fc8e57d814e15c3a2857cb632a3,0xffffffffffffffffffffffffffffffffffffffff,40.8
PERP,0x652bf4be345698b066a5042f40f73402056100a3cf59b78208f4a010f35a729b,1762836678052,HYPE-USD,Close Long,-103.1,0xe7ec7fbf4f195fc8e57d814e15c3a2857cb632a3,0xffffffffffffffffffffffffffffffffffffffff,40.8
PERP,0xff850788013413b800fe042f40f73402055f006d9c37328ba34db2dac037eda3,1762836678052,HYPE-USD,Close Long,-42.05,0xe7ec7fbf4f195fc8e57d814e15c3a2857cb632a3,0xffffffffffffffffffffffffffffffffffffffff,40.8
PERP,0x4cb190ece7a2d13d4e2b042f40f73402055e00d282a5f00ff07a3c3fa6a6ab27,1762836678052,HYPE-USD,Close Long,-5302.66,0xe7ec7fbf4f195fc8e57d814e15c3a2857cb632a3,0xffffffffffffffffffffffffffffffffffffffff,40.8
PERP,0x8163b680816dc74e82dd042f40f73402055a00661c60e620252c61d34061a139,1762836678052,HYPE-USD,Close Long,-165.08,0xe7ec7fbf4f195fc8e57d814e15c3a2857cb632a3,0xffffffffffffffffffffffffffffffffffffffff,40.8
PERP,0x6ca6b0a0351d67066e20042f40f73402054d0085d01085d8106f5bf2f41140f1,1762836678052,HYPE-USD,Close Long,-163.07,0xe7ec7fbf4f195fc8e57d814e15c3a2857cb632a3,0xffffffffffffffffffffffffffffffffffffffff,40.8
PERP,0x1c828bcfe15424781dfc042f40f73302027600b57c57434ac04b3722a057fe62,1762836677951,HYPE-USD,Close Long,-241.7,0xe7ec7fbf4f195fc8e57d814e15c3a2857cb632a3,0xffffffffffffffffffffffffffffffffffffffff,40.8
PERP,0x5134b1637b1f1a8952ae042f40f73302027200491612395bf4fd5cb63a12f473,1762836677951,HYPE-USD,Close Long,-106.23,0xe7ec7fbf4f195fc8e57d814e15c3a2857cb632a3,0xffffffffffffffffffffffffffffffffffffffff,40.8
PERP,0xa5dbf6aa6244a663a755042f40f73302025d008ffd47c53549a4a1fd2148804e,1762836677951,HYPE-USD,Close Long,-71.82,0xe7ec7fbf4f195fc8e57d814e15c3a2857cb632a3,0xffffffffffffffffffffffffffffffffffffffff,40.8
PERP,0xda8e1c3dfc0f9c74dc07042f40f73302025900239702bb467e56c790bb03765f,1762836677951,HYPE-USD,Close Long,-46.39,0xe7ec7fbf4f195fc8e57d814e15c3a2857cb632a3,0xffffffffffffffffffffffffffffffffffffffff,40.8
PERP,0xa999549b62a80d8eab13042f40f7330202530080fdab2c604d61ffee21abe779,1762836677951,HYPE-USD,Close Long,-56.86,0xe7ec7fbf4f195fc8e57d814e15c3a2857cb632a3,0xffffffffffffffffffffffffffffffffffffffff,40.8
PERP,0x43f267652f858897456c042f40f733020251004aca88a769e7bb12b7ee896281,1762836677951,HYPE-USD,Close Long,-55.36,0xe7ec7fbf4f195fc8e57d814e15c3a2857cb632a3,0xffffffffffffffffffffffffffffffffffffffff,40.8
PERP,0x87b15d19c68e0392892b042f40f73202070600ff618122642b7a086c8581dd7d,1762836677828,HYPE-USD,Close Long,-165.08,0xe7ec7fbf4f195fc8e57d814e15c3a2857cb632a3,0xffffffffffffffffffffffffffffffffffffffff,40.8
PERP,0xc020e09e60ac60cec19a042f40f7320206f80083fbaf7fa063e98bf11fa03ab9,1762836677828,HYPE-USD,Close Long,-165.08,0xe7ec7fbf4f195fc8e57d814e15c3a2857cb632a3,0xffffffffffffffffffffffffffffffffffffffff,40.8
PERP,0xa7a67ccd13f8995ba920042f40f7320206f500b2aefbb82d4b6f281fd2fc7346,1762836677828,HYPE-USD,Close Long,-74.93,0xe7ec7fbf4f195fc8e57d814e15c3a2857cb632a3,0xffffffffffffffffffffffffffffffffffffffff,40.8
PERP,0xf4d30631fa6756dff64c042f40f7320206f40017956a75b2989bb184b96b30ca,1762836677828,HYPE-USD,Close Long,-70,0xe7ec7fbf4f195fc8e57d814e15c3a2857cb632a3,0xffffffffffffffffffffffffffffffffffffffff,40.8
PERP,0xc347b3eb03347ef0c4c1042f40f7310207ce00d09e379dc267105f3dc23858db,1762836677750,HYPE-USD,Close Long,-74.93,0xe7ec7fbf4f195fc8e57d814e15c3a2857cb632a3,0xffffffffffffffffffffffffffffffffffffffff,40.8
PERP,0xc70511dc0397e61bc87e042f40f7310207c400c19e9b04ed6acdbd2ec29bc006,1762836677750,HYPE-USD,Close Long,-4.9,0xe7ec7fbf4f195fc8e57d814e15c3a2857cb632a3,0xffffffffffffffffffffffffffffffffffffffff,40.8
PERP,0x5211aa7c3a7c72c1538b042f40f7310207620061d57f9193f5da55cef9704cab,1762836677750,HYPE-USD,Close Long,-111.87,0xe7ec7fbf4f195fc8e57d814e15c3a2857cb632a3,0xffffffffffffffffffffffffffffffffffffffff,40.8
PERP,0xe3546f8eeb45e145e4ce042f40f7300206bc007486490017871d1ae1aa49bb30,1762836677612,HYPE-USD,Close Long,-97.62,0xe7ec7fbf4f195fc8e57d814e15c3a2857cb632a3,0xffffffffffffffffffffffffffffffffffffffff,40.8
PERP,0x97db13efbacb2e7b9954042f40f73002067400d555ce4d4d3ba3bf4279cf0866,1762836677612,HYPE-USD,Close Long,-74.93,0xe7ec7fbf4f195fc8e57d814e15c3a2857cb632a3,0xffffffffffffffffffffffffffffffffffffffff,40.8
PERP,0xcc8d39835486248cce06042f40f7300206700068ef89435e7055e4d61389fe77,1762836677612,HYPE-USD,Close Long,-0.26,0xe7ec7fbf4f195fc8e57d814e15c3a2857cb632a3,0xffffffffffffffffffffffffffffffffffffffff,40.8
PERP,0x2b3fa51e50aac5fd2cb9042f40f72e02050c0003ebade4cfcf0850710fae9fe7,1762836677405,HYPE-USD,Close Long,-10,0xe7ec7fbf4f195fc8e57d814e15c3a2857cb632a3,0xffffffffffffffffffffffffffffffffffffffff,40.8
PERP,0x786c2e833719838179e5042f40f72e02050b0068d21ca2531c34d9d5f61d5d6c,1762836677405,HYPE-USD,Close Long,-165.08,0xe7ec7fbf4f195fc8e57d814e15c3a2857cb632a3,0xffffffffffffffffffffffffffffffffffffffff,40.8
PERP,0x94a3f0458420b21f961d042f40f72e020504002b1f23d0f1386c9b9843248c0a,1762836677405,HYPE-USD,Close Long,-1.29,0xe7ec7fbf4f195fc8e57d814e15c3a2857cb632a3,0xffffffffffffffffffffffffffffffffffffffff,40.8
PERP,0x7fe6ea6537d051d78160042f40f72e0204f7004ad2d370a923af95b7f6d42bc2,1762836677405,HYPE-USD,Close Long,-97.62,0xe7ec7fbf4f195fc8e57d814e15c3a2857cb632a3,0xffffffffffffffffffffffffffffffffffffffff,40.8
PERP,0x83a448563833b902851e042f40f72e0204ed003bd336d7d4276cf3a8f73792ed,1762836677405,HYPE-USD,Close Long,-6.29,0xe7ec7fbf4f195fc8e57d814e15c3a2857cb632a3,0xffffffffffffffffffffffffffffffffffffffff,40.8
PERP,0xd84b8d9d1f6944dcd9c5042f40f72e0204d80082ba6c63ae7c1438efde6d1ec7,1762836677405,HYPE-USD,Close Long,-4.88,0xe7ec7fbf4f195fc8e57d814e15c3a2857cb632a3,0xffffffffffffffffffffffffffffffffffffffff,40.8
PERP,0x8a889b5daa9ab0768c02042f40f72d0202c80043459dcf482e5146b0699e8a61,1762836677341,HYPE-USD,Close Long,-31.53,0xe7ec7fbf4f195fc8e57d814e15c3a2857cb632a3,0xffffffffffffffffffffffffffffffffffffffff,40.8
PERP,0x0c674a562ac4640c0de1042f40f72d0202c3003bc5c782deb02ff5a8e9c83df6,1762836677341,HYPE-USD,Close Long,-44.1,0xe7ec7fbf4f195fc8e57d814e15c3a2857cb632a3,0xffffffffffffffffffffffffffffffffffffffff,40.8
PERP,0xa6c05d1ff7a1df14a83a042f40f72d0202c1000592a4fde64a890872b6a5b8ff,1762836677341,HYPE-USD,Close Long,-85.82,0xe7ec7fbf4f195fc8e57d814e15c3a2857cb632a3,0xffffffffffffffffffffffffffffffffffffffff,40.8
PERP,0x402b7d8263e668e841a5042f40f72c020bea0067fee987bae3f428d522ea42d2,1762836677210,HYPE-USD,Close Long,-144.98,0xe7ec7fbf4f195fc8e57d814e15c3a2857cb632a3,0xffffffffffffffffffffffffffffffffffffffff,40.8
PERP,0xda84904c30c3e3f0dbfe042f40f72c020be80031cbc702c27e4d3b9eefc7bddb,1762836677210,HYPE-USD,Close Long,-43.16,0xe7ec7fbf4f195fc8e57d814e15c3a2857cb632a3,0xffffffffffffffffffffffffffffffffffffffff,40.8
PERP,0x27b119b11732a175292a042f40f72c020be70096b235c047cb79c503d6367b5f,1762836677210,HYPE-USD,Close Long,-13.56,0xe7ec7fbf4f195fc8e57d814e15c3a2857cb632a3,0xffffffffffffffffffffffffffffffffffffffff,40.8
PERP,0x74dda315fda15ef97657042f40f72c020be600fb98a47dcb18a64e68bca538e4,1762836677210,HYPE-USD,Close Long,-13.56,0xe7ec7fbf4f195fc8e57d814e15c3a2857cb632a3,0xffffffffffffffffffffffffffffffffffffffff,40.8
PERP,0xc20a2c7ae4101c7dc383042f40f72c020be500607f133b4f65d2d7cda313f668,1762836677210,HYPE-USD,Close Long,-30.17,0xe7ec7fbf4f195fc8e57d814e15c3a2857cb632a3,0xffffffffffffffffffffffffffffffffffffffff,40.8
PERP,0xa98fc8a9976c550aab09042f40f72c020be2008f326f73dc4d5873fc56602ef5,1762836677210,HYPE-USD,Close Long,-35.6,0xe7ec7fbf4f195fc8e57d814e15c3a2857cb632a3,0xffffffffffffffffffffffffffffffffffffffff,40.8
PERP,0xf6bc520e7ddb128ef836042f40f72c020be100f418de31619a84fd613cdeec79,1762836677210,HYPE-USD,Close Long,-37.22,0xe7ec7fbf4f195fc8e57d814e15c3a2857cb632a3,0xffffffffffffffffffffffffffffffffffffffff,40.8
PERP,0x43e8db736449d0134562042f40f72c020be00058ff4ceee5e7b186c6234da9fd,1762836677210,HYPE-USD,Close Long,-132.79,0xe7ec7fbf4f195fc8e57d814e15c3a2857cb632a3,0xffffffffffffffffffffffffffffffffffffffff,40.8
PERP,0x911564d84ab88d97928f042f40f72c020bdf00bde5bbac6934de102b09bc6782,1762836677210,HYPE-USD,Close Long,-47.45,0xe7ec7fbf4f195fc8e57d814e15c3a2857cb632a3,0xffffffffffffffffffffffffffffffffffffffff,40.8
PERP,0x2b6e77a2179608a02ce8042f40f72c020bdd0087b2992772cf3722f4d699e28a,1762836677210,HYPE-USD,Close Long,-37.23,0xe7ec7fbf4f195fc8e57d814e15c3a2857cb632a3,0xffffffffffffffffffffffffffffffffffffffff,40.8
PERP,0x789b0106fe04c6247a14042f40f72c020bdc00ec9907e4f61c63ac59bd08a00f,1762836677210,HYPE-USD,Close Long,-70.41,0xe7ec7fbf4f195fc8e57d814e15c3a2857cb632a3,0xffffffffffffffffffffffffffffffffffffffff,40.8
PERP,0xc5c78a6be47383a8c741042f40f72c020bdb00517f76a27a699035bea3775d93,1762836677210,HYPE-USD,Close Long,-135.39,0xe7ec7fbf4f195fc8e57d814e15c3a2857cb632a3,0xffffffffffffffffffffffffffffffffffffffff,40.8
PERP,0x12f413d0cae2412d146d042f40f72c020bda00b665e55fffb6bcbf2389e61b17,1762836677210,HYPE-USD,Close Long,-37,0xe7ec7fbf4f195fc8e57d814e15c3a2857cb632a3,0xffffffffffffffffffffffffffffffffffffffff,40.8
PERP,0x60209d35b150feb1619a042f40f72c020bd9001b4c541d8303e948887054d89c,1762836677210,HYPE-USD,Close Long,-92.9,0xe7ec7fbf4f195fc8e57d814e15c3a2857cb632a3,0xffffffffffffffffffffffffffffffffffffffff,40.8
PERP,0xad4d269a97cfbc35aec6042f40f72c020bd8008032c2db075115d1ed56c39620,1762836677210,HYPE-USD,Close Long,-1165.19,0xe7ec7fbf4f195fc8e57d814e15c3a2857cb632a3,0xffffffffffffffffffffffffffffffffffffffff,40.8
PERP,0xfa79afff7e3e79b9fbf3042f40f72c020bd700e51931988c9e425b523d3253a4,1762836677210,HYPE-USD,Close Long,-109.75,0xe7ec7fbf4f195fc8e57d814e15c3a2857cb632a3,0xffffffffffffffffffffffffffffffffffffffff,40.8
PERP,0x47a6396464ad373e491f042f40f72c020bd60049ffa05610eb6ee4b723a11128,1762836677210,HYPE-USD,Close Long,-30.09,0xe7ec7fbf4f195fc8e57d814e15c3a2857cb632a3,0xffffffffffffffffffffffffffffffffffffffff,40.8
PERP,0x94d2c2c94b1bf4c2964c042f40f72c020bd500aee61f1394389b6e1c0a1fcead,1762836677210,HYPE-USD,Close Long,-28.53,0xe7ec7fbf4f195fc8e57d814e15c3a2857cb632a3,0xffffffffffffffffffffffffffffffffffffffff,40.8
PERP,0xe1ff4c2e318ab246e379042f40f72c020bd40013cc8dd11885c7f780f08e8c31,1762836677210,HYPE-USD,Close Long,-40.12,0xe7ec7fbf4f195fc8e57d814e15c3a2857cb632a3,0xffffffffffffffffffffffffffffffffffffffff,40.8
PERP,0x2f2bd59317f96fcb30a5042f40f72c020bd30078b2fc8e9dd2f480e5d6fd49b5,1762836677210,HYPE-USD,Close Long,-86.51,0xe7ec7fbf4f195fc8e57d814e15c3a2857cb632a3,0xffffffffffffffffffffffffffffffffffffffff,40.8
PERP,0x63ddfb26b1b465dc6557042f40f72c020bcf000c4cb784ae07a6a67970b83fc7,1762836677210,HYPE-USD,Close Long,-15.16,0xe7ec7fbf4f195fc8e57d814e15c3a2857cb632a3,0xffffffffffffffffffffffffffffffffffffffff,40.8
PERP,0xb10a848b98232360b284042f40f72c020bce00713326423254d32fde5726fd4b,1762836677210,HYPE-USD,Close Long,-29.5,0xe7ec7fbf4f195fc8e57d814e15c3a2857cb632a3,0xffffffffffffffffffffffffffffffffffffffff,40.8
PERP,0x1c21fd78819d1a3d1d9b042f40f72c020b7d005e1c90390fbfeaa8cb4090f427,1762836677210,HYPE-USD,Close Long,-879.1,0xe7ec7fbf4f195fc8e57d814e15c3a2857cb632a3,0xffffffffffffffffffffffffffffffffffffffff,40.8
PERP,0xeb2d35d5e8358b56eca6042f40f72c020b7700bb8338aa288ef5e128a7396541,1762836677210,HYPE-USD,Close Long,-383.05,0xe7ec7fbf4f195fc8e57d814e15c3a2857cb632a3,0xffffffffffffffffffffffffffffffffffffffff,40.8
PERP,0x9567b5fff1692e5c96e1042f40f72202043400e58c6c4d2e39306152b06d0847,1762836676491,HYPE-USD,Close Long,-0.27,0xe7ec7fbf4f195fc8e57d814e15c3a2857cb632a3,0xffffffffffffffffffffffffffffffffffffffff,40.8
PERP,0xaaaab293689b9525ac24042f40f7200208a90079039eb3f74e735de6279f6f10,1762836676312,HYPE-USD,Close Long,-33381.380000000056,0xe7ec7fbf4f195fc8e57d814e15c3a2857cb632a3,0xffffffffffffffffffffffffffffffffffffffff,40.87424498867325
PERP,0x75f88cffced09f147772042f40f7200208ad00e569d3bde619c138528dd478ff,1762836676312,HYPE-USD,Close Long,-0.27,0xe7ec7fbf4f195fc8e57d814e15c3a2857cb632a3,0xffffffffffffffffffffffffffffffffffffffff,40.8
PERP,0xaf5658829046e99fb0d0042f3dc9b70204a900682b4a0871531f03d54f4ac38a,1762819849479,BTC-USD,Close Long,-9.318740000000002,0xe7ec7fbf4f195fc8e57d814e15c3a2857cb632a3,0xffffffffffffffffffffffffffffffffffffffff,105942.63260376398
PERP,0xc5b62cb3850bb02dc72f042f3dc7ba0202860099200eceff697ed806440f8a18,1762819810485,BTC,order,-287.25475,0xe7ec7fbf4f195fc8e57d814e15c3a2857cb632a3,limit,106000
PERP,0x2c0a56a8fd884eb32d84042f3dc75a02052e008e988b6d85cfd301fbbc8c289d,1762819803123,HYPE,order,-22925,0xe7ec7fbf4f195fc8e57d814e15c3a2857cb632a3,limit,41
PERP,0x338e1adc0c9df56d3507042f3b292502021000c1a791143fd756c62ecb91cf57,1762805878388,XPL,order,-1355844,0xe7ec7fbf4f195fc8e57d814e15c3a2857cb632a3,limit,0.32
PERP,0x12110fb56f0a9b77138a042f2c388602012a009b0a0dba49b5d9bb082e0e7561,1762726585262,BTC,order,287.25476,0xe7ec7fbf4f195fc8e57d814e15c3a2857cb632a3,limit,104700
SEND,0xd405817ee60745a4d57f042f2c11510202e30064810a647677ce2cd1a50b1f8f,1762725767680,USDC,Transfer,-1000000,Perps,spot,1
SEND,0xc32eb8ae04e654a0c4a8042f25764002021600939fe9737266f76400c3ea2e8b,1762690768034,USDC,Transfer,-1000000,Perps,spot,1
PERP,0xf488f3ed645bee4af602042f2445e202067b00d2ff5f0d1d98519f40235fc835,1762684442014,HYPE,order,-34085.41,0xe7ec7fbf4f195fc8e57d814e15c3a2857cb632a3,limit,36.155
PERP,0x1e4ca9b1afc01eab1fc6042f2444800203b400974ac33d7dc21555046ec3f895,1762684414301,HYPE,order,-134307.7,0xe7ec7fbf4f195fc8e57d814e15c3a2857cb632a3,limit,39.3
SEND,0x4e090b6be48d28e14f82042f1ccf4a02016e00517f8047b3f1d1b6bea38102cb,1762644785901,USDC,Transfer,-1500000,Perps,spot,1
PERP,0xc96dd01ec7a93c7ccae7042f19f0b9020305000462ac5b4e6d367b7186ad1667,1762629580631,HYPE,order,-27750.48,0xe7ec7fbf4f195fc8e57d814e15c3a2857cb632a3,limit,40
PERP,0x187057f45aeeb3a219ea042f19ef000202b600d9f5e1d274bc39034719e28d8c,1762629545792,HYPE,order,-41697.19,0xe7ec7fbf4f195fc8e57d814e15c3a2857cb632a3,limit,40.2
PERP,0x58c25f7ee9a9ee7d5a3c042f19ed690206b5006484ad0d4ffc8b0ad1a8adc867,1762629514947,BTC,order,-137.7557,0xe7ec7fbf4f195fc8e57d814e15c3a2857cb632a3,limit,101800
PERP,0xa98f66213e5e5cebab09042f19ec640201110006d9517bbd4d581173fd5236d6,1762629494783,BTC,order,-497.38163,0xe7ec7fbf4f195fc8e57d814e15c3a2857cb632a3,limit,101900
PERP,0x95a8207900d512769721042f19ea6c020351005e9bd831483970cbcbbfd8ec61,1762629455309,HYPE,order,-102479.19,0xe7ec7fbf4f195fc8e57d814e15c3a2857cb632a3,limit,40.3
PERP,0xe33435433148793be4ad042f19e92e0203a60028cc4b980d86fce095f04c5326,1762629431077,HYPE,order,-145836.97,0xe7ec7fbf4f195fc8e57d814e15c3a2857cb632a3,limit,40.5
PERP,0xed7d53be484e7263eef7042f19e86d02041b00a3e34191359145ff1107424c4e,1762629416128,ASTER,order,-2118876,0xe7ec7fbf4f195fc8e57d814e15c3a2857cb632a3,limit,1.03
PERP,0xae5aa6f92d8a2325afd4042f11c93b02050900dec88d41f75223524bec8dfd10,1762586526380,ZEC,order,-1400.35,0xe7ec7fbf4f195fc8e57d814e15c3a2857cb632a3,limit,575
SEND,0xeea4197d3a55da32f01d042f108eaa01f3003162d558f904926cc4cff959b41d,1762580204889,USDC,Transfer,-1642293.84,spot,Perps,1
SEND,0x29d050c6876ae4762b4a042f0ae1fa02045c00ac226e0348cd98fc19466ebe60,1762550822419,USDC,Transfer,-2762438.36,spot,Perps,1
SEND,0x5da0b654fd4a90f85f1a042e77cd870204e9003a984dafca016961a7bc4e6ae3,1761789515969,USDC,Transfer,-1715234.31,spot,Perps,1
SEND,0xe6c0b2227b2e2747e83a042e72f5270204570008162146198a895d753a220132,1761764315963,USDC,Transfer,-2033122.49,spot,Perps,1
SEND,0xe90819d16a80ab85ea81042e59dd4f0201f500b70583ca578cd0c52429848570,1761633946251,USDC,Transfer,-1000000,spot,Perps,1
SEND,0xf6c23ff3584d9212f83b042e59d3d302019d00d8f340b0e59a8aeb4617416bfd,1761633763555,USDC,Transfer,-3000000,Perps,spot,1
SEND,0xac82c4975ac9b43badfc042e584c650201ab007cf5ccd30d504b6fea19cd8e26,1761625878052,USDC,Transfer,-2000000,Perps,spot,1
SEND,0xa07edb4a74fc9566a1f8042e50c30a02024d00300fffb4384447869d33f06f51,1761587122365,USDC,Transfer,-1441801.67,spot,Perps,1
SEND,0xdb790a314d74a1a0dcf2042e49588c02020b0016e877c0727f41b5840c787b8b,1761548553883,USDC,Transfer,-987216.04,spot,Perps,1
SEND,0x2ef58796721c39ed306f042e466efe02012b007c0d1f58bfd2be32e9311013d7,1761533589355,USDC,Transfer,-637651.91,spot,Perps,1
SEND,0xce85e549dfecda8fcfff042e4611a4020352002f7aeff961724e909c9ee0b47a,1761531703777,USDC,Transfer,-1000000,Perps,spot,1
SEND,0x0a99b04fff7c7c550c13042e4394380202cf00359a7f9b27ae625ba2be70563f,1761518764259,USDC,Transfer,-2727258.01,spot,Perps,1
SEND,0x2e4837d9adc1a7992fc1042e34990402010000bf48c4c66bd210e32c6cc58183,1761441809406,USDC,Transfer,-1500000,Perps,spot,1
DEPOSIT,0xb9ec8621ed1933a5ea82dfbb1fddb5b4d1cc5282d3f5bf548c899fa2b685069e,1761441689433,USDC,Deposit,4000000,Arbitrum,0xe7ec7fbf4f195fc8e57d814e15c3a2857cb632a3,1
TRANSFER,0x4d8e38fd16d0fe724f07042e13124b02061600e2b1d41d44f156e44fd5d4d85c,1761267954655,USDC,InternalTransfer,748193.95,SPOT,PERP,1
TRANSFER,0x8816b73cab4f74628990042e12466a02011a0022464293342bdf628f6a434e4d,1761263744469,USDC,InternalTransfer,1000000,PERP,SPOT,1
TRANSFER,0x5012ea628f5e4ad7518c042e061ad002038500482a5169a9f3db95b54e5224c1,1761200315930,USDC,InternalTransfer,3000000,PERP,SPOT,1
TRANSFER,0x83a7b12db4e5667d8521042e02df610205b100134fe8854f27705c8073e94068,1761183747260,USDC,InternalTransfer,4000000.02,SPOT,PERP,1
TRANSFER,0xd42aa64148b6c57ad5a4042e018baf0202f00026e3b9e44c77f3519407ba9f65,1761176974918,USDC,InternalTransfer,4000000,PERP,SPOT,1
TRANSFER,0x2753d91111d7f93228cd042e00047102040800f6acdb1804cb1c8463d0dbd31c,1761169073500,USDC,InternalTransfer,4222815.54,SPOT,PERP,1
TRANSFER,0x4af49ddbd72b34054c6e042df7912f0205ef00c1722e52d7eebd492e962f0def,1761124725787,USDC,InternalTransfer,6000000,PERP,SPOT,1
TRANSFER,0xc26612b8f9986ab4c3df042df24ffe020363009e949b8986662ebe0bb89c449f,1761097311080,USDC,InternalTransfer,779737.58,SPOT,PERP,1
TRANSFER,0xa9a2da546cbda31dab1c042dec1c940201f7003a07b0c1ef4d6b85a72bb17d08,1761064776828,USDC,InternalTransfer,715319.33,SPOT,PERP,1
TRANSFER,0xf5a23b103bf3f6aff71b042de23899020a3200f5d6f71582996ae662faf7d09a,1761013032610,USDC,InternalTransfer,1000000,PERP,SPOT,1
TRANSFER,0x9318ab7e95ce5c899492042de1bda10201af006430c17b5b36e156d154c23674,1761010530501,USDC,InternalTransfer,781442.64,SPOT,PERP,1
DEPOSIT,0x6a2cc84e59f34f3007636bba8ac4650b52232d449a5122fa52ad9ab04910a153,1760848557389,USDC,Deposit,4000000,Arbitrum,0xe7ec7fbf4f195fc8e57d814e15c3a2857cb632a3,1
DEPOSIT,0x8ad210fc0f884f7d8c4b042dbcd1bc0203e400e1aa8b6e4f2e9abc4ece8c2968,1760818038918,HYPE,cStakingTransfer,-1004.598,Spot,Staking,
TRANSFER,0x9dc890a783239d699f42042dbbd91f0202ff008d1e26bc3b41913bfa42277754,1760813013709,USDC,InternalTransfer,500000,PERP,SPOT,1
TRANSFER,0xc1d1b1ae11b2a06cc34b042db033cd01ea00c993acb5bf3e659a5d00d0b67a57,1760752053434,USDC,InternalTransfer,4000000,PERP,SPOT,1
DEPOSIT,0x7f6f0ddfde16045fa746a425ce4ad024653a2fa16816f482515e257f43b35016,1760736468719,USDC,Deposit,10000000,Arbitrum,0xe7ec7fbf4f195fc8e57d814e15c3a2857cb632a3,1
TRANSFER,0x97a432a9a7f3e831991d042dac253b020448008f42f707033b6cddfc66f7c21c,1760730727134,USDC,InternalTransfer,1543515.82,SPOT,PERP,1
TRANSFER,0x6d44bc74afb52c4a6ebe042d9e5a1902014e005a4ab84b1c110d67c76eb90635,1760657577920,USDC,InternalTransfer,2150500.03,SPOT,PERP,1
TRANSFER,0x2bc801e4017152362d41042d8bc08902049a00c99c747108cf90ad36c0752c20,1760558932471,USDC,InternalTransfer,1000000,PERP,SPOT,1
DEPOSIT,0x7370d54c25d60b46e3e028417ba6d2338e45f62f0acde5a877dc0525f2e2eff1,1760558220517,USDC,Deposit,999999.93,Arbitrum,0xe7ec7fbf4f195fc8e57d814e15c3a2857cb632a3,1
TRANSFER,0x80f2e7624272935e826c042d82d143020a080047dd75b23024bb92b501766d49,1760511903798,USDC,InternalTransfer,3000000,PERP,SPOT,1
DEPOSIT,0xcbe2ae49bc1e9997d5bd14f9bf4b103e0ce50461f7f35bd30119abedb33bf242,1760511833101,USDC,Deposit,8999099.54,Arbitrum,0xe7ec7fbf4f195fc8e57d814e15c3a2857cb632a3,1