2025-11-22 14:02:23 | INFO | allcoins_state_tracker | Loaded 1176 addresses from history
2025-11-22 14:02:23 | INFO | allcoins_state_tracker | Created new daily JSON file: twap_snapshots\all_coins_2025-11-22.jsonl
2025-11-22 14:02:23 | INFO | allcoins_state_tracker | ======================================================================
2025-11-22 14:02:23 | INFO | allcoins_state_tracker | All Coins TWAP State Tracker Initialized
2025-11-22 14:02:23 | INFO | allcoins_state_tracker | ======================================================================
2025-11-22 14:04:29 | INFO | allcoins_state_tracker | Loaded 1183 addresses from history
2025-11-22 14:04:29 | INFO | allcoins_state_tracker | ======================================================================
2025-11-22 14:04:29 | INFO | allcoins_state_tracker | All Coins TWAP State Tracker Initialized
2025-11-22 14:04:29 | INFO | allcoins_state_tracker | ======================================================================
2025-11-22 14:06:09 | INFO | allcoins_state_tracker | Loaded 1183 addresses from history
2025-11-22 14:06:09 | INFO | allcoins_state_tracker | ======================================================================
2025-11-22 14:06:09 | INFO | allcoins_state_tracker | All Coins TWAP State Tracker Initialized
2025-11-22 14:06:09 | INFO | allcoins_state_tracker | ======================================================================
2025-11-22 14:08:45 | INFO | allcoins_state_tracker | Loaded 1183 addresses from history
2025-11-22 14:08:45 | INFO | allcoins_state_tracker | ======================================================================
2025-11-22 14:08:45 | INFO | allcoins_state_tracker | All Coins TWAP State Tracker Initialized
2025-11-22 14:08:45 | INFO | allcoins_state_tracker | ======================================================================
2025-11-22 15:36:59 | INFO | allcoins_state_tracker | Loaded 1183 addresses from history
2025-11-22 15:36:59 | INFO | allcoins_state_tracker | ======================================================================
2025-11-22 15:36:59 | INFO | allcoins_state_tracker | All Coins TWAP State Tracker Initialized
2025-11-22 15:36:59 | INFO | allcoins_state_tracker | ======================================================================
2025-11-22 15:39:53 | INFO | allcoins_state_tracker | 
======================================================================
2025-11-22 15:39:53 | INFO | allcoins_state_tracker | ALL COINS UPDATE #1
2025-11-22 15:39:53 | INFO | allcoins_state_tracker | Timestamp: 2025-11-22 15:39:53
2025-11-22 15:39:53 | INFO | allcoins_state_tracker | ======================================================================
2025-11-22 15:39:53 | INFO | allcoins_state_tracker | 
──────────────────────────────────────────────────────────────────────
2025-11-22 15:39:53 | INFO | allcoins_state_tracker | 💰 HYPE
2025-11-22 15:39:53 | INFO | allcoins_state_tracker | ──────────────────────────────────────────────────────────────────────
2025-11-22 15:39:53 | INFO | allcoins_state_tracker | Orders: 18 total | Active: 11 (3 SPOT, 15 PERP)
2025-11-22 15:39:53 | INFO | allcoins_state_tracker |   💵 SPOT - 3 Active:
2025-11-22 15:39:53 | INFO | allcoins_state_tracker |     🔴 0x36f336c0b29ff5acc3a4558bb8486b25b41b8033 | SELL |     20,424 |  24.0h
2025-11-22 15:39:53 | INFO | allcoins_state_tracker |     🔴 0xb0026ca48937bd18c5941c05decab68b0fcced8a | SELL |      9,265 |  12.5h
2025-11-22 15:39:53 | INFO | allcoins_state_tracker |     🟢 0x0b99fdbab5fbbad557b602ca8a849830f51822cd | BUY  |        447 |  12.5h
2025-11-22 15:39:53 | INFO | allcoins_state_tracker |   ⚡ PERP - 8 Active:
2025-11-22 15:39:53 | INFO | allcoins_state_tracker |     🔴 0xac487c027ffe32021bbba77e30786f8c8f353201 | SELL |     30,000 |  24.0h
2025-11-22 15:39:53 | INFO | allcoins_state_tracker |     🔴 0xac487c027ffe32021bbba77e30786f8c8f353201 | SELL |     20,000 |  24.0h
2025-11-22 15:39:53 | INFO | allcoins_state_tracker |     🟢 0xe6fcc492fb5ea091bdbe2e1a9f163e5039f144bc | BUY  |      3,560 |  24.0h
2025-11-22 15:39:53 | INFO | allcoins_state_tracker |     🟢 0xd01d1679643f48654e6f532c4326be2d034573e7 | BUY  |      2,000 |   4.0h
2025-11-22 15:39:53 | INFO | allcoins_state_tracker |     🟢 0x0bf875556ac5f369415c18b22b1ec1e3a35a76ac | BUY  |      1,566 |  22.2h
2025-11-22 15:39:53 | INFO | allcoins_state_tracker |     🟢 0xe799f6e2414c60340ebd1e1613f7a9b1857d2af3 | BUY  |      1,000 |  24.0h
2025-11-22 15:39:53 | INFO | allcoins_state_tracker |     🟢 0xe6fcc492fb5ea091bdbe2e1a9f163e5039f144bc | BUY  |        977 |  24.0h
2025-11-22 15:39:53 | INFO | allcoins_state_tracker |     🟢 0xe99d7d7f6a3664e19dfb14872d8c81813e15ab33 | BUY  |        500 |   6.5h
2025-11-22 15:39:53 | INFO | allcoins_state_tracker |   🆕 [HYPE] New orders: 18
2025-11-22 15:39:53 | INFO | allcoins_state_tracker |     NEW: 0xac487c027ffe32021bbba77e30786f8c8f353201 SELL     20,000 PERP 24.0h
2025-11-22 15:39:53 | INFO | allcoins_state_tracker |     NEW: 0xac487c027ffe32021bbba77e30786f8c8f353201 SELL     30,000 PERP 24.0h
2025-11-22 15:39:53 | INFO | allcoins_state_tracker |     NEW: 0xe6fcc492fb5ea091bdbe2e1a9f163e5039f144bc BUY       3,560 PERP 24.0h
2025-11-22 15:39:53 | INFO | allcoins_state_tracker |     NEW: 0xe6fcc492fb5ea091bdbe2e1a9f163e5039f144bc BUY         977 PERP 24.0h
2025-11-22 15:39:53 | INFO | allcoins_state_tracker |     NEW: 0xe99d7d7f6a3664e19dfb14872d8c81813e15ab33 SELL      1,861 PERP 24.0h
2025-11-22 15:39:53 | INFO | allcoins_state_tracker |     NEW: 0xe799f6e2414c60340ebd1e1613f7a9b1857d2af3 BUY       1,000 PERP 24.0h
2025-11-22 15:39:53 | INFO | allcoins_state_tracker |     NEW: 0xedef301f13c37e789d00c3393df6b5e2ae7c0635 BUY         226 PERP 12.8h
2025-11-22 15:39:53 | INFO | allcoins_state_tracker |     NEW: 0x0b99fdbab5fbbad557b602ca8a849830f51822cd BUY         447 SPOT 12.5h
2025-11-22 15:39:53 | INFO | allcoins_state_tracker |     NEW: 0xedef301f13c37e789d00c3393df6b5e2ae7c0635 BUY         275 PERP 12.0h
2025-11-22 15:39:53 | INFO | allcoins_state_tracker |     NEW: 0xedef301f13c37e789d00c3393df6b5e2ae7c0635 BUY         220 PERP 12.0h
2025-11-22 15:39:53 | INFO | allcoins_state_tracker |     NEW: 0x36f336c0b29ff5acc3a4558bb8486b25b41b8033 SELL     20,424 SPOT 24.0h
2025-11-22 15:39:53 | INFO | allcoins_state_tracker |     NEW: 0xedef301f13c37e789d00c3393df6b5e2ae7c0635 BUY         371 PERP 20.3h
2025-11-22 15:39:53 | INFO | allcoins_state_tracker |     NEW: 0xedef301f13c37e789d00c3393df6b5e2ae7c0635 BUY         273 PERP 15.0h
2025-11-22 15:39:53 | INFO | allcoins_state_tracker |     NEW: 0xedef301f13c37e789d00c3393df6b5e2ae7c0635 BUY         273 PERP 7.0h
2025-11-22 15:39:53 | INFO | allcoins_state_tracker |     NEW: 0xb0026ca48937bd18c5941c05decab68b0fcced8a SELL      9,265 SPOT 12.5h
2025-11-22 15:39:53 | INFO | allcoins_state_tracker |     NEW: 0x0bf875556ac5f369415c18b22b1ec1e3a35a76ac BUY       1,566 PERP 22.2h
2025-11-22 15:39:53 | INFO | allcoins_state_tracker |     NEW: 0xe99d7d7f6a3664e19dfb14872d8c81813e15ab33 BUY         500 PERP 6.5h
2025-11-22 15:39:53 | INFO | allcoins_state_tracker |     NEW: 0xd01d1679643f48654e6f532c4326be2d034573e7 BUY       2,000 PERP 4.0h
2025-11-22 15:39:53 | INFO | allcoins_state_tracker | 
──────────────────────────────────────────────────────────────────────
2025-11-22 15:39:53 | INFO | allcoins_state_tracker | 💰 UBTC
2025-11-22 15:39:53 | INFO | allcoins_state_tracker | ──────────────────────────────────────────────────────────────────────
2025-11-22 15:39:53 | INFO | allcoins_state_tracker | Orders: 3 total | Active: 2 (3 SPOT, 0 PERP)
2025-11-22 15:39:53 | INFO | allcoins_state_tracker |   💵 SPOT - 2 Active:
2025-11-22 15:39:53 | INFO | allcoins_state_tracker |     🟢 0xfffa6fc6acc3dbe04b175862376f1c5ff88cf9c1 | BUY  |          5 |  24.0h
2025-11-22 15:39:53 | INFO | allcoins_state_tracker |     🔴 0x101ded8dec510217a437d4def7d8f4df59fddb6b | SELL |          1 |  24.0h
2025-11-22 15:39:53 | INFO | allcoins_state_tracker |   🆕 [UBTC] New orders: 3
2025-11-22 15:39:53 | INFO | allcoins_state_tracker |     NEW: 0xfffa6fc6acc3dbe04b175862376f1c5ff88cf9c1 BUY           5 SPOT 24.0h
2025-11-22 15:39:53 | INFO | allcoins_state_tracker |     NEW: 0x101ded8dec510217a437d4def7d8f4df59fddb6b SELL          1 SPOT 24.0h
2025-11-22 15:39:53 | INFO | allcoins_state_tracker |     NEW: 0xb6bcf7c699be3bad2729cb90c6e19f1589efd84c BUY           1 SPOT 24.0h
2025-11-22 15:39:53 | INFO | allcoins_state_tracker | 
──────────────────────────────────────────────────────────────────────
2025-11-22 15:39:53 | INFO | allcoins_state_tracker | 💰 BTC
2025-11-22 15:39:53 | INFO | allcoins_state_tracker | ──────────────────────────────────────────────────────────────────────
2025-11-22 15:39:53 | INFO | allcoins_state_tracker | Orders: 10 total | Active: 5 (0 SPOT, 10 PERP)
2025-11-22 15:39:53 | INFO | allcoins_state_tracker |   ⚡ PERP - 5 Active:
2025-11-22 15:39:53 | INFO | allcoins_state_tracker |     🟢 0xf967239debef10dbc78e9bbbb2d8a16b72a614eb | BUY  |          5 |   1.0h
2025-11-22 15:39:53 | INFO | allcoins_state_tracker |     🟢 0x0cda4a69e90d3930cba86d1ca37fa066713e6ce5 | BUY  |          3 |  20.5h
2025-11-22 15:39:53 | INFO | allcoins_state_tracker |     🟢 0x9b710c8ae66232b4c28a069ebfc1fa2cbcaec273 | BUY  |          1 |   8.0h
2025-11-22 15:39:53 | INFO | allcoins_state_tracker |     🔴 0xe6fcc492fb5ea091bdbe2e1a9f163e5039f144bc | SELL |          0 |  24.0h
2025-11-22 15:39:53 | INFO | allcoins_state_tracker |     🟢 0x47930c76790c865217472f2ddb4d14c640ee450a | BUY  |          0 |  21.0h
2025-11-22 15:39:53 | INFO | allcoins_state_tracker |   🆕 [BTC] New orders: 10
2025-11-22 15:39:53 | INFO | allcoins_state_tracker |     NEW: 0xe6fcc492fb5ea091bdbe2e1a9f163e5039f144bc SELL          0 PERP 24.0h
2025-11-22 15:39:53 | INFO | allcoins_state_tracker |     NEW: 0xae78adaba70f18c15418001263504af373884520 BUY          17 PERP 24.0h
2025-11-22 15:39:53 | INFO | allcoins_state_tracker |     NEW: 0xedef301f13c37e789d00c3393df6b5e2ae7c0635 BUY           1 PERP 24.0h
2025-11-22 15:39:53 | INFO | allcoins_state_tracker |     NEW: 0x0cda4a69e90d3930cba86d1ca37fa066713e6ce5 BUY           3 PERP 20.5h
2025-11-22 15:39:53 | INFO | allcoins_state_tracker |     NEW: 0x47930c76790c865217472f2ddb4d14c640ee450a BUY           0 PERP 21.0h
2025-11-22 15:39:53 | INFO | allcoins_state_tracker |     NEW: 0x549de4f045f71d962fff89e8c023b52b9db89c2c BUY           2 PERP 22.5h
2025-11-22 15:39:53 | INFO | allcoins_state_tracker |     NEW: 0x549de4f045f71d962fff89e8c023b52b9db89c2c BUY           2 PERP 22.5h
2025-11-22 15:39:53 | INFO | allcoins_state_tracker |     NEW: 0x549de4f045f71d962fff89e8c023b52b9db89c2c BUY           2 PERP 22.5h
2025-11-22 15:39:53 | INFO | allcoins_state_tracker |     NEW: 0x9b710c8ae66232b4c28a069ebfc1fa2cbcaec273 BUY           1 PERP 8.0h
2025-11-22 15:39:53 | INFO | allcoins_state_tracker |     NEW: 0xf967239debef10dbc78e9bbbb2d8a16b72a614eb BUY           5 PERP 1.0h
2025-11-22 15:39:53 | INFO | allcoins_state_tracker | 
──────────────────────────────────────────────────────────────────────
2025-11-22 15:39:53 | INFO | allcoins_state_tracker | 💰 SOL
2025-11-22 15:39:53 | INFO | allcoins_state_tracker | ──────────────────────────────────────────────────────────────────────
2025-11-22 15:39:53 | INFO | allcoins_state_tracker | Orders: 9 total | Active: 1 (0 SPOT, 9 PERP)
2025-11-22 15:39:53 | INFO | allcoins_state_tracker |   ⚡ PERP - 1 Active:
2025-11-22 15:39:53 | INFO | allcoins_state_tracker |     🔴 0xe6fcc492fb5ea091bdbe2e1a9f163e5039f144bc | SELL |        231 |  24.0h
2025-11-22 15:39:53 | INFO | allcoins_state_tracker |   🆕 [SOL] New orders: 9
2025-11-22 15:39:53 | INFO | allcoins_state_tracker |     NEW: 0xe6fcc492fb5ea091bdbe2e1a9f163e5039f144bc SELL        231 PERP 24.0h
2025-11-22 15:39:53 | INFO | allcoins_state_tracker |     NEW: 0x549de4f045f71d962fff89e8c023b52b9db89c2c BUY       1,018 PERP 22.5h
2025-11-22 15:39:53 | INFO | allcoins_state_tracker |     NEW: 0x549de4f045f71d962fff89e8c023b52b9db89c2c BUY       1,028 PERP 23.5h
2025-11-22 15:39:53 | INFO | allcoins_state_tracker |     NEW: 0x8e32209749102c44a847c5cbb7b4706ae8baafbd BUY          32 PERP 3.0h
2025-11-22 15:39:53 | INFO | allcoins_state_tracker |     NEW: 0x8e32209749102c44a847c5cbb7b4706ae8baafbd BUY          32 PERP 3.0h
2025-11-22 15:39:53 | INFO | allcoins_state_tracker |     NEW: 0x8e32209749102c44a847c5cbb7b4706ae8baafbd BUY          32 PERP 3.0h
2025-11-22 15:39:53 | INFO | allcoins_state_tracker |     NEW: 0x8e32209749102c44a847c5cbb7b4706ae8baafbd BUY          32 PERP 3.0h
2025-11-22 15:39:53 | INFO | allcoins_state_tracker |     NEW: 0x8e32209749102c44a847c5cbb7b4706ae8baafbd BUY          32 PERP 3.0h
2025-11-22 15:39:53 | INFO | allcoins_state_tracker |     NEW: 0x8e32209749102c44a847c5cbb7b4706ae8baafbd BUY          32 PERP 3.0h
2025-11-22 15:39:53 | INFO | allcoins_state_tracker | 
──────────────────────────────────────────────────────────────────────
2025-11-22 15:39:53 | INFO | allcoins_state_tracker | 💰 XRP
2025-11-22 15:39:53 | INFO | allcoins_state_tracker | ──────────────────────────────────────────────────────────────────────
2025-11-22 15:39:53 | INFO | allcoins_state_tracker | Orders: 1 total | Active: 1 (0 SPOT, 1 PERP)
2025-11-22 15:39:53 | INFO | allcoins_state_tracker |   ⚡ PERP - 1 Active:
2025-11-22 15:39:53 | INFO | allcoins_state_tracker |     🔴 0xe6fcc492fb5ea091bdbe2e1a9f163e5039f144bc | SELL |     15,077 |  24.0h
2025-11-22 15:39:53 | INFO | allcoins_state_tracker |   🆕 [XRP] New orders: 1
2025-11-22 15:39:53 | INFO | allcoins_state_tracker |     NEW: 0xe6fcc492fb5ea091bdbe2e1a9f163e5039f144bc SELL     15,077 PERP 24.0h
2025-11-22 15:39:53 | INFO | allcoins_state_tracker | 
──────────────────────────────────────────────────────────────────────
2025-11-22 15:39:53 | INFO | allcoins_state_tracker | 💰 ZEC
2025-11-22 15:39:53 | INFO | allcoins_state_tracker | ──────────────────────────────────────────────────────────────────────
2025-11-22 15:39:53 | INFO | allcoins_state_tracker | Orders: 9 total | Active: 4 (0 SPOT, 9 PERP)
2025-11-22 15:39:53 | INFO | allcoins_state_tracker |   ⚡ PERP - 4 Active:
2025-11-22 15:39:53 | INFO | allcoins_state_tracker |     🟢 0x0a11acdd1ffbdb8adfc34a84f1836f360e6f3cce | BUY  |        284 |   4.5h
2025-11-22 15:39:53 | INFO | allcoins_state_tracker |     🔴 0xb676a78f19227ffe9a97db93263fce675e547dbf | SELL |        125 |  22.5h
2025-11-22 15:39:53 | INFO | allcoins_state_tracker |     🔴 0x8d4daba34c92e581f928fca40e018382f7a0282a | SELL |         53 |   0.5h
2025-11-22 15:39:53 | INFO | allcoins_state_tracker |     🟢 0x3b52fc863f776f29d26e292f2eb45523e4ad1487 | BUY  |         53 |   7.1h
2025-11-22 15:39:53 | INFO | allcoins_state_tracker |   🆕 [ZEC] New orders: 9
2025-11-22 15:39:53 | INFO | allcoins_state_tracker |     NEW: 0xb676a78f19227ffe9a97db93263fce675e547dbf SELL        125 PERP 22.5h
2025-11-22 15:39:53 | INFO | allcoins_state_tracker |     NEW: 0x0a11acdd1ffbdb8adfc34a84f1836f360e6f3cce BUY         147 PERP 3.5h
2025-11-22 15:39:53 | INFO | allcoins_state_tracker |     NEW: 0x3b52fc863f776f29d26e292f2eb45523e4ad1487 BUY          33 PERP 11.1h
2025-11-22 15:39:53 | INFO | allcoins_state_tracker |     NEW: 0x00db94c517bcf8168c73a04c1c45b5d10c8b5de6 BUY         143 PERP 0.5h
2025-11-22 15:39:53 | INFO | allcoins_state_tracker |     NEW: 0x0a11acdd1ffbdb8adfc34a84f1836f360e6f3cce BUY         292 PERP 1.0h
2025-11-22 15:39:53 | INFO | allcoins_state_tracker |     NEW: 0x0a11acdd1ffbdb8adfc34a84f1836f360e6f3cce BUY         284 PERP 1.5h
2025-11-22 15:39:53 | INFO | allcoins_state_tracker |     NEW: 0x3b52fc863f776f29d26e292f2eb45523e4ad1487 BUY          53 PERP 7.1h
2025-11-22 15:39:53 | INFO | allcoins_state_tracker |     NEW: 0x8d4daba34c92e581f928fca40e018382f7a0282a SELL         53 PERP 0.5h
2025-11-22 15:39:53 | INFO | allcoins_state_tracker |     NEW: 0x0a11acdd1ffbdb8adfc34a84f1836f360e6f3cce BUY         284 PERP 4.5h
2025-11-22 15:39:53 | INFO | allcoins_state_tracker | 
──────────────────────────────────────────────────────────────────────
2025-11-22 15:39:53 | INFO | allcoins_state_tracker | 💰 ETH
2025-11-22 15:39:53 | INFO | allcoins_state_tracker | ──────────────────────────────────────────────────────────────────────
2025-11-22 15:39:53 | INFO | allcoins_state_tracker | Orders: 4 total | Active: 3 (0 SPOT, 4 PERP)
2025-11-22 15:39:53 | INFO | allcoins_state_tracker |   ⚡ PERP - 3 Active:
2025-11-22 15:39:53 | INFO | allcoins_state_tracker |     🟢 0x072177e3d373031b7a0957e7bde1a9ea96f819ab | BUY  |         23 |   3.5h
2025-11-22 15:39:53 | INFO | allcoins_state_tracker |     🟢 0x072177e3d373031b7a0957e7bde1a9ea96f819ab | BUY  |         11 |   0.5h
2025-11-22 15:39:53 | INFO | allcoins_state_tracker |     🟢 0x47930c76790c865217472f2ddb4d14c640ee450a | BUY  |          9 |  20.5h
2025-11-22 15:39:53 | INFO | allcoins_state_tracker |   🆕 [ETH] New orders: 4
2025-11-22 15:39:53 | INFO | allcoins_state_tracker |     NEW: 0x47930c76790c865217472f2ddb4d14c640ee450a BUY           9 PERP 20.5h
2025-11-22 15:39:53 | INFO | allcoins_state_tracker |     NEW: 0x999907bfff987ac5e310aac051975f0740d9e4cd BUY           2 PERP 4.5h
2025-11-22 15:39:53 | INFO | allcoins_state_tracker |     NEW: 0x072177e3d373031b7a0957e7bde1a9ea96f819ab BUY          23 PERP 3.5h
2025-11-22 15:39:53 | INFO | allcoins_state_tracker |     NEW: 0x072177e3d373031b7a0957e7bde1a9ea96f819ab BUY          11 PERP 0.5h
2025-11-22 15:39:53 | INFO | allcoins_state_tracker | 
──────────────────────────────────────────────────────────────────────
2025-11-22 15:39:53 | INFO | allcoins_state_tracker | 💰 ASTER
2025-11-22 15:39:53 | INFO | allcoins_state_tracker | ──────────────────────────────────────────────────────────────────────
2025-11-22 15:39:53 | INFO | allcoins_state_tracker | Orders: 3 total | Active: 3 (0 SPOT, 3 PERP)
2025-11-22 15:39:53 | INFO | allcoins_state_tracker |   ⚡ PERP - 3 Active:
2025-11-22 15:39:53 | INFO | allcoins_state_tracker |     🟢 0xc7f94fb3b3ba614b9b2bf80697ab5a31917005a2 | BUY  |    316,000 |  12.0h
2025-11-22 15:39:53 | INFO | allcoins_state_tracker |     🔴 0x3bcae23e8c380dab4732e9a159c0456f12d866f3 | SELL |    150,000 |   0.5h
2025-11-22 15:39:53 | INFO | allcoins_state_tracker |     🟢 0x44b398bf3305ce9faddda0c812e931cf4ad17ec6 | BUY  |     24,966 |  24.0h
2025-11-22 15:39:53 | INFO | allcoins_state_tracker |   🆕 [ASTER] New orders: 3
2025-11-22 15:39:53 | INFO | allcoins_state_tracker |     NEW: 0x44b398bf3305ce9faddda0c812e931cf4ad17ec6 BUY      24,966 PERP 24.0h
2025-11-22 15:39:53 | INFO | allcoins_state_tracker |     NEW: 0xc7f94fb3b3ba614b9b2bf80697ab5a31917005a2 BUY     316,000 PERP 12.0h
2025-11-22 15:39:53 | INFO | allcoins_state_tracker |     NEW: 0x3bcae23e8c380dab4732e9a159c0456f12d866f3 SELL    150,000 PERP 0.5h
2025-11-22 15:39:53 | INFO | allcoins_state_tracker | 
──────────────────────────────────────────────────────────────────────
2025-11-22 15:39:53 | INFO | allcoins_state_tracker | 💰 MNT
2025-11-22 15:39:53 | INFO | allcoins_state_tracker | ──────────────────────────────────────────────────────────────────────
2025-11-22 15:39:53 | INFO | allcoins_state_tracker | Orders: 2 total | Active: 0 (0 SPOT, 2 PERP)
2025-11-22 15:39:53 | INFO | allcoins_state_tracker |   🆕 [MNT] New orders: 2
2025-11-22 15:39:53 | INFO | allcoins_state_tracker |     NEW: 0x549de4f045f71d962fff89e8c023b52b9db89c2c BUY      40,531 PERP 22.5h
2025-11-22 15:39:53 | INFO | allcoins_state_tracker |     NEW: 0x549de4f045f71d962fff89e8c023b52b9db89c2c BUY      39,298 PERP 22.5h
2025-11-22 15:39:53 | INFO | allcoins_state_tracker | 
──────────────────────────────────────────────────────────────────────
2025-11-22 15:39:53 | INFO | allcoins_state_tracker | 💰 AVAX
2025-11-22 15:39:53 | INFO | allcoins_state_tracker | ──────────────────────────────────────────────────────────────────────
2025-11-22 15:39:53 | INFO | allcoins_state_tracker | Orders: 1 total | Active: 1 (0 SPOT, 1 PERP)
2025-11-22 15:39:53 | INFO | allcoins_state_tracker |   ⚡ PERP - 1 Active:
2025-11-22 15:39:53 | INFO | allcoins_state_tracker |     🔴 0x6e28520e5e4c821f55086805bfe8354d1b6df5f5 | SELL |      1,888 |  12.5h
2025-11-22 15:39:53 | INFO | allcoins_state_tracker |   🆕 [AVAX] New orders: 1
2025-11-22 15:39:53 | INFO | allcoins_state_tracker |     NEW: 0x6e28520e5e4c821f55086805bfe8354d1b6df5f5 SELL      1,888 PERP 12.5h
2025-11-22 15:39:53 | INFO | allcoins_state_tracker | 
──────────────────────────────────────────────────────────────────────
2025-11-22 15:39:53 | INFO | allcoins_state_tracker | 💰 BCH
2025-11-22 15:39:53 | INFO | allcoins_state_tracker | ──────────────────────────────────────────────────────────────────────
2025-11-22 15:39:53 | INFO | allcoins_state_tracker | Orders: 1 total | Active: 0 (0 SPOT, 1 PERP)
2025-11-22 15:39:53 | INFO | allcoins_state_tracker |   🆕 [BCH] New orders: 1
2025-11-22 15:39:53 | INFO | allcoins_state_tracker |     NEW: 0x999907bfff987ac5e310aac051975f0740d9e4cd BUY          19 PERP 8.0h
2025-11-22 15:39:53 | INFO | allcoins_state_tracker | 
──────────────────────────────────────────────────────────────────────
2025-11-22 15:39:53 | INFO | allcoins_state_tracker | 💰 ENA
2025-11-22 15:39:53 | INFO | allcoins_state_tracker | ──────────────────────────────────────────────────────────────────────
2025-11-22 15:39:53 | INFO | allcoins_state_tracker | Orders: 1 total | Active: 1 (0 SPOT, 1 PERP)
2025-11-22 15:39:53 | INFO | allcoins_state_tracker |   ⚡ PERP - 1 Active:
2025-11-22 15:39:53 | INFO | allcoins_state_tracker |     🟢 0x8e2e546506c1f97220aa9c557af7cc0fff9896e2 | BUY  |     40,000 |   5.5h
2025-11-22 15:39:53 | INFO | allcoins_state_tracker |   🆕 [ENA] New orders: 1
2025-11-22 15:39:53 | INFO | allcoins_state_tracker |     NEW: 0x8e2e546506c1f97220aa9c557af7cc0fff9896e2 BUY      40,000 PERP 5.5h
2025-11-22 15:39:53 | INFO | allcoins_state_tracker | 
──────────────────────────────────────────────────────────────────────
2025-11-22 15:39:53 | INFO | allcoins_state_tracker | 💰 xyz:NVDA
2025-11-22 15:39:53 | INFO | allcoins_state_tracker | ──────────────────────────────────────────────────────────────────────
2025-11-22 15:39:53 | INFO | allcoins_state_tracker | Orders: 1 total | Active: 0 (1 SPOT, 0 PERP)
2025-11-22 15:39:53 | INFO | allcoins_state_tracker |   🆕 [xyz:NVDA] New orders: 1
2025-11-22 15:39:53 | INFO | allcoins_state_tracker |     NEW: 0x7feba916f89777637de8a6929f2fec557c99e001 BUY         258 SPOT 5.5h
2025-11-22 15:39:53 | INFO | allcoins_state_tracker | 
──────────────────────────────────────────────────────────────────────
2025-11-22 15:39:53 | INFO | allcoins_state_tracker | 💰 UPUMP
2025-11-22 15:39:53 | INFO | allcoins_state_tracker | ──────────────────────────────────────────────────────────────────────
2025-11-22 15:39:53 | INFO | allcoins_state_tracker | Orders: 1 total | Active: 0 (1 SPOT, 0 PERP)
2025-11-22 15:39:53 | INFO | allcoins_state_tracker |   🆕 [UPUMP] New orders: 1
2025-11-22 15:39:53 | INFO | allcoins_state_tracker |     NEW: 0xa23190045c4aebeb724844ce622465475e539bae BUY  566,979,135 SPOT 6.0h
2025-11-22 15:39:53 | INFO | allcoins_state_tracker | 
──────────────────────────────────────────────────────────────────────
2025-11-22 15:39:53 | INFO | allcoins_state_tracker | 💰 PUMP
2025-11-22 15:39:53 | INFO | allcoins_state_tracker | ──────────────────────────────────────────────────────────────────────
2025-11-22 15:39:53 | INFO | allcoins_state_tracker | Orders: 2 total | Active: 1 (0 SPOT, 2 PERP)
2025-11-22 15:39:53 | INFO | allcoins_state_tracker |   ⚡ PERP - 1 Active:
2025-11-22 15:39:53 | INFO | allcoins_state_tracker |     🟢 0x202325f2487b1143f3c001d94585b1d8e9aa60d2 | BUY  |    468,534 |   0.5h
2025-11-22 15:39:53 | INFO | allcoins_state_tracker |   🆕 [PUMP] New orders: 2
2025-11-22 15:39:53 | INFO | allcoins_state_tracker |     NEW: 0xa23190045c4aebeb724844ce622465475e539bae SELL 565,376,352 PERP 16.0h
2025-11-22 15:39:53 | INFO | allcoins_state_tracker |     NEW: 0x202325f2487b1143f3c001d94585b1d8e9aa60d2 BUY     468,534 PERP 0.5h
2025-11-22 15:39:53 | INFO | allcoins_state_tracker | 
──────────────────────────────────────────────────────────────────────
2025-11-22 15:39:53 | INFO | allcoins_state_tracker | 💰 FARTCOIN
2025-11-22 15:39:53 | INFO | allcoins_state_tracker | ──────────────────────────────────────────────────────────────────────
2025-11-22 15:39:53 | INFO | allcoins_state_tracker | Orders: 1 total | Active: 1 (0 SPOT, 1 PERP)
2025-11-22 15:39:53 | INFO | allcoins_state_tracker |   ⚡ PERP - 1 Active:
2025-11-22 15:39:53 | INFO | allcoins_state_tracker |     🟢 0x4faf9534f8f029d03561d245b3b442b1c2e14ee2 | BUY  |     53,894 |   1.5h
2025-11-22 15:39:53 | INFO | allcoins_state_tracker |   🆕 [FARTCOIN] New orders: 1
2025-11-22 15:39:53 | INFO | allcoins_state_tracker |     NEW: 0x4faf9534f8f029d03561d245b3b442b1c2e14ee2 BUY      53,894 PERP 1.5h
2025-11-22 15:39:53 | INFO | allcoins_state_tracker | ======================================================================
2025-11-22 15:39:53 | INFO | allcoins_state_tracker | 📊 GLOBAL SUMMARY
2025-11-22 15:39:53 | INFO | allcoins_state_tracker | Coins with active orders: 12
2025-11-22 15:39:53 | INFO | allcoins_state_tracker | Total orders tracked: 62 (34 active)
2025-11-22 15:39:53 | INFO | allcoins_state_tracker | Total addresses seen: 1196
2025-11-22 15:39:53 | INFO | allcoins_state_tracker | Active coins: ASTER, AVAX, BTC, ENA, ETH, FARTCOIN, HYPE, PUMP, SOL, UBTC, XRP, ZEC
2025-11-22 15:39:53 | INFO | allcoins_state_tracker | ======================================================================
2025-11-22 15:42:52 | INFO | allcoins_state_tracker | 
======================================================================
2025-11-22 15:42:52 | INFO | allcoins_state_tracker | ALL COINS UPDATE #2
2025-11-22 15:42:52 | INFO | allcoins_state_tracker | Timestamp: 2025-11-22 15:42:52
2025-11-22 15:42:52 | INFO | allcoins_state_tracker | ======================================================================
2025-11-22 15:42:52 | INFO | allcoins_state_tracker | 
──────────────────────────────────────────────────────────────────────
2025-11-22 15:42:52 | INFO | allcoins_state_tracker | 💰 HYPE
2025-11-22 15:42:52 | INFO | allcoins_state_tracker | ──────────────────────────────────────────────────────────────────────
2025-11-22 15:42:52 | INFO | allcoins_state_tracker | Orders: 19 total | Active: 12 (4 SPOT, 15 PERP)
2025-11-22 15:42:52 | INFO | allcoins_state_tracker |   💵 SPOT - 4 Active:
2025-11-22 15:42:52 | INFO | allcoins_state_tracker |     🔴 0x36f336c0b29ff5acc3a4558bb8486b25b41b8033 | SELL |     20,424 |  24.0h
2025-11-22 15:42:52 | INFO | allcoins_state_tracker |     🔴 0xb0026ca48937bd18c5941c05decab68b0fcced8a | SELL |      9,265 |  12.5h
2025-11-22 15:42:52 | INFO | allcoins_state_tracker |     🟢 0x0b99fdbab5fbbad557b602ca8a849830f51822cd | BUY  |        447 |  12.5h
2025-11-22 15:42:52 | INFO | allcoins_state_tracker |     🔴 0x7806eeb0cdfb52dbe14ed12359526eea55612cf3 | SELL |        255 |   2.5h
2025-11-22 15:42:52 | INFO | allcoins_state_tracker |   ⚡ PERP - 8 Active:
2025-11-22 15:42:52 | INFO | allcoins_state_tracker |     🔴 0xac487c027ffe32021bbba77e30786f8c8f353201 | SELL |     30,000 |  24.0h
2025-11-22 15:42:52 | INFO | allcoins_state_tracker |     🔴 0xac487c027ffe32021bbba77e30786f8c8f353201 | SELL |     20,000 |  24.0h
2025-11-22 15:42:52 | INFO | allcoins_state_tracker |     🟢 0xe6fcc492fb5ea091bdbe2e1a9f163e5039f144bc | BUY  |      3,560 |  24.0h
2025-11-22 15:42:52 | INFO | allcoins_state_tracker |     🟢 0xd01d1679643f48654e6f532c4326be2d034573e7 | BUY  |      2,000 |   4.0h
2025-11-22 15:42:52 | INFO | allcoins_state_tracker |     🟢 0x0bf875556ac5f369415c18b22b1ec1e3a35a76ac | BUY  |      1,566 |  22.2h
2025-11-22 15:42:52 | INFO | allcoins_state_tracker |     🟢 0xe799f6e2414c60340ebd1e1613f7a9b1857d2af3 | BUY  |      1,000 |  24.0h
2025-11-22 15:42:52 | INFO | allcoins_state_tracker |     🟢 0xe6fcc492fb5ea091bdbe2e1a9f163e5039f144bc | BUY  |        977 |  24.0h
2025-11-22 15:42:52 | INFO | allcoins_state_tracker |     🟢 0xe99d7d7f6a3664e19dfb14872d8c81813e15ab33 | BUY  |        500 |   6.5h
2025-11-22 15:42:52 | INFO | allcoins_state_tracker |   🆕 [HYPE] New orders: 1
2025-11-22 15:42:52 | INFO | allcoins_state_tracker |     NEW: 0x7806eeb0cdfb52dbe14ed12359526eea55612cf3 SELL        255 SPOT 2.5h
2025-11-22 15:42:52 | INFO | allcoins_state_tracker | 
──────────────────────────────────────────────────────────────────────
2025-11-22 15:42:52 | INFO | allcoins_state_tracker | 💰 UBTC
2025-11-22 15:42:52 | INFO | allcoins_state_tracker | ──────────────────────────────────────────────────────────────────────
2025-11-22 15:42:52 | INFO | allcoins_state_tracker | Orders: 3 total | Active: 2 (3 SPOT, 0 PERP)
2025-11-22 15:42:52 | INFO | allcoins_state_tracker |   💵 SPOT - 2 Active:
2025-11-22 15:42:52 | INFO | allcoins_state_tracker |     🟢 0xfffa6fc6acc3dbe04b175862376f1c5ff88cf9c1 | BUY  |          5 |  24.0h
2025-11-22 15:42:52 | INFO | allcoins_state_tracker |     🔴 0x101ded8dec510217a437d4def7d8f4df59fddb6b | SELL |          1 |  24.0h
2025-11-22 15:42:52 | INFO | allcoins_state_tracker | 
──────────────────────────────────────────────────────────────────────
2025-11-22 15:42:52 | INFO | allcoins_state_tracker | 💰 BTC
2025-11-22 15:42:52 | INFO | allcoins_state_tracker | ──────────────────────────────────────────────────────────────────────
2025-11-22 15:42:52 | INFO | allcoins_state_tracker | Orders: 10 total | Active: 5 (0 SPOT, 10 PERP)
2025-11-22 15:42:52 | INFO | allcoins_state_tracker |   ⚡ PERP - 5 Active:
2025-11-22 15:42:52 | INFO | allcoins_state_tracker |     🟢 0xf967239debef10dbc78e9bbbb2d8a16b72a614eb | BUY  |          5 |   1.0h
2025-11-22 15:42:52 | INFO | allcoins_state_tracker |     🟢 0x0cda4a69e90d3930cba86d1ca37fa066713e6ce5 | BUY  |          3 |  20.5h
2025-11-22 15:42:52 | INFO | allcoins_state_tracker |     🟢 0x9b710c8ae66232b4c28a069ebfc1fa2cbcaec273 | BUY  |          1 |   8.0h
2025-11-22 15:42:52 | INFO | allcoins_state_tracker |     🔴 0xe6fcc492fb5ea091bdbe2e1a9f163e5039f144bc | SELL |          0 |  24.0h
2025-11-22 15:42:52 | INFO | allcoins_state_tracker |     🟢 0x47930c76790c865217472f2ddb4d14c640ee450a | BUY  |          0 |  21.0h
2025-11-22 15:42:52 | INFO | allcoins_state_tracker | 
──────────────────────────────────────────────────────────────────────
2025-11-22 15:42:52 | INFO | allcoins_state_tracker | 💰 SOL
2025-11-22 15:42:52 | INFO | allcoins_state_tracker | ──────────────────────────────────────────────────────────────────────
2025-11-22 15:42:52 | INFO | allcoins_state_tracker | Orders: 9 total | Active: 1 (0 SPOT, 9 PERP)
2025-11-22 15:42:52 | INFO | allcoins_state_tracker |   ⚡ PERP - 1 Active:
2025-11-22 15:42:52 | INFO | allcoins_state_tracker |     🔴 0xe6fcc492fb5ea091bdbe2e1a9f163e5039f144bc | SELL |        231 |  24.0h
2025-11-22 15:42:52 | INFO | allcoins_state_tracker | 
──────────────────────────────────────────────────────────────────────
2025-11-22 15:42:52 | INFO | allcoins_state_tracker | 💰 XRP
2025-11-22 15:42:52 | INFO | allcoins_state_tracker | ──────────────────────────────────────────────────────────────────────
2025-11-22 15:42:52 | INFO | allcoins_state_tracker | Orders: 1 total | Active: 1 (0 SPOT, 1 PERP)
2025-11-22 15:42:52 | INFO | allcoins_state_tracker |   ⚡ PERP - 1 Active:
2025-11-22 15:42:52 | INFO | allcoins_state_tracker |     🔴 0xe6fcc492fb5ea091bdbe2e1a9f163e5039f144bc | SELL |     15,077 |  24.0h
2025-11-22 15:42:52 | INFO | allcoins_state_tracker | 
──────────────────────────────────────────────────────────────────────
2025-11-22 15:42:52 | INFO | allcoins_state_tracker | 💰 ZEC
2025-11-22 15:42:52 | INFO | allcoins_state_tracker | ──────────────────────────────────────────────────────────────────────
2025-11-22 15:42:52 | INFO | allcoins_state_tracker | Orders: 9 total | Active: 3 (0 SPOT, 9 PERP)
2025-11-22 15:42:52 | INFO | allcoins_state_tracker |   ⚡ PERP - 3 Active:
2025-11-22 15:42:52 | INFO | allcoins_state_tracker |     🟢 0x0a11acdd1ffbdb8adfc34a84f1836f360e6f3cce | BUY  |        284 |   4.5h
2025-11-22 15:42:52 | INFO | allcoins_state_tracker |     🔴 0xb676a78f19227ffe9a97db93263fce675e547dbf | SELL |        125 |  22.5h
2025-11-22 15:42:52 | INFO | allcoins_state_tracker |     🟢 0x3b52fc863f776f29d26e292f2eb45523e4ad1487 | BUY  |         53 |   7.1h
2025-11-22 15:42:52 | WARNING | allcoins_state_tracker |   🔄 [ZEC] Status changes: 1
2025-11-22 15:42:52 | WARNING | allcoins_state_tracker |     STATUS: 0x8d4daba34c92e581f928fca40e018382f7a0282a SELL         53 active → canceled
2025-11-22 15:42:52 | INFO | allcoins_state_tracker | 
──────────────────────────────────────────────────────────────────────
2025-11-22 15:42:52 | INFO | allcoins_state_tracker | 💰 ETH
2025-11-22 15:42:52 | INFO | allcoins_state_tracker | ──────────────────────────────────────────────────────────────────────
2025-11-22 15:42:52 | INFO | allcoins_state_tracker | Orders: 4 total | Active: 3 (0 SPOT, 4 PERP)
2025-11-22 15:42:52 | INFO | allcoins_state_tracker |   ⚡ PERP - 3 Active:
2025-11-22 15:42:52 | INFO | allcoins_state_tracker |     🟢 0x072177e3d373031b7a0957e7bde1a9ea96f819ab | BUY  |         23 |   3.5h
2025-11-22 15:42:52 | INFO | allcoins_state_tracker |     🟢 0x072177e3d373031b7a0957e7bde1a9ea96f819ab | BUY  |         11 |   0.5h
2025-11-22 15:42:52 | INFO | allcoins_state_tracker |     🟢 0x47930c76790c865217472f2ddb4d14c640ee450a | BUY  |          9 |  20.5h
2025-11-22 15:42:52 | INFO | allcoins_state_tracker | 
──────────────────────────────────────────────────────────────────────
2025-11-22 15:42:52 | INFO | allcoins_state_tracker | 💰 ASTER
2025-11-22 15:42:52 | INFO | allcoins_state_tracker | ──────────────────────────────────────────────────────────────────────
2025-11-22 15:42:52 | INFO | allcoins_state_tracker | Orders: 3 total | Active: 3 (0 SPOT, 3 PERP)
2025-11-22 15:42:52 | INFO | allcoins_state_tracker |   ⚡ PERP - 3 Active:
2025-11-22 15:42:52 | INFO | allcoins_state_tracker |     🟢 0xc7f94fb3b3ba614b9b2bf80697ab5a31917005a2 | BUY  |    316,000 |  12.0h
2025-11-22 15:42:52 | INFO | allcoins_state_tracker |     🔴 0x3bcae23e8c380dab4732e9a159c0456f12d866f3 | SELL |    150,000 |   0.5h
2025-11-22 15:42:52 | INFO | allcoins_state_tracker |     🟢 0x44b398bf3305ce9faddda0c812e931cf4ad17ec6 | BUY  |     24,966 |  24.0h
2025-11-22 15:42:52 | INFO | allcoins_state_tracker | 
──────────────────────────────────────────────────────────────────────
2025-11-22 15:42:52 | INFO | allcoins_state_tracker | 💰 MNT
2025-11-22 15:42:52 | INFO | allcoins_state_tracker | ──────────────────────────────────────────────────────────────────────
2025-11-22 15:42:52 | INFO | allcoins_state_tracker | Orders: 2 total | Active: 0 (0 SPOT, 2 PERP)
2025-11-22 15:42:52 | INFO | allcoins_state_tracker | 
──────────────────────────────────────────────────────────────────────
2025-11-22 15:42:52 | INFO | allcoins_state_tracker | 💰 AVAX
2025-11-22 15:42:52 | INFO | allcoins_state_tracker | ──────────────────────────────────────────────────────────────────────
2025-11-22 15:42:52 | INFO | allcoins_state_tracker | Orders: 1 total | Active: 1 (0 SPOT, 1 PERP)
2025-11-22 15:42:52 | INFO | allcoins_state_tracker |   ⚡ PERP - 1 Active:
2025-11-22 15:42:52 | INFO | allcoins_state_tracker |     🔴 0x6e28520e5e4c821f55086805bfe8354d1b6df5f5 | SELL |      1,888 |  12.5h
2025-11-22 15:42:52 | INFO | allcoins_state_tracker | 
──────────────────────────────────────────────────────────────────────
2025-11-22 15:42:52 | INFO | allcoins_state_tracker | 💰 BCH
2025-11-22 15:42:52 | INFO | allcoins_state_tracker | ──────────────────────────────────────────────────────────────────────
2025-11-22 15:42:52 | INFO | allcoins_state_tracker | Orders: 1 total | Active: 0 (0 SPOT, 1 PERP)
2025-11-22 15:42:52 | INFO | allcoins_state_tracker | 
──────────────────────────────────────────────────────────────────────
2025-11-22 15:42:52 | INFO | allcoins_state_tracker | 💰 ENA
2025-11-22 15:42:52 | INFO | allcoins_state_tracker | ──────────────────────────────────────────────────────────────────────
2025-11-22 15:42:52 | INFO | allcoins_state_tracker | Orders: 1 total | Active: 1 (0 SPOT, 1 PERP)
2025-11-22 15:42:52 | INFO | allcoins_state_tracker |   ⚡ PERP - 1 Active:
2025-11-22 15:42:52 | INFO | allcoins_state_tracker |     🟢 0x8e2e546506c1f97220aa9c557af7cc0fff9896e2 | BUY  |     40,000 |   5.5h
2025-11-22 15:42:52 | INFO | allcoins_state_tracker | 
──────────────────────────────────────────────────────────────────────
2025-11-22 15:42:52 | INFO | allcoins_state_tracker | 💰 xyz:NVDA
2025-11-22 15:42:52 | INFO | allcoins_state_tracker | ──────────────────────────────────────────────────────────────────────
2025-11-22 15:42:52 | INFO | allcoins_state_tracker | Orders: 1 total | Active: 0 (1 SPOT, 0 PERP)
2025-11-22 15:42:52 | INFO | allcoins_state_tracker | 
──────────────────────────────────────────────────────────────────────
2025-11-22 15:42:52 | INFO | allcoins_state_tracker | 💰 UPUMP
2025-11-22 15:42:52 | INFO | allcoins_state_tracker | ──────────────────────────────────────────────────────────────────────
2025-11-22 15:42:52 | INFO | allcoins_state_tracker | Orders: 1 total | Active: 0 (1 SPOT, 0 PERP)
2025-11-22 15:42:52 | INFO | allcoins_state_tracker | 
──────────────────────────────────────────────────────────────────────
2025-11-22 15:42:52 | INFO | allcoins_state_tracker | 💰 PUMP
2025-11-22 15:42:52 | INFO | allcoins_state_tracker | ──────────────────────────────────────────────────────────────────────
2025-11-22 15:42:52 | INFO | allcoins_state_tracker | Orders: 2 total | Active: 1 (0 SPOT, 2 PERP)
2025-11-22 15:42:52 | INFO | allcoins_state_tracker |   ⚡ PERP - 1 Active:
2025-11-22 15:42:52 | INFO | allcoins_state_tracker |     🟢 0x202325f2487b1143f3c001d94585b1d8e9aa60d2 | BUY  |    468,534 |   0.5h
2025-11-22 15:42:52 | INFO | allcoins_state_tracker | 
──────────────────────────────────────────────────────────────────────
2025-11-22 15:42:52 | INFO | allcoins_state_tracker | 💰 FARTCOIN
2025-11-22 15:42:52 | INFO | allcoins_state_tracker | ──────────────────────────────────────────────────────────────────────
2025-11-22 15:42:52 | INFO | allcoins_state_tracker | Orders: 1 total | Active: 1 (0 SPOT, 1 PERP)
2025-11-22 15:42:52 | INFO | allcoins_state_tracker |   ⚡ PERP - 1 Active:
2025-11-22 15:42:52 | INFO | allcoins_state_tracker |     🟢 0x4faf9534f8f029d03561d245b3b442b1c2e14ee2 | BUY  |     53,894 |   1.5h
2025-11-22 15:42:52 | INFO | allcoins_state_tracker | ======================================================================
2025-11-22 15:42:52 | INFO | allcoins_state_tracker | 📊 GLOBAL SUMMARY
2025-11-22 15:42:52 | INFO | allcoins_state_tracker | Coins with active orders: 12
2025-11-22 15:42:52 | INFO | allcoins_state_tracker | Total orders tracked: 63 (34 active)
2025-11-22 15:42:52 | INFO | allcoins_state_tracker | Total addresses seen: 1196
2025-11-22 15:42:52 | INFO | allcoins_state_tracker | Active coins: ASTER, AVAX, BTC, ENA, ETH, FARTCOIN, HYPE, PUMP, SOL, UBTC, XRP, ZEC
2025-11-22 15:42:52 | INFO | allcoins_state_tracker | ======================================================================
2025-11-22 15:45:52 | INFO | allcoins_state_tracker | 
======================================================================
2025-11-22 15:45:52 | INFO | allcoins_state_tracker | ALL COINS UPDATE #3
2025-11-22 15:45:52 | INFO | allcoins_state_tracker | Timestamp: 2025-11-22 15:45:52
2025-11-22 15:45:52 | INFO | allcoins_state_tracker | ======================================================================
2025-11-22 15:45:52 | INFO | allcoins_state_tracker | 
──────────────────────────────────────────────────────────────────────
2025-11-22 15:45:52 | INFO | allcoins_state_tracker | 💰 HYPE
2025-11-22 15:45:52 | INFO | allcoins_state_tracker | ──────────────────────────────────────────────────────────────────────
2025-11-22 15:45:52 | INFO | allcoins_state_tracker | Orders: 19 total | Active: 12 (4 SPOT, 15 PERP)
2025-11-22 15:45:52 | INFO | allcoins_state_tracker |   💵 SPOT - 4 Active:
2025-11-22 15:45:52 | INFO | allcoins_state_tracker |     🔴 0x36f336c0b29ff5acc3a4558bb8486b25b41b8033 | SELL |     20,424 |  24.0h
2025-11-22 15:45:52 | INFO | allcoins_state_tracker |     🔴 0xb0026ca48937bd18c5941c05decab68b0fcced8a | SELL |      9,265 |  12.5h
2025-11-22 15:45:52 | INFO | allcoins_state_tracker |     🟢 0x0b99fdbab5fbbad557b602ca8a849830f51822cd | BUY  |        447 |  12.5h
2025-11-22 15:45:52 | INFO | allcoins_state_tracker |     🔴 0x7806eeb0cdfb52dbe14ed12359526eea55612cf3 | SELL |        255 |   2.5h
2025-11-22 15:45:52 | INFO | allcoins_state_tracker |   ⚡ PERP - 8 Active:
2025-11-22 15:45:52 | INFO | allcoins_state_tracker |     🔴 0xac487c027ffe32021bbba77e30786f8c8f353201 | SELL |     30,000 |  24.0h
2025-11-22 15:45:52 | INFO | allcoins_state_tracker |     🔴 0xac487c027ffe32021bbba77e30786f8c8f353201 | SELL |     20,000 |  24.0h
2025-11-22 15:45:52 | INFO | allcoins_state_tracker |     🟢 0xe6fcc492fb5ea091bdbe2e1a9f163e5039f144bc | BUY  |      3,560 |  24.0h
2025-11-22 15:45:52 | INFO | allcoins_state_tracker |     🟢 0xd01d1679643f48654e6f532c4326be2d034573e7 | BUY  |      2,000 |   4.0h
2025-11-22 15:45:52 | INFO | allcoins_state_tracker |     🟢 0x0bf875556ac5f369415c18b22b1ec1e3a35a76ac | BUY  |      1,566 |  22.2h
2025-11-22 15:45:52 | INFO | allcoins_state_tracker |     🟢 0xe799f6e2414c60340ebd1e1613f7a9b1857d2af3 | BUY  |      1,000 |  24.0h
2025-11-22 15:45:52 | INFO | allcoins_state_tracker |     🟢 0xe6fcc492fb5ea091bdbe2e1a9f163e5039f144bc | BUY  |        977 |  24.0h
2025-11-22 15:45:52 | INFO | allcoins_state_tracker |     🟢 0xe99d7d7f6a3664e19dfb14872d8c81813e15ab33 | BUY  |        500 |   6.5h
2025-11-22 15:45:52 | INFO | allcoins_state_tracker | 
──────────────────────────────────────────────────────────────────────
2025-11-22 15:45:52 | INFO | allcoins_state_tracker | 💰 UBTC
2025-11-22 15:45:52 | INFO | allcoins_state_tracker | ──────────────────────────────────────────────────────────────────────
2025-11-22 15:45:52 | INFO | allcoins_state_tracker | Orders: 3 total | Active: 2 (3 SPOT, 0 PERP)
2025-11-22 15:45:52 | INFO | allcoins_state_tracker |   💵 SPOT - 2 Active:
2025-11-22 15:45:52 | INFO | allcoins_state_tracker |     🟢 0xfffa6fc6acc3dbe04b175862376f1c5ff88cf9c1 | BUY  |          5 |  24.0h
2025-11-22 15:45:52 | INFO | allcoins_state_tracker |     🔴 0x101ded8dec510217a437d4def7d8f4df59fddb6b | SELL |          1 |  24.0h
2025-11-22 15:45:52 | INFO | allcoins_state_tracker | 
──────────────────────────────────────────────────────────────────────
2025-11-22 15:45:52 | INFO | allcoins_state_tracker | 💰 BTC
2025-11-22 15:45:52 | INFO | allcoins_state_tracker | ──────────────────────────────────────────────────────────────────────
2025-11-22 15:45:52 | INFO | allcoins_state_tracker | Orders: 10 total | Active: 5 (0 SPOT, 10 PERP)
2025-11-22 15:45:52 | INFO | allcoins_state_tracker |   ⚡ PERP - 5 Active:
2025-11-22 15:45:52 | INFO | allcoins_state_tracker |     🟢 0xf967239debef10dbc78e9bbbb2d8a16b72a614eb | BUY  |          5 |   1.0h
2025-11-22 15:45:52 | INFO | allcoins_state_tracker |     🟢 0x0cda4a69e90d3930cba86d1ca37fa066713e6ce5 | BUY  |          3 |  20.5h
2025-11-22 15:45:52 | INFO | allcoins_state_tracker |     🟢 0x9b710c8ae66232b4c28a069ebfc1fa2cbcaec273 | BUY  |          1 |   8.0h
2025-11-22 15:45:52 | INFO | allcoins_state_tracker |     🔴 0xe6fcc492fb5ea091bdbe2e1a9f163e5039f144bc | SELL |          0 |  24.0h
2025-11-22 15:45:52 | INFO | allcoins_state_tracker |     🟢 0x47930c76790c865217472f2ddb4d14c640ee450a | BUY  |          0 |  21.0h
2025-11-22 15:45:52 | INFO | allcoins_state_tracker | 
──────────────────────────────────────────────────────────────────────
2025-11-22 15:45:52 | INFO | allcoins_state_tracker | 💰 SOL
2025-11-22 15:45:52 | INFO | allcoins_state_tracker | ──────────────────────────────────────────────────────────────────────
2025-11-22 15:45:52 | INFO | allcoins_state_tracker | Orders: 9 total | Active: 1 (0 SPOT, 9 PERP)
2025-11-22 15:45:52 | INFO | allcoins_state_tracker |   ⚡ PERP - 1 Active:
2025-11-22 15:45:52 | INFO | allcoins_state_tracker |     🔴 0xe6fcc492fb5ea091bdbe2e1a9f163e5039f144bc | SELL |        231 |  24.0h
2025-11-22 15:45:52 | INFO | allcoins_state_tracker | 
──────────────────────────────────────────────────────────────────────
2025-11-22 15:45:52 | INFO | allcoins_state_tracker | 💰 XRP
2025-11-22 15:45:52 | INFO | allcoins_state_tracker | ──────────────────────────────────────────────────────────────────────
2025-11-22 15:45:52 | INFO | allcoins_state_tracker | Orders: 1 total | Active: 1 (0 SPOT, 1 PERP)
2025-11-22 15:45:52 | INFO | allcoins_state_tracker |   ⚡ PERP - 1 Active:
2025-11-22 15:45:52 | INFO | allcoins_state_tracker |     🔴 0xe6fcc492fb5ea091bdbe2e1a9f163e5039f144bc | SELL |     15,077 |  24.0h
2025-11-22 15:45:52 | INFO | allcoins_state_tracker | 
──────────────────────────────────────────────────────────────────────
2025-11-22 15:45:52 | INFO | allcoins_state_tracker | 💰 ZEC
2025-11-22 15:45:52 | INFO | allcoins_state_tracker | ──────────────────────────────────────────────────────────────────────
2025-11-22 15:45:52 | INFO | allcoins_state_tracker | Orders: 9 total | Active: 3 (0 SPOT, 9 PERP)
2025-11-22 15:45:52 | INFO | allcoins_state_tracker |   ⚡ PERP - 3 Active:
2025-11-22 15:45:52 | INFO | allcoins_state_tracker |     🟢 0x0a11acdd1ffbdb8adfc34a84f1836f360e6f3cce | BUY  |        284 |   4.5h
2025-11-22 15:45:52 | INFO | allcoins_state_tracker |     🔴 0xb676a78f19227ffe9a97db93263fce675e547dbf | SELL |        125 |  22.5h
2025-11-22 15:45:52 | INFO | allcoins_state_tracker |     🟢 0x3b52fc863f776f29d26e292f2eb45523e4ad1487 | BUY  |         53 |   7.1h
2025-11-22 15:45:52 | INFO | allcoins_state_tracker | 
──────────────────────────────────────────────────────────────────────
2025-11-22 15:45:52 | INFO | allcoins_state_tracker | 💰 ETH
2025-11-22 15:45:52 | INFO | allcoins_state_tracker | ──────────────────────────────────────────────────────────────────────
2025-11-22 15:45:52 | INFO | allcoins_state_tracker | Orders: 4 total | Active: 3 (0 SPOT, 4 PERP)
2025-11-22 15:45:52 | INFO | allcoins_state_tracker |   ⚡ PERP - 3 Active:
2025-11-22 15:45:52 | INFO | allcoins_state_tracker |     🟢 0x072177e3d373031b7a0957e7bde1a9ea96f819ab | BUY  |         23 |   3.5h
2025-11-22 15:45:52 | INFO | allcoins_state_tracker |     🟢 0x072177e3d373031b7a0957e7bde1a9ea96f819ab | BUY  |         11 |   0.5h
2025-11-22 15:45:52 | INFO | allcoins_state_tracker |     🟢 0x47930c76790c865217472f2ddb4d14c640ee450a | BUY  |          9 |  20.5h
2025-11-22 15:45:52 | INFO | allcoins_state_tracker | 
──────────────────────────────────────────────────────────────────────
2025-11-22 15:45:52 | INFO | allcoins_state_tracker | 💰 ASTER
2025-11-22 15:45:52 | INFO | allcoins_state_tracker | ──────────────────────────────────────────────────────────────────────
2025-11-22 15:45:52 | INFO | allcoins_state_tracker | Orders: 3 total | Active: 3 (0 SPOT, 3 PERP)
2025-11-22 15:45:52 | INFO | allcoins_state_tracker |   ⚡ PERP - 3 Active:
2025-11-22 15:45:52 | INFO | allcoins_state_tracker |     🟢 0xc7f94fb3b3ba614b9b2bf80697ab5a31917005a2 | BUY  |    316,000 |  12.0h
2025-11-22 15:45:52 | INFO | allcoins_state_tracker |     🔴 0x3bcae23e8c380dab4732e9a159c0456f12d866f3 | SELL |    150,000 |   0.5h
2025-11-22 15:45:52 | INFO | allcoins_state_tracker |     🟢 0x44b398bf3305ce9faddda0c812e931cf4ad17ec6 | BUY  |     24,966 |  24.0h
2025-11-22 15:45:52 | INFO | allcoins_state_tracker | 
──────────────────────────────────────────────────────────────────────
2025-11-22 15:45:52 | INFO | allcoins_state_tracker | 💰 MNT
2025-11-22 15:45:52 | INFO | allcoins_state_tracker | ──────────────────────────────────────────────────────────────────────
2025-11-22 15:45:52 | INFO | allcoins_state_tracker | Orders: 2 total | Active: 0 (0 SPOT, 2 PERP)
2025-11-22 15:45:52 | INFO | allcoins_state_tracker | 
──────────────────────────────────────────────────────────────────────
2025-11-22 15:45:52 | INFO | allcoins_state_tracker | 💰 AVAX
2025-11-22 15:45:52 | INFO | allcoins_state_tracker | ──────────────────────────────────────────────────────────────────────
2025-11-22 15:45:52 | INFO | allcoins_state_tracker | Orders: 1 total | Active: 1 (0 SPOT, 1 PERP)
2025-11-22 15:45:52 | INFO | allcoins_state_tracker |   ⚡ PERP - 1 Active:
2025-11-22 15:45:52 | INFO | allcoins_state_tracker |     🔴 0x6e28520e5e4c821f55086805bfe8354d1b6df5f5 | SELL |      1,888 |  12.5h
2025-11-22 15:45:52 | INFO | allcoins_state_tracker | 
──────────────────────────────────────────────────────────────────────
2025-11-22 15:45:52 | INFO | allcoins_state_tracker | 💰 BCH
2025-11-22 15:45:52 | INFO | allcoins_state_tracker | ──────────────────────────────────────────────────────────────────────
2025-11-22 15:45:52 | INFO | allcoins_state_tracker | Orders: 1 total | Active: 0 (0 SPOT, 1 PERP)
2025-11-22 15:45:52 | INFO | allcoins_state_tracker | 
──────────────────────────────────────────────────────────────────────
2025-11-22 15:45:52 | INFO | allcoins_state_tracker | 💰 ENA
2025-11-22 15:45:52 | INFO | allcoins_state_tracker | ──────────────────────────────────────────────────────────────────────
2025-11-22 15:45:52 | INFO | allcoins_state_tracker | Orders: 1 total | Active: 1 (0 SPOT, 1 PERP)
2025-11-22 15:45:52 | INFO | allcoins_state_tracker |   ⚡ PERP - 1 Active:
2025-11-22 15:45:52 | INFO | allcoins_state_tracker |     🟢 0x8e2e546506c1f97220aa9c557af7cc0fff9896e2 | BUY  |     40,000 |   5.5h
2025-11-22 15:45:52 | INFO | allcoins_state_tracker | 
──────────────────────────────────────────────────────────────────────
2025-11-22 15:45:52 | INFO | allcoins_state_tracker | 💰 xyz:NVDA
2025-11-22 15:45:52 | INFO | allcoins_state_tracker | ──────────────────────────────────────────────────────────────────────
2025-11-22 15:45:52 | INFO | allcoins_state_tracker | Orders: 1 total | Active: 0 (1 SPOT, 0 PERP)
2025-11-22 15:45:52 | INFO | allcoins_state_tracker | 
──────────────────────────────────────────────────────────────────────
2025-11-22 15:45:52 | INFO | allcoins_state_tracker | 💰 UPUMP
2025-11-22 15:45:52 | INFO | allcoins_state_tracker | ──────────────────────────────────────────────────────────────────────
2025-11-22 15:45:52 | INFO | allcoins_state_tracker | Orders: 1 total | Active: 0 (1 SPOT, 0 PERP)
2025-11-22 15:45:52 | INFO | allcoins_state_tracker | 
──────────────────────────────────────────────────────────────────────
2025-11-22 15:45:52 | INFO | allcoins_state_tracker | 💰 PUMP
2025-11-22 15:45:52 | INFO | allcoins_state_tracker | ──────────────────────────────────────────────────────────────────────
2025-11-22 15:45:52 | INFO | allcoins_state_tracker | Orders: 2 total | Active: 1 (0 SPOT, 2 PERP)
2025-11-22 15:45:52 | INFO | allcoins_state_tracker |   ⚡ PERP - 1 Active:
2025-11-22 15:45:52 | INFO | allcoins_state_tracker |     🟢 0x202325f2487b1143f3c001d94585b1d8e9aa60d2 | BUY  |    468,534 |   0.5h
2025-11-22 15:45:52 | INFO | allcoins_state_tracker | 
──────────────────────────────────────────────────────────────────────
2025-11-22 15:45:52 | INFO | allcoins_state_tracker | 💰 FARTCOIN
2025-11-22 15:45:52 | INFO | allcoins_state_tracker | ──────────────────────────────────────────────────────────────────────
2025-11-22 15:45:52 | INFO | allcoins_state_tracker | Orders: 1 total | Active: 1 (0 SPOT, 1 PERP)
2025-11-22 15:45:52 | INFO | allcoins_state_tracker |   ⚡ PERP - 1 Active:
2025-11-22 15:45:52 | INFO | allcoins_state_tracker |     🟢 0x4faf9534f8f029d03561d245b3b442b1c2e14ee2 | BUY  |     53,894 |   1.5h
2025-11-22 15:45:52 | INFO | allcoins_state_tracker | 
──────────────────────────────────────────────────────────────────────
2025-11-22 15:45:52 | INFO | allcoins_state_tracker | 💰 LAYER
2025-11-22 15:45:52 | INFO | allcoins_state_tracker | ──────────────────────────────────────────────────────────────────────
2025-11-22 15:45:52 | INFO | allcoins_state_tracker | Orders: 1 total | Active: 1 (0 SPOT, 1 PERP)
2025-11-22 15:45:52 | INFO | allcoins_state_tracker |   ⚡ PERP - 1 Active:
2025-11-22 15:45:52 | INFO | allcoins_state_tracker |     🔴 0x176c030f913d37eb92ce049a13cf3b9dcedf649a | SELL |        500 |   0.1h
2025-11-22 15:45:52 | INFO | allcoins_state_tracker |   🆕 [LAYER] New orders: 1
2025-11-22 15:45:52 | INFO | allcoins_state_tracker |     NEW: 0x176c030f913d37eb92ce049a13cf3b9dcedf649a SELL        500 PERP 0.1h
2025-11-22 15:45:52 | INFO | allcoins_state_tracker | ======================================================================
2025-11-22 15:45:52 | INFO | allcoins_state_tracker | 📊 GLOBAL SUMMARY
2025-11-22 15:45:52 | INFO | allcoins_state_tracker | Coins with active orders: 13
2025-11-22 15:45:52 | INFO | allcoins_state_tracker | Total orders tracked: 64 (35 active)
2025-11-22 15:45:52 | INFO | allcoins_state_tracker | Total addresses seen: 1197
2025-11-22 15:45:52 | INFO | allcoins_state_tracker | Active coins: ASTER, AVAX, BTC, ENA, ETH, FARTCOIN, HYPE, LAYER, PUMP, SOL, UBTC, XRP, ZEC
2025-11-22 15:45:52 | INFO | allcoins_state_tracker | ======================================================================
2025-11-22 15:48:52 | INFO | allcoins_state_tracker | 
======================================================================
2025-11-22 15:48:52 | INFO | allcoins_state_tracker | ALL COINS UPDATE #4
2025-11-22 15:48:52 | INFO | allcoins_state_tracker | Timestamp: 2025-11-22 15:48:52
2025-11-22 15:48:52 | INFO | allcoins_state_tracker | ======================================================================
2025-11-22 15:48:52 | INFO | allcoins_state_tracker | 
──────────────────────────────────────────────────────────────────────
2025-11-22 15:48:52 | INFO | allcoins_state_tracker | 💰 HYPE
2025-11-22 15:48:52 | INFO | allcoins_state_tracker | ──────────────────────────────────────────────────────────────────────
2025-11-22 15:48:52 | INFO | allcoins_state_tracker | Orders: 20 total | Active: 13 (4 SPOT, 16 PERP)
2025-11-22 15:48:52 | INFO | allcoins_state_tracker |   💵 SPOT - 4 Active:
2025-11-22 15:48:52 | INFO | allcoins_state_tracker |     🔴 0x36f336c0b29ff5acc3a4558bb8486b25b41b8033 | SELL |     20,424 |  24.0h
2025-11-22 15:48:52 | INFO | allcoins_state_tracker |     🔴 0xb0026ca48937bd18c5941c05decab68b0fcced8a | SELL |      9,265 |  12.5h
2025-11-22 15:48:52 | INFO | allcoins_state_tracker |     🟢 0x0b99fdbab5fbbad557b602ca8a849830f51822cd | BUY  |        447 |  12.5h
2025-11-22 15:48:52 | INFO | allcoins_state_tracker |     🔴 0x7806eeb0cdfb52dbe14ed12359526eea55612cf3 | SELL |        255 |   2.5h
2025-11-22 15:48:52 | INFO | allcoins_state_tracker |   ⚡ PERP - 9 Active:
2025-11-22 15:48:52 | INFO | allcoins_state_tracker |     🔴 0xac487c027ffe32021bbba77e30786f8c8f353201 | SELL |     30,000 |  24.0h
2025-11-22 15:48:52 | INFO | allcoins_state_tracker |     🔴 0xac487c027ffe32021bbba77e30786f8c8f353201 | SELL |     20,000 |  24.0h
2025-11-22 15:48:52 | INFO | allcoins_state_tracker |     🔴 0x06e0e24afba0de914849c732aa341504e8d25e23 | SELL |      4,000 |   3.5h
2025-11-22 15:48:52 | INFO | allcoins_state_tracker |     🟢 0xe6fcc492fb5ea091bdbe2e1a9f163e5039f144bc | BUY  |      3,560 |  24.0h
2025-11-22 15:48:52 | INFO | allcoins_state_tracker |     🟢 0xd01d1679643f48654e6f532c4326be2d034573e7 | BUY  |      2,000 |   4.0h
2025-11-22 15:48:52 | INFO | allcoins_state_tracker |     🟢 0x0bf875556ac5f369415c18b22b1ec1e3a35a76ac | BUY  |      1,566 |  22.2h
2025-11-22 15:48:52 | INFO | allcoins_state_tracker |     🟢 0xe799f6e2414c60340ebd1e1613f7a9b1857d2af3 | BUY  |      1,000 |  24.0h
2025-11-22 15:48:52 | INFO | allcoins_state_tracker |     🟢 0xe6fcc492fb5ea091bdbe2e1a9f163e5039f144bc | BUY  |        977 |  24.0h
2025-11-22 15:48:52 | INFO | allcoins_state_tracker |     🟢 0xe99d7d7f6a3664e19dfb14872d8c81813e15ab33 | BUY  |        500 |   6.5h
2025-11-22 15:48:52 | INFO | allcoins_state_tracker |   🆕 [HYPE] New orders: 1
2025-11-22 15:48:52 | INFO | allcoins_state_tracker |     NEW: 0x06e0e24afba0de914849c732aa341504e8d25e23 SELL      4,000 PERP 3.5h
2025-11-22 15:48:52 | INFO | allcoins_state_tracker | 
──────────────────────────────────────────────────────────────────────
2025-11-22 15:48:52 | INFO | allcoins_state_tracker | 💰 UBTC
2025-11-22 15:48:52 | INFO | allcoins_state_tracker | ──────────────────────────────────────────────────────────────────────
2025-11-22 15:48:52 | INFO | allcoins_state_tracker | Orders: 3 total | Active: 2 (3 SPOT, 0 PERP)
2025-11-22 15:48:52 | INFO | allcoins_state_tracker |   💵 SPOT - 2 Active:
2025-11-22 15:48:52 | INFO | allcoins_state_tracker |     🟢 0xfffa6fc6acc3dbe04b175862376f1c5ff88cf9c1 | BUY  |          5 |  24.0h
2025-11-22 15:48:52 | INFO | allcoins_state_tracker |     🔴 0x101ded8dec510217a437d4def7d8f4df59fddb6b | SELL |          1 |  24.0h
2025-11-22 15:48:52 | INFO | allcoins_state_tracker | 
──────────────────────────────────────────────────────────────────────
2025-11-22 15:48:52 | INFO | allcoins_state_tracker | 💰 BTC
2025-11-22 15:48:52 | INFO | allcoins_state_tracker | ──────────────────────────────────────────────────────────────────────
2025-11-22 15:48:52 | INFO | allcoins_state_tracker | Orders: 11 total | Active: 6 (0 SPOT, 11 PERP)
2025-11-22 15:48:52 | INFO | allcoins_state_tracker |   ⚡ PERP - 6 Active:
2025-11-22 15:48:52 | INFO | allcoins_state_tracker |     🟢 0xf967239debef10dbc78e9bbbb2d8a16b72a614eb | BUY  |          5 |   1.0h
2025-11-22 15:48:52 | INFO | allcoins_state_tracker |     🟢 0x0cda4a69e90d3930cba86d1ca37fa066713e6ce5 | BUY  |          3 |  20.5h
2025-11-22 15:48:52 | INFO | allcoins_state_tracker |     🟢 0xb19daab576041958762071560c52bc6a22d358d9 | BUY  |          1 |   0.5h
2025-11-22 15:48:52 | INFO | allcoins_state_tracker |     🟢 0x9b710c8ae66232b4c28a069ebfc1fa2cbcaec273 | BUY  |          1 |   8.0h
2025-11-22 15:48:52 | INFO | allcoins_state_tracker |     🔴 0xe6fcc492fb5ea091bdbe2e1a9f163e5039f144bc | SELL |          0 |  24.0h
2025-11-22 15:48:52 | INFO | allcoins_state_tracker |     🟢 0x47930c76790c865217472f2ddb4d14c640ee450a | BUY  |          0 |  21.0h
2025-11-22 15:48:52 | INFO | allcoins_state_tracker |   🆕 [BTC] New orders: 1
2025-11-22 15:48:52 | INFO | allcoins_state_tracker |     NEW: 0xb19daab576041958762071560c52bc6a22d358d9 BUY           1 PERP 0.5h
2025-11-22 15:48:52 | INFO | allcoins_state_tracker | 
──────────────────────────────────────────────────────────────────────
2025-11-22 15:48:52 | INFO | allcoins_state_tracker | 💰 SOL
2025-11-22 15:48:52 | INFO | allcoins_state_tracker | ──────────────────────────────────────────────────────────────────────
2025-11-22 15:48:52 | INFO | allcoins_state_tracker | Orders: 10 total | Active: 2 (0 SPOT, 10 PERP)
2025-11-22 15:48:52 | INFO | allcoins_state_tracker |   ⚡ PERP - 2 Active:
2025-11-22 15:48:52 | INFO | allcoins_state_tracker |     🔴 0xab2d30cad08c2aec0bf7e8bfe0032f656bf0ae39 | SELL |      8,000 |   3.1h
2025-11-22 15:48:52 | INFO | allcoins_state_tracker |     🔴 0xe6fcc492fb5ea091bdbe2e1a9f163e5039f144bc | SELL |        231 |  24.0h
2025-11-22 15:48:52 | INFO | allcoins_state_tracker |   🆕 [SOL] New orders: 1
2025-11-22 15:48:52 | INFO | allcoins_state_tracker |     NEW: 0xab2d30cad08c2aec0bf7e8bfe0032f656bf0ae39 SELL      8,000 PERP 3.1h
2025-11-22 15:48:52 | INFO | allcoins_state_tracker | 
──────────────────────────────────────────────────────────────────────
2025-11-22 15:48:52 | INFO | allcoins_state_tracker | 💰 XRP
2025-11-22 15:48:52 | INFO | allcoins_state_tracker | ──────────────────────────────────────────────────────────────────────
2025-11-22 15:48:52 | INFO | allcoins_state_tracker | Orders: 1 total | Active: 1 (0 SPOT, 1 PERP)
2025-11-22 15:48:52 | INFO | allcoins_state_tracker |   ⚡ PERP - 1 Active:
2025-11-22 15:48:52 | INFO | allcoins_state_tracker |     🔴 0xe6fcc492fb5ea091bdbe2e1a9f163e5039f144bc | SELL |     15,077 |  24.0h
2025-11-22 15:48:52 | INFO | allcoins_state_tracker | 
──────────────────────────────────────────────────────────────────────
2025-11-22 15:48:52 | INFO | allcoins_state_tracker | 💰 ZEC
2025-11-22 15:48:52 | INFO | allcoins_state_tracker | ──────────────────────────────────────────────────────────────────────
2025-11-22 15:48:52 | INFO | allcoins_state_tracker | Orders: 8 total | Active: 3 (0 SPOT, 8 PERP)
2025-11-22 15:48:52 | INFO | allcoins_state_tracker |   ⚡ PERP - 3 Active:
2025-11-22 15:48:52 | INFO | allcoins_state_tracker |     🟢 0x0a11acdd1ffbdb8adfc34a84f1836f360e6f3cce | BUY  |        284 |   4.5h
2025-11-22 15:48:52 | INFO | allcoins_state_tracker |     🔴 0xb676a78f19227ffe9a97db93263fce675e547dbf | SELL |        125 |  22.5h
2025-11-22 15:48:52 | INFO | allcoins_state_tracker |     🟢 0x3b52fc863f776f29d26e292f2eb45523e4ad1487 | BUY  |         53 |   7.1h
2025-11-22 15:48:52 | INFO | allcoins_state_tracker | 
──────────────────────────────────────────────────────────────────────
2025-11-22 15:48:52 | INFO | allcoins_state_tracker | 💰 ETH
2025-11-22 15:48:52 | INFO | allcoins_state_tracker | ──────────────────────────────────────────────────────────────────────
2025-11-22 15:48:52 | INFO | allcoins_state_tracker | Orders: 4 total | Active: 3 (0 SPOT, 4 PERP)
2025-11-22 15:48:52 | INFO | allcoins_state_tracker |   ⚡ PERP - 3 Active:
2025-11-22 15:48:52 | INFO | allcoins_state_tracker |     🟢 0x072177e3d373031b7a0957e7bde1a9ea96f819ab | BUY  |         23 |   3.5h
2025-11-22 15:48:52 | INFO | allcoins_state_tracker |     🟢 0x072177e3d373031b7a0957e7bde1a9ea96f819ab | BUY  |         11 |   0.5h
2025-11-22 15:48:52 | INFO | allcoins_state_tracker |     🟢 0x47930c76790c865217472f2ddb4d14c640ee450a | BUY  |          9 |  20.5h
2025-11-22 15:48:52 | INFO | allcoins_state_tracker | 
──────────────────────────────────────────────────────────────────────
2025-11-22 15:48:52 | INFO | allcoins_state_tracker | 💰 ASTER
2025-11-22 15:48:52 | INFO | allcoins_state_tracker | ──────────────────────────────────────────────────────────────────────
2025-11-22 15:48:52 | INFO | allcoins_state_tracker | Orders: 3 total | Active: 3 (0 SPOT, 3 PERP)
2025-11-22 15:48:52 | INFO | allcoins_state_tracker |   ⚡ PERP - 3 Active:
2025-11-22 15:48:52 | INFO | allcoins_state_tracker |     🟢 0xc7f94fb3b3ba614b9b2bf80697ab5a31917005a2 | BUY  |    316,000 |  12.0h
2025-11-22 15:48:52 | INFO | allcoins_state_tracker |     🔴 0x3bcae23e8c380dab4732e9a159c0456f12d866f3 | SELL |    150,000 |   0.5h
2025-11-22 15:48:52 | INFO | allcoins_state_tracker |     🟢 0x44b398bf3305ce9faddda0c812e931cf4ad17ec6 | BUY  |     24,966 |  24.0h
2025-11-22 15:48:52 | INFO | allcoins_state_tracker | 
──────────────────────────────────────────────────────────────────────
2025-11-22 15:48:52 | INFO | allcoins_state_tracker | 💰 MNT
2025-11-22 15:48:52 | INFO | allcoins_state_tracker | ──────────────────────────────────────────────────────────────────────
2025-11-22 15:48:52 | INFO | allcoins_state_tracker | Orders: 2 total | Active: 0 (0 SPOT, 2 PERP)
2025-11-22 15:48:52 | INFO | allcoins_state_tracker | 
──────────────────────────────────────────────────────────────────────
2025-11-22 15:48:52 | INFO | allcoins_state_tracker | 💰 AVAX
2025-11-22 15:48:52 | INFO | allcoins_state_tracker | ──────────────────────────────────────────────────────────────────────
2025-11-22 15:48:52 | INFO | allcoins_state_tracker | Orders: 1 total | Active: 1 (0 SPOT, 1 PERP)
2025-11-22 15:48:52 | INFO | allcoins_state_tracker |   ⚡ PERP - 1 Active:
2025-11-22 15:48:52 | INFO | allcoins_state_tracker |     🔴 0x6e28520e5e4c821f55086805bfe8354d1b6df5f5 | SELL |      1,888 |  12.5h
2025-11-22 15:48:52 | INFO | allcoins_state_tracker | 
──────────────────────────────────────────────────────────────────────
2025-11-22 15:48:52 | INFO | allcoins_state_tracker | 💰 BCH
2025-11-22 15:48:52 | INFO | allcoins_state_tracker | ──────────────────────────────────────────────────────────────────────
2025-11-22 15:48:52 | INFO | allcoins_state_tracker | Orders: 1 total | Active: 0 (0 SPOT, 1 PERP)
2025-11-22 15:48:52 | INFO | allcoins_state_tracker | 
──────────────────────────────────────────────────────────────────────
2025-11-22 15:48:52 | INFO | allcoins_state_tracker | 💰 ENA
2025-11-22 15:48:52 | INFO | allcoins_state_tracker | ──────────────────────────────────────────────────────────────────────
2025-11-22 15:48:52 | INFO | allcoins_state_tracker | Orders: 1 total | Active: 1 (0 SPOT, 1 PERP)
2025-11-22 15:48:52 | INFO | allcoins_state_tracker |   ⚡ PERP - 1 Active:
2025-11-22 15:48:52 | INFO | allcoins_state_tracker |     🟢 0x8e2e546506c1f97220aa9c557af7cc0fff9896e2 | BUY  |     40,000 |   5.5h
2025-11-22 15:48:52 | INFO | allcoins_state_tracker | 
──────────────────────────────────────────────────────────────────────
2025-11-22 15:48:52 | INFO | allcoins_state_tracker | 💰 xyz:NVDA
2025-11-22 15:48:52 | INFO | allcoins_state_tracker | ──────────────────────────────────────────────────────────────────────
2025-11-22 15:48:52 | INFO | allcoins_state_tracker | Orders: 1 total | Active: 0 (1 SPOT, 0 PERP)
2025-11-22 15:48:52 | INFO | allcoins_state_tracker | 
──────────────────────────────────────────────────────────────────────
2025-11-22 15:48:52 | INFO | allcoins_state_tracker | 💰 UPUMP
2025-11-22 15:48:52 | INFO | allcoins_state_tracker | ──────────────────────────────────────────────────────────────────────
2025-11-22 15:48:52 | INFO | allcoins_state_tracker | Orders: 1 total | Active: 0 (1 SPOT, 0 PERP)
2025-11-22 15:48:52 | INFO | allcoins_state_tracker | 
──────────────────────────────────────────────────────────────────────
2025-11-22 15:48:52 | INFO | allcoins_state_tracker | 💰 PUMP
2025-11-22 15:48:52 | INFO | allcoins_state_tracker | ──────────────────────────────────────────────────────────────────────
2025-11-22 15:48:52 | INFO | allcoins_state_tracker | Orders: 2 total | Active: 1 (0 SPOT, 2 PERP)
2025-11-22 15:48:52 | INFO | allcoins_state_tracker |   ⚡ PERP - 1 Active:
2025-11-22 15:48:52 | INFO | allcoins_state_tracker |     🟢 0x202325f2487b1143f3c001d94585b1d8e9aa60d2 | BUY  |    468,534 |   0.5h
2025-11-22 15:48:52 | INFO | allcoins_state_tracker | 
──────────────────────────────────────────────────────────────────────
2025-11-22 15:48:52 | INFO | allcoins_state_tracker | 💰 LAYER
2025-11-22 15:48:52 | INFO | allcoins_state_tracker | ──────────────────────────────────────────────────────────────────────
2025-11-22 15:48:52 | INFO | allcoins_state_tracker | Orders: 1 total | Active: 1 (0 SPOT, 1 PERP)
2025-11-22 15:48:52 | INFO | allcoins_state_tracker |   ⚡ PERP - 1 Active:
2025-11-22 15:48:52 | INFO | allcoins_state_tracker |     🔴 0x176c030f913d37eb92ce049a13cf3b9dcedf649a | SELL |        500 |   0.1h
2025-11-22 15:48:52 | INFO | allcoins_state_tracker | ======================================================================
2025-11-22 15:48:52 | INFO | allcoins_state_tracker | 📊 GLOBAL SUMMARY
2025-11-22 15:48:52 | INFO | allcoins_state_tracker | Coins with active orders: 12
2025-11-22 15:48:52 | INFO | allcoins_state_tracker | Total orders tracked: 65 (37 active)
2025-11-22 15:48:52 | INFO | allcoins_state_tracker | Total addresses seen: 1200
2025-11-22 15:48:52 | INFO | allcoins_state_tracker | Active coins: ASTER, AVAX, BTC, ENA, ETH, HYPE, LAYER, PUMP, SOL, UBTC, XRP, ZEC
2025-11-22 15:48:52 | INFO | allcoins_state_tracker | ======================================================================
2025-11-22 15:53:20 | INFO | allcoins_state_tracker | Loaded 1184 addresses from history
2025-11-22 15:53:20 | INFO | allcoins_state_tracker | ======================================================================
2025-11-22 15:53:20 | INFO | allcoins_state_tracker | All Coins TWAP State Tracker Initialized
2025-11-22 15:53:20 | INFO | allcoins_state_tracker | ======================================================================
2025-11-22 15:55:56 | INFO | allcoins_state_tracker | Loaded 1184 addresses from history
2025-11-22 15:55:56 | INFO | allcoins_state_tracker | ======================================================================
2025-11-22 15:55:56 | INFO | allcoins_state_tracker | All Coins TWAP State Tracker Initialized
2025-11-22 15:55:56 | INFO | allcoins_state_tracker | ======================================================================
2025-11-22 15:58:50 | INFO | allcoins_state_tracker | Loaded 1184 addresses from history
2025-11-22 15:58:50 | INFO | allcoins_state_tracker | ======================================================================
2025-11-22 15:58:50 | INFO | allcoins_state_tracker | All Coins TWAP State Tracker Initialized
2025-11-22 15:58:50 | INFO | allcoins_state_tracker | ======================================================================
2025-11-22 16:02:16 | INFO | allcoins_state_tracker | Loaded 1184 addresses from history
2025-11-22 16:02:16 | INFO | allcoins_state_tracker | ======================================================================
2025-11-22 16:02:16 | INFO | allcoins_state_tracker | All Coins TWAP State Tracker Initialized
2025-11-22 16:02:16 | INFO | allcoins_state_tracker | ======================================================================
2025-11-22 16:13:16 | INFO | allcoins_state_tracker | Loaded 1184 addresses from history
2025-11-22 16:13:16 | INFO | allcoins_state_tracker | ======================================================================
2025-11-22 16:13:16 | INFO | allcoins_state_tracker | All Coins TWAP State Tracker Initialized
2025-11-22 16:13:16 | INFO | allcoins_state_tracker | ======================================================================
2025-11-22 16:16:09 | INFO | allcoins_state_tracker | 
======================================================================
2025-11-22 16:16:09 | INFO | allcoins_state_tracker | ALL COINS UPDATE #1
2025-11-22 16:16:09 | INFO | allcoins_state_tracker | Timestamp: 2025-11-22 16:16:09
2025-11-22 16:16:09 | INFO | allcoins_state_tracker | ======================================================================
2025-11-22 16:16:09 | INFO | allcoins_state_tracker | 
──────────────────────────────────────────────────────────────────────
2025-11-22 16:16:09 | INFO | allcoins_state_tracker | 💰 HYPE
2025-11-22 16:16:09 | INFO | allcoins_state_tracker | ──────────────────────────────────────────────────────────────────────
2025-11-22 16:16:09 | INFO | allcoins_state_tracker | Orders: 22 total | Active: 13 (4 SPOT, 18 PERP)
2025-11-22 16:16:09 | INFO | allcoins_state_tracker |   💵 SPOT - 4 Active:
2025-11-22 16:16:09 | INFO | allcoins_state_tracker |     🔴 0x36f336c0b29ff5acc3a4558bb8486b25b41b8033 | SELL |     20,424 |  24.0h
2025-11-22 16:16:09 | INFO | allcoins_state_tracker |     🔴 0xb0026ca48937bd18c5941c05decab68b0fcced8a | SELL |      9,265 |  12.5h
2025-11-22 16:16:09 | INFO | allcoins_state_tracker |     🟢 0x0b99fdbab5fbbad557b602ca8a849830f51822cd | BUY  |        447 |  12.5h
2025-11-22 16:16:09 | INFO | allcoins_state_tracker |     🔴 0x7806eeb0cdfb52dbe14ed12359526eea55612cf3 | SELL |        255 |   2.5h
2025-11-22 16:16:09 | INFO | allcoins_state_tracker |   ⚡ PERP - 9 Active:
2025-11-22 16:16:09 | INFO | allcoins_state_tracker |     🔴 0xac487c027ffe32021bbba77e30786f8c8f353201 | SELL |     30,000 |  24.0h
2025-11-22 16:16:09 | INFO | allcoins_state_tracker |     🔴 0xac487c027ffe32021bbba77e30786f8c8f353201 | SELL |     20,000 |  24.0h
2025-11-22 16:16:09 | INFO | allcoins_state_tracker |     🟢 0xe6fcc492fb5ea091bdbe2e1a9f163e5039f144bc | BUY  |      3,560 |  24.0h
2025-11-22 16:16:09 | INFO | allcoins_state_tracker |     🟢 0xd01d1679643f48654e6f532c4326be2d034573e7 | BUY  |      2,000 |   4.0h
2025-11-22 16:16:09 | INFO | allcoins_state_tracker |     🟢 0x0bf875556ac5f369415c18b22b1ec1e3a35a76ac | BUY  |      1,566 |  22.2h
2025-11-22 16:16:09 | INFO | allcoins_state_tracker |     🟢 0x79ca2977402aba6b2e45504b94e21124f825a860 | BUY  |      1,079 |  12.0h
2025-11-22 16:16:09 | INFO | allcoins_state_tracker |     🟢 0xe6fcc492fb5ea091bdbe2e1a9f163e5039f144bc | BUY  |        977 |  24.0h
2025-11-22 16:16:09 | INFO | allcoins_state_tracker |     🟢 0xe99d7d7f6a3664e19dfb14872d8c81813e15ab33 | BUY  |        500 |   6.5h
2025-11-22 16:16:09 | INFO | allcoins_state_tracker |     🟢 0xc1507d280c42fc5d0fb31ac448786675806d3499 | BUY  |         40 |   0.5h
2025-11-22 16:16:09 | INFO | allcoins_state_tracker |   🆕 [HYPE] New orders: 22
2025-11-22 16:16:09 | INFO | allcoins_state_tracker |     NEW: 0xac487c027ffe32021bbba77e30786f8c8f353201 SELL     20,000 PERP 24.0h
2025-11-22 16:16:09 | INFO | allcoins_state_tracker |     NEW: 0xac487c027ffe32021bbba77e30786f8c8f353201 SELL     30,000 PERP 24.0h
2025-11-22 16:16:09 | INFO | allcoins_state_tracker |     NEW: 0xe6fcc492fb5ea091bdbe2e1a9f163e5039f144bc BUY       3,560 PERP 24.0h
2025-11-22 16:16:09 | INFO | allcoins_state_tracker |     NEW: 0xe6fcc492fb5ea091bdbe2e1a9f163e5039f144bc BUY         977 PERP 24.0h
2025-11-22 16:16:09 | INFO | allcoins_state_tracker |     NEW: 0xe99d7d7f6a3664e19dfb14872d8c81813e15ab33 SELL      1,861 PERP 24.0h
2025-11-22 16:16:09 | INFO | allcoins_state_tracker |     NEW: 0xe799f6e2414c60340ebd1e1613f7a9b1857d2af3 BUY       1,000 PERP 24.0h
2025-11-22 16:16:09 | INFO | allcoins_state_tracker |     NEW: 0xedef301f13c37e789d00c3393df6b5e2ae7c0635 BUY         226 PERP 12.8h
2025-11-22 16:16:09 | INFO | allcoins_state_tracker |     NEW: 0x0b99fdbab5fbbad557b602ca8a849830f51822cd BUY         447 SPOT 12.5h
2025-11-22 16:16:09 | INFO | allcoins_state_tracker |     NEW: 0xedef301f13c37e789d00c3393df6b5e2ae7c0635 BUY         275 PERP 12.0h
2025-11-22 16:16:09 | INFO | allcoins_state_tracker |     NEW: 0xedef301f13c37e789d00c3393df6b5e2ae7c0635 BUY         220 PERP 12.0h
2025-11-22 16:16:09 | INFO | allcoins_state_tracker |     NEW: 0x36f336c0b29ff5acc3a4558bb8486b25b41b8033 SELL     20,424 SPOT 24.0h
2025-11-22 16:16:09 | INFO | allcoins_state_tracker |     NEW: 0xedef301f13c37e789d00c3393df6b5e2ae7c0635 BUY         371 PERP 20.3h
2025-11-22 16:16:09 | INFO | allcoins_state_tracker |     NEW: 0xedef301f13c37e789d00c3393df6b5e2ae7c0635 BUY         273 PERP 15.0h
2025-11-22 16:16:09 | INFO | allcoins_state_tracker |     NEW: 0xedef301f13c37e789d00c3393df6b5e2ae7c0635 BUY         273 PERP 7.0h
2025-11-22 16:16:09 | INFO | allcoins_state_tracker |     NEW: 0xb0026ca48937bd18c5941c05decab68b0fcced8a SELL      9,265 SPOT 12.5h
2025-11-22 16:16:09 | INFO | allcoins_state_tracker |     NEW: 0x0bf875556ac5f369415c18b22b1ec1e3a35a76ac BUY       1,566 PERP 22.2h
2025-11-22 16:16:09 | INFO | allcoins_state_tracker |     NEW: 0xe99d7d7f6a3664e19dfb14872d8c81813e15ab33 BUY         500 PERP 6.5h
2025-11-22 16:16:09 | INFO | allcoins_state_tracker |     NEW: 0xd01d1679643f48654e6f532c4326be2d034573e7 BUY       2,000 PERP 4.0h
2025-11-22 16:16:09 | INFO | allcoins_state_tracker |     NEW: 0x7806eeb0cdfb52dbe14ed12359526eea55612cf3 SELL        255 SPOT 2.5h
2025-11-22 16:16:09 | INFO | allcoins_state_tracker |     NEW: 0x06e0e24afba0de914849c732aa341504e8d25e23 SELL      4,000 PERP 3.5h
2025-11-22 16:16:09 | INFO | allcoins_state_tracker |     NEW: 0xc1507d280c42fc5d0fb31ac448786675806d3499 BUY          40 PERP 0.5h
2025-11-22 16:16:09 | INFO | allcoins_state_tracker |     NEW: 0x79ca2977402aba6b2e45504b94e21124f825a860 BUY       1,079 PERP 12.0h
2025-11-22 16:16:09 | INFO | allcoins_state_tracker | 
──────────────────────────────────────────────────────────────────────
2025-11-22 16:16:09 | INFO | allcoins_state_tracker | 💰 UBTC
2025-11-22 16:16:09 | INFO | allcoins_state_tracker | ──────────────────────────────────────────────────────────────────────
2025-11-22 16:16:09 | INFO | allcoins_state_tracker | Orders: 3 total | Active: 2 (3 SPOT, 0 PERP)
2025-11-22 16:16:09 | INFO | allcoins_state_tracker |   💵 SPOT - 2 Active:
2025-11-22 16:16:09 | INFO | allcoins_state_tracker |     🟢 0xfffa6fc6acc3dbe04b175862376f1c5ff88cf9c1 | BUY  |          5 |  24.0h
2025-11-22 16:16:09 | INFO | allcoins_state_tracker |     🔴 0x101ded8dec510217a437d4def7d8f4df59fddb6b | SELL |          1 |  24.0h
2025-11-22 16:16:09 | INFO | allcoins_state_tracker |   🆕 [UBTC] New orders: 3
2025-11-22 16:16:09 | INFO | allcoins_state_tracker |     NEW: 0xfffa6fc6acc3dbe04b175862376f1c5ff88cf9c1 BUY           5 SPOT 24.0h
2025-11-22 16:16:09 | INFO | allcoins_state_tracker |     NEW: 0x101ded8dec510217a437d4def7d8f4df59fddb6b SELL          1 SPOT 24.0h
2025-11-22 16:16:09 | INFO | allcoins_state_tracker |     NEW: 0xb6bcf7c699be3bad2729cb90c6e19f1589efd84c BUY           1 SPOT 24.0h
2025-11-22 16:16:09 | INFO | allcoins_state_tracker | 
──────────────────────────────────────────────────────────────────────
2025-11-22 16:16:09 | INFO | allcoins_state_tracker | 💰 BTC
2025-11-22 16:16:09 | INFO | allcoins_state_tracker | ──────────────────────────────────────────────────────────────────────
2025-11-22 16:16:09 | INFO | allcoins_state_tracker | Orders: 20 total | Active: 7 (0 SPOT, 20 PERP)
2025-11-22 16:16:09 | INFO | allcoins_state_tracker |   ⚡ PERP - 7 Active:
2025-11-22 16:16:09 | INFO | allcoins_state_tracker |     🟢 0xb28cf8649d1cda2975d290f04ea4cc4db7b3828e | BUY  |         40 |   0.5h
2025-11-22 16:16:09 | INFO | allcoins_state_tracker |     🟢 0xf967239debef10dbc78e9bbbb2d8a16b72a614eb | BUY  |          5 |   1.0h
2025-11-22 16:16:09 | INFO | allcoins_state_tracker |     🟢 0x0cda4a69e90d3930cba86d1ca37fa066713e6ce5 | BUY  |          3 |  20.5h
2025-11-22 16:16:09 | INFO | allcoins_state_tracker |     🟢 0xb19daab576041958762071560c52bc6a22d358d9 | BUY  |          2 |   0.2h
2025-11-22 16:16:09 | INFO | allcoins_state_tracker |     🟢 0x9b710c8ae66232b4c28a069ebfc1fa2cbcaec273 | BUY  |          1 |   8.0h
2025-11-22 16:16:09 | INFO | allcoins_state_tracker |     🔴 0xe6fcc492fb5ea091bdbe2e1a9f163e5039f144bc | SELL |          0 |  24.0h
2025-11-22 16:16:09 | INFO | allcoins_state_tracker |     🟢 0x47930c76790c865217472f2ddb4d14c640ee450a | BUY  |          0 |  21.0h
2025-11-22 16:16:09 | INFO | allcoins_state_tracker |   🆕 [BTC] New orders: 20
2025-11-22 16:16:09 | INFO | allcoins_state_tracker |     NEW: 0xe6fcc492fb5ea091bdbe2e1a9f163e5039f144bc SELL          0 PERP 24.0h
2025-11-22 16:16:09 | INFO | allcoins_state_tracker |     NEW: 0xae78adaba70f18c15418001263504af373884520 BUY          17 PERP 24.0h
2025-11-22 16:16:09 | INFO | allcoins_state_tracker |     NEW: 0xedef301f13c37e789d00c3393df6b5e2ae7c0635 BUY           1 PERP 24.0h
2025-11-22 16:16:09 | INFO | allcoins_state_tracker |     NEW: 0x0cda4a69e90d3930cba86d1ca37fa066713e6ce5 BUY           3 PERP 20.5h
2025-11-22 16:16:09 | INFO | allcoins_state_tracker |     NEW: 0x47930c76790c865217472f2ddb4d14c640ee450a BUY           0 PERP 21.0h
2025-11-22 16:16:09 | INFO | allcoins_state_tracker |     NEW: 0x549de4f045f71d962fff89e8c023b52b9db89c2c BUY           2 PERP 22.5h
2025-11-22 16:16:09 | INFO | allcoins_state_tracker |     NEW: 0x549de4f045f71d962fff89e8c023b52b9db89c2c BUY           2 PERP 22.5h
2025-11-22 16:16:09 | INFO | allcoins_state_tracker |     NEW: 0x549de4f045f71d962fff89e8c023b52b9db89c2c BUY           2 PERP 22.5h
2025-11-22 16:16:09 | INFO | allcoins_state_tracker |     NEW: 0x9b710c8ae66232b4c28a069ebfc1fa2cbcaec273 BUY           1 PERP 8.0h
2025-11-22 16:16:09 | INFO | allcoins_state_tracker |     NEW: 0xf967239debef10dbc78e9bbbb2d8a16b72a614eb BUY           5 PERP 1.0h
2025-11-22 16:16:09 | INFO | allcoins_state_tracker |     NEW: 0xb19daab576041958762071560c52bc6a22d358d9 BUY           1 PERP 0.5h
2025-11-22 16:16:09 | INFO | allcoins_state_tracker |     NEW: 0xb28cf8649d1cda2975d290f04ea4cc4db7b3828e BUY          40 PERP 0.5h
2025-11-22 16:16:09 | INFO | allcoins_state_tracker |     NEW: 0xb19daab576041958762071560c52bc6a22d358d9 BUY           1 PERP 0.2h
2025-11-22 16:16:09 | INFO | allcoins_state_tracker |     NEW: 0xb19daab576041958762071560c52bc6a22d358d9 BUY           1 PERP 0.2h
2025-11-22 16:16:09 | INFO | allcoins_state_tracker |     NEW: 0xb19daab576041958762071560c52bc6a22d358d9 BUY           2 PERP 0.1h
2025-11-22 16:16:09 | INFO | allcoins_state_tracker |     NEW: 0xb19daab576041958762071560c52bc6a22d358d9 BUY           2 PERP 0.1h
2025-11-22 16:16:09 | INFO | allcoins_state_tracker |     NEW: 0xb19daab576041958762071560c52bc6a22d358d9 BUY           2 PERP 0.1h
2025-11-22 16:16:09 | INFO | allcoins_state_tracker |     NEW: 0xb19daab576041958762071560c52bc6a22d358d9 BUY           2 PERP 0.2h
2025-11-22 16:16:09 | INFO | allcoins_state_tracker |     NEW: 0xb19daab576041958762071560c52bc6a22d358d9 BUY           1 PERP 0.2h
2025-11-22 16:16:09 | INFO | allcoins_state_tracker |     NEW: 0xe4c1758f36049af828051a5157a9eed703aa2401 BUY           0 PERP 0.1h
2025-11-22 16:16:09 | INFO | allcoins_state_tracker | 
──────────────────────────────────────────────────────────────────────
2025-11-22 16:16:09 | INFO | allcoins_state_tracker | 💰 SOL
2025-11-22 16:16:09 | INFO | allcoins_state_tracker | ──────────────────────────────────────────────────────────────────────
2025-11-22 16:16:09 | INFO | allcoins_state_tracker | Orders: 10 total | Active: 1 (0 SPOT, 10 PERP)
2025-11-22 16:16:09 | INFO | allcoins_state_tracker |   ⚡ PERP - 1 Active:
2025-11-22 16:16:09 | INFO | allcoins_state_tracker |     🔴 0xe6fcc492fb5ea091bdbe2e1a9f163e5039f144bc | SELL |        231 |  24.0h
2025-11-22 16:16:09 | INFO | allcoins_state_tracker |   🆕 [SOL] New orders: 10
2025-11-22 16:16:09 | INFO | allcoins_state_tracker |     NEW: 0xe6fcc492fb5ea091bdbe2e1a9f163e5039f144bc SELL        231 PERP 24.0h
2025-11-22 16:16:09 | INFO | allcoins_state_tracker |     NEW: 0x549de4f045f71d962fff89e8c023b52b9db89c2c BUY       1,018 PERP 22.5h
2025-11-22 16:16:09 | INFO | allcoins_state_tracker |     NEW: 0x549de4f045f71d962fff89e8c023b52b9db89c2c BUY       1,028 PERP 23.5h
2025-11-22 16:16:09 | INFO | allcoins_state_tracker |     NEW: 0x8e32209749102c44a847c5cbb7b4706ae8baafbd BUY          32 PERP 3.0h
2025-11-22 16:16:09 | INFO | allcoins_state_tracker |     NEW: 0x8e32209749102c44a847c5cbb7b4706ae8baafbd BUY          32 PERP 3.0h
2025-11-22 16:16:09 | INFO | allcoins_state_tracker |     NEW: 0x8e32209749102c44a847c5cbb7b4706ae8baafbd BUY          32 PERP 3.0h
2025-11-22 16:16:09 | INFO | allcoins_state_tracker |     NEW: 0x8e32209749102c44a847c5cbb7b4706ae8baafbd BUY          32 PERP 3.0h
2025-11-22 16:16:09 | INFO | allcoins_state_tracker |     NEW: 0x8e32209749102c44a847c5cbb7b4706ae8baafbd BUY          32 PERP 3.0h
2025-11-22 16:16:09 | INFO | allcoins_state_tracker |     NEW: 0x8e32209749102c44a847c5cbb7b4706ae8baafbd BUY          32 PERP 3.0h
2025-11-22 16:16:09 | INFO | allcoins_state_tracker |     NEW: 0xab2d30cad08c2aec0bf7e8bfe0032f656bf0ae39 SELL      8,000 PERP 3.1h
2025-11-22 16:16:09 | INFO | allcoins_state_tracker | 
──────────────────────────────────────────────────────────────────────
2025-11-22 16:16:09 | INFO | allcoins_state_tracker | 💰 XRP
2025-11-22 16:16:09 | INFO | allcoins_state_tracker | ──────────────────────────────────────────────────────────────────────
2025-11-22 16:16:09 | INFO | allcoins_state_tracker | Orders: 1 total | Active: 1 (0 SPOT, 1 PERP)
2025-11-22 16:16:09 | INFO | allcoins_state_tracker |   ⚡ PERP - 1 Active:
2025-11-22 16:16:09 | INFO | allcoins_state_tracker |     🔴 0xe6fcc492fb5ea091bdbe2e1a9f163e5039f144bc | SELL |     15,077 |  24.0h
2025-11-22 16:16:09 | INFO | allcoins_state_tracker |   🆕 [XRP] New orders: 1
2025-11-22 16:16:09 | INFO | allcoins_state_tracker |     NEW: 0xe6fcc492fb5ea091bdbe2e1a9f163e5039f144bc SELL     15,077 PERP 24.0h
2025-11-22 16:16:09 | INFO | allcoins_state_tracker | 
──────────────────────────────────────────────────────────────────────
2025-11-22 16:16:09 | INFO | allcoins_state_tracker | 💰 ZEC
2025-11-22 16:16:09 | INFO | allcoins_state_tracker | ──────────────────────────────────────────────────────────────────────
2025-11-22 16:16:09 | INFO | allcoins_state_tracker | Orders: 8 total | Active: 2 (0 SPOT, 8 PERP)
2025-11-22 16:16:09 | INFO | allcoins_state_tracker |   ⚡ PERP - 2 Active:
2025-11-22 16:16:09 | INFO | allcoins_state_tracker |     🔴 0xb676a78f19227ffe9a97db93263fce675e547dbf | SELL |        125 |  22.5h
2025-11-22 16:16:09 | INFO | allcoins_state_tracker |     🟢 0x3b52fc863f776f29d26e292f2eb45523e4ad1487 | BUY  |         53 |   7.1h
2025-11-22 16:16:09 | INFO | allcoins_state_tracker |   🆕 [ZEC] New orders: 8
2025-11-22 16:16:09 | INFO | allcoins_state_tracker |     NEW: 0xb676a78f19227ffe9a97db93263fce675e547dbf SELL        125 PERP 22.5h
2025-11-22 16:16:09 | INFO | allcoins_state_tracker |     NEW: 0x3b52fc863f776f29d26e292f2eb45523e4ad1487 BUY          33 PERP 11.1h
2025-11-22 16:16:09 | INFO | allcoins_state_tracker |     NEW: 0x0a11acdd1ffbdb8adfc34a84f1836f360e6f3cce BUY         292 PERP 1.0h
2025-11-22 16:16:09 | INFO | allcoins_state_tracker |     NEW: 0x0a11acdd1ffbdb8adfc34a84f1836f360e6f3cce BUY         284 PERP 1.5h
2025-11-22 16:16:09 | INFO | allcoins_state_tracker |     NEW: 0x3b52fc863f776f29d26e292f2eb45523e4ad1487 BUY          53 PERP 7.1h
2025-11-22 16:16:09 | INFO | allcoins_state_tracker |     NEW: 0x0a11acdd1ffbdb8adfc34a84f1836f360e6f3cce BUY         284 PERP 4.5h
2025-11-22 16:16:09 | INFO | allcoins_state_tracker |     NEW: 0x0a11acdd1ffbdb8adfc34a84f1836f360e6f3cce BUY         252 PERP 2.5h
2025-11-22 16:16:09 | INFO | allcoins_state_tracker |     NEW: 0x0a11acdd1ffbdb8adfc34a84f1836f360e6f3cce BUY         117 PERP 2.5h
2025-11-22 16:16:09 | INFO | allcoins_state_tracker | 
──────────────────────────────────────────────────────────────────────
2025-11-22 16:16:09 | INFO | allcoins_state_tracker | 💰 ETH
2025-11-22 16:16:09 | INFO | allcoins_state_tracker | ──────────────────────────────────────────────────────────────────────
2025-11-22 16:16:09 | INFO | allcoins_state_tracker | Orders: 4 total | Active: 3 (0 SPOT, 4 PERP)
2025-11-22 16:16:09 | INFO | allcoins_state_tracker |   ⚡ PERP - 3 Active:
2025-11-22 16:16:09 | INFO | allcoins_state_tracker |     🟢 0xb676a78f19227ffe9a97db93263fce675e547dbf | BUY  |         75 |   2.5h
2025-11-22 16:16:09 | INFO | allcoins_state_tracker |     🟢 0x072177e3d373031b7a0957e7bde1a9ea96f819ab | BUY  |         23 |   3.5h
2025-11-22 16:16:09 | INFO | allcoins_state_tracker |     🟢 0x47930c76790c865217472f2ddb4d14c640ee450a | BUY  |          9 |  20.5h
2025-11-22 16:16:09 | INFO | allcoins_state_tracker |   🆕 [ETH] New orders: 4
2025-11-22 16:16:09 | INFO | allcoins_state_tracker |     NEW: 0x47930c76790c865217472f2ddb4d14c640ee450a BUY           9 PERP 20.5h
2025-11-22 16:16:09 | INFO | allcoins_state_tracker |     NEW: 0x999907bfff987ac5e310aac051975f0740d9e4cd BUY           2 PERP 4.5h
2025-11-22 16:16:09 | INFO | allcoins_state_tracker |     NEW: 0x072177e3d373031b7a0957e7bde1a9ea96f819ab BUY          23 PERP 3.5h
2025-11-22 16:16:09 | INFO | allcoins_state_tracker |     NEW: 0xb676a78f19227ffe9a97db93263fce675e547dbf BUY          75 PERP 2.5h
2025-11-22 16:16:09 | INFO | allcoins_state_tracker | 
──────────────────────────────────────────────────────────────────────
2025-11-22 16:16:09 | INFO | allcoins_state_tracker | 💰 ASTER
2025-11-22 16:16:09 | INFO | allcoins_state_tracker | ──────────────────────────────────────────────────────────────────────
2025-11-22 16:16:09 | INFO | allcoins_state_tracker | Orders: 2 total | Active: 2 (0 SPOT, 2 PERP)
2025-11-22 16:16:09 | INFO | allcoins_state_tracker |   ⚡ PERP - 2 Active:
2025-11-22 16:16:09 | INFO | allcoins_state_tracker |     🟢 0xc7f94fb3b3ba614b9b2bf80697ab5a31917005a2 | BUY  |    316,000 |  12.0h
2025-11-22 16:16:09 | INFO | allcoins_state_tracker |     🟢 0x44b398bf3305ce9faddda0c812e931cf4ad17ec6 | BUY  |     24,966 |  24.0h
2025-11-22 16:16:09 | INFO | allcoins_state_tracker |   🆕 [ASTER] New orders: 2
2025-11-22 16:16:09 | INFO | allcoins_state_tracker |     NEW: 0x44b398bf3305ce9faddda0c812e931cf4ad17ec6 BUY      24,966 PERP 24.0h
2025-11-22 16:16:09 | INFO | allcoins_state_tracker |     NEW: 0xc7f94fb3b3ba614b9b2bf80697ab5a31917005a2 BUY     316,000 PERP 12.0h
2025-11-22 16:16:09 | INFO | allcoins_state_tracker | 
──────────────────────────────────────────────────────────────────────
2025-11-22 16:16:09 | INFO | allcoins_state_tracker | 💰 MNT
2025-11-22 16:16:09 | INFO | allcoins_state_tracker | ──────────────────────────────────────────────────────────────────────
2025-11-22 16:16:09 | INFO | allcoins_state_tracker | Orders: 2 total | Active: 0 (0 SPOT, 2 PERP)
2025-11-22 16:16:09 | INFO | allcoins_state_tracker |   🆕 [MNT] New orders: 2
2025-11-22 16:16:09 | INFO | allcoins_state_tracker |     NEW: 0x549de4f045f71d962fff89e8c023b52b9db89c2c BUY      40,531 PERP 22.5h
2025-11-22 16:16:09 | INFO | allcoins_state_tracker |     NEW: 0x549de4f045f71d962fff89e8c023b52b9db89c2c BUY      39,298 PERP 22.5h
2025-11-22 16:16:09 | INFO | allcoins_state_tracker | 
──────────────────────────────────────────────────────────────────────
2025-11-22 16:16:09 | INFO | allcoins_state_tracker | 💰 AVAX
2025-11-22 16:16:09 | INFO | allcoins_state_tracker | ──────────────────────────────────────────────────────────────────────
2025-11-22 16:16:09 | INFO | allcoins_state_tracker | Orders: 1 total | Active: 1 (0 SPOT, 1 PERP)
2025-11-22 16:16:09 | INFO | allcoins_state_tracker |   ⚡ PERP - 1 Active:
2025-11-22 16:16:09 | INFO | allcoins_state_tracker |     🔴 0x6e28520e5e4c821f55086805bfe8354d1b6df5f5 | SELL |      1,888 |  12.5h
2025-11-22 16:16:09 | INFO | allcoins_state_tracker |   🆕 [AVAX] New orders: 1
2025-11-22 16:16:09 | INFO | allcoins_state_tracker |     NEW: 0x6e28520e5e4c821f55086805bfe8354d1b6df5f5 SELL      1,888 PERP 12.5h
2025-11-22 16:16:09 | INFO | allcoins_state_tracker | 
──────────────────────────────────────────────────────────────────────
2025-11-22 16:16:09 | INFO | allcoins_state_tracker | 💰 BCH
2025-11-22 16:16:09 | INFO | allcoins_state_tracker | ──────────────────────────────────────────────────────────────────────
2025-11-22 16:16:09 | INFO | allcoins_state_tracker | Orders: 1 total | Active: 0 (0 SPOT, 1 PERP)
2025-11-22 16:16:09 | INFO | allcoins_state_tracker |   🆕 [BCH] New orders: 1
2025-11-22 16:16:09 | INFO | allcoins_state_tracker |     NEW: 0x999907bfff987ac5e310aac051975f0740d9e4cd BUY          19 PERP 8.0h
2025-11-22 16:16:09 | INFO | allcoins_state_tracker | 
──────────────────────────────────────────────────────────────────────
2025-11-22 16:16:09 | INFO | allcoins_state_tracker | 💰 ENA
2025-11-22 16:16:09 | INFO | allcoins_state_tracker | ──────────────────────────────────────────────────────────────────────
2025-11-22 16:16:09 | INFO | allcoins_state_tracker | Orders: 1 total | Active: 1 (0 SPOT, 1 PERP)
2025-11-22 16:16:09 | INFO | allcoins_state_tracker |   ⚡ PERP - 1 Active:
2025-11-22 16:16:09 | INFO | allcoins_state_tracker |     🟢 0x8e2e546506c1f97220aa9c557af7cc0fff9896e2 | BUY  |     40,000 |   5.5h
2025-11-22 16:16:09 | INFO | allcoins_state_tracker |   🆕 [ENA] New orders: 1
2025-11-22 16:16:09 | INFO | allcoins_state_tracker |     NEW: 0x8e2e546506c1f97220aa9c557af7cc0fff9896e2 BUY      40,000 PERP 5.5h
2025-11-22 16:16:09 | INFO | allcoins_state_tracker | 
──────────────────────────────────────────────────────────────────────
2025-11-22 16:16:09 | INFO | allcoins_state_tracker | 💰 xyz:NVDA
2025-11-22 16:16:09 | INFO | allcoins_state_tracker | ──────────────────────────────────────────────────────────────────────
2025-11-22 16:16:09 | INFO | allcoins_state_tracker | Orders: 1 total | Active: 0 (1 SPOT, 0 PERP)
2025-11-22 16:16:09 | INFO | allcoins_state_tracker |   🆕 [xyz:NVDA] New orders: 1
2025-11-22 16:16:09 | INFO | allcoins_state_tracker |     NEW: 0x7feba916f89777637de8a6929f2fec557c99e001 BUY         258 SPOT 5.5h
2025-11-22 16:16:09 | INFO | allcoins_state_tracker | 
──────────────────────────────────────────────────────────────────────
2025-11-22 16:16:09 | INFO | allcoins_state_tracker | 💰 UPUMP
2025-11-22 16:16:09 | INFO | allcoins_state_tracker | ──────────────────────────────────────────────────────────────────────
2025-11-22 16:16:09 | INFO | allcoins_state_tracker | Orders: 1 total | Active: 0 (1 SPOT, 0 PERP)
2025-11-22 16:16:09 | INFO | allcoins_state_tracker |   🆕 [UPUMP] New orders: 1
2025-11-22 16:16:09 | INFO | allcoins_state_tracker |     NEW: 0xa23190045c4aebeb724844ce622465475e539bae BUY  566,979,135 SPOT 6.0h
2025-11-22 16:16:09 | INFO | allcoins_state_tracker | 
──────────────────────────────────────────────────────────────────────
2025-11-22 16:16:09 | INFO | allcoins_state_tracker | 💰 PUMP
2025-11-22 16:16:09 | INFO | allcoins_state_tracker | ──────────────────────────────────────────────────────────────────────
2025-11-22 16:16:09 | INFO | allcoins_state_tracker | Orders: 1 total | Active: 0 (0 SPOT, 1 PERP)
2025-11-22 16:16:09 | INFO | allcoins_state_tracker |   🆕 [PUMP] New orders: 1
2025-11-22 16:16:09 | INFO | allcoins_state_tracker |     NEW: 0xa23190045c4aebeb724844ce622465475e539bae SELL 565,376,352 PERP 16.0h
2025-11-22 16:16:09 | INFO | allcoins_state_tracker | 
──────────────────────────────────────────────────────────────────────
2025-11-22 16:16:09 | INFO | allcoins_state_tracker | 💰 FARTCOIN
2025-11-22 16:16:09 | INFO | allcoins_state_tracker | ──────────────────────────────────────────────────────────────────────
2025-11-22 16:16:09 | INFO | allcoins_state_tracker | Orders: 1 total | Active: 0 (0 SPOT, 1 PERP)
2025-11-22 16:16:09 | INFO | allcoins_state_tracker |   🆕 [FARTCOIN] New orders: 1
2025-11-22 16:16:09 | INFO | allcoins_state_tracker |     NEW: 0x69523edb8337e624ea97a0c097ac5d3dede8e3d5 BUY      25,075 PERP 0.5h
2025-11-22 16:16:09 | INFO | allcoins_state_tracker | 
──────────────────────────────────────────────────────────────────────
2025-11-22 16:16:09 | INFO | allcoins_state_tracker | 💰 USOL
2025-11-22 16:16:09 | INFO | allcoins_state_tracker | ──────────────────────────────────────────────────────────────────────
2025-11-22 16:16:09 | INFO | allcoins_state_tracker | Orders: 1 total | Active: 1 (1 SPOT, 0 PERP)
2025-11-22 16:16:09 | INFO | allcoins_state_tracker |   💵 SPOT - 1 Active:
2025-11-22 16:16:09 | INFO | allcoins_state_tracker |     🔴 0xaa5e5c13c9d565a6317e81a10da6793d71e9b644 | SELL |          8 |   0.5h
2025-11-22 16:16:09 | INFO | allcoins_state_tracker |   🆕 [USOL] New orders: 1
2025-11-22 16:16:09 | INFO | allcoins_state_tracker |     NEW: 0xaa5e5c13c9d565a6317e81a10da6793d71e9b644 SELL          8 SPOT 0.5h
2025-11-22 16:16:09 | INFO | allcoins_state_tracker | 
──────────────────────────────────────────────────────────────────────
2025-11-22 16:16:09 | INFO | allcoins_state_tracker | 💰 kPEPE
2025-11-22 16:16:09 | INFO | allcoins_state_tracker | ──────────────────────────────────────────────────────────────────────
2025-11-22 16:16:09 | INFO | allcoins_state_tracker | Orders: 1 total | Active: 1 (0 SPOT, 1 PERP)
2025-11-22 16:16:09 | INFO | allcoins_state_tracker |   ⚡ PERP - 1 Active:
2025-11-22 16:16:09 | INFO | allcoins_state_tracker |     🔴 0x4faf9534f8f029d03561d245b3b442b1c2e14ee2 | SELL |  4,901,960 |   1.5h
2025-11-22 16:16:09 | INFO | allcoins_state_tracker |   🆕 [kPEPE] New orders: 1
2025-11-22 16:16:09 | INFO | allcoins_state_tracker |     NEW: 0x4faf9534f8f029d03561d245b3b442b1c2e14ee2 SELL  4,901,960 PERP 1.5h
2025-11-22 16:16:09 | INFO | allcoins_state_tracker | 
──────────────────────────────────────────────────────────────────────
2025-11-22 16:16:09 | INFO | allcoins_state_tracker | 💰 ARB
2025-11-22 16:16:09 | INFO | allcoins_state_tracker | ──────────────────────────────────────────────────────────────────────
2025-11-22 16:16:09 | INFO | allcoins_state_tracker | Orders: 1 total | Active: 1 (0 SPOT, 1 PERP)
2025-11-22 16:16:09 | INFO | allcoins_state_tracker |   ⚡ PERP - 1 Active:
2025-11-22 16:16:09 | INFO | allcoins_state_tracker |     🔴 0x47f5a6397b79deaaca5c456503e7c1a49357b942 | SELL |    188,400 |   4.0h
2025-11-22 16:16:09 | INFO | allcoins_state_tracker |   🆕 [ARB] New orders: 1
2025-11-22 16:16:09 | INFO | allcoins_state_tracker |     NEW: 0x47f5a6397b79deaaca5c456503e7c1a49357b942 SELL    188,400 PERP 4.0h
2025-11-22 16:16:09 | INFO | allcoins_state_tracker | 
──────────────────────────────────────────────────────────────────────
2025-11-22 16:16:09 | INFO | allcoins_state_tracker | 💰 MON
2025-11-22 16:16:09 | INFO | allcoins_state_tracker | ──────────────────────────────────────────────────────────────────────
2025-11-22 16:16:09 | INFO | allcoins_state_tracker | Orders: 1 total | Active: 1 (0 SPOT, 1 PERP)
2025-11-22 16:16:09 | INFO | allcoins_state_tracker |   ⚡ PERP - 1 Active:
2025-11-22 16:16:09 | INFO | allcoins_state_tracker |     🟢 0x2ea1facb960ff93907f365e2e370e2e50c0ef24e | BUY  |    628,464 |   5.5h
2025-11-22 16:16:09 | INFO | allcoins_state_tracker |   🆕 [MON] New orders: 1
2025-11-22 16:16:09 | INFO | allcoins_state_tracker |     NEW: 0x2ea1facb960ff93907f365e2e370e2e50c0ef24e BUY     628,464 PERP 5.5h
2025-11-22 16:16:09 | INFO | allcoins_state_tracker | ======================================================================
2025-11-22 16:16:09 | INFO | allcoins_state_tracker | 📊 GLOBAL SUMMARY
2025-11-22 16:16:09 | INFO | allcoins_state_tracker | Coins with active orders: 14
2025-11-22 16:16:09 | INFO | allcoins_state_tracker | Total orders tracked: 76 (37 active)
2025-11-22 16:16:09 | INFO | allcoins_state_tracker | Total addresses seen: 1202
2025-11-22 16:16:09 | INFO | allcoins_state_tracker | Active coins: ARB, ASTER, AVAX, BTC, ENA, ETH, HYPE, MON, SOL, UBTC, USOL, XRP, ZEC, kPEPE
2025-11-22 16:16:09 | INFO | allcoins_state_tracker | ======================================================================
2025-11-22 16:19:09 | INFO | allcoins_state_tracker | 
======================================================================
2025-11-22 16:19:09 | INFO | allcoins_state_tracker | ALL COINS UPDATE #2
2025-11-22 16:19:09 | INFO | allcoins_state_tracker | Timestamp: 2025-11-22 16:19:09
2025-11-22 16:19:09 | INFO | allcoins_state_tracker | ======================================================================
2025-11-22 16:19:09 | INFO | allcoins_state_tracker | 
──────────────────────────────────────────────────────────────────────
2025-11-22 16:19:09 | INFO | allcoins_state_tracker | 💰 HYPE
2025-11-22 16:19:09 | INFO | allcoins_state_tracker | ──────────────────────────────────────────────────────────────────────
2025-11-22 16:19:09 | INFO | allcoins_state_tracker | Orders: 23 total | Active: 14 (5 SPOT, 18 PERP)
2025-11-22 16:19:09 | INFO | allcoins_state_tracker |   💵 SPOT - 5 Active:
2025-11-22 16:19:09 | INFO | allcoins_state_tracker |     🔴 0x36f336c0b29ff5acc3a4558bb8486b25b41b8033 | SELL |     20,424 |  24.0h
2025-11-22 16:19:09 | INFO | allcoins_state_tracker |     🔴 0xb0026ca48937bd18c5941c05decab68b0fcced8a | SELL |      9,265 |  12.5h
2025-11-22 16:19:09 | INFO | allcoins_state_tracker |     🔴 0xae3240efe74fe86faec26cf9a86584b0e5370c25 | SELL |      1,000 |   8.5h
2025-11-22 16:19:09 | INFO | allcoins_state_tracker |     🟢 0x0b99fdbab5fbbad557b602ca8a849830f51822cd | BUY  |        447 |  12.5h
2025-11-22 16:19:09 | INFO | allcoins_state_tracker |     🔴 0x7806eeb0cdfb52dbe14ed12359526eea55612cf3 | SELL |        255 |   2.5h
2025-11-22 16:19:09 | INFO | allcoins_state_tracker |   ⚡ PERP - 9 Active:
2025-11-22 16:19:09 | INFO | allcoins_state_tracker |     🔴 0xac487c027ffe32021bbba77e30786f8c8f353201 | SELL |     30,000 |  24.0h
2025-11-22 16:19:09 | INFO | allcoins_state_tracker |     🔴 0xac487c027ffe32021bbba77e30786f8c8f353201 | SELL |     20,000 |  24.0h
2025-11-22 16:19:09 | INFO | allcoins_state_tracker |     🟢 0xe6fcc492fb5ea091bdbe2e1a9f163e5039f144bc | BUY  |      3,560 |  24.0h
2025-11-22 16:19:09 | INFO | allcoins_state_tracker |     🟢 0xd01d1679643f48654e6f532c4326be2d034573e7 | BUY  |      2,000 |   4.0h
2025-11-22 16:19:09 | INFO | allcoins_state_tracker |     🟢 0x0bf875556ac5f369415c18b22b1ec1e3a35a76ac | BUY  |      1,566 |  22.2h
2025-11-22 16:19:09 | INFO | allcoins_state_tracker |     🟢 0x79ca2977402aba6b2e45504b94e21124f825a860 | BUY  |      1,079 |  12.0h
2025-11-22 16:19:09 | INFO | allcoins_state_tracker |     🟢 0xe6fcc492fb5ea091bdbe2e1a9f163e5039f144bc | BUY  |        977 |  24.0h
2025-11-22 16:19:09 | INFO | allcoins_state_tracker |     🟢 0xe99d7d7f6a3664e19dfb14872d8c81813e15ab33 | BUY  |        500 |   6.5h
2025-11-22 16:19:09 | INFO | allcoins_state_tracker |     🟢 0xc1507d280c42fc5d0fb31ac448786675806d3499 | BUY  |         40 |   0.5h
2025-11-22 16:19:09 | INFO | allcoins_state_tracker |   🆕 [HYPE] New orders: 1
2025-11-22 16:19:09 | INFO | allcoins_state_tracker |     NEW: 0xae3240efe74fe86faec26cf9a86584b0e5370c25 SELL      1,000 SPOT 8.5h
2025-11-22 16:19:09 | INFO | allcoins_state_tracker | 
──────────────────────────────────────────────────────────────────────
2025-11-22 16:19:09 | INFO | allcoins_state_tracker | 💰 UBTC
2025-11-22 16:19:09 | INFO | allcoins_state_tracker | ──────────────────────────────────────────────────────────────────────
2025-11-22 16:19:09 | INFO | allcoins_state_tracker | Orders: 3 total | Active: 2 (3 SPOT, 0 PERP)
2025-11-22 16:19:09 | INFO | allcoins_state_tracker |   💵 SPOT - 2 Active:
2025-11-22 16:19:09 | INFO | allcoins_state_tracker |     🟢 0xfffa6fc6acc3dbe04b175862376f1c5ff88cf9c1 | BUY  |          5 |  24.0h
2025-11-22 16:19:09 | INFO | allcoins_state_tracker |     🔴 0x101ded8dec510217a437d4def7d8f4df59fddb6b | SELL |          1 |  24.0h
2025-11-22 16:19:09 | INFO | allcoins_state_tracker | 
──────────────────────────────────────────────────────────────────────
2025-11-22 16:19:09 | INFO | allcoins_state_tracker | 💰 BTC
2025-11-22 16:19:09 | INFO | allcoins_state_tracker | ──────────────────────────────────────────────────────────────────────
2025-11-22 16:19:09 | INFO | allcoins_state_tracker | Orders: 18 total | Active: 10 (0 SPOT, 18 PERP)
2025-11-22 16:19:09 | INFO | allcoins_state_tracker |   ⚡ PERP - 10 Active:
2025-11-22 16:19:09 | INFO | allcoins_state_tracker |     🟢 0xb28cf8649d1cda2975d290f04ea4cc4db7b3828e | BUY  |         40 |   0.5h
2025-11-22 16:19:09 | INFO | allcoins_state_tracker |     🟢 0xf967239debef10dbc78e9bbbb2d8a16b72a614eb | BUY  |          5 |   1.0h
2025-11-22 16:19:09 | INFO | allcoins_state_tracker |     🟢 0x0cda4a69e90d3930cba86d1ca37fa066713e6ce5 | BUY  |          3 |  20.5h
2025-11-22 16:19:09 | INFO | allcoins_state_tracker |     🟢 0x9b710c8ae66232b4c28a069ebfc1fa2cbcaec273 | BUY  |          1 |   8.0h
2025-11-22 16:19:09 | INFO | allcoins_state_tracker |     🔴 0xe6fcc492fb5ea091bdbe2e1a9f163e5039f144bc | SELL |          0 |  24.0h
2025-11-22 16:19:09 | INFO | allcoins_state_tracker |     🟢 0x47930c76790c865217472f2ddb4d14c640ee450a | BUY  |          0 |  21.0h
2025-11-22 16:19:09 | INFO | allcoins_state_tracker |     🟢 0xb19daab576041958762071560c52bc6a22d358d9 | BUY  |          0 |   0.2h
2025-11-22 16:19:09 | INFO | allcoins_state_tracker |     🟢 0xb19daab576041958762071560c52bc6a22d358d9 | BUY  |          0 |   0.1h
2025-11-22 16:19:09 | INFO | allcoins_state_tracker |     🟢 0xb19daab576041958762071560c52bc6a22d358d9 | BUY  |          0 |   0.1h
2025-11-22 16:19:09 | INFO | allcoins_state_tracker |     🟢 0xb19daab576041958762071560c52bc6a22d358d9 | BUY  |          0 |   0.1h
2025-11-22 16:19:09 | INFO | allcoins_state_tracker |   🆕 [BTC] New orders: 4
2025-11-22 16:19:09 | INFO | allcoins_state_tracker |     NEW: 0xb19daab576041958762071560c52bc6a22d358d9 BUY           0 PERP 0.2h
2025-11-22 16:19:09 | INFO | allcoins_state_tracker |     NEW: 0xb19daab576041958762071560c52bc6a22d358d9 BUY           0 PERP 0.1h
2025-11-22 16:19:09 | INFO | allcoins_state_tracker |     NEW: 0xb19daab576041958762071560c52bc6a22d358d9 BUY           0 PERP 0.1h
2025-11-22 16:19:09 | INFO | allcoins_state_tracker |     NEW: 0xb19daab576041958762071560c52bc6a22d358d9 BUY           0 PERP 0.1h
2025-11-22 16:19:09 | WARNING | allcoins_state_tracker |   🔄 [BTC] Status changes: 1
2025-11-22 16:19:09 | WARNING | allcoins_state_tracker |     STATUS: 0xb19daab576041958762071560c52bc6a22d358d9 BUY           2 active → error
2025-11-22 16:19:09 | INFO | allcoins_state_tracker | 
──────────────────────────────────────────────────────────────────────
2025-11-22 16:19:09 | INFO | allcoins_state_tracker | 💰 SOL
2025-11-22 16:19:09 | INFO | allcoins_state_tracker | ──────────────────────────────────────────────────────────────────────
2025-11-22 16:19:09 | INFO | allcoins_state_tracker | Orders: 10 total | Active: 1 (0 SPOT, 10 PERP)
2025-11-22 16:19:09 | INFO | allcoins_state_tracker |   ⚡ PERP - 1 Active:
2025-11-22 16:19:09 | INFO | allcoins_state_tracker |     🔴 0xe6fcc492fb5ea091bdbe2e1a9f163e5039f144bc | SELL |        231 |  24.0h
2025-11-22 16:19:09 | INFO | allcoins_state_tracker | 
──────────────────────────────────────────────────────────────────────
2025-11-22 16:19:09 | INFO | allcoins_state_tracker | 💰 XRP
2025-11-22 16:19:09 | INFO | allcoins_state_tracker | ──────────────────────────────────────────────────────────────────────
2025-11-22 16:19:09 | INFO | allcoins_state_tracker | Orders: 1 total | Active: 1 (0 SPOT, 1 PERP)
2025-11-22 16:19:09 | INFO | allcoins_state_tracker |   ⚡ PERP - 1 Active:
2025-11-22 16:19:09 | INFO | allcoins_state_tracker |     🔴 0xe6fcc492fb5ea091bdbe2e1a9f163e5039f144bc | SELL |     15,077 |  24.0h
2025-11-22 16:19:09 | INFO | allcoins_state_tracker | 
──────────────────────────────────────────────────────────────────────
2025-11-22 16:19:09 | INFO | allcoins_state_tracker | 💰 ZEC
2025-11-22 16:19:09 | INFO | allcoins_state_tracker | ──────────────────────────────────────────────────────────────────────
2025-11-22 16:19:09 | INFO | allcoins_state_tracker | Orders: 7 total | Active: 2 (0 SPOT, 7 PERP)
2025-11-22 16:19:09 | INFO | allcoins_state_tracker |   ⚡ PERP - 2 Active:
2025-11-22 16:19:09 | INFO | allcoins_state_tracker |     🔴 0xb676a78f19227ffe9a97db93263fce675e547dbf | SELL |        125 |  22.5h
2025-11-22 16:19:09 | INFO | allcoins_state_tracker |     🟢 0x3b52fc863f776f29d26e292f2eb45523e4ad1487 | BUY  |         53 |   7.1h
2025-11-22 16:19:09 | INFO | allcoins_state_tracker | 
──────────────────────────────────────────────────────────────────────
2025-11-22 16:19:09 | INFO | allcoins_state_tracker | 💰 ETH
2025-11-22 16:19:09 | INFO | allcoins_state_tracker | ──────────────────────────────────────────────────────────────────────
2025-11-22 16:19:09 | INFO | allcoins_state_tracker | Orders: 4 total | Active: 3 (0 SPOT, 4 PERP)
2025-11-22 16:19:09 | INFO | allcoins_state_tracker |   ⚡ PERP - 3 Active:
2025-11-22 16:19:09 | INFO | allcoins_state_tracker |     🟢 0xb676a78f19227ffe9a97db93263fce675e547dbf | BUY  |         75 |   2.5h
2025-11-22 16:19:09 | INFO | allcoins_state_tracker |     🟢 0x072177e3d373031b7a0957e7bde1a9ea96f819ab | BUY  |         23 |   3.5h
2025-11-22 16:19:09 | INFO | allcoins_state_tracker |     🟢 0x47930c76790c865217472f2ddb4d14c640ee450a | BUY  |          9 |  20.5h
2025-11-22 16:19:09 | INFO | allcoins_state_tracker | 
──────────────────────────────────────────────────────────────────────
2025-11-22 16:19:09 | INFO | allcoins_state_tracker | 💰 ASTER
2025-11-22 16:19:09 | INFO | allcoins_state_tracker | ──────────────────────────────────────────────────────────────────────
2025-11-22 16:19:09 | INFO | allcoins_state_tracker | Orders: 2 total | Active: 2 (0 SPOT, 2 PERP)
2025-11-22 16:19:09 | INFO | allcoins_state_tracker |   ⚡ PERP - 2 Active:
2025-11-22 16:19:09 | INFO | allcoins_state_tracker |     🟢 0xc7f94fb3b3ba614b9b2bf80697ab5a31917005a2 | BUY  |    316,000 |  12.0h
2025-11-22 16:19:09 | INFO | allcoins_state_tracker |     🟢 0x44b398bf3305ce9faddda0c812e931cf4ad17ec6 | BUY  |     24,966 |  24.0h
2025-11-22 16:19:09 | INFO | allcoins_state_tracker | 
──────────────────────────────────────────────────────────────────────
2025-11-22 16:19:09 | INFO | allcoins_state_tracker | 💰 MNT
2025-11-22 16:19:09 | INFO | allcoins_state_tracker | ──────────────────────────────────────────────────────────────────────
2025-11-22 16:19:09 | INFO | allcoins_state_tracker | Orders: 2 total | Active: 0 (0 SPOT, 2 PERP)
2025-11-22 16:19:09 | INFO | allcoins_state_tracker | 
──────────────────────────────────────────────────────────────────────
2025-11-22 16:19:09 | INFO | allcoins_state_tracker | 💰 AVAX
2025-11-22 16:19:09 | INFO | allcoins_state_tracker | ──────────────────────────────────────────────────────────────────────
2025-11-22 16:19:09 | INFO | allcoins_state_tracker | Orders: 1 total | Active: 1 (0 SPOT, 1 PERP)
2025-11-22 16:19:09 | INFO | allcoins_state_tracker |   ⚡ PERP - 1 Active:
2025-11-22 16:19:09 | INFO | allcoins_state_tracker |     🔴 0x6e28520e5e4c821f55086805bfe8354d1b6df5f5 | SELL |      1,888 |  12.5h
2025-11-22 16:19:09 | INFO | allcoins_state_tracker | 
──────────────────────────────────────────────────────────────────────
2025-11-22 16:19:09 | INFO | allcoins_state_tracker | 💰 BCH
2025-11-22 16:19:09 | INFO | allcoins_state_tracker | ──────────────────────────────────────────────────────────────────────
2025-11-22 16:19:09 | INFO | allcoins_state_tracker | Orders: 1 total | Active: 0 (0 SPOT, 1 PERP)
2025-11-22 16:19:09 | INFO | allcoins_state_tracker | 
──────────────────────────────────────────────────────────────────────
2025-11-22 16:19:09 | INFO | allcoins_state_tracker | 💰 ENA
2025-11-22 16:19:09 | INFO | allcoins_state_tracker | ──────────────────────────────────────────────────────────────────────
2025-11-22 16:19:09 | INFO | allcoins_state_tracker | Orders: 1 total | Active: 1 (0 SPOT, 1 PERP)
2025-11-22 16:19:09 | INFO | allcoins_state_tracker |   ⚡ PERP - 1 Active:
2025-11-22 16:19:09 | INFO | allcoins_state_tracker |     🟢 0x8e2e546506c1f97220aa9c557af7cc0fff9896e2 | BUY  |     40,000 |   5.5h
2025-11-22 16:19:09 | INFO | allcoins_state_tracker | 
──────────────────────────────────────────────────────────────────────
2025-11-22 16:19:09 | INFO | allcoins_state_tracker | 💰 xyz:NVDA
2025-11-22 16:19:09 | INFO | allcoins_state_tracker | ──────────────────────────────────────────────────────────────────────
2025-11-22 16:19:09 | INFO | allcoins_state_tracker | Orders: 1 total | Active: 0 (1 SPOT, 0 PERP)
2025-11-22 16:19:09 | INFO | allcoins_state_tracker | 
──────────────────────────────────────────────────────────────────────
2025-11-22 16:19:09 | INFO | allcoins_state_tracker | 💰 UPUMP
2025-11-22 16:19:09 | INFO | allcoins_state_tracker | ──────────────────────────────────────────────────────────────────────
2025-11-22 16:19:09 | INFO | allcoins_state_tracker | Orders: 1 total | Active: 0 (1 SPOT, 0 PERP)
2025-11-22 16:19:09 | INFO | allcoins_state_tracker | 
──────────────────────────────────────────────────────────────────────
2025-11-22 16:19:09 | INFO | allcoins_state_tracker | 💰 PUMP
2025-11-22 16:19:09 | INFO | allcoins_state_tracker | ──────────────────────────────────────────────────────────────────────
2025-11-22 16:19:09 | INFO | allcoins_state_tracker | Orders: 1 total | Active: 0 (0 SPOT, 1 PERP)
2025-11-22 16:19:09 | INFO | allcoins_state_tracker | 
──────────────────────────────────────────────────────────────────────
2025-11-22 16:19:09 | INFO | allcoins_state_tracker | 💰 FARTCOIN
2025-11-22 16:19:09 | INFO | allcoins_state_tracker | ──────────────────────────────────────────────────────────────────────
2025-11-22 16:19:09 | INFO | allcoins_state_tracker | Orders: 1 total | Active: 0 (0 SPOT, 1 PERP)
2025-11-22 16:19:09 | INFO | allcoins_state_tracker | 
──────────────────────────────────────────────────────────────────────
2025-11-22 16:19:09 | INFO | allcoins_state_tracker | 💰 USOL
2025-11-22 16:19:09 | INFO | allcoins_state_tracker | ──────────────────────────────────────────────────────────────────────
2025-11-22 16:19:09 | INFO | allcoins_state_tracker | Orders: 1 total | Active: 1 (1 SPOT, 0 PERP)
2025-11-22 16:19:09 | INFO | allcoins_state_tracker |   💵 SPOT - 1 Active:
2025-11-22 16:19:09 | INFO | allcoins_state_tracker |     🔴 0xaa5e5c13c9d565a6317e81a10da6793d71e9b644 | SELL |          8 |   0.5h
2025-11-22 16:19:09 | INFO | allcoins_state_tracker | 
──────────────────────────────────────────────────────────────────────
2025-11-22 16:19:09 | INFO | allcoins_state_tracker | 💰 kPEPE
2025-11-22 16:19:09 | INFO | allcoins_state_tracker | ──────────────────────────────────────────────────────────────────────
2025-11-22 16:19:09 | INFO | allcoins_state_tracker | Orders: 1 total | Active: 1 (0 SPOT, 1 PERP)
2025-11-22 16:19:09 | INFO | allcoins_state_tracker |   ⚡ PERP - 1 Active:
2025-11-22 16:19:09 | INFO | allcoins_state_tracker |     🔴 0x4faf9534f8f029d03561d245b3b442b1c2e14ee2 | SELL |  4,901,960 |   1.5h
2025-11-22 16:19:09 | INFO | allcoins_state_tracker | 
──────────────────────────────────────────────────────────────────────
2025-11-22 16:19:09 | INFO | allcoins_state_tracker | 💰 ARB
2025-11-22 16:19:09 | INFO | allcoins_state_tracker | ──────────────────────────────────────────────────────────────────────
2025-11-22 16:19:09 | INFO | allcoins_state_tracker | Orders: 1 total | Active: 1 (0 SPOT, 1 PERP)
2025-11-22 16:19:09 | INFO | allcoins_state_tracker |   ⚡ PERP - 1 Active:
2025-11-22 16:19:09 | INFO | allcoins_state_tracker |     🔴 0x47f5a6397b79deaaca5c456503e7c1a49357b942 | SELL |    188,400 |   4.0h
2025-11-22 16:19:09 | INFO | allcoins_state_tracker | 
──────────────────────────────────────────────────────────────────────
2025-11-22 16:19:09 | INFO | allcoins_state_tracker | 💰 MON
2025-11-22 16:19:09 | INFO | allcoins_state_tracker | ──────────────────────────────────────────────────────────────────────
2025-11-22 16:19:09 | INFO | allcoins_state_tracker | Orders: 1 total | Active: 1 (0 SPOT, 1 PERP)
2025-11-22 16:19:09 | INFO | allcoins_state_tracker |   ⚡ PERP - 1 Active:
2025-11-22 16:19:09 | INFO | allcoins_state_tracker |     🟢 0x2ea1facb960ff93907f365e2e370e2e50c0ef24e | BUY  |    628,464 |   5.5h
2025-11-22 16:19:09 | INFO | allcoins_state_tracker | ======================================================================
2025-11-22 16:19:09 | INFO | allcoins_state_tracker | 📊 GLOBAL SUMMARY
2025-11-22 16:19:09 | INFO | allcoins_state_tracker | Coins with active orders: 14
2025-11-22 16:19:09 | INFO | allcoins_state_tracker | Total orders tracked: 74 (41 active)
2025-11-22 16:19:09 | INFO | allcoins_state_tracker | Total addresses seen: 1202
2025-11-22 16:19:09 | INFO | allcoins_state_tracker | Active coins: ARB, ASTER, AVAX, BTC, ENA, ETH, HYPE, MON, SOL, UBTC, USOL, XRP, ZEC, kPEPE
2025-11-22 16:19:09 | INFO | allcoins_state_tracker | ======================================================================
2025-11-22 16:22:09 | INFO | allcoins_state_tracker | 
======================================================================
2025-11-22 16:22:09 | INFO | allcoins_state_tracker | ALL COINS UPDATE #3
2025-11-22 16:22:09 | INFO | allcoins_state_tracker | Timestamp: 2025-11-22 16:22:09
2025-11-22 16:22:09 | INFO | allcoins_state_tracker | ======================================================================
2025-11-22 16:22:09 | INFO | allcoins_state_tracker | 
──────────────────────────────────────────────────────────────────────
2025-11-22 16:22:09 | INFO | allcoins_state_tracker | 💰 HYPE
2025-11-22 16:22:09 | INFO | allcoins_state_tracker | ──────────────────────────────────────────────────────────────────────
2025-11-22 16:22:09 | INFO | allcoins_state_tracker | Orders: 23 total | Active: 14 (5 SPOT, 18 PERP)
2025-11-22 16:22:09 | INFO | allcoins_state_tracker |   💵 SPOT - 5 Active:
2025-11-22 16:22:09 | INFO | allcoins_state_tracker |     🔴 0x36f336c0b29ff5acc3a4558bb8486b25b41b8033 | SELL |     20,424 |  24.0h
2025-11-22 16:22:09 | INFO | allcoins_state_tracker |     🔴 0xb0026ca48937bd18c5941c05decab68b0fcced8a | SELL |      9,265 |  12.5h
2025-11-22 16:22:09 | INFO | allcoins_state_tracker |     🔴 0xae3240efe74fe86faec26cf9a86584b0e5370c25 | SELL |      1,000 |   8.5h
2025-11-22 16:22:09 | INFO | allcoins_state_tracker |     🟢 0x0b99fdbab5fbbad557b602ca8a849830f51822cd | BUY  |        447 |  12.5h
2025-11-22 16:22:09 | INFO | allcoins_state_tracker |     🔴 0x7806eeb0cdfb52dbe14ed12359526eea55612cf3 | SELL |        255 |   2.5h
2025-11-22 16:22:09 | INFO | allcoins_state_tracker |   ⚡ PERP - 9 Active:
2025-11-22 16:22:09 | INFO | allcoins_state_tracker |     🔴 0xac487c027ffe32021bbba77e30786f8c8f353201 | SELL |     30,000 |  24.0h
2025-11-22 16:22:09 | INFO | allcoins_state_tracker |     🔴 0xac487c027ffe32021bbba77e30786f8c8f353201 | SELL |     20,000 |  24.0h
2025-11-22 16:22:09 | INFO | allcoins_state_tracker |     🟢 0xe6fcc492fb5ea091bdbe2e1a9f163e5039f144bc | BUY  |      3,560 |  24.0h
2025-11-22 16:22:09 | INFO | allcoins_state_tracker |     🟢 0xd01d1679643f48654e6f532c4326be2d034573e7 | BUY  |      2,000 |   4.0h
2025-11-22 16:22:09 | INFO | allcoins_state_tracker |     🟢 0x0bf875556ac5f369415c18b22b1ec1e3a35a76ac | BUY  |      1,566 |  22.2h
2025-11-22 16:22:09 | INFO | allcoins_state_tracker |     🟢 0x79ca2977402aba6b2e45504b94e21124f825a860 | BUY  |      1,079 |  12.0h
2025-11-22 16:22:09 | INFO | allcoins_state_tracker |     🟢 0xe6fcc492fb5ea091bdbe2e1a9f163e5039f144bc | BUY  |        977 |  24.0h
2025-11-22 16:22:09 | INFO | allcoins_state_tracker |     🟢 0xe99d7d7f6a3664e19dfb14872d8c81813e15ab33 | BUY  |        500 |   6.5h
2025-11-22 16:22:09 | INFO | allcoins_state_tracker |     🟢 0xc1507d280c42fc5d0fb31ac448786675806d3499 | BUY  |         40 |   0.5h
2025-11-22 16:22:09 | INFO | allcoins_state_tracker | 
──────────────────────────────────────────────────────────────────────
2025-11-22 16:22:09 | INFO | allcoins_state_tracker | 💰 UBTC
2025-11-22 16:22:09 | INFO | allcoins_state_tracker | ──────────────────────────────────────────────────────────────────────
2025-11-22 16:22:09 | INFO | allcoins_state_tracker | Orders: 3 total | Active: 2 (3 SPOT, 0 PERP)
2025-11-22 16:22:09 | INFO | allcoins_state_tracker |   💵 SPOT - 2 Active:
2025-11-22 16:22:09 | INFO | allcoins_state_tracker |     🟢 0xfffa6fc6acc3dbe04b175862376f1c5ff88cf9c1 | BUY  |          5 |  24.0h
2025-11-22 16:22:09 | INFO | allcoins_state_tracker |     🔴 0x101ded8dec510217a437d4def7d8f4df59fddb6b | SELL |          1 |  24.0h
2025-11-22 16:22:09 | INFO | allcoins_state_tracker | 
──────────────────────────────────────────────────────────────────────
2025-11-22 16:22:09 | INFO | allcoins_state_tracker | 💰 BTC
2025-11-22 16:22:09 | INFO | allcoins_state_tracker | ──────────────────────────────────────────────────────────────────────
2025-11-22 16:22:09 | INFO | allcoins_state_tracker | Orders: 15 total | Active: 5 (0 SPOT, 15 PERP)
2025-11-22 16:22:09 | INFO | allcoins_state_tracker |   ⚡ PERP - 5 Active:
2025-11-22 16:22:09 | INFO | allcoins_state_tracker |     🟢 0xf967239debef10dbc78e9bbbb2d8a16b72a614eb | BUY  |          5 |   1.0h
2025-11-22 16:22:09 | INFO | allcoins_state_tracker |     🟢 0x0cda4a69e90d3930cba86d1ca37fa066713e6ce5 | BUY  |          3 |  20.5h
2025-11-22 16:22:09 | INFO | allcoins_state_tracker |     🟢 0x9b710c8ae66232b4c28a069ebfc1fa2cbcaec273 | BUY  |          1 |   8.0h
2025-11-22 16:22:09 | INFO | allcoins_state_tracker |     🔴 0xe6fcc492fb5ea091bdbe2e1a9f163e5039f144bc | SELL |          0 |  24.0h
2025-11-22 16:22:09 | INFO | allcoins_state_tracker |     🟢 0x47930c76790c865217472f2ddb4d14c640ee450a | BUY  |          0 |  21.0h
2025-11-22 16:22:09 | INFO | allcoins_state_tracker |   ✅ [BTC] Completed: 2
2025-11-22 16:22:09 | INFO | allcoins_state_tracker |     COMPLETED: 0xb28cf8649d1cda2975d290f04ea4cc4db7b3828e BUY          40 0.5h (status: active)
2025-11-22 16:22:09 | INFO | allcoins_state_tracker |     COMPLETED: 0xb19daab576041958762071560c52bc6a22d358d9 BUY           0 0.1h (status: active)
2025-11-22 16:22:09 | WARNING | allcoins_state_tracker |   🔄 [BTC] Status changes: 5
2025-11-22 16:22:09 | WARNING | allcoins_state_tracker |     STATUS: 0xb19daab576041958762071560c52bc6a22d358d9 BUY           0 active → error
2025-11-22 16:22:09 | WARNING | allcoins_state_tracker |     STATUS: 0xb19daab576041958762071560c52bc6a22d358d9 BUY           0 active → error
2025-11-22 16:22:09 | WARNING | allcoins_state_tracker |     STATUS: 0xb19daab576041958762071560c52bc6a22d358d9 BUY           0 active → error
2025-11-22 16:22:09 | WARNING | allcoins_state_tracker |     STATUS: 0xb28cf8649d1cda2975d290f04ea4cc4db7b3828e BUY          40 active → completed
2025-11-22 16:22:09 | WARNING | allcoins_state_tracker |     STATUS: 0xb19daab576041958762071560c52bc6a22d358d9 BUY           0 active → completed
2025-11-22 16:22:09 | INFO | allcoins_state_tracker | 
──────────────────────────────────────────────────────────────────────
2025-11-22 16:22:09 | INFO | allcoins_state_tracker | 💰 SOL
2025-11-22 16:22:09 | INFO | allcoins_state_tracker | ──────────────────────────────────────────────────────────────────────
2025-11-22 16:22:09 | INFO | allcoins_state_tracker | Orders: 10 total | Active: 1 (0 SPOT, 10 PERP)
2025-11-22 16:22:09 | INFO | allcoins_state_tracker |   ⚡ PERP - 1 Active:
2025-11-22 16:22:09 | INFO | allcoins_state_tracker |     🔴 0xe6fcc492fb5ea091bdbe2e1a9f163e5039f144bc | SELL |        231 |  24.0h
2025-11-22 16:22:09 | INFO | allcoins_state_tracker | 
──────────────────────────────────────────────────────────────────────
2025-11-22 16:22:09 | INFO | allcoins_state_tracker | 💰 XRP
2025-11-22 16:22:09 | INFO | allcoins_state_tracker | ──────────────────────────────────────────────────────────────────────
2025-11-22 16:22:09 | INFO | allcoins_state_tracker | Orders: 1 total | Active: 1 (0 SPOT, 1 PERP)
2025-11-22 16:22:09 | INFO | allcoins_state_tracker |   ⚡ PERP - 1 Active:
2025-11-22 16:22:09 | INFO | allcoins_state_tracker |     🔴 0xe6fcc492fb5ea091bdbe2e1a9f163e5039f144bc | SELL |     15,077 |  24.0h
2025-11-22 16:22:09 | INFO | allcoins_state_tracker | 
──────────────────────────────────────────────────────────────────────
2025-11-22 16:22:09 | INFO | allcoins_state_tracker | 💰 ZEC
2025-11-22 16:22:09 | INFO | allcoins_state_tracker | ──────────────────────────────────────────────────────────────────────
2025-11-22 16:22:09 | INFO | allcoins_state_tracker | Orders: 8 total | Active: 3 (0 SPOT, 8 PERP)
2025-11-22 16:22:09 | INFO | allcoins_state_tracker |   ⚡ PERP - 3 Active:
2025-11-22 16:22:09 | INFO | allcoins_state_tracker |     🔴 0xb676a78f19227ffe9a97db93263fce675e547dbf | SELL |        125 |  22.5h
2025-11-22 16:22:09 | INFO | allcoins_state_tracker |     🟢 0x3b52fc863f776f29d26e292f2eb45523e4ad1487 | BUY  |         53 |   7.1h
2025-11-22 16:22:09 | INFO | allcoins_state_tracker |     🟢 0x0a11acdd1ffbdb8adfc34a84f1836f360e6f3cce | BUY  |         51 |   1.5h
2025-11-22 16:22:09 | INFO | allcoins_state_tracker |   🆕 [ZEC] New orders: 1
2025-11-22 16:22:09 | INFO | allcoins_state_tracker |     NEW: 0x0a11acdd1ffbdb8adfc34a84f1836f360e6f3cce BUY          51 PERP 1.5h
2025-11-22 16:22:09 | INFO | allcoins_state_tracker | 
──────────────────────────────────────────────────────────────────────
2025-11-22 16:22:09 | INFO | allcoins_state_tracker | 💰 ETH
2025-11-22 16:22:09 | INFO | allcoins_state_tracker | ──────────────────────────────────────────────────────────────────────
2025-11-22 16:22:09 | INFO | allcoins_state_tracker | Orders: 4 total | Active: 3 (0 SPOT, 4 PERP)
2025-11-22 16:22:09 | INFO | allcoins_state_tracker |   ⚡ PERP - 3 Active:
2025-11-22 16:22:09 | INFO | allcoins_state_tracker |     🟢 0xb676a78f19227ffe9a97db93263fce675e547dbf | BUY  |         75 |   2.5h
2025-11-22 16:22:09 | INFO | allcoins_state_tracker |     🟢 0x072177e3d373031b7a0957e7bde1a9ea96f819ab | BUY  |         23 |   3.5h
2025-11-22 16:22:09 | INFO | allcoins_state_tracker |     🟢 0x47930c76790c865217472f2ddb4d14c640ee450a | BUY  |          9 |  20.5h
2025-11-22 16:22:09 | INFO | allcoins_state_tracker | 
──────────────────────────────────────────────────────────────────────
2025-11-22 16:22:09 | INFO | allcoins_state_tracker | 💰 ASTER
2025-11-22 16:22:09 | INFO | allcoins_state_tracker | ──────────────────────────────────────────────────────────────────────
2025-11-22 16:22:09 | INFO | allcoins_state_tracker | Orders: 2 total | Active: 2 (0 SPOT, 2 PERP)
2025-11-22 16:22:09 | INFO | allcoins_state_tracker |   ⚡ PERP - 2 Active:
2025-11-22 16:22:09 | INFO | allcoins_state_tracker |     🟢 0xc7f94fb3b3ba614b9b2bf80697ab5a31917005a2 | BUY  |    316,000 |  12.0h
2025-11-22 16:22:09 | INFO | allcoins_state_tracker |     🟢 0x44b398bf3305ce9faddda0c812e931cf4ad17ec6 | BUY  |     24,966 |  24.0h
2025-11-22 16:22:09 | INFO | allcoins_state_tracker | 
──────────────────────────────────────────────────────────────────────
2025-11-22 16:22:09 | INFO | allcoins_state_tracker | 💰 MNT
2025-11-22 16:22:09 | INFO | allcoins_state_tracker | ──────────────────────────────────────────────────────────────────────
2025-11-22 16:22:09 | INFO | allcoins_state_tracker | Orders: 2 total | Active: 0 (0 SPOT, 2 PERP)
2025-11-22 16:22:09 | INFO | allcoins_state_tracker | 
──────────────────────────────────────────────────────────────────────
2025-11-22 16:22:09 | INFO | allcoins_state_tracker | 💰 AVAX
2025-11-22 16:22:09 | INFO | allcoins_state_tracker | ──────────────────────────────────────────────────────────────────────
2025-11-22 16:22:09 | INFO | allcoins_state_tracker | Orders: 1 total | Active: 1 (0 SPOT, 1 PERP)
2025-11-22 16:22:09 | INFO | allcoins_state_tracker |   ⚡ PERP - 1 Active:
2025-11-22 16:22:09 | INFO | allcoins_state_tracker |     🔴 0x6e28520e5e4c821f55086805bfe8354d1b6df5f5 | SELL |      1,888 |  12.5h
2025-11-22 16:22:09 | INFO | allcoins_state_tracker | 
──────────────────────────────────────────────────────────────────────
2025-11-22 16:22:09 | INFO | allcoins_state_tracker | 💰 BCH
2025-11-22 16:22:09 | INFO | allcoins_state_tracker | ──────────────────────────────────────────────────────────────────────
2025-11-22 16:22:09 | INFO | allcoins_state_tracker | Orders: 1 total | Active: 0 (0 SPOT, 1 PERP)
2025-11-22 16:22:09 | INFO | allcoins_state_tracker | 
──────────────────────────────────────────────────────────────────────
2025-11-22 16:22:09 | INFO | allcoins_state_tracker | 💰 ENA
2025-11-22 16:22:09 | INFO | allcoins_state_tracker | ──────────────────────────────────────────────────────────────────────
2025-11-22 16:22:09 | INFO | allcoins_state_tracker | Orders: 1 total | Active: 1 (0 SPOT, 1 PERP)
2025-11-22 16:22:09 | INFO | allcoins_state_tracker |   ⚡ PERP - 1 Active:
2025-11-22 16:22:09 | INFO | allcoins_state_tracker |     🟢 0x8e2e546506c1f97220aa9c557af7cc0fff9896e2 | BUY  |     40,000 |   5.5h
2025-11-22 16:22:09 | INFO | allcoins_state_tracker | 
──────────────────────────────────────────────────────────────────────
2025-11-22 16:22:09 | INFO | allcoins_state_tracker | 💰 xyz:NVDA
2025-11-22 16:22:09 | INFO | allcoins_state_tracker | ──────────────────────────────────────────────────────────────────────
2025-11-22 16:22:09 | INFO | allcoins_state_tracker | Orders: 1 total | Active: 0 (1 SPOT, 0 PERP)
2025-11-22 16:22:09 | INFO | allcoins_state_tracker | 
──────────────────────────────────────────────────────────────────────
2025-11-22 16:22:09 | INFO | allcoins_state_tracker | 💰 UPUMP
2025-11-22 16:22:09 | INFO | allcoins_state_tracker | ──────────────────────────────────────────────────────────────────────
2025-11-22 16:22:09 | INFO | allcoins_state_tracker | Orders: 1 total | Active: 0 (1 SPOT, 0 PERP)
2025-11-22 16:22:09 | INFO | allcoins_state_tracker | 
──────────────────────────────────────────────────────────────────────
2025-11-22 16:22:09 | INFO | allcoins_state_tracker | 💰 PUMP
2025-11-22 16:22:09 | INFO | allcoins_state_tracker | ──────────────────────────────────────────────────────────────────────
2025-11-22 16:22:09 | INFO | allcoins_state_tracker | Orders: 1 total | Active: 0 (0 SPOT, 1 PERP)
2025-11-22 16:22:09 | INFO | allcoins_state_tracker | 
──────────────────────────────────────────────────────────────────────
2025-11-22 16:22:09 | INFO | allcoins_state_tracker | 💰 FARTCOIN
2025-11-22 16:22:09 | INFO | allcoins_state_tracker | ──────────────────────────────────────────────────────────────────────
2025-11-22 16:22:09 | INFO | allcoins_state_tracker | Orders: 1 total | Active: 0 (0 SPOT, 1 PERP)
2025-11-22 16:22:09 | INFO | allcoins_state_tracker | 
──────────────────────────────────────────────────────────────────────
2025-11-22 16:22:09 | INFO | allcoins_state_tracker | 💰 USOL
2025-11-22 16:22:09 | INFO | allcoins_state_tracker | ──────────────────────────────────────────────────────────────────────
2025-11-22 16:22:09 | INFO | allcoins_state_tracker | Orders: 1 total | Active: 1 (1 SPOT, 0 PERP)
2025-11-22 16:22:09 | INFO | allcoins_state_tracker |   💵 SPOT - 1 Active:
2025-11-22 16:22:09 | INFO | allcoins_state_tracker |     🔴 0xaa5e5c13c9d565a6317e81a10da6793d71e9b644 | SELL |          8 |   0.5h
2025-11-22 16:22:09 | INFO | allcoins_state_tracker | 
──────────────────────────────────────────────────────────────────────
2025-11-22 16:22:09 | INFO | allcoins_state_tracker | 💰 kPEPE
2025-11-22 16:22:09 | INFO | allcoins_state_tracker | ──────────────────────────────────────────────────────────────────────
2025-11-22 16:22:09 | INFO | allcoins_state_tracker | Orders: 1 total | Active: 1 (0 SPOT, 1 PERP)
2025-11-22 16:22:09 | INFO | allcoins_state_tracker |   ⚡ PERP - 1 Active:
2025-11-22 16:22:09 | INFO | allcoins_state_tracker |     🔴 0x4faf9534f8f029d03561d245b3b442b1c2e14ee2 | SELL |  4,901,960 |   1.5h
2025-11-22 16:22:09 | INFO | allcoins_state_tracker | 
──────────────────────────────────────────────────────────────────────
2025-11-22 16:22:09 | INFO | allcoins_state_tracker | 💰 ARB
2025-11-22 16:22:09 | INFO | allcoins_state_tracker | ──────────────────────────────────────────────────────────────────────
2025-11-22 16:22:09 | INFO | allcoins_state_tracker | Orders: 1 total | Active: 1 (0 SPOT, 1 PERP)
2025-11-22 16:22:09 | INFO | allcoins_state_tracker |   ⚡ PERP - 1 Active:
2025-11-22 16:22:09 | INFO | allcoins_state_tracker |     🔴 0x47f5a6397b79deaaca5c456503e7c1a49357b942 | SELL |    188,400 |   4.0h
2025-11-22 16:22:09 | INFO | allcoins_state_tracker | 
──────────────────────────────────────────────────────────────────────
2025-11-22 16:22:09 | INFO | allcoins_state_tracker | 💰 MON
2025-11-22 16:22:09 | INFO | allcoins_state_tracker | ──────────────────────────────────────────────────────────────────────
2025-11-22 16:22:09 | INFO | allcoins_state_tracker | Orders: 1 total | Active: 1 (0 SPOT, 1 PERP)
2025-11-22 16:22:09 | INFO | allcoins_state_tracker |   ⚡ PERP - 1 Active:
2025-11-22 16:22:09 | INFO | allcoins_state_tracker |     🟢 0x2ea1facb960ff93907f365e2e370e2e50c0ef24e | BUY  |    628,464 |   5.5h
2025-11-22 16:22:09 | INFO | allcoins_state_tracker | 
──────────────────────────────────────────────────────────────────────
2025-11-22 16:22:09 | INFO | allcoins_state_tracker | 💰 LINEA
2025-11-22 16:22:09 | INFO | allcoins_state_tracker | ──────────────────────────────────────────────────────────────────────
2025-11-22 16:22:09 | INFO | allcoins_state_tracker | Orders: 1 total | Active: 1 (0 SPOT, 1 PERP)
2025-11-22 16:22:09 | INFO | allcoins_state_tracker |   ⚡ PERP - 1 Active:
2025-11-22 16:22:09 | INFO | allcoins_state_tracker |     🔴 0xe0c4aaaf9d82d7c24f6fe4e45ad397cbe1942af3 | SELL |    203,000 |   0.1h
2025-11-22 16:22:09 | INFO | allcoins_state_tracker |   🆕 [LINEA] New orders: 1
2025-11-22 16:22:09 | INFO | allcoins_state_tracker |     NEW: 0xe0c4aaaf9d82d7c24f6fe4e45ad397cbe1942af3 SELL    203,000 PERP 0.1h
2025-11-22 16:22:09 | INFO | allcoins_state_tracker | ======================================================================
2025-11-22 16:22:09 | INFO | allcoins_state_tracker | 📊 GLOBAL SUMMARY
2025-11-22 16:22:09 | INFO | allcoins_state_tracker | Coins with active orders: 15
2025-11-22 16:22:09 | INFO | allcoins_state_tracker | Total orders tracked: 73 (38 active)
2025-11-22 16:22:09 | INFO | allcoins_state_tracker | Total addresses seen: 1203
2025-11-22 16:22:09 | INFO | allcoins_state_tracker | Active coins: ARB, ASTER, AVAX, BTC, ENA, ETH, HYPE, LINEA, MON, SOL, UBTC, USOL, XRP, ZEC, kPEPE
2025-11-22 16:22:09 | INFO | allcoins_state_tracker | ======================================================================
2025-11-22 16:25:09 | INFO | allcoins_state_tracker | 
======================================================================
2025-11-22 16:25:09 | INFO | allcoins_state_tracker | ALL COINS UPDATE #4
2025-11-22 16:25:09 | INFO | allcoins_state_tracker | Timestamp: 2025-11-22 16:25:09
2025-11-22 16:25:09 | INFO | allcoins_state_tracker | ======================================================================
2025-11-22 16:25:09 | INFO | allcoins_state_tracker | 
──────────────────────────────────────────────────────────────────────
2025-11-22 16:25:09 | INFO | allcoins_state_tracker | 💰 HYPE
2025-11-22 16:25:09 | INFO | allcoins_state_tracker | ──────────────────────────────────────────────────────────────────────
2025-11-22 16:25:09 | INFO | allcoins_state_tracker | Orders: 22 total | Active: 13 (5 SPOT, 17 PERP)
2025-11-22 16:25:09 | INFO | allcoins_state_tracker |   💵 SPOT - 5 Active:
2025-11-22 16:25:09 | INFO | allcoins_state_tracker |     🔴 0x36f336c0b29ff5acc3a4558bb8486b25b41b8033 | SELL |     20,424 |  24.0h
2025-11-22 16:25:09 | INFO | allcoins_state_tracker |     🔴 0xb0026ca48937bd18c5941c05decab68b0fcced8a | SELL |      9,265 |  12.5h
2025-11-22 16:25:09 | INFO | allcoins_state_tracker |     🔴 0xae3240efe74fe86faec26cf9a86584b0e5370c25 | SELL |      1,000 |   8.5h
2025-11-22 16:25:09 | INFO | allcoins_state_tracker |     🟢 0x0b99fdbab5fbbad557b602ca8a849830f51822cd | BUY  |        447 |  12.5h
2025-11-22 16:25:09 | INFO | allcoins_state_tracker |     🔴 0x7806eeb0cdfb52dbe14ed12359526eea55612cf3 | SELL |        255 |   2.5h
2025-11-22 16:25:09 | INFO | allcoins_state_tracker |   ⚡ PERP - 8 Active:
2025-11-22 16:25:09 | INFO | allcoins_state_tracker |     🔴 0xac487c027ffe32021bbba77e30786f8c8f353201 | SELL |     30,000 |  24.0h
2025-11-22 16:25:09 | INFO | allcoins_state_tracker |     🔴 0xac487c027ffe32021bbba77e30786f8c8f353201 | SELL |     20,000 |  24.0h
2025-11-22 16:25:09 | INFO | allcoins_state_tracker |     🟢 0xe6fcc492fb5ea091bdbe2e1a9f163e5039f144bc | BUY  |      3,560 |  24.0h
2025-11-22 16:25:09 | INFO | allcoins_state_tracker |     🟢 0xd01d1679643f48654e6f532c4326be2d034573e7 | BUY  |      2,000 |   4.0h
2025-11-22 16:25:09 | INFO | allcoins_state_tracker |     🟢 0x0bf875556ac5f369415c18b22b1ec1e3a35a76ac | BUY  |      1,566 |  22.2h
2025-11-22 16:25:09 | INFO | allcoins_state_tracker |     🟢 0x79ca2977402aba6b2e45504b94e21124f825a860 | BUY  |      1,079 |  12.0h
2025-11-22 16:25:09 | INFO | allcoins_state_tracker |     🟢 0xe6fcc492fb5ea091bdbe2e1a9f163e5039f144bc | BUY  |        977 |  24.0h
2025-11-22 16:25:09 | INFO | allcoins_state_tracker |     🟢 0xe99d7d7f6a3664e19dfb14872d8c81813e15ab33 | BUY  |        500 |   6.5h
2025-11-22 16:25:09 | INFO | allcoins_state_tracker |   ✅ [HYPE] Completed: 1
2025-11-22 16:25:09 | INFO | allcoins_state_tracker |     COMPLETED: 0xc1507d280c42fc5d0fb31ac448786675806d3499 BUY          40 0.5h (status: active)
2025-11-22 16:25:09 | WARNING | allcoins_state_tracker |   🔄 [HYPE] Status changes: 1
2025-11-22 16:25:09 | WARNING | allcoins_state_tracker |     STATUS: 0xc1507d280c42fc5d0fb31ac448786675806d3499 BUY          40 active → completed
2025-11-22 16:25:09 | INFO | allcoins_state_tracker | 
──────────────────────────────────────────────────────────────────────
2025-11-22 16:25:09 | INFO | allcoins_state_tracker | 💰 UBTC
2025-11-22 16:25:09 | INFO | allcoins_state_tracker | ──────────────────────────────────────────────────────────────────────
2025-11-22 16:25:09 | INFO | allcoins_state_tracker | Orders: 3 total | Active: 2 (3 SPOT, 0 PERP)
2025-11-22 16:25:09 | INFO | allcoins_state_tracker |   💵 SPOT - 2 Active:
2025-11-22 16:25:09 | INFO | allcoins_state_tracker |     🟢 0xfffa6fc6acc3dbe04b175862376f1c5ff88cf9c1 | BUY  |          5 |  24.0h
2025-11-22 16:25:09 | INFO | allcoins_state_tracker |     🔴 0x101ded8dec510217a437d4def7d8f4df59fddb6b | SELL |          1 |  24.0h
2025-11-22 16:25:09 | INFO | allcoins_state_tracker | 
──────────────────────────────────────────────────────────────────────
2025-11-22 16:25:09 | INFO | allcoins_state_tracker | 💰 BTC
2025-11-22 16:25:09 | INFO | allcoins_state_tracker | ──────────────────────────────────────────────────────────────────────
2025-11-22 16:25:09 | INFO | allcoins_state_tracker | Orders: 13 total | Active: 5 (0 SPOT, 13 PERP)
2025-11-22 16:25:09 | INFO | allcoins_state_tracker |   ⚡ PERP - 5 Active:
2025-11-22 16:25:09 | INFO | allcoins_state_tracker |     🟢 0xf967239debef10dbc78e9bbbb2d8a16b72a614eb | BUY  |          5 |   1.0h
2025-11-22 16:25:09 | INFO | allcoins_state_tracker |     🟢 0x0cda4a69e90d3930cba86d1ca37fa066713e6ce5 | BUY  |          3 |  20.5h
2025-11-22 16:25:09 | INFO | allcoins_state_tracker |     🟢 0x9b710c8ae66232b4c28a069ebfc1fa2cbcaec273 | BUY  |          1 |   8.0h
2025-11-22 16:25:09 | INFO | allcoins_state_tracker |     🔴 0xe6fcc492fb5ea091bdbe2e1a9f163e5039f144bc | SELL |          0 |  24.0h
2025-11-22 16:25:09 | INFO | allcoins_state_tracker |     🟢 0x47930c76790c865217472f2ddb4d14c640ee450a | BUY  |          0 |  21.0h
2025-11-22 16:25:09 | INFO | allcoins_state_tracker | 
──────────────────────────────────────────────────────────────────────
2025-11-22 16:25:09 | INFO | allcoins_state_tracker | 💰 SOL
2025-11-22 16:25:09 | INFO | allcoins_state_tracker | ──────────────────────────────────────────────────────────────────────
2025-11-22 16:25:09 | INFO | allcoins_state_tracker | Orders: 10 total | Active: 1 (0 SPOT, 10 PERP)
2025-11-22 16:25:09 | INFO | allcoins_state_tracker |   ⚡ PERP - 1 Active:
2025-11-22 16:25:09 | INFO | allcoins_state_tracker |     🔴 0xe6fcc492fb5ea091bdbe2e1a9f163e5039f144bc | SELL |        231 |  24.0h
2025-11-22 16:25:09 | INFO | allcoins_state_tracker | 
──────────────────────────────────────────────────────────────────────
2025-11-22 16:25:09 | INFO | allcoins_state_tracker | 💰 XRP
2025-11-22 16:25:09 | INFO | allcoins_state_tracker | ──────────────────────────────────────────────────────────────────────
2025-11-22 16:25:09 | INFO | allcoins_state_tracker | Orders: 1 total | Active: 1 (0 SPOT, 1 PERP)
2025-11-22 16:25:09 | INFO | allcoins_state_tracker |   ⚡ PERP - 1 Active:
2025-11-22 16:25:09 | INFO | allcoins_state_tracker |     🔴 0xe6fcc492fb5ea091bdbe2e1a9f163e5039f144bc | SELL |     15,077 |  24.0h
2025-11-22 16:25:09 | INFO | allcoins_state_tracker | 
──────────────────────────────────────────────────────────────────────
2025-11-22 16:25:09 | INFO | allcoins_state_tracker | 💰 ZEC
2025-11-22 16:25:09 | INFO | allcoins_state_tracker | ──────────────────────────────────────────────────────────────────────
2025-11-22 16:25:09 | INFO | allcoins_state_tracker | Orders: 8 total | Active: 3 (0 SPOT, 8 PERP)
2025-11-22 16:25:09 | INFO | allcoins_state_tracker |   ⚡ PERP - 3 Active:
2025-11-22 16:25:09 | INFO | allcoins_state_tracker |     🔴 0xb676a78f19227ffe9a97db93263fce675e547dbf | SELL |        125 |  22.5h
2025-11-22 16:25:09 | INFO | allcoins_state_tracker |     🟢 0x3b52fc863f776f29d26e292f2eb45523e4ad1487 | BUY  |         53 |   7.1h
2025-11-22 16:25:09 | INFO | allcoins_state_tracker |     🟢 0x0a11acdd1ffbdb8adfc34a84f1836f360e6f3cce | BUY  |         51 |   1.5h
2025-11-22 16:25:09 | INFO | allcoins_state_tracker | 
──────────────────────────────────────────────────────────────────────
2025-11-22 16:25:09 | INFO | allcoins_state_tracker | 💰 ETH
2025-11-22 16:25:09 | INFO | allcoins_state_tracker | ──────────────────────────────────────────────────────────────────────
2025-11-22 16:25:09 | INFO | allcoins_state_tracker | Orders: 4 total | Active: 3 (0 SPOT, 4 PERP)
2025-11-22 16:25:09 | INFO | allcoins_state_tracker |   ⚡ PERP - 3 Active:
2025-11-22 16:25:09 | INFO | allcoins_state_tracker |     🟢 0xb676a78f19227ffe9a97db93263fce675e547dbf | BUY  |         75 |   2.5h
2025-11-22 16:25:09 | INFO | allcoins_state_tracker |     🟢 0x072177e3d373031b7a0957e7bde1a9ea96f819ab | BUY  |         23 |   3.5h
2025-11-22 16:25:09 | INFO | allcoins_state_tracker |     🟢 0x47930c76790c865217472f2ddb4d14c640ee450a | BUY  |          9 |  20.5h
2025-11-22 16:25:09 | INFO | allcoins_state_tracker | 
──────────────────────────────────────────────────────────────────────
2025-11-22 16:25:09 | INFO | allcoins_state_tracker | 💰 ASTER
2025-11-22 16:25:09 | INFO | allcoins_state_tracker | ──────────────────────────────────────────────────────────────────────
2025-11-22 16:25:09 | INFO | allcoins_state_tracker | Orders: 2 total | Active: 2 (0 SPOT, 2 PERP)
2025-11-22 16:25:09 | INFO | allcoins_state_tracker |   ⚡ PERP - 2 Active:
2025-11-22 16:25:09 | INFO | allcoins_state_tracker |     🟢 0xc7f94fb3b3ba614b9b2bf80697ab5a31917005a2 | BUY  |    316,000 |  12.0h
2025-11-22 16:25:09 | INFO | allcoins_state_tracker |     🟢 0x44b398bf3305ce9faddda0c812e931cf4ad17ec6 | BUY  |     24,966 |  24.0h
2025-11-22 16:25:09 | INFO | allcoins_state_tracker | 
──────────────────────────────────────────────────────────────────────
2025-11-22 16:25:09 | INFO | allcoins_state_tracker | 💰 MNT
2025-11-22 16:25:09 | INFO | allcoins_state_tracker | ──────────────────────────────────────────────────────────────────────
2025-11-22 16:25:09 | INFO | allcoins_state_tracker | Orders: 2 total | Active: 0 (0 SPOT, 2 PERP)
2025-11-22 16:25:09 | INFO | allcoins_state_tracker | 
──────────────────────────────────────────────────────────────────────
2025-11-22 16:25:09 | INFO | allcoins_state_tracker | 💰 AVAX
2025-11-22 16:25:09 | INFO | allcoins_state_tracker | ──────────────────────────────────────────────────────────────────────
2025-11-22 16:25:09 | INFO | allcoins_state_tracker | Orders: 1 total | Active: 1 (0 SPOT, 1 PERP)
2025-11-22 16:25:09 | INFO | allcoins_state_tracker |   ⚡ PERP - 1 Active:
2025-11-22 16:25:09 | INFO | allcoins_state_tracker |     🔴 0x6e28520e5e4c821f55086805bfe8354d1b6df5f5 | SELL |      1,888 |  12.5h
2025-11-22 16:25:09 | INFO | allcoins_state_tracker | 
──────────────────────────────────────────────────────────────────────
2025-11-22 16:25:09 | INFO | allcoins_state_tracker | 💰 BCH
2025-11-22 16:25:09 | INFO | allcoins_state_tracker | ──────────────────────────────────────────────────────────────────────
2025-11-22 16:25:09 | INFO | allcoins_state_tracker | Orders: 1 total | Active: 0 (0 SPOT, 1 PERP)
2025-11-22 16:25:09 | INFO | allcoins_state_tracker | 
──────────────────────────────────────────────────────────────────────
2025-11-22 16:25:09 | INFO | allcoins_state_tracker | 💰 ENA
2025-11-22 16:25:09 | INFO | allcoins_state_tracker | ──────────────────────────────────────────────────────────────────────
2025-11-22 16:25:09 | INFO | allcoins_state_tracker | Orders: 1 total | Active: 1 (0 SPOT, 1 PERP)
2025-11-22 16:25:09 | INFO | allcoins_state_tracker |   ⚡ PERP - 1 Active:
2025-11-22 16:25:09 | INFO | allcoins_state_tracker |     🟢 0x8e2e546506c1f97220aa9c557af7cc0fff9896e2 | BUY  |     40,000 |   5.5h
2025-11-22 16:25:09 | INFO | allcoins_state_tracker | 
──────────────────────────────────────────────────────────────────────
2025-11-22 16:25:09 | INFO | allcoins_state_tracker | 💰 xyz:NVDA
2025-11-22 16:25:09 | INFO | allcoins_state_tracker | ──────────────────────────────────────────────────────────────────────
2025-11-22 16:25:09 | INFO | allcoins_state_tracker | Orders: 1 total | Active: 0 (1 SPOT, 0 PERP)
2025-11-22 16:25:09 | INFO | allcoins_state_tracker | 
──────────────────────────────────────────────────────────────────────
2025-11-22 16:25:09 | INFO | allcoins_state_tracker | 💰 UPUMP
2025-11-22 16:25:09 | INFO | allcoins_state_tracker | ──────────────────────────────────────────────────────────────────────
2025-11-22 16:25:09 | INFO | allcoins_state_tracker | Orders: 1 total | Active: 0 (1 SPOT, 0 PERP)
2025-11-22 16:25:09 | INFO | allcoins_state_tracker | 
──────────────────────────────────────────────────────────────────────
2025-11-22 16:25:09 | INFO | allcoins_state_tracker | 💰 PUMP
2025-11-22 16:25:09 | INFO | allcoins_state_tracker | ──────────────────────────────────────────────────────────────────────
2025-11-22 16:25:09 | INFO | allcoins_state_tracker | Orders: 1 total | Active: 0 (0 SPOT, 1 PERP)
2025-11-22 16:25:09 | INFO | allcoins_state_tracker | 
──────────────────────────────────────────────────────────────────────
2025-11-22 16:25:09 | INFO | allcoins_state_tracker | 💰 FARTCOIN
2025-11-22 16:25:09 | INFO | allcoins_state_tracker | ──────────────────────────────────────────────────────────────────────
2025-11-22 16:25:09 | INFO | allcoins_state_tracker | Orders: 1 total | Active: 0 (0 SPOT, 1 PERP)
2025-11-22 16:25:09 | INFO | allcoins_state_tracker | 
──────────────────────────────────────────────────────────────────────
2025-11-22 16:25:09 | INFO | allcoins_state_tracker | 💰 USOL
2025-11-22 16:25:09 | INFO | allcoins_state_tracker | ──────────────────────────────────────────────────────────────────────
2025-11-22 16:25:09 | INFO | allcoins_state_tracker | Orders: 1 total | Active: 1 (1 SPOT, 0 PERP)
2025-11-22 16:25:09 | INFO | allcoins_state_tracker |   💵 SPOT - 1 Active:
2025-11-22 16:25:09 | INFO | allcoins_state_tracker |     🔴 0xaa5e5c13c9d565a6317e81a10da6793d71e9b644 | SELL |          8 |   0.5h
2025-11-22 16:25:09 | INFO | allcoins_state_tracker | 
──────────────────────────────────────────────────────────────────────
2025-11-22 16:25:09 | INFO | allcoins_state_tracker | 💰 kPEPE
2025-11-22 16:25:09 | INFO | allcoins_state_tracker | ──────────────────────────────────────────────────────────────────────
2025-11-22 16:25:09 | INFO | allcoins_state_tracker | Orders: 1 total | Active: 1 (0 SPOT, 1 PERP)
2025-11-22 16:25:09 | INFO | allcoins_state_tracker |   ⚡ PERP - 1 Active:
2025-11-22 16:25:09 | INFO | allcoins_state_tracker |     🔴 0x4faf9534f8f029d03561d245b3b442b1c2e14ee2 | SELL |  4,901,960 |   1.5h
2025-11-22 16:25:09 | INFO | allcoins_state_tracker | 
──────────────────────────────────────────────────────────────────────
2025-11-22 16:25:09 | INFO | allcoins_state_tracker | 💰 ARB
2025-11-22 16:25:09 | INFO | allcoins_state_tracker | ──────────────────────────────────────────────────────────────────────
2025-11-22 16:25:09 | INFO | allcoins_state_tracker | Orders: 1 total | Active: 1 (0 SPOT, 1 PERP)
2025-11-22 16:25:09 | INFO | allcoins_state_tracker |   ⚡ PERP - 1 Active:
2025-11-22 16:25:09 | INFO | allcoins_state_tracker |     🔴 0x47f5a6397b79deaaca5c456503e7c1a49357b942 | SELL |    188,400 |   4.0h
2025-11-22 16:25:09 | INFO | allcoins_state_tracker | 
──────────────────────────────────────────────────────────────────────
2025-11-22 16:25:09 | INFO | allcoins_state_tracker | 💰 MON
2025-11-22 16:25:09 | INFO | allcoins_state_tracker | ──────────────────────────────────────────────────────────────────────
2025-11-22 16:25:09 | INFO | allcoins_state_tracker | Orders: 1 total | Active: 1 (0 SPOT, 1 PERP)
2025-11-22 16:25:09 | INFO | allcoins_state_tracker |   ⚡ PERP - 1 Active:
2025-11-22 16:25:09 | INFO | allcoins_state_tracker |     🟢 0x2ea1facb960ff93907f365e2e370e2e50c0ef24e | BUY  |    628,464 |   5.5h
2025-11-22 16:25:09 | INFO | allcoins_state_tracker | 
──────────────────────────────────────────────────────────────────────
2025-11-22 16:25:09 | INFO | allcoins_state_tracker | 💰 LINEA
2025-11-22 16:25:09 | INFO | allcoins_state_tracker | ──────────────────────────────────────────────────────────────────────
2025-11-22 16:25:09 | INFO | allcoins_state_tracker | Orders: 1 total | Active: 1 (0 SPOT, 1 PERP)
2025-11-22 16:25:09 | INFO | allcoins_state_tracker |   ⚡ PERP - 1 Active:
2025-11-22 16:25:09 | INFO | allcoins_state_tracker |     🔴 0xe0c4aaaf9d82d7c24f6fe4e45ad397cbe1942af3 | SELL |    203,000 |   0.1h
2025-11-22 16:25:09 | INFO | allcoins_state_tracker | ======================================================================
2025-11-22 16:25:09 | INFO | allcoins_state_tracker | 📊 GLOBAL SUMMARY
2025-11-22 16:25:09 | INFO | allcoins_state_tracker | Coins with active orders: 15
2025-11-22 16:25:09 | INFO | allcoins_state_tracker | Total orders tracked: 70 (37 active)
2025-11-22 16:25:09 | INFO | allcoins_state_tracker | Total addresses seen: 1203
2025-11-22 16:25:09 | INFO | allcoins_state_tracker | Active coins: ARB, ASTER, AVAX, BTC, ENA, ETH, HYPE, LINEA, MON, SOL, UBTC, USOL, XRP, ZEC, kPEPE
2025-11-22 16:25:09 | INFO | allcoins_state_tracker | ======================================================================
2025-11-22 16:30:17 | INFO | allcoins_state_tracker | Loaded 1184 addresses from history
2025-11-22 16:30:17 | INFO | allcoins_state_tracker | ======================================================================
2025-11-22 16:30:17 | INFO | allcoins_state_tracker | All Coins TWAP State Tracker Initialized
2025-11-22 16:30:17 | INFO | allcoins_state_tracker | ======================================================================
2025-11-22 16:33:10 | INFO | allcoins_state_tracker | 
======================================================================
2025-11-22 16:33:10 | INFO | allcoins_state_tracker | ALL COINS UPDATE #1
2025-11-22 16:33:10 | INFO | allcoins_state_tracker | Timestamp: 2025-11-22 16:33:10
2025-11-22 16:33:10 | INFO | allcoins_state_tracker | ======================================================================
2025-11-22 16:33:10 | INFO | allcoins_state_tracker | 
──────────────────────────────────────────────────────────────────────
2025-11-22 16:33:10 | INFO | allcoins_state_tracker | 💰 HYPE
2025-11-22 16:33:10 | INFO | allcoins_state_tracker | ──────────────────────────────────────────────────────────────────────
2025-11-22 16:33:10 | INFO | allcoins_state_tracker | Orders: 22 total | Active: 14 (6 SPOT, 16 PERP)
2025-11-22 16:33:10 | INFO | allcoins_state_tracker |   💵 SPOT - 6 Active:
2025-11-22 16:33:10 | INFO | allcoins_state_tracker |     🔴 0x36f336c0b29ff5acc3a4558bb8486b25b41b8033 | SELL |     20,424 |  24.0h
2025-11-22 16:33:10 | INFO | allcoins_state_tracker |     🔴 0xb0026ca48937bd18c5941c05decab68b0fcced8a | SELL |      9,265 |  12.5h
2025-11-22 16:33:10 | INFO | allcoins_state_tracker |     🔴 0xae3240efe74fe86faec26cf9a86584b0e5370c25 | SELL |      1,000 |   8.5h
2025-11-22 16:33:10 | INFO | allcoins_state_tracker |     🟢 0xe6fad4dbb3fd1b3ae2ef3181b77a23ab2c62880d | BUY  |        656 |   6.0h
2025-11-22 16:33:10 | INFO | allcoins_state_tracker |     🟢 0x0b99fdbab5fbbad557b602ca8a849830f51822cd | BUY  |        447 |  12.5h
2025-11-22 16:33:10 | INFO | allcoins_state_tracker |     🔴 0x7806eeb0cdfb52dbe14ed12359526eea55612cf3 | SELL |        255 |   2.5h
2025-11-22 16:33:10 | INFO | allcoins_state_tracker |   ⚡ PERP - 8 Active:
2025-11-22 16:33:10 | INFO | allcoins_state_tracker |     🔴 0xac487c027ffe32021bbba77e30786f8c8f353201 | SELL |     30,000 |  24.0h
2025-11-22 16:33:10 | INFO | allcoins_state_tracker |     🔴 0xac487c027ffe32021bbba77e30786f8c8f353201 | SELL |     20,000 |  24.0h
2025-11-22 16:33:10 | INFO | allcoins_state_tracker |     🟢 0xe6fcc492fb5ea091bdbe2e1a9f163e5039f144bc | BUY  |      3,560 |  24.0h
2025-11-22 16:33:10 | INFO | allcoins_state_tracker |     🟢 0xd01d1679643f48654e6f532c4326be2d034573e7 | BUY  |      2,000 |   4.0h
2025-11-22 16:33:10 | INFO | allcoins_state_tracker |     🟢 0x0bf875556ac5f369415c18b22b1ec1e3a35a76ac | BUY  |      1,566 |  22.2h
2025-11-22 16:33:10 | INFO | allcoins_state_tracker |     🟢 0x79ca2977402aba6b2e45504b94e21124f825a860 | BUY  |      1,079 |  12.0h
2025-11-22 16:33:10 | INFO | allcoins_state_tracker |     🟢 0xe6fcc492fb5ea091bdbe2e1a9f163e5039f144bc | BUY  |        977 |  24.0h
2025-11-22 16:33:10 | INFO | allcoins_state_tracker |     🟢 0xe99d7d7f6a3664e19dfb14872d8c81813e15ab33 | BUY  |        500 |   6.5h
2025-11-22 16:33:10 | INFO | allcoins_state_tracker |   🆕 [HYPE] New orders: 22
2025-11-22 16:33:10 | INFO | allcoins_state_tracker |     NEW: 0xac487c027ffe32021bbba77e30786f8c8f353201 SELL     20,000 PERP 24.0h
2025-11-22 16:33:10 | INFO | allcoins_state_tracker |     NEW: 0xac487c027ffe32021bbba77e30786f8c8f353201 SELL     30,000 PERP 24.0h
2025-11-22 16:33:10 | INFO | allcoins_state_tracker |     NEW: 0xe6fcc492fb5ea091bdbe2e1a9f163e5039f144bc BUY       3,560 PERP 24.0h
2025-11-22 16:33:10 | INFO | allcoins_state_tracker |     NEW: 0xe6fcc492fb5ea091bdbe2e1a9f163e5039f144bc BUY         977 PERP 24.0h
2025-11-22 16:33:10 | INFO | allcoins_state_tracker |     NEW: 0xe99d7d7f6a3664e19dfb14872d8c81813e15ab33 SELL      1,861 PERP 24.0h
2025-11-22 16:33:10 | INFO | allcoins_state_tracker |     NEW: 0xe799f6e2414c60340ebd1e1613f7a9b1857d2af3 BUY       1,000 PERP 24.0h
2025-11-22 16:33:10 | INFO | allcoins_state_tracker |     NEW: 0x0b99fdbab5fbbad557b602ca8a849830f51822cd BUY         447 SPOT 12.5h
2025-11-22 16:33:10 | INFO | allcoins_state_tracker |     NEW: 0xedef301f13c37e789d00c3393df6b5e2ae7c0635 BUY         275 PERP 12.0h
2025-11-22 16:33:10 | INFO | allcoins_state_tracker |     NEW: 0xedef301f13c37e789d00c3393df6b5e2ae7c0635 BUY         220 PERP 12.0h
2025-11-22 16:33:10 | INFO | allcoins_state_tracker |     NEW: 0x36f336c0b29ff5acc3a4558bb8486b25b41b8033 SELL     20,424 SPOT 24.0h
2025-11-22 16:33:10 | INFO | allcoins_state_tracker |     NEW: 0xedef301f13c37e789d00c3393df6b5e2ae7c0635 BUY         371 PERP 20.3h
2025-11-22 16:33:10 | INFO | allcoins_state_tracker |     NEW: 0xedef301f13c37e789d00c3393df6b5e2ae7c0635 BUY         273 PERP 15.0h
2025-11-22 16:33:10 | INFO | allcoins_state_tracker |     NEW: 0xedef301f13c37e789d00c3393df6b5e2ae7c0635 BUY         273 PERP 7.0h
2025-11-22 16:33:10 | INFO | allcoins_state_tracker |     NEW: 0xb0026ca48937bd18c5941c05decab68b0fcced8a SELL      9,265 SPOT 12.5h
2025-11-22 16:33:10 | INFO | allcoins_state_tracker |     NEW: 0x0bf875556ac5f369415c18b22b1ec1e3a35a76ac BUY       1,566 PERP 22.2h
2025-11-22 16:33:10 | INFO | allcoins_state_tracker |     NEW: 0xe99d7d7f6a3664e19dfb14872d8c81813e15ab33 BUY         500 PERP 6.5h
2025-11-22 16:33:10 | INFO | allcoins_state_tracker |     NEW: 0xd01d1679643f48654e6f532c4326be2d034573e7 BUY       2,000 PERP 4.0h
2025-11-22 16:33:10 | INFO | allcoins_state_tracker |     NEW: 0x7806eeb0cdfb52dbe14ed12359526eea55612cf3 SELL        255 SPOT 2.5h
2025-11-22 16:33:10 | INFO | allcoins_state_tracker |     NEW: 0x06e0e24afba0de914849c732aa341504e8d25e23 SELL      4,000 PERP 3.5h
2025-11-22 16:33:10 | INFO | allcoins_state_tracker |     NEW: 0x79ca2977402aba6b2e45504b94e21124f825a860 BUY       1,079 PERP 12.0h
2025-11-22 16:33:10 | INFO | allcoins_state_tracker |     NEW: 0xae3240efe74fe86faec26cf9a86584b0e5370c25 SELL      1,000 SPOT 8.5h
2025-11-22 16:33:10 | INFO | allcoins_state_tracker |     NEW: 0xe6fad4dbb3fd1b3ae2ef3181b77a23ab2c62880d BUY         656 SPOT 6.0h
2025-11-22 16:33:10 | INFO | allcoins_state_tracker | 
──────────────────────────────────────────────────────────────────────
2025-11-22 16:33:10 | INFO | allcoins_state_tracker | 💰 UBTC
2025-11-22 16:33:10 | INFO | allcoins_state_tracker | ──────────────────────────────────────────────────────────────────────
2025-11-22 16:33:10 | INFO | allcoins_state_tracker | Orders: 3 total | Active: 2 (3 SPOT, 0 PERP)
2025-11-22 16:33:10 | INFO | allcoins_state_tracker |   💵 SPOT - 2 Active:
2025-11-22 16:33:10 | INFO | allcoins_state_tracker |     🟢 0xfffa6fc6acc3dbe04b175862376f1c5ff88cf9c1 | BUY  |          5 |  24.0h
2025-11-22 16:33:10 | INFO | allcoins_state_tracker |     🔴 0x101ded8dec510217a437d4def7d8f4df59fddb6b | SELL |          1 |  24.0h
2025-11-22 16:33:10 | INFO | allcoins_state_tracker |   🆕 [UBTC] New orders: 3
2025-11-22 16:33:10 | INFO | allcoins_state_tracker |     NEW: 0xfffa6fc6acc3dbe04b175862376f1c5ff88cf9c1 BUY           5 SPOT 24.0h
2025-11-22 16:33:10 | INFO | allcoins_state_tracker |     NEW: 0x101ded8dec510217a437d4def7d8f4df59fddb6b SELL          1 SPOT 24.0h
2025-11-22 16:33:10 | INFO | allcoins_state_tracker |     NEW: 0xb6bcf7c699be3bad2729cb90c6e19f1589efd84c BUY           1 SPOT 24.0h
2025-11-22 16:33:10 | INFO | allcoins_state_tracker | 
──────────────────────────────────────────────────────────────────────
2025-11-22 16:33:10 | INFO | allcoins_state_tracker | 💰 BTC
2025-11-22 16:33:10 | INFO | allcoins_state_tracker | ──────────────────────────────────────────────────────────────────────
2025-11-22 16:33:10 | INFO | allcoins_state_tracker | Orders: 9 total | Active: 4 (0 SPOT, 9 PERP)
2025-11-22 16:33:10 | INFO | allcoins_state_tracker |   ⚡ PERP - 4 Active:
2025-11-22 16:33:10 | INFO | allcoins_state_tracker |     🟢 0x0cda4a69e90d3930cba86d1ca37fa066713e6ce5 | BUY  |          3 |  20.5h
2025-11-22 16:33:10 | INFO | allcoins_state_tracker |     🟢 0x9b710c8ae66232b4c28a069ebfc1fa2cbcaec273 | BUY  |          1 |   8.0h
2025-11-22 16:33:10 | INFO | allcoins_state_tracker |     🔴 0xe6fcc492fb5ea091bdbe2e1a9f163e5039f144bc | SELL |          0 |  24.0h
2025-11-22 16:33:10 | INFO | allcoins_state_tracker |     🟢 0x47930c76790c865217472f2ddb4d14c640ee450a | BUY  |          0 |  21.0h
2025-11-22 16:33:10 | INFO | allcoins_state_tracker |   🆕 [BTC] New orders: 9
2025-11-22 16:33:10 | INFO | allcoins_state_tracker |     NEW: 0xe6fcc492fb5ea091bdbe2e1a9f163e5039f144bc SELL          0 PERP 24.0h
2025-11-22 16:33:10 | INFO | allcoins_state_tracker |     NEW: 0xae78adaba70f18c15418001263504af373884520 BUY          17 PERP 24.0h
2025-11-22 16:33:10 | INFO | allcoins_state_tracker |     NEW: 0xedef301f13c37e789d00c3393df6b5e2ae7c0635 BUY           1 PERP 24.0h
2025-11-22 16:33:10 | INFO | allcoins_state_tracker |     NEW: 0x0cda4a69e90d3930cba86d1ca37fa066713e6ce5 BUY           3 PERP 20.5h
2025-11-22 16:33:10 | INFO | allcoins_state_tracker |     NEW: 0x47930c76790c865217472f2ddb4d14c640ee450a BUY           0 PERP 21.0h
2025-11-22 16:33:10 | INFO | allcoins_state_tracker |     NEW: 0x549de4f045f71d962fff89e8c023b52b9db89c2c BUY           2 PERP 22.5h
2025-11-22 16:33:10 | INFO | allcoins_state_tracker |     NEW: 0x549de4f045f71d962fff89e8c023b52b9db89c2c BUY           2 PERP 22.5h
2025-11-22 16:33:10 | INFO | allcoins_state_tracker |     NEW: 0x549de4f045f71d962fff89e8c023b52b9db89c2c BUY           2 PERP 22.5h
2025-11-22 16:33:10 | INFO | allcoins_state_tracker |     NEW: 0x9b710c8ae66232b4c28a069ebfc1fa2cbcaec273 BUY           1 PERP 8.0h
2025-11-22 16:33:10 | INFO | allcoins_state_tracker | 
──────────────────────────────────────────────────────────────────────
2025-11-22 16:33:10 | INFO | allcoins_state_tracker | 💰 SOL
2025-11-22 16:33:10 | INFO | allcoins_state_tracker | ──────────────────────────────────────────────────────────────────────
2025-11-22 16:33:10 | INFO | allcoins_state_tracker | Orders: 10 total | Active: 1 (0 SPOT, 10 PERP)
2025-11-22 16:33:10 | INFO | allcoins_state_tracker |   ⚡ PERP - 1 Active:
2025-11-22 16:33:10 | INFO | allcoins_state_tracker |     🔴 0xe6fcc492fb5ea091bdbe2e1a9f163e5039f144bc | SELL |        231 |  24.0h
2025-11-22 16:33:10 | INFO | allcoins_state_tracker |   🆕 [SOL] New orders: 10
2025-11-22 16:33:10 | INFO | allcoins_state_tracker |     NEW: 0xe6fcc492fb5ea091bdbe2e1a9f163e5039f144bc SELL        231 PERP 24.0h
2025-11-22 16:33:10 | INFO | allcoins_state_tracker |     NEW: 0x549de4f045f71d962fff89e8c023b52b9db89c2c BUY       1,018 PERP 22.5h
2025-11-22 16:33:10 | INFO | allcoins_state_tracker |     NEW: 0x549de4f045f71d962fff89e8c023b52b9db89c2c BUY       1,028 PERP 23.5h
2025-11-22 16:33:10 | INFO | allcoins_state_tracker |     NEW: 0x8e32209749102c44a847c5cbb7b4706ae8baafbd BUY          32 PERP 3.0h
2025-11-22 16:33:10 | INFO | allcoins_state_tracker |     NEW: 0x8e32209749102c44a847c5cbb7b4706ae8baafbd BUY          32 PERP 3.0h
2025-11-22 16:33:10 | INFO | allcoins_state_tracker |     NEW: 0x8e32209749102c44a847c5cbb7b4706ae8baafbd BUY          32 PERP 3.0h
2025-11-22 16:33:10 | INFO | allcoins_state_tracker |     NEW: 0x8e32209749102c44a847c5cbb7b4706ae8baafbd BUY          32 PERP 3.0h
2025-11-22 16:33:10 | INFO | allcoins_state_tracker |     NEW: 0x8e32209749102c44a847c5cbb7b4706ae8baafbd BUY          32 PERP 3.0h
2025-11-22 16:33:10 | INFO | allcoins_state_tracker |     NEW: 0x8e32209749102c44a847c5cbb7b4706ae8baafbd BUY          32 PERP 3.0h
2025-11-22 16:33:10 | INFO | allcoins_state_tracker |     NEW: 0xab2d30cad08c2aec0bf7e8bfe0032f656bf0ae39 SELL      8,000 PERP 3.1h
2025-11-22 16:33:10 | INFO | allcoins_state_tracker | 
──────────────────────────────────────────────────────────────────────
2025-11-22 16:33:10 | INFO | allcoins_state_tracker | 💰 XRP
2025-11-22 16:33:10 | INFO | allcoins_state_tracker | ──────────────────────────────────────────────────────────────────────
2025-11-22 16:33:10 | INFO | allcoins_state_tracker | Orders: 1 total | Active: 1 (0 SPOT, 1 PERP)
2025-11-22 16:33:10 | INFO | allcoins_state_tracker |   ⚡ PERP - 1 Active:
2025-11-22 16:33:10 | INFO | allcoins_state_tracker |     🔴 0xe6fcc492fb5ea091bdbe2e1a9f163e5039f144bc | SELL |     15,077 |  24.0h
2025-11-22 16:33:10 | INFO | allcoins_state_tracker |   🆕 [XRP] New orders: 1
2025-11-22 16:33:10 | INFO | allcoins_state_tracker |     NEW: 0xe6fcc492fb5ea091bdbe2e1a9f163e5039f144bc SELL     15,077 PERP 24.0h
2025-11-22 16:33:10 | INFO | allcoins_state_tracker | 
──────────────────────────────────────────────────────────────────────
2025-11-22 16:33:10 | INFO | allcoins_state_tracker | 💰 ZEC
2025-11-22 16:33:10 | INFO | allcoins_state_tracker | ──────────────────────────────────────────────────────────────────────
2025-11-22 16:33:10 | INFO | allcoins_state_tracker | Orders: 8 total | Active: 2 (0 SPOT, 8 PERP)
2025-11-22 16:33:10 | INFO | allcoins_state_tracker |   ⚡ PERP - 2 Active:
2025-11-22 16:33:10 | INFO | allcoins_state_tracker |     🔴 0xb676a78f19227ffe9a97db93263fce675e547dbf | SELL |        125 |  22.5h
2025-11-22 16:33:10 | INFO | allcoins_state_tracker |     🟢 0x3b52fc863f776f29d26e292f2eb45523e4ad1487 | BUY  |         53 |   7.1h
2025-11-22 16:33:10 | INFO | allcoins_state_tracker |   🆕 [ZEC] New orders: 8
2025-11-22 16:33:10 | INFO | allcoins_state_tracker |     NEW: 0xb676a78f19227ffe9a97db93263fce675e547dbf SELL        125 PERP 22.5h
2025-11-22 16:33:10 | INFO | allcoins_state_tracker |     NEW: 0x3b52fc863f776f29d26e292f2eb45523e4ad1487 BUY          33 PERP 11.1h
2025-11-22 16:33:10 | INFO | allcoins_state_tracker |     NEW: 0x0a11acdd1ffbdb8adfc34a84f1836f360e6f3cce BUY         284 PERP 1.5h
2025-11-22 16:33:10 | INFO | allcoins_state_tracker |     NEW: 0x3b52fc863f776f29d26e292f2eb45523e4ad1487 BUY          53 PERP 7.1h
2025-11-22 16:33:10 | INFO | allcoins_state_tracker |     NEW: 0x0a11acdd1ffbdb8adfc34a84f1836f360e6f3cce BUY         284 PERP 4.5h
2025-11-22 16:33:10 | INFO | allcoins_state_tracker |     NEW: 0x0a11acdd1ffbdb8adfc34a84f1836f360e6f3cce BUY         252 PERP 2.5h
2025-11-22 16:33:10 | INFO | allcoins_state_tracker |     NEW: 0x0a11acdd1ffbdb8adfc34a84f1836f360e6f3cce BUY         117 PERP 2.5h
2025-11-22 16:33:10 | INFO | allcoins_state_tracker |     NEW: 0x0a11acdd1ffbdb8adfc34a84f1836f360e6f3cce BUY          51 PERP 1.5h
2025-11-22 16:33:10 | INFO | allcoins_state_tracker | 
──────────────────────────────────────────────────────────────────────
2025-11-22 16:33:10 | INFO | allcoins_state_tracker | 💰 ETH
2025-11-22 16:33:10 | INFO | allcoins_state_tracker | ──────────────────────────────────────────────────────────────────────
2025-11-22 16:33:10 | INFO | allcoins_state_tracker | Orders: 4 total | Active: 3 (0 SPOT, 4 PERP)
2025-11-22 16:33:10 | INFO | allcoins_state_tracker |   ⚡ PERP - 3 Active:
2025-11-22 16:33:10 | INFO | allcoins_state_tracker |     🟢 0xb676a78f19227ffe9a97db93263fce675e547dbf | BUY  |         75 |   2.5h
2025-11-22 16:33:10 | INFO | allcoins_state_tracker |     🟢 0x072177e3d373031b7a0957e7bde1a9ea96f819ab | BUY  |         23 |   3.5h
2025-11-22 16:33:10 | INFO | allcoins_state_tracker |     🟢 0x47930c76790c865217472f2ddb4d14c640ee450a | BUY  |          9 |  20.5h
2025-11-22 16:33:10 | INFO | allcoins_state_tracker |   🆕 [ETH] New orders: 4
2025-11-22 16:33:10 | INFO | allcoins_state_tracker |     NEW: 0x47930c76790c865217472f2ddb4d14c640ee450a BUY           9 PERP 20.5h
2025-11-22 16:33:10 | INFO | allcoins_state_tracker |     NEW: 0x999907bfff987ac5e310aac051975f0740d9e4cd BUY           2 PERP 4.5h
2025-11-22 16:33:10 | INFO | allcoins_state_tracker |     NEW: 0x072177e3d373031b7a0957e7bde1a9ea96f819ab BUY          23 PERP 3.5h
2025-11-22 16:33:10 | INFO | allcoins_state_tracker |     NEW: 0xb676a78f19227ffe9a97db93263fce675e547dbf BUY          75 PERP 2.5h
2025-11-22 16:33:10 | INFO | allcoins_state_tracker | 
──────────────────────────────────────────────────────────────────────
2025-11-22 16:33:10 | INFO | allcoins_state_tracker | 💰 ASTER
2025-11-22 16:33:10 | INFO | allcoins_state_tracker | ──────────────────────────────────────────────────────────────────────
2025-11-22 16:33:10 | INFO | allcoins_state_tracker | Orders: 2 total | Active: 2 (0 SPOT, 2 PERP)
2025-11-22 16:33:10 | INFO | allcoins_state_tracker |   ⚡ PERP - 2 Active:
2025-11-22 16:33:10 | INFO | allcoins_state_tracker |     🟢 0xc7f94fb3b3ba614b9b2bf80697ab5a31917005a2 | BUY  |    316,000 |  12.0h
2025-11-22 16:33:10 | INFO | allcoins_state_tracker |     🟢 0x44b398bf3305ce9faddda0c812e931cf4ad17ec6 | BUY  |     24,966 |  24.0h
2025-11-22 16:33:10 | INFO | allcoins_state_tracker |   🆕 [ASTER] New orders: 2
2025-11-22 16:33:10 | INFO | allcoins_state_tracker |     NEW: 0x44b398bf3305ce9faddda0c812e931cf4ad17ec6 BUY      24,966 PERP 24.0h
2025-11-22 16:33:10 | INFO | allcoins_state_tracker |     NEW: 0xc7f94fb3b3ba614b9b2bf80697ab5a31917005a2 BUY     316,000 PERP 12.0h
2025-11-22 16:33:10 | INFO | allcoins_state_tracker | 
──────────────────────────────────────────────────────────────────────
2025-11-22 16:33:10 | INFO | allcoins_state_tracker | 💰 MNT
2025-11-22 16:33:10 | INFO | allcoins_state_tracker | ──────────────────────────────────────────────────────────────────────
2025-11-22 16:33:10 | INFO | allcoins_state_tracker | Orders: 2 total | Active: 0 (0 SPOT, 2 PERP)
2025-11-22 16:33:10 | INFO | allcoins_state_tracker |   🆕 [MNT] New orders: 2
2025-11-22 16:33:10 | INFO | allcoins_state_tracker |     NEW: 0x549de4f045f71d962fff89e8c023b52b9db89c2c BUY      40,531 PERP 22.5h
2025-11-22 16:33:10 | INFO | allcoins_state_tracker |     NEW: 0x549de4f045f71d962fff89e8c023b52b9db89c2c BUY      39,298 PERP 22.5h
2025-11-22 16:33:10 | INFO | allcoins_state_tracker | 
──────────────────────────────────────────────────────────────────────
2025-11-22 16:33:10 | INFO | allcoins_state_tracker | 💰 AVAX
2025-11-22 16:33:10 | INFO | allcoins_state_tracker | ──────────────────────────────────────────────────────────────────────
2025-11-22 16:33:10 | INFO | allcoins_state_tracker | Orders: 1 total | Active: 1 (0 SPOT, 1 PERP)
2025-11-22 16:33:10 | INFO | allcoins_state_tracker |   ⚡ PERP - 1 Active:
2025-11-22 16:33:10 | INFO | allcoins_state_tracker |     🔴 0x6e28520e5e4c821f55086805bfe8354d1b6df5f5 | SELL |      1,888 |  12.5h
2025-11-22 16:33:10 | INFO | allcoins_state_tracker |   🆕 [AVAX] New orders: 1
2025-11-22 16:33:10 | INFO | allcoins_state_tracker |     NEW: 0x6e28520e5e4c821f55086805bfe8354d1b6df5f5 SELL      1,888 PERP 12.5h
2025-11-22 16:33:10 | INFO | allcoins_state_tracker | 
──────────────────────────────────────────────────────────────────────
2025-11-22 16:33:10 | INFO | allcoins_state_tracker | 💰 BCH
2025-11-22 16:33:10 | INFO | allcoins_state_tracker | ──────────────────────────────────────────────────────────────────────
2025-11-22 16:33:10 | INFO | allcoins_state_tracker | Orders: 1 total | Active: 0 (0 SPOT, 1 PERP)
2025-11-22 16:33:10 | INFO | allcoins_state_tracker |   🆕 [BCH] New orders: 1
2025-11-22 16:33:10 | INFO | allcoins_state_tracker |     NEW: 0x999907bfff987ac5e310aac051975f0740d9e4cd BUY          19 PERP 8.0h
2025-11-22 16:33:10 | INFO | allcoins_state_tracker | 
──────────────────────────────────────────────────────────────────────
2025-11-22 16:33:10 | INFO | allcoins_state_tracker | 💰 ENA
2025-11-22 16:33:10 | INFO | allcoins_state_tracker | ──────────────────────────────────────────────────────────────────────
2025-11-22 16:33:10 | INFO | allcoins_state_tracker | Orders: 1 total | Active: 1 (0 SPOT, 1 PERP)
2025-11-22 16:33:10 | INFO | allcoins_state_tracker |   ⚡ PERP - 1 Active:
2025-11-22 16:33:10 | INFO | allcoins_state_tracker |     🟢 0x8e2e546506c1f97220aa9c557af7cc0fff9896e2 | BUY  |     40,000 |   5.5h
2025-11-22 16:33:10 | INFO | allcoins_state_tracker |   🆕 [ENA] New orders: 1
2025-11-22 16:33:10 | INFO | allcoins_state_tracker |     NEW: 0x8e2e546506c1f97220aa9c557af7cc0fff9896e2 BUY      40,000 PERP 5.5h
2025-11-22 16:33:10 | INFO | allcoins_state_tracker | 
──────────────────────────────────────────────────────────────────────
2025-11-22 16:33:10 | INFO | allcoins_state_tracker | 💰 xyz:NVDA
2025-11-22 16:33:10 | INFO | allcoins_state_tracker | ──────────────────────────────────────────────────────────────────────
2025-11-22 16:33:10 | INFO | allcoins_state_tracker | Orders: 1 total | Active: 0 (1 SPOT, 0 PERP)
2025-11-22 16:33:10 | INFO | allcoins_state_tracker |   🆕 [xyz:NVDA] New orders: 1
2025-11-22 16:33:10 | INFO | allcoins_state_tracker |     NEW: 0x7feba916f89777637de8a6929f2fec557c99e001 BUY         258 SPOT 5.5h
2025-11-22 16:33:10 | INFO | allcoins_state_tracker | 
──────────────────────────────────────────────────────────────────────
2025-11-22 16:33:10 | INFO | allcoins_state_tracker | 💰 UPUMP
2025-11-22 16:33:10 | INFO | allcoins_state_tracker | ──────────────────────────────────────────────────────────────────────
2025-11-22 16:33:10 | INFO | allcoins_state_tracker | Orders: 1 total | Active: 0 (1 SPOT, 0 PERP)
2025-11-22 16:33:10 | INFO | allcoins_state_tracker |   🆕 [UPUMP] New orders: 1
2025-11-22 16:33:10 | INFO | allcoins_state_tracker |     NEW: 0xa23190045c4aebeb724844ce622465475e539bae BUY  566,979,135 SPOT 6.0h
2025-11-22 16:33:10 | INFO | allcoins_state_tracker | 
──────────────────────────────────────────────────────────────────────
2025-11-22 16:33:10 | INFO | allcoins_state_tracker | 💰 PUMP
2025-11-22 16:33:10 | INFO | allcoins_state_tracker | ──────────────────────────────────────────────────────────────────────
2025-11-22 16:33:10 | INFO | allcoins_state_tracker | Orders: 1 total | Active: 0 (0 SPOT, 1 PERP)
2025-11-22 16:33:10 | INFO | allcoins_state_tracker |   🆕 [PUMP] New orders: 1
2025-11-22 16:33:10 | INFO | allcoins_state_tracker |     NEW: 0xa23190045c4aebeb724844ce622465475e539bae SELL 565,376,352 PERP 16.0h
2025-11-22 16:33:10 | INFO | allcoins_state_tracker | 
──────────────────────────────────────────────────────────────────────
2025-11-22 16:33:10 | INFO | allcoins_state_tracker | 💰 kPEPE
2025-11-22 16:33:10 | INFO | allcoins_state_tracker | ──────────────────────────────────────────────────────────────────────
2025-11-22 16:33:10 | INFO | allcoins_state_tracker | Orders: 1 total | Active: 1 (0 SPOT, 1 PERP)
2025-11-22 16:33:10 | INFO | allcoins_state_tracker |   ⚡ PERP - 1 Active:
2025-11-22 16:33:10 | INFO | allcoins_state_tracker |     🔴 0x4faf9534f8f029d03561d245b3b442b1c2e14ee2 | SELL |  4,901,960 |   1.5h
2025-11-22 16:33:10 | INFO | allcoins_state_tracker |   🆕 [kPEPE] New orders: 1
2025-11-22 16:33:10 | INFO | allcoins_state_tracker |     NEW: 0x4faf9534f8f029d03561d245b3b442b1c2e14ee2 SELL  4,901,960 PERP 1.5h
2025-11-22 16:33:10 | INFO | allcoins_state_tracker | 
──────────────────────────────────────────────────────────────────────
2025-11-22 16:33:10 | INFO | allcoins_state_tracker | 💰 ARB
2025-11-22 16:33:10 | INFO | allcoins_state_tracker | ──────────────────────────────────────────────────────────────────────
2025-11-22 16:33:10 | INFO | allcoins_state_tracker | Orders: 1 total | Active: 1 (0 SPOT, 1 PERP)
2025-11-22 16:33:10 | INFO | allcoins_state_tracker |   ⚡ PERP - 1 Active:
2025-11-22 16:33:10 | INFO | allcoins_state_tracker |     🔴 0x47f5a6397b79deaaca5c456503e7c1a49357b942 | SELL |    188,400 |   4.0h
2025-11-22 16:33:10 | INFO | allcoins_state_tracker |   🆕 [ARB] New orders: 1
2025-11-22 16:33:10 | INFO | allcoins_state_tracker |     NEW: 0x47f5a6397b79deaaca5c456503e7c1a49357b942 SELL    188,400 PERP 4.0h
2025-11-22 16:33:10 | INFO | allcoins_state_tracker | 
──────────────────────────────────────────────────────────────────────
2025-11-22 16:33:10 | INFO | allcoins_state_tracker | 💰 MON
2025-11-22 16:33:10 | INFO | allcoins_state_tracker | ──────────────────────────────────────────────────────────────────────
2025-11-22 16:33:10 | INFO | allcoins_state_tracker | Orders: 1 total | Active: 1 (0 SPOT, 1 PERP)
2025-11-22 16:33:10 | INFO | allcoins_state_tracker |   ⚡ PERP - 1 Active:
2025-11-22 16:33:10 | INFO | allcoins_state_tracker |     🟢 0x2ea1facb960ff93907f365e2e370e2e50c0ef24e | BUY  |    628,464 |   5.5h
2025-11-22 16:33:10 | INFO | allcoins_state_tracker |   🆕 [MON] New orders: 1
2025-11-22 16:33:10 | INFO | allcoins_state_tracker |     NEW: 0x2ea1facb960ff93907f365e2e370e2e50c0ef24e BUY     628,464 PERP 5.5h
2025-11-22 16:33:10 | INFO | allcoins_state_tracker | ======================================================================
2025-11-22 16:33:10 | INFO | allcoins_state_tracker | 📊 GLOBAL SUMMARY
2025-11-22 16:33:10 | INFO | allcoins_state_tracker | Coins with active orders: 13
2025-11-22 16:33:10 | INFO | allcoins_state_tracker | Total orders tracked: 64 (34 active)
2025-11-22 16:33:10 | INFO | allcoins_state_tracker | Total addresses seen: 1198
2025-11-22 16:33:10 | INFO | allcoins_state_tracker | Active coins: ARB, ASTER, AVAX, BTC, ENA, ETH, HYPE, MON, SOL, UBTC, XRP, ZEC, kPEPE
2025-11-22 16:33:10 | INFO | allcoins_state_tracker | ======================================================================
2025-11-22 16:36:11 | INFO | allcoins_state_tracker | 
======================================================================
2025-11-22 16:36:11 | INFO | allcoins_state_tracker | ALL COINS UPDATE #2
2025-11-22 16:36:11 | INFO | allcoins_state_tracker | Timestamp: 2025-11-22 16:36:11
2025-11-22 16:36:11 | INFO | allcoins_state_tracker | ======================================================================
2025-11-22 16:36:11 | INFO | allcoins_state_tracker | 
──────────────────────────────────────────────────────────────────────
2025-11-22 16:36:11 | INFO | allcoins_state_tracker | 💰 HYPE
2025-11-22 16:36:11 | INFO | allcoins_state_tracker | ──────────────────────────────────────────────────────────────────────
2025-11-22 16:36:11 | INFO | allcoins_state_tracker | Orders: 23 total | Active: 15 (6 SPOT, 17 PERP)
2025-11-22 16:36:11 | INFO | allcoins_state_tracker |   💵 SPOT - 6 Active:
2025-11-22 16:36:11 | INFO | allcoins_state_tracker |     🔴 0x36f336c0b29ff5acc3a4558bb8486b25b41b8033 | SELL |     20,424 |  24.0h
2025-11-22 16:36:11 | INFO | allcoins_state_tracker |     🔴 0xb0026ca48937bd18c5941c05decab68b0fcced8a | SELL |      9,265 |  12.5h
2025-11-22 16:36:11 | INFO | allcoins_state_tracker |     🔴 0xae3240efe74fe86faec26cf9a86584b0e5370c25 | SELL |      1,000 |   8.5h
2025-11-22 16:36:11 | INFO | allcoins_state_tracker |     🟢 0xe6fad4dbb3fd1b3ae2ef3181b77a23ab2c62880d | BUY  |        656 |   6.0h
2025-11-22 16:36:11 | INFO | allcoins_state_tracker |     🟢 0x0b99fdbab5fbbad557b602ca8a849830f51822cd | BUY  |        447 |  12.5h
2025-11-22 16:36:11 | INFO | allcoins_state_tracker |     🔴 0x7806eeb0cdfb52dbe14ed12359526eea55612cf3 | SELL |        255 |   2.5h
2025-11-22 16:36:11 | INFO | allcoins_state_tracker |   ⚡ PERP - 9 Active:
2025-11-22 16:36:11 | INFO | allcoins_state_tracker |     🔴 0xac487c027ffe32021bbba77e30786f8c8f353201 | SELL |     30,000 |  24.0h
2025-11-22 16:36:11 | INFO | allcoins_state_tracker |     🔴 0xac487c027ffe32021bbba77e30786f8c8f353201 | SELL |     20,000 |  24.0h
2025-11-22 16:36:11 | INFO | allcoins_state_tracker |     🟢 0xe6fcc492fb5ea091bdbe2e1a9f163e5039f144bc | BUY  |      3,560 |  24.0h
2025-11-22 16:36:11 | INFO | allcoins_state_tracker |     🟢 0xd01d1679643f48654e6f532c4326be2d034573e7 | BUY  |      2,000 |   4.0h
2025-11-22 16:36:11 | INFO | allcoins_state_tracker |     🟢 0x0bf875556ac5f369415c18b22b1ec1e3a35a76ac | BUY  |      1,566 |  22.2h
2025-11-22 16:36:11 | INFO | allcoins_state_tracker |     🔴 0x3a90705c017255731c3ecac6f5bc3cd9ac3fae8b | SELL |      1,151 |   8.5h
2025-11-22 16:36:11 | INFO | allcoins_state_tracker |     🟢 0x79ca2977402aba6b2e45504b94e21124f825a860 | BUY  |      1,079 |  12.0h
2025-11-22 16:36:11 | INFO | allcoins_state_tracker |     🟢 0xe6fcc492fb5ea091bdbe2e1a9f163e5039f144bc | BUY  |        977 |  24.0h
2025-11-22 16:36:11 | INFO | allcoins_state_tracker |     🟢 0xe99d7d7f6a3664e19dfb14872d8c81813e15ab33 | BUY  |        500 |   6.5h
2025-11-22 16:36:11 | INFO | allcoins_state_tracker |   🆕 [HYPE] New orders: 1
2025-11-22 16:36:11 | INFO | allcoins_state_tracker |     NEW: 0x3a90705c017255731c3ecac6f5bc3cd9ac3fae8b SELL      1,151 PERP 8.5h
2025-11-22 16:36:11 | INFO | allcoins_state_tracker | 
──────────────────────────────────────────────────────────────────────
2025-11-22 16:36:11 | INFO | allcoins_state_tracker | 💰 UBTC
2025-11-22 16:36:11 | INFO | allcoins_state_tracker | ──────────────────────────────────────────────────────────────────────
2025-11-22 16:36:11 | INFO | allcoins_state_tracker | Orders: 3 total | Active: 2 (3 SPOT, 0 PERP)
2025-11-22 16:36:11 | INFO | allcoins_state_tracker |   💵 SPOT - 2 Active:
2025-11-22 16:36:11 | INFO | allcoins_state_tracker |     🟢 0xfffa6fc6acc3dbe04b175862376f1c5ff88cf9c1 | BUY  |          5 |  24.0h
2025-11-22 16:36:11 | INFO | allcoins_state_tracker |     🔴 0x101ded8dec510217a437d4def7d8f4df59fddb6b | SELL |          1 |  24.0h
2025-11-22 16:36:11 | INFO | allcoins_state_tracker | 
──────────────────────────────────────────────────────────────────────
2025-11-22 16:36:11 | INFO | allcoins_state_tracker | 💰 BTC
2025-11-22 16:36:11 | INFO | allcoins_state_tracker | ──────────────────────────────────────────────────────────────────────
2025-11-22 16:36:11 | INFO | allcoins_state_tracker | Orders: 9 total | Active: 4 (0 SPOT, 9 PERP)
2025-11-22 16:36:11 | INFO | allcoins_state_tracker |   ⚡ PERP - 4 Active:
2025-11-22 16:36:11 | INFO | allcoins_state_tracker |     🟢 0x0cda4a69e90d3930cba86d1ca37fa066713e6ce5 | BUY  |          3 |  20.5h
2025-11-22 16:36:11 | INFO | allcoins_state_tracker |     🟢 0x9b710c8ae66232b4c28a069ebfc1fa2cbcaec273 | BUY  |          1 |   8.0h
2025-11-22 16:36:11 | INFO | allcoins_state_tracker |     🔴 0xe6fcc492fb5ea091bdbe2e1a9f163e5039f144bc | SELL |          0 |  24.0h
2025-11-22 16:36:11 | INFO | allcoins_state_tracker |     🟢 0x47930c76790c865217472f2ddb4d14c640ee450a | BUY  |          0 |  21.0h
2025-11-22 16:36:11 | INFO | allcoins_state_tracker | 
──────────────────────────────────────────────────────────────────────
2025-11-22 16:36:11 | INFO | allcoins_state_tracker | 💰 SOL
2025-11-22 16:36:11 | INFO | allcoins_state_tracker | ──────────────────────────────────────────────────────────────────────
2025-11-22 16:36:11 | INFO | allcoins_state_tracker | Orders: 10 total | Active: 1 (0 SPOT, 10 PERP)
2025-11-22 16:36:11 | INFO | allcoins_state_tracker |   ⚡ PERP - 1 Active:
2025-11-22 16:36:11 | INFO | allcoins_state_tracker |     🔴 0xe6fcc492fb5ea091bdbe2e1a9f163e5039f144bc | SELL |        231 |  24.0h
2025-11-22 16:36:11 | INFO | allcoins_state_tracker | 
──────────────────────────────────────────────────────────────────────
2025-11-22 16:36:11 | INFO | allcoins_state_tracker | 💰 XRP
2025-11-22 16:36:11 | INFO | allcoins_state_tracker | ──────────────────────────────────────────────────────────────────────
2025-11-22 16:36:11 | INFO | allcoins_state_tracker | Orders: 1 total | Active: 1 (0 SPOT, 1 PERP)
2025-11-22 16:36:11 | INFO | allcoins_state_tracker |   ⚡ PERP - 1 Active:
2025-11-22 16:36:11 | INFO | allcoins_state_tracker |     🔴 0xe6fcc492fb5ea091bdbe2e1a9f163e5039f144bc | SELL |     15,077 |  24.0h
2025-11-22 16:36:11 | INFO | allcoins_state_tracker | 
──────────────────────────────────────────────────────────────────────
2025-11-22 16:36:11 | INFO | allcoins_state_tracker | 💰 ZEC
2025-11-22 16:36:11 | INFO | allcoins_state_tracker | ──────────────────────────────────────────────────────────────────────
2025-11-22 16:36:11 | INFO | allcoins_state_tracker | Orders: 8 total | Active: 2 (0 SPOT, 8 PERP)
2025-11-22 16:36:11 | INFO | allcoins_state_tracker |   ⚡ PERP - 2 Active:
2025-11-22 16:36:11 | INFO | allcoins_state_tracker |     🔴 0xb676a78f19227ffe9a97db93263fce675e547dbf | SELL |        125 |  22.5h
2025-11-22 16:36:11 | INFO | allcoins_state_tracker |     🟢 0x3b52fc863f776f29d26e292f2eb45523e4ad1487 | BUY  |         53 |   7.1h
2025-11-22 16:36:11 | INFO | allcoins_state_tracker | 
──────────────────────────────────────────────────────────────────────
2025-11-22 16:36:11 | INFO | allcoins_state_tracker | 💰 ETH
2025-11-22 16:36:11 | INFO | allcoins_state_tracker | ──────────────────────────────────────────────────────────────────────
2025-11-22 16:36:11 | INFO | allcoins_state_tracker | Orders: 4 total | Active: 3 (0 SPOT, 4 PERP)
2025-11-22 16:36:11 | INFO | allcoins_state_tracker |   ⚡ PERP - 3 Active:
2025-11-22 16:36:11 | INFO | allcoins_state_tracker |     🟢 0xb676a78f19227ffe9a97db93263fce675e547dbf | BUY  |         75 |   2.5h
2025-11-22 16:36:11 | INFO | allcoins_state_tracker |     🟢 0x072177e3d373031b7a0957e7bde1a9ea96f819ab | BUY  |         23 |   3.5h
2025-11-22 16:36:11 | INFO | allcoins_state_tracker |     🟢 0x47930c76790c865217472f2ddb4d14c640ee450a | BUY  |          9 |  20.5h
2025-11-22 16:36:11 | INFO | allcoins_state_tracker | 
──────────────────────────────────────────────────────────────────────
2025-11-22 16:36:11 | INFO | allcoins_state_tracker | 💰 ASTER
2025-11-22 16:36:11 | INFO | allcoins_state_tracker | ──────────────────────────────────────────────────────────────────────
2025-11-22 16:36:11 | INFO | allcoins_state_tracker | Orders: 2 total | Active: 2 (0 SPOT, 2 PERP)
2025-11-22 16:36:11 | INFO | allcoins_state_tracker |   ⚡ PERP - 2 Active:
2025-11-22 16:36:11 | INFO | allcoins_state_tracker |     🟢 0xc7f94fb3b3ba614b9b2bf80697ab5a31917005a2 | BUY  |    316,000 |  12.0h
2025-11-22 16:36:11 | INFO | allcoins_state_tracker |     🟢 0x44b398bf3305ce9faddda0c812e931cf4ad17ec6 | BUY  |     24,966 |  24.0h
2025-11-22 16:36:11 | INFO | allcoins_state_tracker | 
──────────────────────────────────────────────────────────────────────
2025-11-22 16:36:11 | INFO | allcoins_state_tracker | 💰 MNT
2025-11-22 16:36:11 | INFO | allcoins_state_tracker | ──────────────────────────────────────────────────────────────────────
2025-11-22 16:36:11 | INFO | allcoins_state_tracker | Orders: 2 total | Active: 0 (0 SPOT, 2 PERP)
2025-11-22 16:36:11 | INFO | allcoins_state_tracker | 
──────────────────────────────────────────────────────────────────────
2025-11-22 16:36:11 | INFO | allcoins_state_tracker | 💰 AVAX
2025-11-22 16:36:11 | INFO | allcoins_state_tracker | ──────────────────────────────────────────────────────────────────────
2025-11-22 16:36:11 | INFO | allcoins_state_tracker | Orders: 1 total | Active: 1 (0 SPOT, 1 PERP)
2025-11-22 16:36:11 | INFO | allcoins_state_tracker |   ⚡ PERP - 1 Active:
2025-11-22 16:36:11 | INFO | allcoins_state_tracker |     🔴 0x6e28520e5e4c821f55086805bfe8354d1b6df5f5 | SELL |      1,888 |  12.5h
2025-11-22 16:36:11 | INFO | allcoins_state_tracker | 
──────────────────────────────────────────────────────────────────────
2025-11-22 16:36:11 | INFO | allcoins_state_tracker | 💰 BCH
2025-11-22 16:36:11 | INFO | allcoins_state_tracker | ──────────────────────────────────────────────────────────────────────
2025-11-22 16:36:11 | INFO | allcoins_state_tracker | Orders: 1 total | Active: 0 (0 SPOT, 1 PERP)
2025-11-22 16:36:11 | INFO | allcoins_state_tracker | 
──────────────────────────────────────────────────────────────────────
2025-11-22 16:36:11 | INFO | allcoins_state_tracker | 💰 ENA
2025-11-22 16:36:11 | INFO | allcoins_state_tracker | ──────────────────────────────────────────────────────────────────────
2025-11-22 16:36:11 | INFO | allcoins_state_tracker | Orders: 1 total | Active: 1 (0 SPOT, 1 PERP)
2025-11-22 16:36:11 | INFO | allcoins_state_tracker |   ⚡ PERP - 1 Active:
2025-11-22 16:36:11 | INFO | allcoins_state_tracker |     🟢 0x8e2e546506c1f97220aa9c557af7cc0fff9896e2 | BUY  |     40,000 |   5.5h
2025-11-22 16:36:11 | INFO | allcoins_state_tracker | 
──────────────────────────────────────────────────────────────────────
2025-11-22 16:36:11 | INFO | allcoins_state_tracker | 💰 xyz:NVDA
2025-11-22 16:36:11 | INFO | allcoins_state_tracker | ──────────────────────────────────────────────────────────────────────
2025-11-22 16:36:11 | INFO | allcoins_state_tracker | Orders: 1 total | Active: 0 (1 SPOT, 0 PERP)
2025-11-22 16:36:11 | INFO | allcoins_state_tracker | 
──────────────────────────────────────────────────────────────────────
2025-11-22 16:36:11 | INFO | allcoins_state_tracker | 💰 UPUMP
2025-11-22 16:36:11 | INFO | allcoins_state_tracker | ──────────────────────────────────────────────────────────────────────
2025-11-22 16:36:11 | INFO | allcoins_state_tracker | Orders: 1 total | Active: 0 (1 SPOT, 0 PERP)
2025-11-22 16:36:11 | INFO | allcoins_state_tracker | 
──────────────────────────────────────────────────────────────────────
2025-11-22 16:36:11 | INFO | allcoins_state_tracker | 💰 PUMP
2025-11-22 16:36:11 | INFO | allcoins_state_tracker | ──────────────────────────────────────────────────────────────────────
2025-11-22 16:36:11 | INFO | allcoins_state_tracker | Orders: 1 total | Active: 0 (0 SPOT, 1 PERP)
2025-11-22 16:36:11 | INFO | allcoins_state_tracker | 
──────────────────────────────────────────────────────────────────────
2025-11-22 16:36:11 | INFO | allcoins_state_tracker | 💰 kPEPE
2025-11-22 16:36:11 | INFO | allcoins_state_tracker | ──────────────────────────────────────────────────────────────────────
2025-11-22 16:36:11 | INFO | allcoins_state_tracker | Orders: 1 total | Active: 1 (0 SPOT, 1 PERP)
2025-11-22 16:36:11 | INFO | allcoins_state_tracker |   ⚡ PERP - 1 Active:
2025-11-22 16:36:11 | INFO | allcoins_state_tracker |     🔴 0x4faf9534f8f029d03561d245b3b442b1c2e14ee2 | SELL |  4,901,960 |   1.5h
2025-11-22 16:36:11 | INFO | allcoins_state_tracker | 
──────────────────────────────────────────────────────────────────────
2025-11-22 16:36:11 | INFO | allcoins_state_tracker | 💰 ARB
2025-11-22 16:36:11 | INFO | allcoins_state_tracker | ──────────────────────────────────────────────────────────────────────
2025-11-22 16:36:11 | INFO | allcoins_state_tracker | Orders: 1 total | Active: 1 (0 SPOT, 1 PERP)
2025-11-22 16:36:11 | INFO | allcoins_state_tracker |   ⚡ PERP - 1 Active:
2025-11-22 16:36:11 | INFO | allcoins_state_tracker |     🔴 0x47f5a6397b79deaaca5c456503e7c1a49357b942 | SELL |    188,400 |   4.0h
2025-11-22 16:36:11 | INFO | allcoins_state_tracker | 
──────────────────────────────────────────────────────────────────────
2025-11-22 16:36:11 | INFO | allcoins_state_tracker | 💰 MON
2025-11-22 16:36:11 | INFO | allcoins_state_tracker | ──────────────────────────────────────────────────────────────────────
2025-11-22 16:36:11 | INFO | allcoins_state_tracker | Orders: 1 total | Active: 1 (0 SPOT, 1 PERP)
2025-11-22 16:36:11 | INFO | allcoins_state_tracker |   ⚡ PERP - 1 Active:
2025-11-22 16:36:11 | INFO | allcoins_state_tracker |     🟢 0x2ea1facb960ff93907f365e2e370e2e50c0ef24e | BUY  |    628,464 |   5.5h
2025-11-22 16:36:11 | INFO | allcoins_state_tracker | 
──────────────────────────────────────────────────────────────────────
2025-11-22 16:36:11 | INFO | allcoins_state_tracker | 💰 LTC
2025-11-22 16:36:11 | INFO | allcoins_state_tracker | ──────────────────────────────────────────────────────────────────────
2025-11-22 16:36:11 | INFO | allcoins_state_tracker | Orders: 1 total | Active: 1 (0 SPOT, 1 PERP)
2025-11-22 16:36:11 | INFO | allcoins_state_tracker |   ⚡ PERP - 1 Active:
2025-11-22 16:36:11 | INFO | allcoins_state_tracker |     🟢 0xb4096b8ae0c76ee9a2dfdf1e6427bd2ca3608cb5 | BUY  |          5 |   0.2h
2025-11-22 16:36:11 | INFO | allcoins_state_tracker |   🆕 [LTC] New orders: 1
2025-11-22 16:36:11 | INFO | allcoins_state_tracker |     NEW: 0xb4096b8ae0c76ee9a2dfdf1e6427bd2ca3608cb5 BUY           5 PERP 0.2h
2025-11-22 16:36:11 | INFO | allcoins_state_tracker | 
──────────────────────────────────────────────────────────────────────
2025-11-22 16:36:11 | INFO | allcoins_state_tracker | 💰 ZRO
2025-11-22 16:36:11 | INFO | allcoins_state_tracker | ──────────────────────────────────────────────────────────────────────
2025-11-22 16:36:11 | INFO | allcoins_state_tracker | Orders: 1 total | Active: 1 (0 SPOT, 1 PERP)
2025-11-22 16:36:11 | INFO | allcoins_state_tracker |   ⚡ PERP - 1 Active:
2025-11-22 16:36:11 | INFO | allcoins_state_tracker |     🟢 0x2ae274a44894ec1e048515b1cea8e72bb77c52ba | BUY  |    340,000 |   4.5h
2025-11-22 16:36:11 | INFO | allcoins_state_tracker |   🆕 [ZRO] New orders: 1
2025-11-22 16:36:11 | INFO | allcoins_state_tracker |     NEW: 0x2ae274a44894ec1e048515b1cea8e72bb77c52ba BUY     340,000 PERP 4.5h
2025-11-22 16:36:11 | INFO | allcoins_state_tracker | ======================================================================
2025-11-22 16:36:11 | INFO | allcoins_state_tracker | 📊 GLOBAL SUMMARY
2025-11-22 16:36:11 | INFO | allcoins_state_tracker | Coins with active orders: 15
2025-11-22 16:36:11 | INFO | allcoins_state_tracker | Total orders tracked: 67 (37 active)
2025-11-22 16:36:11 | INFO | allcoins_state_tracker | Total addresses seen: 1201
2025-11-22 16:36:11 | INFO | allcoins_state_tracker | Active coins: ARB, ASTER, AVAX, BTC, ENA, ETH, HYPE, LTC, MON, SOL, UBTC, XRP, ZEC, ZRO, kPEPE
2025-11-22 16:36:11 | INFO | allcoins_state_tracker | ======================================================================
2025-11-22 16:39:11 | INFO | allcoins_state_tracker | 
======================================================================
2025-11-22 16:39:11 | INFO | allcoins_state_tracker | ALL COINS UPDATE #3
2025-11-22 16:39:11 | INFO | allcoins_state_tracker | Timestamp: 2025-11-22 16:39:11
2025-11-22 16:39:11 | INFO | allcoins_state_tracker | ======================================================================
2025-11-22 16:39:11 | INFO | allcoins_state_tracker | 
──────────────────────────────────────────────────────────────────────
2025-11-22 16:39:11 | INFO | allcoins_state_tracker | 💰 HYPE
2025-11-22 16:39:11 | INFO | allcoins_state_tracker | ──────────────────────────────────────────────────────────────────────
2025-11-22 16:39:11 | INFO | allcoins_state_tracker | Orders: 24 total | Active: 16 (7 SPOT, 17 PERP)
2025-11-22 16:39:11 | INFO | allcoins_state_tracker |   💵 SPOT - 7 Active:
2025-11-22 16:39:11 | INFO | allcoins_state_tracker |     🔴 0x36f336c0b29ff5acc3a4558bb8486b25b41b8033 | SELL |     20,424 |  24.0h
2025-11-22 16:39:11 | INFO | allcoins_state_tracker |     🔴 0xb0026ca48937bd18c5941c05decab68b0fcced8a | SELL |      9,265 |  12.5h
2025-11-22 16:39:11 | INFO | allcoins_state_tracker |     🔴 0xae3240efe74fe86faec26cf9a86584b0e5370c25 | SELL |      1,000 |   8.5h
2025-11-22 16:39:11 | INFO | allcoins_state_tracker |     🟢 0xe6fad4dbb3fd1b3ae2ef3181b77a23ab2c62880d | BUY  |        656 |   6.0h
2025-11-22 16:39:11 | INFO | allcoins_state_tracker |     🟢 0x0b99fdbab5fbbad557b602ca8a849830f51822cd | BUY  |        447 |  12.5h
2025-11-22 16:39:11 | INFO | allcoins_state_tracker |     🔴 0x7806eeb0cdfb52dbe14ed12359526eea55612cf3 | SELL |        255 |   2.5h
2025-11-22 16:39:11 | INFO | allcoins_state_tracker |     🔴 0xcf15a5536dad7a3f73e4a65093057b097d397e1d | SELL |        200 |   0.5h
2025-11-22 16:39:11 | INFO | allcoins_state_tracker |   ⚡ PERP - 9 Active:
2025-11-22 16:39:11 | INFO | allcoins_state_tracker |     🔴 0xac487c027ffe32021bbba77e30786f8c8f353201 | SELL |     30,000 |  24.0h
2025-11-22 16:39:11 | INFO | allcoins_state_tracker |     🔴 0xac487c027ffe32021bbba77e30786f8c8f353201 | SELL |     20,000 |  24.0h
2025-11-22 16:39:11 | INFO | allcoins_state_tracker |     🟢 0xe6fcc492fb5ea091bdbe2e1a9f163e5039f144bc | BUY  |      3,560 |  24.0h
2025-11-22 16:39:11 | INFO | allcoins_state_tracker |     🟢 0xd01d1679643f48654e6f532c4326be2d034573e7 | BUY  |      2,000 |   4.0h
2025-11-22 16:39:11 | INFO | allcoins_state_tracker |     🟢 0x0bf875556ac5f369415c18b22b1ec1e3a35a76ac | BUY  |      1,566 |  22.2h
2025-11-22 16:39:11 | INFO | allcoins_state_tracker |     🔴 0x3a90705c017255731c3ecac6f5bc3cd9ac3fae8b | SELL |      1,151 |   8.5h
2025-11-22 16:39:11 | INFO | allcoins_state_tracker |     🟢 0x79ca2977402aba6b2e45504b94e21124f825a860 | BUY  |      1,079 |  12.0h
2025-11-22 16:39:11 | INFO | allcoins_state_tracker |     🟢 0xe6fcc492fb5ea091bdbe2e1a9f163e5039f144bc | BUY  |        977 |  24.0h
2025-11-22 16:39:11 | INFO | allcoins_state_tracker |     🟢 0xe99d7d7f6a3664e19dfb14872d8c81813e15ab33 | BUY  |        500 |   6.5h
2025-11-22 16:39:11 | INFO | allcoins_state_tracker |   🆕 [HYPE] New orders: 1
2025-11-22 16:39:11 | INFO | allcoins_state_tracker |     NEW: 0xcf15a5536dad7a3f73e4a65093057b097d397e1d SELL        200 SPOT 0.5h
2025-11-22 16:39:11 | INFO | allcoins_state_tracker | 
──────────────────────────────────────────────────────────────────────
2025-11-22 16:39:11 | INFO | allcoins_state_tracker | 💰 UBTC
2025-11-22 16:39:11 | INFO | allcoins_state_tracker | ──────────────────────────────────────────────────────────────────────
2025-11-22 16:39:11 | INFO | allcoins_state_tracker | Orders: 3 total | Active: 2 (3 SPOT, 0 PERP)
2025-11-22 16:39:11 | INFO | allcoins_state_tracker |   💵 SPOT - 2 Active:
2025-11-22 16:39:11 | INFO | allcoins_state_tracker |     🟢 0xfffa6fc6acc3dbe04b175862376f1c5ff88cf9c1 | BUY  |          5 |  24.0h
2025-11-22 16:39:11 | INFO | allcoins_state_tracker |     🔴 0x101ded8dec510217a437d4def7d8f4df59fddb6b | SELL |          1 |  24.0h
2025-11-22 16:39:11 | INFO | allcoins_state_tracker | 
──────────────────────────────────────────────────────────────────────
2025-11-22 16:39:11 | INFO | allcoins_state_tracker | 💰 BTC
2025-11-22 16:39:11 | INFO | allcoins_state_tracker | ──────────────────────────────────────────────────────────────────────
2025-11-22 16:39:11 | INFO | allcoins_state_tracker | Orders: 9 total | Active: 4 (0 SPOT, 9 PERP)
2025-11-22 16:39:11 | INFO | allcoins_state_tracker |   ⚡ PERP - 4 Active:
2025-11-22 16:39:11 | INFO | allcoins_state_tracker |     🟢 0x0cda4a69e90d3930cba86d1ca37fa066713e6ce5 | BUY  |          3 |  20.5h
2025-11-22 16:39:11 | INFO | allcoins_state_tracker |     🟢 0x9b710c8ae66232b4c28a069ebfc1fa2cbcaec273 | BUY  |          1 |   8.0h
2025-11-22 16:39:11 | INFO | allcoins_state_tracker |     🔴 0xe6fcc492fb5ea091bdbe2e1a9f163e5039f144bc | SELL |          0 |  24.0h
2025-11-22 16:39:11 | INFO | allcoins_state_tracker |     🟢 0x47930c76790c865217472f2ddb4d14c640ee450a | BUY  |          0 |  21.0h
2025-11-22 16:39:11 | INFO | allcoins_state_tracker | 
──────────────────────────────────────────────────────────────────────
2025-11-22 16:39:11 | INFO | allcoins_state_tracker | 💰 SOL
2025-11-22 16:39:11 | INFO | allcoins_state_tracker | ──────────────────────────────────────────────────────────────────────
2025-11-22 16:39:11 | INFO | allcoins_state_tracker | Orders: 10 total | Active: 1 (0 SPOT, 10 PERP)
2025-11-22 16:39:11 | INFO | allcoins_state_tracker |   ⚡ PERP - 1 Active:
2025-11-22 16:39:11 | INFO | allcoins_state_tracker |     🔴 0xe6fcc492fb5ea091bdbe2e1a9f163e5039f144bc | SELL |        231 |  24.0h
2025-11-22 16:39:11 | INFO | allcoins_state_tracker | 
──────────────────────────────────────────────────────────────────────
2025-11-22 16:39:11 | INFO | allcoins_state_tracker | 💰 XRP
2025-11-22 16:39:11 | INFO | allcoins_state_tracker | ──────────────────────────────────────────────────────────────────────
2025-11-22 16:39:11 | INFO | allcoins_state_tracker | Orders: 1 total | Active: 1 (0 SPOT, 1 PERP)
2025-11-22 16:39:11 | INFO | allcoins_state_tracker |   ⚡ PERP - 1 Active:
2025-11-22 16:39:11 | INFO | allcoins_state_tracker |     🔴 0xe6fcc492fb5ea091bdbe2e1a9f163e5039f144bc | SELL |     15,077 |  24.0h
2025-11-22 16:39:11 | INFO | allcoins_state_tracker | 
──────────────────────────────────────────────────────────────────────
2025-11-22 16:39:11 | INFO | allcoins_state_tracker | 💰 ZEC
2025-11-22 16:39:11 | INFO | allcoins_state_tracker | ──────────────────────────────────────────────────────────────────────
2025-11-22 16:39:11 | INFO | allcoins_state_tracker | Orders: 8 total | Active: 2 (0 SPOT, 8 PERP)
2025-11-22 16:39:11 | INFO | allcoins_state_tracker |   ⚡ PERP - 2 Active:
2025-11-22 16:39:11 | INFO | allcoins_state_tracker |     🔴 0xb676a78f19227ffe9a97db93263fce675e547dbf | SELL |        125 |  22.5h
2025-11-22 16:39:11 | INFO | allcoins_state_tracker |     🟢 0x3b52fc863f776f29d26e292f2eb45523e4ad1487 | BUY  |         53 |   7.1h
2025-11-22 16:39:11 | INFO | allcoins_state_tracker | 
──────────────────────────────────────────────────────────────────────
2025-11-22 16:39:11 | INFO | allcoins_state_tracker | 💰 ETH
2025-11-22 16:39:11 | INFO | allcoins_state_tracker | ──────────────────────────────────────────────────────────────────────
2025-11-22 16:39:11 | INFO | allcoins_state_tracker | Orders: 3 total | Active: 3 (0 SPOT, 3 PERP)
2025-11-22 16:39:11 | INFO | allcoins_state_tracker |   ⚡ PERP - 3 Active:
2025-11-22 16:39:11 | INFO | allcoins_state_tracker |     🟢 0xb676a78f19227ffe9a97db93263fce675e547dbf | BUY  |         75 |   2.5h
2025-11-22 16:39:11 | INFO | allcoins_state_tracker |     🟢 0x072177e3d373031b7a0957e7bde1a9ea96f819ab | BUY  |         23 |   3.5h
2025-11-22 16:39:11 | INFO | allcoins_state_tracker |     🟢 0x47930c76790c865217472f2ddb4d14c640ee450a | BUY  |          9 |  20.5h
2025-11-22 16:39:11 | INFO | allcoins_state_tracker | 
──────────────────────────────────────────────────────────────────────
2025-11-22 16:39:11 | INFO | allcoins_state_tracker | 💰 ASTER
2025-11-22 16:39:11 | INFO | allcoins_state_tracker | ──────────────────────────────────────────────────────────────────────
2025-11-22 16:39:11 | INFO | allcoins_state_tracker | Orders: 2 total | Active: 2 (0 SPOT, 2 PERP)
2025-11-22 16:39:11 | INFO | allcoins_state_tracker |   ⚡ PERP - 2 Active:
2025-11-22 16:39:11 | INFO | allcoins_state_tracker |     🟢 0xc7f94fb3b3ba614b9b2bf80697ab5a31917005a2 | BUY  |    316,000 |  12.0h
2025-11-22 16:39:11 | INFO | allcoins_state_tracker |     🟢 0x44b398bf3305ce9faddda0c812e931cf4ad17ec6 | BUY  |     24,966 |  24.0h
2025-11-22 16:39:11 | INFO | allcoins_state_tracker | 
──────────────────────────────────────────────────────────────────────
2025-11-22 16:39:11 | INFO | allcoins_state_tracker | 💰 MNT
2025-11-22 16:39:11 | INFO | allcoins_state_tracker | ──────────────────────────────────────────────────────────────────────
2025-11-22 16:39:11 | INFO | allcoins_state_tracker | Orders: 2 total | Active: 0 (0 SPOT, 2 PERP)
2025-11-22 16:39:11 | INFO | allcoins_state_tracker | 
──────────────────────────────────────────────────────────────────────
2025-11-22 16:39:11 | INFO | allcoins_state_tracker | 💰 AVAX
2025-11-22 16:39:11 | INFO | allcoins_state_tracker | ──────────────────────────────────────────────────────────────────────
2025-11-22 16:39:11 | INFO | allcoins_state_tracker | Orders: 1 total | Active: 1 (0 SPOT, 1 PERP)
2025-11-22 16:39:11 | INFO | allcoins_state_tracker |   ⚡ PERP - 1 Active:
2025-11-22 16:39:11 | INFO | allcoins_state_tracker |     🔴 0x6e28520e5e4c821f55086805bfe8354d1b6df5f5 | SELL |      1,888 |  12.5h
2025-11-22 16:39:11 | INFO | allcoins_state_tracker | 
──────────────────────────────────────────────────────────────────────
2025-11-22 16:39:11 | INFO | allcoins_state_tracker | 💰 BCH
2025-11-22 16:39:11 | INFO | allcoins_state_tracker | ──────────────────────────────────────────────────────────────────────
2025-11-22 16:39:11 | INFO | allcoins_state_tracker | Orders: 1 total | Active: 0 (0 SPOT, 1 PERP)
2025-11-22 16:39:11 | INFO | allcoins_state_tracker | 
──────────────────────────────────────────────────────────────────────
2025-11-22 16:39:11 | INFO | allcoins_state_tracker | 💰 ENA
2025-11-22 16:39:11 | INFO | allcoins_state_tracker | ──────────────────────────────────────────────────────────────────────
2025-11-22 16:39:11 | INFO | allcoins_state_tracker | Orders: 1 total | Active: 1 (0 SPOT, 1 PERP)
2025-11-22 16:39:11 | INFO | allcoins_state_tracker |   ⚡ PERP - 1 Active:
2025-11-22 16:39:11 | INFO | allcoins_state_tracker |     🟢 0x8e2e546506c1f97220aa9c557af7cc0fff9896e2 | BUY  |     40,000 |   5.5h
2025-11-22 16:39:11 | INFO | allcoins_state_tracker | 
──────────────────────────────────────────────────────────────────────
2025-11-22 16:39:11 | INFO | allcoins_state_tracker | 💰 xyz:NVDA
2025-11-22 16:39:11 | INFO | allcoins_state_tracker | ──────────────────────────────────────────────────────────────────────
2025-11-22 16:39:11 | INFO | allcoins_state_tracker | Orders: 1 total | Active: 0 (1 SPOT, 0 PERP)
2025-11-22 16:39:11 | INFO | allcoins_state_tracker | 
──────────────────────────────────────────────────────────────────────
2025-11-22 16:39:11 | INFO | allcoins_state_tracker | 💰 UPUMP
2025-11-22 16:39:11 | INFO | allcoins_state_tracker | ──────────────────────────────────────────────────────────────────────
2025-11-22 16:39:11 | INFO | allcoins_state_tracker | Orders: 1 total | Active: 0 (1 SPOT, 0 PERP)
2025-11-22 16:39:11 | INFO | allcoins_state_tracker | 
──────────────────────────────────────────────────────────────────────
2025-11-22 16:39:11 | INFO | allcoins_state_tracker | 💰 PUMP
2025-11-22 16:39:11 | INFO | allcoins_state_tracker | ──────────────────────────────────────────────────────────────────────
2025-11-22 16:39:11 | INFO | allcoins_state_tracker | Orders: 1 total | Active: 0 (0 SPOT, 1 PERP)
2025-11-22 16:39:11 | INFO | allcoins_state_tracker | 
──────────────────────────────────────────────────────────────────────
2025-11-22 16:39:11 | INFO | allcoins_state_tracker | 💰 kPEPE
2025-11-22 16:39:11 | INFO | allcoins_state_tracker | ──────────────────────────────────────────────────────────────────────
2025-11-22 16:39:11 | INFO | allcoins_state_tracker | Orders: 1 total | Active: 1 (0 SPOT, 1 PERP)
2025-11-22 16:39:11 | INFO | allcoins_state_tracker |   ⚡ PERP - 1 Active:
2025-11-22 16:39:11 | INFO | allcoins_state_tracker |     🔴 0x4faf9534f8f029d03561d245b3b442b1c2e14ee2 | SELL |  4,901,960 |   1.5h
2025-11-22 16:39:11 | INFO | allcoins_state_tracker | 
──────────────────────────────────────────────────────────────────────
2025-11-22 16:39:11 | INFO | allcoins_state_tracker | 💰 ARB
2025-11-22 16:39:11 | INFO | allcoins_state_tracker | ──────────────────────────────────────────────────────────────────────
2025-11-22 16:39:11 | INFO | allcoins_state_tracker | Orders: 1 total | Active: 1 (0 SPOT, 1 PERP)
2025-11-22 16:39:11 | INFO | allcoins_state_tracker |   ⚡ PERP - 1 Active:
2025-11-22 16:39:11 | INFO | allcoins_state_tracker |     🔴 0x47f5a6397b79deaaca5c456503e7c1a49357b942 | SELL |    188,400 |   4.0h
2025-11-22 16:39:11 | INFO | allcoins_state_tracker | 
──────────────────────────────────────────────────────────────────────
2025-11-22 16:39:11 | INFO | allcoins_state_tracker | 💰 MON
2025-11-22 16:39:11 | INFO | allcoins_state_tracker | ──────────────────────────────────────────────────────────────────────
2025-11-22 16:39:11 | INFO | allcoins_state_tracker | Orders: 1 total | Active: 1 (0 SPOT, 1 PERP)
2025-11-22 16:39:11 | INFO | allcoins_state_tracker |   ⚡ PERP - 1 Active:
2025-11-22 16:39:11 | INFO | allcoins_state_tracker |     🟢 0x2ea1facb960ff93907f365e2e370e2e50c0ef24e | BUY  |    628,464 |   5.5h
2025-11-22 16:39:11 | INFO | allcoins_state_tracker | 
──────────────────────────────────────────────────────────────────────
2025-11-22 16:39:11 | INFO | allcoins_state_tracker | 💰 LTC
2025-11-22 16:39:11 | INFO | allcoins_state_tracker | ──────────────────────────────────────────────────────────────────────
2025-11-22 16:39:11 | INFO | allcoins_state_tracker | Orders: 1 total | Active: 1 (0 SPOT, 1 PERP)
2025-11-22 16:39:11 | INFO | allcoins_state_tracker |   ⚡ PERP - 1 Active:
2025-11-22 16:39:11 | INFO | allcoins_state_tracker |     🟢 0xb4096b8ae0c76ee9a2dfdf1e6427bd2ca3608cb5 | BUY  |          5 |   0.2h
2025-11-22 16:39:11 | INFO | allcoins_state_tracker | 
──────────────────────────────────────────────────────────────────────
2025-11-22 16:39:11 | INFO | allcoins_state_tracker | 💰 ZRO
2025-11-22 16:39:11 | INFO | allcoins_state_tracker | ──────────────────────────────────────────────────────────────────────
2025-11-22 16:39:11 | INFO | allcoins_state_tracker | Orders: 1 total | Active: 1 (0 SPOT, 1 PERP)
2025-11-22 16:39:11 | INFO | allcoins_state_tracker |   ⚡ PERP - 1 Active:
2025-11-22 16:39:11 | INFO | allcoins_state_tracker |     🟢 0x2ae274a44894ec1e048515b1cea8e72bb77c52ba | BUY  |    340,000 |   4.5h
2025-11-22 16:39:11 | INFO | allcoins_state_tracker | ======================================================================
2025-11-22 16:39:11 | INFO | allcoins_state_tracker | 📊 GLOBAL SUMMARY
2025-11-22 16:39:11 | INFO | allcoins_state_tracker | Coins with active orders: 15
2025-11-22 16:39:11 | INFO | allcoins_state_tracker | Total orders tracked: 67 (38 active)
2025-11-22 16:39:11 | INFO | allcoins_state_tracker | Total addresses seen: 1201
2025-11-22 16:39:11 | INFO | allcoins_state_tracker | Active coins: ARB, ASTER, AVAX, BTC, ENA, ETH, HYPE, LTC, MON, SOL, UBTC, XRP, ZEC, ZRO, kPEPE
2025-11-22 16:39:11 | INFO | allcoins_state_tracker | ======================================================================
2025-11-22 16:42:11 | INFO | allcoins_state_tracker | 
======================================================================
2025-11-22 16:42:11 | INFO | allcoins_state_tracker | ALL COINS UPDATE #4
2025-11-22 16:42:11 | INFO | allcoins_state_tracker | Timestamp: 2025-11-22 16:42:11
2025-11-22 16:42:11 | INFO | allcoins_state_tracker | ======================================================================
2025-11-22 16:42:11 | INFO | allcoins_state_tracker | 
──────────────────────────────────────────────────────────────────────
2025-11-22 16:42:11 | INFO | allcoins_state_tracker | 💰 HYPE
2025-11-22 16:42:11 | INFO | allcoins_state_tracker | ──────────────────────────────────────────────────────────────────────
2025-11-22 16:42:11 | INFO | allcoins_state_tracker | Orders: 24 total | Active: 16 (7 SPOT, 17 PERP)
2025-11-22 16:42:11 | INFO | allcoins_state_tracker |   💵 SPOT - 7 Active:
2025-11-22 16:42:11 | INFO | allcoins_state_tracker |     🔴 0x36f336c0b29ff5acc3a4558bb8486b25b41b8033 | SELL |     20,424 |  24.0h
2025-11-22 16:42:11 | INFO | allcoins_state_tracker |     🔴 0xb0026ca48937bd18c5941c05decab68b0fcced8a | SELL |      9,265 |  12.5h
2025-11-22 16:42:11 | INFO | allcoins_state_tracker |     🔴 0xae3240efe74fe86faec26cf9a86584b0e5370c25 | SELL |      1,000 |   8.5h
2025-11-22 16:42:11 | INFO | allcoins_state_tracker |     🟢 0xe6fad4dbb3fd1b3ae2ef3181b77a23ab2c62880d | BUY  |        656 |   6.0h
2025-11-22 16:42:11 | INFO | allcoins_state_tracker |     🟢 0x0b99fdbab5fbbad557b602ca8a849830f51822cd | BUY  |        447 |  12.5h
2025-11-22 16:42:11 | INFO | allcoins_state_tracker |     🔴 0x7806eeb0cdfb52dbe14ed12359526eea55612cf3 | SELL |        255 |   2.5h
2025-11-22 16:42:11 | INFO | allcoins_state_tracker |     🔴 0xcf15a5536dad7a3f73e4a65093057b097d397e1d | SELL |        200 |   0.5h
2025-11-22 16:42:11 | INFO | allcoins_state_tracker |   ⚡ PERP - 9 Active:
2025-11-22 16:42:11 | INFO | allcoins_state_tracker |     🔴 0xac487c027ffe32021bbba77e30786f8c8f353201 | SELL |     30,000 |  24.0h
2025-11-22 16:42:11 | INFO | allcoins_state_tracker |     🔴 0xac487c027ffe32021bbba77e30786f8c8f353201 | SELL |     20,000 |  24.0h
2025-11-22 16:42:11 | INFO | allcoins_state_tracker |     🟢 0xe6fcc492fb5ea091bdbe2e1a9f163e5039f144bc | BUY  |      3,560 |  24.0h
2025-11-22 16:42:11 | INFO | allcoins_state_tracker |     🟢 0xd01d1679643f48654e6f532c4326be2d034573e7 | BUY  |      2,000 |   4.0h
2025-11-22 16:42:11 | INFO | allcoins_state_tracker |     🟢 0x0bf875556ac5f369415c18b22b1ec1e3a35a76ac | BUY  |      1,566 |  22.2h
2025-11-22 16:42:11 | INFO | allcoins_state_tracker |     🔴 0x3a90705c017255731c3ecac6f5bc3cd9ac3fae8b | SELL |      1,151 |   8.5h
2025-11-22 16:42:11 | INFO | allcoins_state_tracker |     🟢 0x79ca2977402aba6b2e45504b94e21124f825a860 | BUY  |      1,079 |  12.0h
2025-11-22 16:42:11 | INFO | allcoins_state_tracker |     🟢 0xe6fcc492fb5ea091bdbe2e1a9f163e5039f144bc | BUY  |        977 |  24.0h
2025-11-22 16:42:11 | INFO | allcoins_state_tracker |     🟢 0xe99d7d7f6a3664e19dfb14872d8c81813e15ab33 | BUY  |        500 |   6.5h
2025-11-22 16:42:11 | INFO | allcoins_state_tracker | 
──────────────────────────────────────────────────────────────────────
2025-11-22 16:42:11 | INFO | allcoins_state_tracker | 💰 UBTC
2025-11-22 16:42:11 | INFO | allcoins_state_tracker | ──────────────────────────────────────────────────────────────────────
2025-11-22 16:42:11 | INFO | allcoins_state_tracker | Orders: 3 total | Active: 2 (3 SPOT, 0 PERP)
2025-11-22 16:42:11 | INFO | allcoins_state_tracker |   💵 SPOT - 2 Active:
2025-11-22 16:42:11 | INFO | allcoins_state_tracker |     🟢 0xfffa6fc6acc3dbe04b175862376f1c5ff88cf9c1 | BUY  |          5 |  24.0h
2025-11-22 16:42:11 | INFO | allcoins_state_tracker |     🔴 0x101ded8dec510217a437d4def7d8f4df59fddb6b | SELL |          1 |  24.0h
2025-11-22 16:42:11 | INFO | allcoins_state_tracker | 
──────────────────────────────────────────────────────────────────────
2025-11-22 16:42:11 | INFO | allcoins_state_tracker | 💰 BTC
2025-11-22 16:42:11 | INFO | allcoins_state_tracker | ──────────────────────────────────────────────────────────────────────
2025-11-22 16:42:11 | INFO | allcoins_state_tracker | Orders: 9 total | Active: 4 (0 SPOT, 9 PERP)
2025-11-22 16:42:11 | INFO | allcoins_state_tracker |   ⚡ PERP - 4 Active:
2025-11-22 16:42:11 | INFO | allcoins_state_tracker |     🟢 0x0cda4a69e90d3930cba86d1ca37fa066713e6ce5 | BUY  |          3 |  20.5h
2025-11-22 16:42:11 | INFO | allcoins_state_tracker |     🟢 0x9b710c8ae66232b4c28a069ebfc1fa2cbcaec273 | BUY  |          1 |   8.0h
2025-11-22 16:42:11 | INFO | allcoins_state_tracker |     🔴 0xe6fcc492fb5ea091bdbe2e1a9f163e5039f144bc | SELL |          0 |  24.0h
2025-11-22 16:42:11 | INFO | allcoins_state_tracker |     🟢 0x47930c76790c865217472f2ddb4d14c640ee450a | BUY  |          0 |  21.0h
2025-11-22 16:42:11 | INFO | allcoins_state_tracker | 
──────────────────────────────────────────────────────────────────────
2025-11-22 16:42:11 | INFO | allcoins_state_tracker | 💰 SOL
2025-11-22 16:42:11 | INFO | allcoins_state_tracker | ──────────────────────────────────────────────────────────────────────
2025-11-22 16:42:11 | INFO | allcoins_state_tracker | Orders: 10 total | Active: 1 (0 SPOT, 10 PERP)
2025-11-22 16:42:11 | INFO | allcoins_state_tracker |   ⚡ PERP - 1 Active:
2025-11-22 16:42:11 | INFO | allcoins_state_tracker |     🔴 0xe6fcc492fb5ea091bdbe2e1a9f163e5039f144bc | SELL |        231 |  24.0h
2025-11-22 16:42:11 | INFO | allcoins_state_tracker | 
──────────────────────────────────────────────────────────────────────
2025-11-22 16:42:11 | INFO | allcoins_state_tracker | 💰 XRP
2025-11-22 16:42:11 | INFO | allcoins_state_tracker | ──────────────────────────────────────────────────────────────────────
2025-11-22 16:42:11 | INFO | allcoins_state_tracker | Orders: 1 total | Active: 1 (0 SPOT, 1 PERP)
2025-11-22 16:42:11 | INFO | allcoins_state_tracker |   ⚡ PERP - 1 Active:
2025-11-22 16:42:11 | INFO | allcoins_state_tracker |     🔴 0xe6fcc492fb5ea091bdbe2e1a9f163e5039f144bc | SELL |     15,077 |  24.0h
2025-11-22 16:42:11 | INFO | allcoins_state_tracker | 
──────────────────────────────────────────────────────────────────────
2025-11-22 16:42:11 | INFO | allcoins_state_tracker | 💰 ZEC
2025-11-22 16:42:11 | INFO | allcoins_state_tracker | ──────────────────────────────────────────────────────────────────────
2025-11-22 16:42:11 | INFO | allcoins_state_tracker | Orders: 8 total | Active: 2 (0 SPOT, 8 PERP)
2025-11-22 16:42:11 | INFO | allcoins_state_tracker |   ⚡ PERP - 2 Active:
2025-11-22 16:42:11 | INFO | allcoins_state_tracker |     🔴 0xb676a78f19227ffe9a97db93263fce675e547dbf | SELL |        125 |  22.5h
2025-11-22 16:42:11 | INFO | allcoins_state_tracker |     🟢 0x3b52fc863f776f29d26e292f2eb45523e4ad1487 | BUY  |         53 |   7.1h
2025-11-22 16:42:11 | INFO | allcoins_state_tracker | 
──────────────────────────────────────────────────────────────────────
2025-11-22 16:42:11 | INFO | allcoins_state_tracker | 💰 ETH
2025-11-22 16:42:11 | INFO | allcoins_state_tracker | ──────────────────────────────────────────────────────────────────────
2025-11-22 16:42:11 | INFO | allcoins_state_tracker | Orders: 3 total | Active: 3 (0 SPOT, 3 PERP)
2025-11-22 16:42:11 | INFO | allcoins_state_tracker |   ⚡ PERP - 3 Active:
2025-11-22 16:42:11 | INFO | allcoins_state_tracker |     🟢 0xb676a78f19227ffe9a97db93263fce675e547dbf | BUY  |         75 |   2.5h
2025-11-22 16:42:11 | INFO | allcoins_state_tracker |     🟢 0x072177e3d373031b7a0957e7bde1a9ea96f819ab | BUY  |         23 |   3.5h
2025-11-22 16:42:11 | INFO | allcoins_state_tracker |     🟢 0x47930c76790c865217472f2ddb4d14c640ee450a | BUY  |          9 |  20.5h
2025-11-22 16:42:11 | INFO | allcoins_state_tracker | 
──────────────────────────────────────────────────────────────────────
2025-11-22 16:42:11 | INFO | allcoins_state_tracker | 💰 ASTER
2025-11-22 16:42:11 | INFO | allcoins_state_tracker | ──────────────────────────────────────────────────────────────────────
2025-11-22 16:42:11 | INFO | allcoins_state_tracker | Orders: 2 total | Active: 2 (0 SPOT, 2 PERP)
2025-11-22 16:42:11 | INFO | allcoins_state_tracker |   ⚡ PERP - 2 Active:
2025-11-22 16:42:11 | INFO | allcoins_state_tracker |     🟢 0xc7f94fb3b3ba614b9b2bf80697ab5a31917005a2 | BUY  |    316,000 |  12.0h
2025-11-22 16:42:11 | INFO | allcoins_state_tracker |     🟢 0x44b398bf3305ce9faddda0c812e931cf4ad17ec6 | BUY  |     24,966 |  24.0h
2025-11-22 16:42:11 | INFO | allcoins_state_tracker | 
──────────────────────────────────────────────────────────────────────
2025-11-22 16:42:11 | INFO | allcoins_state_tracker | 💰 MNT
2025-11-22 16:42:11 | INFO | allcoins_state_tracker | ──────────────────────────────────────────────────────────────────────
2025-11-22 16:42:11 | INFO | allcoins_state_tracker | Orders: 2 total | Active: 0 (0 SPOT, 2 PERP)
2025-11-22 16:42:11 | INFO | allcoins_state_tracker | 
──────────────────────────────────────────────────────────────────────
2025-11-22 16:42:11 | INFO | allcoins_state_tracker | 💰 AVAX
2025-11-22 16:42:11 | INFO | allcoins_state_tracker | ──────────────────────────────────────────────────────────────────────
2025-11-22 16:42:11 | INFO | allcoins_state_tracker | Orders: 1 total | Active: 1 (0 SPOT, 1 PERP)
2025-11-22 16:42:11 | INFO | allcoins_state_tracker |   ⚡ PERP - 1 Active:
2025-11-22 16:42:11 | INFO | allcoins_state_tracker |     🔴 0x6e28520e5e4c821f55086805bfe8354d1b6df5f5 | SELL |      1,888 |  12.5h
2025-11-22 16:42:11 | INFO | allcoins_state_tracker | 
──────────────────────────────────────────────────────────────────────
2025-11-22 16:42:11 | INFO | allcoins_state_tracker | 💰 BCH
2025-11-22 16:42:11 | INFO | allcoins_state_tracker | ──────────────────────────────────────────────────────────────────────
2025-11-22 16:42:11 | INFO | allcoins_state_tracker | Orders: 1 total | Active: 0 (0 SPOT, 1 PERP)
2025-11-22 16:42:11 | INFO | allcoins_state_tracker | 
──────────────────────────────────────────────────────────────────────
2025-11-22 16:42:11 | INFO | allcoins_state_tracker | 💰 ENA
2025-11-22 16:42:11 | INFO | allcoins_state_tracker | ──────────────────────────────────────────────────────────────────────
2025-11-22 16:42:11 | INFO | allcoins_state_tracker | Orders: 1 total | Active: 1 (0 SPOT, 1 PERP)
2025-11-22 16:42:11 | INFO | allcoins_state_tracker |   ⚡ PERP - 1 Active:
2025-11-22 16:42:11 | INFO | allcoins_state_tracker |     🟢 0x8e2e546506c1f97220aa9c557af7cc0fff9896e2 | BUY  |     40,000 |   5.5h
2025-11-22 16:42:11 | INFO | allcoins_state_tracker | 
──────────────────────────────────────────────────────────────────────
2025-11-22 16:42:11 | INFO | allcoins_state_tracker | 💰 xyz:NVDA
2025-11-22 16:42:11 | INFO | allcoins_state_tracker | ──────────────────────────────────────────────────────────────────────
2025-11-22 16:42:11 | INFO | allcoins_state_tracker | Orders: 1 total | Active: 0 (1 SPOT, 0 PERP)
2025-11-22 16:42:11 | INFO | allcoins_state_tracker | 
──────────────────────────────────────────────────────────────────────
2025-11-22 16:42:11 | INFO | allcoins_state_tracker | 💰 UPUMP
2025-11-22 16:42:11 | INFO | allcoins_state_tracker | ──────────────────────────────────────────────────────────────────────
2025-11-22 16:42:11 | INFO | allcoins_state_tracker | Orders: 1 total | Active: 0 (1 SPOT, 0 PERP)
2025-11-22 16:42:11 | INFO | allcoins_state_tracker | 
──────────────────────────────────────────────────────────────────────
2025-11-22 16:42:11 | INFO | allcoins_state_tracker | 💰 PUMP
2025-11-22 16:42:11 | INFO | allcoins_state_tracker | ──────────────────────────────────────────────────────────────────────
2025-11-22 16:42:11 | INFO | allcoins_state_tracker | Orders: 1 total | Active: 0 (0 SPOT, 1 PERP)
2025-11-22 16:42:11 | INFO | allcoins_state_tracker | 
──────────────────────────────────────────────────────────────────────
2025-11-22 16:42:11 | INFO | allcoins_state_tracker | 💰 kPEPE
2025-11-22 16:42:11 | INFO | allcoins_state_tracker | ──────────────────────────────────────────────────────────────────────
2025-11-22 16:42:11 | INFO | allcoins_state_tracker | Orders: 1 total | Active: 1 (0 SPOT, 1 PERP)
2025-11-22 16:42:11 | INFO | allcoins_state_tracker |   ⚡ PERP - 1 Active:
2025-11-22 16:42:11 | INFO | allcoins_state_tracker |     🔴 0x4faf9534f8f029d03561d245b3b442b1c2e14ee2 | SELL |  4,901,960 |   1.5h
2025-11-22 16:42:11 | INFO | allcoins_state_tracker | 
──────────────────────────────────────────────────────────────────────
2025-11-22 16:42:11 | INFO | allcoins_state_tracker | 💰 ARB
2025-11-22 16:42:11 | INFO | allcoins_state_tracker | ──────────────────────────────────────────────────────────────────────
2025-11-22 16:42:11 | INFO | allcoins_state_tracker | Orders: 1 total | Active: 1 (0 SPOT, 1 PERP)
2025-11-22 16:42:11 | INFO | allcoins_state_tracker |   ⚡ PERP - 1 Active:
2025-11-22 16:42:11 | INFO | allcoins_state_tracker |     🔴 0x47f5a6397b79deaaca5c456503e7c1a49357b942 | SELL |    188,400 |   4.0h
2025-11-22 16:42:11 | INFO | allcoins_state_tracker | 
──────────────────────────────────────────────────────────────────────
2025-11-22 16:42:11 | INFO | allcoins_state_tracker | 💰 MON
2025-11-22 16:42:11 | INFO | allcoins_state_tracker | ──────────────────────────────────────────────────────────────────────
2025-11-22 16:42:11 | INFO | allcoins_state_tracker | Orders: 1 total | Active: 1 (0 SPOT, 1 PERP)
2025-11-22 16:42:11 | INFO | allcoins_state_tracker |   ⚡ PERP - 1 Active:
2025-11-22 16:42:11 | INFO | allcoins_state_tracker |     🟢 0x2ea1facb960ff93907f365e2e370e2e50c0ef24e | BUY  |    628,464 |   5.5h
2025-11-22 16:42:11 | INFO | allcoins_state_tracker | 
──────────────────────────────────────────────────────────────────────
2025-11-22 16:42:11 | INFO | allcoins_state_tracker | 💰 LTC
2025-11-22 16:42:11 | INFO | allcoins_state_tracker | ──────────────────────────────────────────────────────────────────────
2025-11-22 16:42:11 | INFO | allcoins_state_tracker | Orders: 1 total | Active: 1 (0 SPOT, 1 PERP)
2025-11-22 16:42:11 | INFO | allcoins_state_tracker |   ⚡ PERP - 1 Active:
2025-11-22 16:42:11 | INFO | allcoins_state_tracker |     🟢 0xb4096b8ae0c76ee9a2dfdf1e6427bd2ca3608cb5 | BUY  |          5 |   0.2h
2025-11-22 16:42:11 | INFO | allcoins_state_tracker | 
──────────────────────────────────────────────────────────────────────
2025-11-22 16:42:11 | INFO | allcoins_state_tracker | 💰 ZRO
2025-11-22 16:42:11 | INFO | allcoins_state_tracker | ──────────────────────────────────────────────────────────────────────
2025-11-22 16:42:11 | INFO | allcoins_state_tracker | Orders: 1 total | Active: 1 (0 SPOT, 1 PERP)
2025-11-22 16:42:11 | INFO | allcoins_state_tracker |   ⚡ PERP - 1 Active:
2025-11-22 16:42:11 | INFO | allcoins_state_tracker |     🟢 0x2ae274a44894ec1e048515b1cea8e72bb77c52ba | BUY  |    340,000 |   4.5h
2025-11-22 16:42:11 | INFO | allcoins_state_tracker | ======================================================================
2025-11-22 16:42:11 | INFO | allcoins_state_tracker | 📊 GLOBAL SUMMARY
2025-11-22 16:42:11 | INFO | allcoins_state_tracker | Coins with active orders: 15
2025-11-22 16:42:11 | INFO | allcoins_state_tracker | Total orders tracked: 67 (38 active)
2025-11-22 16:42:11 | INFO | allcoins_state_tracker | Total addresses seen: 1201
2025-11-22 16:42:11 | INFO | allcoins_state_tracker | Active coins: ARB, ASTER, AVAX, BTC, ENA, ETH, HYPE, LTC, MON, SOL, UBTC, XRP, ZEC, ZRO, kPEPE
2025-11-22 16:42:11 | INFO | allcoins_state_tracker | ======================================================================
