2025-11-15 00:00:15 | INFO | trader_metrics_manager | ✅ HYPE: Included - $490415.88 (price: $37.520500)
2025-11-15 00:00:15 | INFO | trader_metrics_manager | ✅ UXPL: Included - $795357.93 (price: $0.230655)
2025-11-15 00:00:25 | INFO | trader_metrics_manager | ✅ HYPE: Included - $147.36 (price: $37.533500)
2025-11-15 00:14:58 | INFO | __main__ | Scheduled metrics check - 265 pending updates
2025-11-15 00:15:15 | INFO | trader_metrics_manager | ✅ UBTC: Included - $314.23 (price: $95284.500000)
2025-11-15 00:15:45 | INFO | trader_metrics_manager | ✅ HYPE: Included - $157631.09 (price: $37.641500)
2025-11-15 00:15:45 | INFO | trader_metrics_manager | ✅ UPUMP: Included - $142770.72 (price: $0.003537)
2025-11-15 00:17:05 | INFO | trader_metrics_manager | ✅ UETH: Included - $35.97 (price: $3138.650000)
2025-11-15 00:17:35 | INFO | trader_metrics_manager | ✅ HYPE: Included - $7.71 (price: $37.612500)
2025-11-15 00:17:59 | INFO | trader_metrics_manager | ✅ HYPE: Included - $38418.00 (price: $37.623500)
2025-11-15 00:18:15 | INFO | trader_metrics_manager | ✅ HYPE: Included - $22.03 (price: $37.631500)
2025-11-15 00:18:25 | INFO | trader_metrics_manager | ✅ HYPE: Included - $37637.60 (price: $37.633500)
2025-11-15 00:18:35 | INFO | trader_metrics_manager | ✅ HYPE: Included - $2430238.67 (price: $37.650500)
2025-11-15 00:18:45 | INFO | trader_metrics_manager | ✅ HYPE: Included - $1908.92 (price: $37.634500)
2025-11-15 00:18:45 | INFO | trader_metrics_manager | ✅ UPUMP: Included - $3940.60 (price: $0.003537)
2025-11-15 00:18:45 | INFO | trader_metrics_manager | ✅ UXPL: Included - $1157.20 (price: $0.231440)
2025-11-15 00:18:59 | INFO | trader_metrics_manager | ✅ HYPE: Included - $337532.71 (price: $37.632500)
2025-11-15 00:19:35 | INFO | trader_metrics_manager | ✅ UETH: Included - $166.27 (price: $3139.350000)
2025-11-15 00:19:35 | INFO | trader_metrics_manager | ✅ UFART: Included - $165.64 (price: $0.239910)
2025-11-15 00:19:35 | INFO | trader_metrics_manager | ✅ UXPL: Included - $166.58 (price: $0.231440)
2025-11-15 00:19:59 | INFO | trader_metrics_manager | ✅ HYPE: Included - $33182.16 (price: $37.621500)
2025-11-15 00:20:05 | INFO | trader_metrics_manager | ✅ HYPE: Included - $38646.80 (price: $37.623500)
2025-11-15 00:20:05 | INFO | trader_metrics_manager | ✅ UBTC: Included - $27344.06 (price: $95190.500000)
2025-11-15 00:20:15 | INFO | trader_metrics_manager | ✅ HYPE: Included - $416189.28 (price: $37.635500)
2025-11-15 00:20:25 | INFO | trader_metrics_manager | ✅ HYPE: Included - $754814.94 (price: $37.675500)
2025-11-15 00:20:59 | INFO | trader_metrics_manager | ✅ HYPE: Included - $376805.09 (price: $37.680500)
2025-11-15 00:21:25 | INFO | trader_metrics_manager | ✅ HYPE: Included - $44633.07 (price: $37.659000)
2025-11-15 00:21:35 | INFO | trader_metrics_manager | ✅ HYPE: Included - $23084.60 (price: $37.661500)
2025-11-15 00:21:59 | INFO | trader_metrics_manager | ✅ UBTC: Included - $1000.13 (price: $95317.500000)
2025-11-15 00:22:05 | INFO | trader_metrics_manager | ✅ HYPE: Included - $27.53 (price: $37.677500)
2025-11-15 00:22:15 | INFO | trader_metrics_manager | ✅ UETH: Included - $513.88 (price: $3144.650000)
2025-11-15 00:22:35 | INFO | trader_metrics_manager | ✅ HYPE: Included - $16.54 (price: $37.686500)
2025-11-15 00:22:45 | INFO | trader_metrics_manager | ✅ HYPE: Included - $174836.72 (price: $37.672500)
2025-11-15 00:22:45 | INFO | trader_metrics_manager | ✅ UBTC: Included - $425395.97 (price: $95354.500000)
2025-11-15 00:23:00 | INFO | trader_metrics_manager | ✅ HYPE: Included - $23465.39 (price: $37.673500)
2025-11-15 00:23:25 | INFO | trader_metrics_manager | ✅ UBTC: Included - $217640.07 (price: $95382.500000)
2025-11-15 00:23:45 | INFO | trader_metrics_manager | ✅ UBTC: Included - $100.09 (price: $95391.000000)
2025-11-15 00:23:59 | INFO | trader_metrics_manager | ✅ HYPE: Included - $10.58 (price: $37.683000)
2025-11-15 00:24:05 | INFO | trader_metrics_manager | ✅ HYPE: Included - $30133.59 (price: $37.685500)
2025-11-15 00:24:15 | INFO | trader_metrics_manager | ✅ HYPE: Included - $1917179.04 (price: $37.692500)
2025-11-15 00:24:15 | INFO | trader_metrics_manager | ✅ UBTC: Included - $843795.52 (price: $95372.500000)
2025-11-15 00:24:35 | INFO | trader_metrics_manager | ✅ TEST: Included - $1584.22 (price: $1.056250)
2025-11-15 00:24:45 | INFO | trader_metrics_manager | ✅ HYPE: Included - $15084.95 (price: $37.711500)
2025-11-15 00:24:45 | INFO | trader_metrics_manager | ✅ UBTC: Included - $9833.67 (price: $95412.500000)
2025-11-15 00:24:45 | INFO | trader_metrics_manager | ✅ UETH: Included - $4720.72 (price: $3147.050000)
2025-11-15 00:25:15 | INFO | trader_metrics_manager | ✅ HYPE: Included - $34728.48 (price: $37.767500)
2025-11-15 00:25:35 | INFO | trader_metrics_manager | ✅ HYPE: Included - $17.50 (price: $37.743000)
2025-11-15 00:25:45 | INFO | trader_metrics_manager | ✅ HYPE: Included - $5.50 (price: $37.704500)
2025-11-15 00:25:59 | INFO | trader_metrics_manager | ✅ HYPE: Included - $29465.78 (price: $37.759000)
2025-11-15 00:26:05 | INFO | trader_metrics_manager | ✅ UPUMP: Included - $71.60 (price: $0.003539)
2025-11-15 00:26:15 | INFO | trader_metrics_manager | ✅ UBTC: Included - $7720.19 (price: $95429.500000)
2025-11-15 00:26:35 | INFO | trader_metrics_manager | ✅ HYPE: Included - $382.82 (price: $37.767500)
2025-11-15 00:26:59 | INFO | trader_metrics_manager | ✅ UETH: Included - $810866.19 (price: $3147.850000)
2025-11-15 00:27:05 | INFO | trader_metrics_manager | ✅ UPUMP: Included - $177550.00 (price: $0.003551)
2025-11-15 00:27:15 | INFO | trader_metrics_manager | ✅ HYPE: Included - $12.11 (price: $37.748000)
2025-11-15 00:27:25 | INFO | trader_metrics_manager | ✅ HYPE: Included - $12102.59 (price: $37.736500)
2025-11-15 00:27:25 | INFO | trader_metrics_manager | ✅ UFART: Included - $2407.88 (price: $0.240940)
2025-11-15 00:27:25 | INFO | trader_metrics_manager | ✅ UPUMP: Included - $3186.44 (price: $0.003546)
2025-11-15 00:27:35 | INFO | trader_metrics_manager | ✅ UBTC: Included - $5086.39 (price: $95317.500000)
2025-11-15 00:28:05 | INFO | trader_metrics_manager | ✅ HYPE: Included - $36535.08 (price: $37.719500)
2025-11-15 00:28:05 | INFO | trader_metrics_manager | ✅ UPUMP: Included - $71060.88 (price: $0.003547)
2025-11-15 00:28:05 | INFO | trader_metrics_manager | ✅ UXPL: Included - $113490.96 (price: $0.231705)
2025-11-15 00:28:35 | INFO | trader_metrics_manager | ✅ UBTC: Included - $466.77 (price: $95322.500000)
2025-11-15 00:28:58 | INFO | trader_metrics_manager | Registered 1 new addresses
2025-11-15 00:29:05 | INFO | trader_metrics_manager | ✅ HYPE: Included - $56704.53 (price: $37.733500)
2025-11-15 00:29:15 | INFO | trader_metrics_manager | ✅ HYPE: Included - $11309.53 (price: $37.701500)
2025-11-15 00:29:15 | INFO | trader_metrics_manager | ✅ UBTC: Included - $37126.12 (price: $95305.500000)
2025-11-15 00:29:25 | INFO | trader_metrics_manager | ✅ HYPE: Included - $443.08 (price: $37.719500)
2025-11-15 00:29:35 | INFO | trader_metrics_manager | ✅ HYPE: Included - $42419.02 (price: $37.730500)
2025-11-15 00:29:35 | INFO | trader_metrics_manager | ✅ UBTC: Included - $195673.06 (price: $95446.500000)
2025-11-15 00:29:45 | INFO | trader_metrics_manager | ✅ HYPE: Included - $21471.70 (price: $37.718500)
2025-11-15 00:30:05 | INFO | trader_metrics_manager | ✅ HYPE: Included - $8291.91 (price: $37.709500)
2025-11-15 00:30:25 | INFO | trader_metrics_manager | ✅ HYPE: Included - $77114.15 (price: $37.701500)
2025-11-15 00:30:25 | INFO | trader_metrics_manager | ✅ UXPL: Included - $12504.12 (price: $0.231720)
2025-11-15 00:30:35 | INFO | trader_metrics_manager | ✅ PUMP: Included - $644.10 (price: $0.003557)
2025-11-15 00:30:35 | INFO | trader_metrics_manager | ✅ HYPE: Included - $28.01 (price: $37.596500)
2025-11-15 00:30:45 | INFO | trader_metrics_manager | ✅ UBTC: Included - $723.91 (price: $95354.500000)
2025-11-15 00:31:15 | INFO | trader_metrics_manager | ✅ UBTC: Included - $326.02 (price: $95311.500000)
2025-11-15 00:31:25 | INFO | trader_metrics_manager | ✅ HYPE: Included - $14325.82 (price: $37.499500)
2025-11-15 00:31:35 | INFO | trader_metrics_manager | ✅ HYPE: Included - $105.68 (price: $37.504500)
2025-11-15 00:31:45 | INFO | trader_metrics_manager | ✅ HYPE: Included - $263857.96 (price: $37.536500)
2025-11-15 00:32:05 | INFO | trader_metrics_manager | ✅ UBTC: Included - $11749988.68 (price: $95268.500000)
2025-11-15 00:32:15 | INFO | trader_metrics_manager | ✅ PURR: Included - $47.60 (price: $0.095014)
2025-11-15 00:32:25 | INFO | trader_metrics_manager | ✅ HYPE: Included - $77.54 (price: $37.569000)
2025-11-15 00:32:45 | INFO | trader_metrics_manager | ✅ HYPE: Included - $105122.37 (price: $37.543500)
2025-11-15 00:32:45 | INFO | trader_metrics_manager | ✅ UFART: Included - $69345.19 (price: $0.241620)
2025-11-15 00:33:00 | INFO | trader_metrics_manager | ✅ UBTC: Included - $390.32 (price: $95140.500000)
2025-11-15 00:33:25 | INFO | trader_metrics_manager | ✅ HYPE: Included - $786916.16 (price: $37.433500)
2025-11-15 00:33:45 | INFO | trader_metrics_manager | ✅ HYPE: Included - $33074.45 (price: $37.437500)
2025-11-15 00:33:59 | INFO | trader_metrics_manager | ✅ HYPE: Included - $18980.07 (price: $37.446500)
2025-11-15 00:33:59 | INFO | trader_metrics_manager | ✅ UETH: Included - $51041.53 (price: $3132.950000)
2025-11-15 00:33:59 | INFO | trader_metrics_manager | ✅ UFART: Included - $3888.22 (price: $0.242050)
2025-11-15 00:33:59 | INFO | trader_metrics_manager | ✅ UPUMP: Included - $18645.84 (price: $0.003554)
2025-11-15 00:34:59 | INFO | trader_metrics_manager | ✅ HYPE: Included - $112.50 (price: $37.495500)
2025-11-15 00:35:05 | INFO | trader_metrics_manager | ✅ HYPE: Included - $19.79 (price: $37.472000)
2025-11-15 00:35:15 | INFO | trader_metrics_manager | ✅ HYPE: Included - $99915.37 (price: $37.477500)
2025-11-15 00:35:15 | INFO | trader_metrics_manager | ✅ UBTC: Included - $6980.67 (price: $95057.500000)
2025-11-15 00:35:25 | INFO | trader_metrics_manager | ✅ UBTC: Included - $931.14 (price: $95078.500000)
2025-11-15 00:35:35 | INFO | trader_metrics_manager | ✅ HYPE: Included - $35.74 (price: $37.485500)
2025-11-15 00:35:45 | INFO | trader_metrics_manager | ✅ HYPE: Included - $136.55 (price: $37.487500)
2025-11-15 00:35:58 | INFO | trader_metrics_manager | Registered 1 new addresses
2025-11-15 00:35:59 | INFO | trader_metrics_manager | ✅ HYPE: Included - $552448.97 (price: $37.457500)
2025-11-15 00:36:05 | INFO | trader_metrics_manager | ✅ HYPE: Included - $113314.22 (price: $37.456500)
2025-11-15 00:36:35 | INFO | trader_metrics_manager | ✅ UBTC: Included - $327.60 (price: $95019.500000)
2025-11-15 00:36:45 | INFO | trader_metrics_manager | ✅ UBTC: Included - $864.74 (price: $95048.500000)
2025-11-15 00:36:59 | INFO | trader_metrics_manager | ✅ HYPE: Included - $10.76 (price: $37.475000)
2025-11-15 00:37:15 | INFO | trader_metrics_manager | ✅ HYPE: Included - $461.95 (price: $37.458500)
2025-11-15 00:37:35 | INFO | trader_metrics_manager | ✅ HYPE: Included - $1528.94 (price: $37.441500)
2025-11-15 00:37:45 | INFO | trader_metrics_manager | ✅ UETH: Included - $182.99 (price: $3130.150000)
2025-11-15 00:37:59 | INFO | trader_metrics_manager | ✅ HYPE: Included - $13494.56 (price: $37.429000)
2025-11-15 00:38:15 | INFO | trader_metrics_manager | ✅ HYPE: Included - $201.78 (price: $37.451500)
2025-11-15 00:38:35 | INFO | trader_metrics_manager | ✅ HYPE: Included - $119.24 (price: $37.447500)
2025-11-15 00:38:45 | INFO | trader_metrics_manager | ✅ HYPE: Included - $36881.65 (price: $37.445500)
2025-11-15 00:38:59 | INFO | trader_metrics_manager | ✅ HYPE: Included - $145485.64 (price: $37.437500)
2025-11-15 00:39:05 | INFO | trader_metrics_manager | ✅ HYPE: Included - $225904.18 (price: $37.429500)
2025-11-15 00:39:05 | INFO | trader_metrics_manager | ✅ UBTC: Included - $94934.01 (price: $95000.500000)
2025-11-15 00:39:05 | INFO | trader_metrics_manager | ✅ UETH: Included - $98268.46 (price: $3127.150000)
2025-11-15 00:39:05 | INFO | trader_metrics_manager | ✅ UXPL: Included - $27213.30 (price: $0.230245)
2025-11-15 00:39:15 | INFO | trader_metrics_manager | ✅ HYPE: Included - $10.81 (price: $37.429500)
2025-11-15 00:40:05 | INFO | trader_metrics_manager | ✅ HYPE: Included - $57.30 (price: $37.448500)
2025-11-15 00:40:25 | INFO | trader_metrics_manager | ✅ HYPE: Included - $16645.07 (price: $37.455500)
2025-11-15 00:40:45 | INFO | trader_metrics_manager | ✅ HYPE: Included - $14102.66 (price: $37.454500)
2025-11-15 00:41:25 | INFO | trader_metrics_manager | ✅ PURR: Included - $18.50 (price: $0.094408)
2025-11-15 00:41:25 | INFO | trader_metrics_manager | ✅ PUMP: Included - $79.05 (price: $0.003546)
2025-11-15 00:41:25 | INFO | trader_metrics_manager | ✅ HYPE: Included - $711.40 (price: $37.435000)
2025-11-15 00:41:59 | INFO | trader_metrics_manager | ✅ HYPE: Included - $18.18 (price: $37.429500)
2025-11-15 00:42:05 | INFO | trader_metrics_manager | ✅ PURR: Included - $33525.20 (price: $0.094394)
2025-11-15 00:42:05 | INFO | trader_metrics_manager | ✅ HYPE: Included - $31310.01 (price: $37.429500)
2025-11-15 00:42:15 | INFO | trader_metrics_manager | ✅ UBTC: Included - $23739.25 (price: $95004.500000)
2025-11-15 00:43:15 | INFO | trader_metrics_manager | ✅ HYPE: Included - $8559.66 (price: $37.452500)
2025-11-15 00:43:15 | INFO | trader_metrics_manager | ✅ UBTC: Included - $8965.90 (price: $95001.500000)
2025-11-15 00:43:15 | INFO | trader_metrics_manager | ✅ UETH: Included - $183.49 (price: $3131.350000)
2025-11-15 00:43:15 | INFO | trader_metrics_manager | ✅ USOL: Included - $28.28 (price: $140.440000)
2025-11-15 00:43:15 | INFO | trader_metrics_manager | ✅ UPUMP: Included - $10.66 (price: $0.003543)
2025-11-15 00:43:15 | INFO | trader_metrics_manager | ✅ UXPL: Included - $282.29 (price: $0.231050)
2025-11-15 00:43:25 | INFO | trader_metrics_manager | ✅ HYPE: Included - $28787.25 (price: $37.472500)
2025-11-15 00:43:45 | INFO | trader_metrics_manager | ✅ HYPE: Included - $168116.53 (price: $37.514500)
2025-11-15 00:43:45 | INFO | trader_metrics_manager | ✅ UBTC: Included - $9481.55 (price: $95062.500000)
2025-11-15 00:43:45 | INFO | trader_metrics_manager | ✅ UPUMP: Included - $21080.61 (price: $0.003551)
2025-11-15 00:43:59 | INFO | trader_metrics_manager | ✅ HYPE: Included - $37.11 (price: $37.500500)
2025-11-15 00:44:05 | INFO | trader_metrics_manager | ✅ HYPE: Included - $18758.45 (price: $37.516500)
2025-11-15 00:45:05 | INFO | trader_metrics_manager | ✅ UBTC: Included - $227.91 (price: $95025.500000)
2025-11-15 00:45:05 | INFO | trader_metrics_manager | ✅ UETH: Included - $227.19 (price: $3135.750000)
2025-11-15 00:45:05 | INFO | trader_metrics_manager | ✅ USOL: Included - $224.67 (price: $140.515000)
2025-11-15 00:45:05 | INFO | trader_metrics_manager | ✅ UXPL: Included - $219.59 (price: $0.231300)
2025-11-15 00:45:25 | INFO | trader_metrics_manager | ✅ HYPE: Included - $790731.50 (price: $37.519500)
2025-11-15 00:45:35 | INFO | trader_metrics_manager | ✅ HYPE: Included - $15.66 (price: $37.503500)
2025-11-15 00:45:59 | INFO | trader_metrics_manager | ✅ UFART: Included - $137.31 (price: $0.243700)
2025-11-15 00:45:59 | INFO | trader_metrics_manager | ✅ UPUMP: Included - $134.89 (price: $0.003557)
2025-11-15 00:45:59 | INFO | trader_metrics_manager | ✅ UXPL: Included - $81.07 (price: $0.231285)
2025-11-15 00:46:15 | INFO | trader_metrics_manager | ✅ HYPE: Included - $56312.10 (price: $37.467500)
2025-11-15 00:46:35 | INFO | trader_metrics_manager | ✅ UBTC: Included - $6.93 (price: $94885.500000)
2025-11-15 00:46:45 | INFO | trader_metrics_manager | ✅ HYPE: Included - $74915.84 (price: $37.401500)
2025-11-15 00:47:45 | INFO | trader_metrics_manager | ✅ PURR: Included - $38.92 (price: $0.094434)
2025-11-15 00:47:45 | INFO | trader_metrics_manager | ✅ HYPE: Included - $13365.86 (price: $37.441500)
2025-11-15 00:48:05 | INFO | trader_metrics_manager | ✅ PURR: Included - $14.73 (price: $0.094436)
2025-11-15 00:48:05 | INFO | trader_metrics_manager | ✅ MANLET: Included - $3575.47 (price: $3.380600)
2025-11-15 00:48:05 | INFO | trader_metrics_manager | ✅ PUMP: Included - $378.92 (price: $0.003560)
2025-11-15 00:48:05 | INFO | trader_metrics_manager | ✅ TEST: Included - $10709.84 (price: $1.046950)
2025-11-15 00:48:05 | INFO | trader_metrics_manager | ✅ RANK: Included - $2330.89 (price: $37.372500)
2025-11-15 00:48:05 | INFO | trader_metrics_manager | ✅ UBTC: Included - $5526.55 (price: $94956.500000)
2025-11-15 00:48:25 | INFO | trader_metrics_manager | ✅ PURR: Included - $7638.31 (price: $0.094436)
2025-11-15 00:48:25 | INFO | trader_metrics_manager | ✅ HYPE: Included - $172.20 (price: $37.378000)
2025-11-15 00:48:36 | INFO | trader_metrics_manager | ✅ UXPL: Included - $27902.67 (price: $0.230800)
2025-11-15 00:48:59 | INFO | trader_metrics_manager | ✅ UETH: Included - $14.90 (price: $3127.750000)
2025-11-15 00:49:05 | INFO | trader_metrics_manager | ✅ HYPE: Included - $9252.27 (price: $37.414500)
2025-11-15 00:49:05 | INFO | trader_metrics_manager | ✅ UBTC: Included - $114349.34 (price: $94905.500000)
2025-11-15 00:49:25 | INFO | trader_metrics_manager | ✅ HYPE: Included - $11.17 (price: $37.404500)
2025-11-15 00:49:35 | INFO | trader_metrics_manager | ✅ HYPE: Included - $11.22 (price: $37.383500)
2025-11-15 00:49:45 | INFO | trader_metrics_manager | ✅ PURR: Included - $2840.33 (price: $0.094422)
2025-11-15 00:49:45 | INFO | trader_metrics_manager | ✅ HYPE: Included - $48063.96 (price: $37.398500)
2025-11-15 00:49:59 | INFO | trader_metrics_manager | ✅ PURR: Included - $3479.83 (price: $0.094426)
2025-11-15 00:49:59 | INFO | trader_metrics_manager | ✅ HYPE: Included - $227.73 (price: $37.407000)
2025-11-15 00:50:05 | INFO | trader_metrics_manager | ✅ UBTC: Included - $701.94 (price: $94864.500000)
2025-11-15 00:51:15 | INFO | trader_metrics_manager | ✅ HYPE: Included - $78.67 (price: $37.357500)
2025-11-15 00:51:15 | INFO | trader_metrics_manager | ✅ UBTC: Included - $100.30 (price: $94808.500000)
2025-11-15 00:51:15 | INFO | trader_metrics_manager | ✅ UXPL: Included - $71.50 (price: $0.230305)
2025-11-15 00:51:25 | INFO | trader_metrics_manager | ✅ HYPE: Included - $209285.29 (price: $37.368500)
2025-11-15 00:51:25 | INFO | trader_metrics_manager | ✅ UPUMP: Included - $252564.68 (price: $0.003541)
2025-11-15 00:51:35 | INFO | trader_metrics_manager | ✅ PURR: Included - $9.33 (price: $0.094321)
2025-11-15 00:51:59 | INFO | trader_metrics_manager | ✅ UBTC: Included - $2779.51 (price: $94877.500000)
2025-11-15 00:52:05 | INFO | trader_metrics_manager | ✅ UBTC: Included - $758.49 (price: $94875.500000)
2025-11-15 00:52:05 | INFO | trader_metrics_manager | ✅ UETH: Included - $771.43 (price: $3124.050000)
2025-11-15 00:52:15 | INFO | trader_metrics_manager | ✅ HYPE: Included - $56400.58 (price: $37.392500)
2025-11-15 00:52:25 | INFO | trader_metrics_manager | ✅ UBTC: Included - $1217.42 (price: $94914.500000)
2025-11-15 00:52:35 | INFO | trader_metrics_manager | ✅ PURR: Included - $212968.33 (price: $0.094339)
2025-11-15 00:53:15 | INFO | trader_metrics_manager | ✅ HYPE: Included - $364718.71 (price: $37.421500)
2025-11-15 00:53:25 | INFO | trader_metrics_manager | ✅ HYPE: Included - $1381.66 (price: $37.423000)
2025-11-15 00:53:35 | INFO | trader_metrics_manager | ✅ HYPE: Included - $56881.97 (price: $37.427500)
2025-11-15 00:53:45 | INFO | trader_metrics_manager | ✅ HYPE: Included - $6952.37 (price: $37.407500)
2025-11-15 00:53:59 | INFO | trader_metrics_manager | ✅ HYPE: Included - $448998.31 (price: $37.416500)
2025-11-15 00:54:05 | INFO | trader_metrics_manager | ✅ HYPE: Included - $834.56 (price: $37.410500)
2025-11-15 00:54:15 | INFO | trader_metrics_manager | ✅ UBTC: Included - $1053305.53 (price: $94825.500000)
2025-11-15 00:54:25 | INFO | trader_metrics_manager | ✅ PURR: Included - $83.41 (price: $0.094353)
2025-11-15 00:54:45 | INFO | trader_metrics_manager | ✅ PURR: Included - $31.02 (price: $0.094355)
2025-11-15 00:54:45 | INFO | trader_metrics_manager | ✅ HYPE: Included - $13.25 (price: $37.461500)
2025-11-15 00:54:59 | INFO | trader_metrics_manager | ✅ UBTC: Included - $145894.83 (price: $94923.500000)
2025-11-15 00:55:35 | INFO | trader_metrics_manager | ✅ HYPE: Included - $112432.88 (price: $37.514500)
2025-11-15 00:55:45 | INFO | trader_metrics_manager | ✅ HYPE: Included - $10576.52 (price: $37.538500)
2025-11-15 00:55:59 | INFO | trader_metrics_manager | ✅ HYPE: Included - $31698.28 (price: $37.579500)
2025-11-15 00:56:15 | INFO | trader_metrics_manager | ✅ HYPE: Included - $1961.96 (price: $37.587500)
2025-11-15 00:56:45 | INFO | trader_metrics_manager | ✅ HYPE: Included - $485.53 (price: $37.568500)
2025-11-15 00:56:59 | INFO | trader_metrics_manager | ✅ UBTC: Included - $299.28 (price: $95102.500000)
2025-11-15 00:57:15 | INFO | trader_metrics_manager | ✅ HYPE: Included - $71.30 (price: $37.620500)
2025-11-15 00:57:15 | INFO | trader_metrics_manager | ✅ USOL: Included - $6.73 (price: $141.025000)
2025-11-15 00:57:15 | INFO | trader_metrics_manager | ✅ UPUMP: Included - $8.45 (price: $0.003565)
2025-11-15 00:57:35 | INFO | trader_metrics_manager | ✅ HYPE: Included - $164603.63 (price: $37.623500)
2025-11-15 00:57:45 | INFO | trader_metrics_manager | ✅ HYPE: Included - $20612.16 (price: $37.611500)
2025-11-15 00:57:45 | INFO | trader_metrics_manager | ✅ UPUMP: Included - $1926.70 (price: $0.003559)
2025-11-15 00:58:15 | INFO | trader_metrics_manager | ✅ HYPE: Included - $159.03 (price: $37.611500)
2025-11-15 00:58:15 | INFO | trader_metrics_manager | ✅ UETH: Included - $2860.87 (price: $3141.350000)
2025-11-15 00:58:25 | INFO | trader_metrics_manager | ✅ UBTC: Included - $332.79 (price: $95149.500000)
2025-11-15 00:58:35 | INFO | trader_metrics_manager | ✅ HYPE: Included - $4398.34 (price: $37.615500)
2025-11-15 00:58:35 | INFO | trader_metrics_manager | ✅ UPUMP: Included - $2140.33 (price: $0.003568)
2025-11-15 00:58:45 | INFO | trader_metrics_manager | ✅ HYPE: Included - $491709.87 (price: $37.619500)
2025-11-15 00:58:45 | INFO | trader_metrics_manager | ✅ UXPL: Included - $800013.08 (price: $0.232005)
2025-11-15 00:58:59 | INFO | trader_metrics_manager | ✅ HYPE: Included - $147.73 (price: $37.627500)
2025-11-15 00:59:05 | INFO | trader_metrics_manager | ✅ HYPE: Included - $22016.89 (price: $37.629500)
2025-11-15 00:59:15 | INFO | trader_metrics_manager | ✅ HYPE: Included - $65814.80 (price: $37.630500)
2025-11-15 00:59:15 | INFO | trader_metrics_manager | ✅ UETH: Included - $101611.44 (price: $3141.950000)
2025-11-15 00:59:15 | INFO | trader_metrics_manager | ✅ UPUMP: Included - $134131.99 (price: $0.003568)
2025-11-15 01:01:58 | INFO | trader_metrics_manager | Registered 1 new addresses
2025-11-15 01:14:58 | INFO | __main__ | Scheduled metrics check - 320 pending updates
2025-11-15 01:15:05 | INFO | trader_metrics_manager | ✅ UBTC: Included - $313.79 (price: $95152.500000)
2025-11-15 01:15:15 | INFO | trader_metrics_manager | ✅ UBTC: Included - $5754.67 (price: $95169.500000)
2025-11-15 01:15:25 | INFO | trader_metrics_manager | ✅ HYPE: Included - $10.92 (price: $37.737500)
2025-11-15 01:15:35 | INFO | trader_metrics_manager | ✅ HYPE: Included - $44032.60 (price: $37.740500)
2025-11-15 01:16:05 | INFO | trader_metrics_manager | ✅ HYPE: Included - $157961.92 (price: $37.720500)
2025-11-15 01:16:05 | INFO | trader_metrics_manager | ✅ UPUMP: Included - $144223.86 (price: $0.003573)
2025-11-15 01:16:35 | INFO | trader_metrics_manager | ✅ HYPE: Included - $107029.41 (price: $37.717500)
2025-11-15 01:16:59 | INFO | trader_metrics_manager | ✅ HYPE: Included - $69.01 (price: $37.740500)
2025-11-15 01:17:25 | INFO | trader_metrics_manager | ✅ HYPE: Included - $70.22 (price: $37.740000)
2025-11-15 01:17:59 | INFO | trader_metrics_manager | ✅ HYPE: Included - $15626.75 (price: $37.750500)
2025-11-15 01:17:59 | INFO | trader_metrics_manager | ✅ UETH: Included - $11969.57 (price: $3149.150000)
2025-11-15 01:18:05 | INFO | trader_metrics_manager | ✅ HYPE: Included - $32.02 (price: $37.746500)
2025-11-15 01:18:15 | INFO | trader_metrics_manager | ✅ HYPE: Included - $144516.63 (price: $37.760500)
2025-11-15 01:18:25 | INFO | trader_metrics_manager | ✅ HYPE: Included - $21916.59 (price: $37.793500)
2025-11-15 01:18:25 | INFO | trader_metrics_manager | ✅ UBTC: Included - $30509.94 (price: $95348.000000)
2025-11-15 01:18:25 | INFO | trader_metrics_manager | ✅ UXPL: Included - $9624.66 (price: $0.233150)
2025-11-15 01:18:45 | INFO | trader_metrics_manager | ✅ HYPE: Included - $116708.30 (price: $37.803500)
2025-11-15 01:19:25 | INFO | trader_metrics_manager | ✅ HYPE: Included - $1666.66 (price: $37.808000)
2025-11-15 01:19:35 | INFO | trader_metrics_manager | ✅ HYPE: Included - $869733.77 (price: $37.814500)
2025-11-15 01:20:05 | INFO | trader_metrics_manager | ✅ PURR: Included - $4778.94 (price: $0.095575)
2025-11-15 01:20:05 | INFO | trader_metrics_manager | ✅ HYPE: Included - $2292.32 (price: $37.832500)
2025-11-15 01:20:05 | INFO | trader_metrics_manager | ✅ UETH: Included - $299.08 (price: $3152.750000)
2025-11-15 01:20:05 | INFO | trader_metrics_manager | ✅ UPUMP: Included - $3603.22 (price: $0.003605)
2025-11-15 01:20:15 | INFO | trader_metrics_manager | ✅ PURR: Included - $14336.25 (price: $0.095575)
2025-11-15 01:20:15 | INFO | trader_metrics_manager | ✅ HYPE: Included - $92282.25 (price: $37.839500)
2025-11-15 01:20:35 | INFO | trader_metrics_manager | ✅ HYPE: Included - $1138.28 (price: $37.877000)
2025-11-15 01:21:05 | INFO | trader_metrics_manager | ✅ UBTC: Included - $1114.02 (price: $95282.500000)
2025-11-15 01:21:25 | INFO | trader_metrics_manager | ✅ HYPE: Included - $170196.91 (price: $37.821500)
2025-11-15 01:21:45 | INFO | trader_metrics_manager | ✅ HYPE: Included - $613772.04 (price: $37.800000)
2025-11-15 01:21:45 | INFO | trader_metrics_manager | ✅ UBTC: Included - $47575.21 (price: $95188.500000)
2025-11-15 01:21:45 | INFO | trader_metrics_manager | ✅ UETH: Included - $456409.74 (price: $3148.750000)
2025-11-15 01:21:45 | INFO | trader_metrics_manager | ✅ USOL: Included - $70452.83 (price: $140.955000)
2025-11-15 01:21:45 | INFO | trader_metrics_manager | ✅ UPUMP: Included - $7178.95 (price: $0.003591)
2025-11-15 01:21:59 | INFO | trader_metrics_manager | ✅ UBTC: Included - $204087.80 (price: $95224.500000)
2025-11-15 01:22:05 | INFO | trader_metrics_manager | ✅ HYPE: Included - $973660.61 (price: $37.833000)
2025-11-15 01:22:15 | INFO | trader_metrics_manager | ✅ HYPE: Included - $7558252.62 (price: $37.830000)
2025-11-15 01:22:15 | INFO | trader_metrics_manager | ✅ UPUMP: Included - $4319039.40 (price: $0.003601)
2025-11-15 01:22:15 | INFO | trader_metrics_manager | ✅ UXPL: Included - $159384.02 (price: $0.233380)
2025-11-15 01:22:25 | INFO | trader_metrics_manager | ✅ UBTC: Included - $3826.56 (price: $95208.500000)
2025-11-15 01:22:35 | INFO | trader_metrics_manager | ✅ USOL: Included - $42.19 (price: $141.055000)
2025-11-15 01:22:59 | INFO | trader_metrics_manager | ✅ HYPE: Included - $60.61 (price: $37.847500)
2025-11-15 01:23:15 | INFO | trader_metrics_manager | ✅ HYPE: Included - $9986.26 (price: $37.834500)
2025-11-15 01:23:15 | INFO | trader_metrics_manager | ✅ UPUMP: Included - $9034.64 (price: $0.003601)
2025-11-15 01:23:15 | INFO | trader_metrics_manager | ✅ UXPL: Included - $54567.55 (price: $0.233970)
2025-11-15 01:23:25 | INFO | trader_metrics_manager | ✅ HYPE: Included - $446884.13 (price: $37.840500)
2025-11-15 01:23:25 | INFO | trader_metrics_manager | ✅ UXPL: Included - $53610.00 (price: $0.233985)
2025-11-15 01:23:45 | INFO | trader_metrics_manager | ✅ HYPE: Included - $5.92 (price: $37.826500)
2025-11-15 01:24:35 | INFO | trader_metrics_manager | ✅ HYPE: Included - $21380.74 (price: $37.833500)
2025-11-15 01:24:45 | INFO | trader_metrics_manager | ✅ HYPE: Included - $11351.37 (price: $37.833000)
2025-11-15 01:25:00 | INFO | trader_metrics_manager | ✅ HYPE: Included - $1910603.14 (price: $37.852500)
2025-11-15 01:25:05 | INFO | trader_metrics_manager | ✅ HYPE: Included - $941603.16 (price: $37.852500)
2025-11-15 01:25:05 | INFO | trader_metrics_manager | ✅ UETH: Included - $403.69 (price: $3147.650000)
2025-11-15 01:25:05 | INFO | trader_metrics_manager | ✅ UPUMP: Included - $57319.46 (price: $0.003600)
2025-11-15 01:25:05 | INFO | trader_metrics_manager | ✅ UXPL: Included - $34936.62 (price: $0.233790)
2025-11-15 01:25:45 | INFO | trader_metrics_manager | ✅ PURR: Included - $4256.30 (price: $0.095740)
2025-11-15 01:25:45 | INFO | trader_metrics_manager | ✅ HYPE: Included - $35588.71 (price: $37.797500)
2025-11-15 01:25:45 | INFO | trader_metrics_manager | ✅ UPUMP: Included - $13174.79 (price: $0.003599)
2025-11-15 01:25:45 | INFO | trader_metrics_manager | ✅ UXPL: Included - $7003.40 (price: $0.233565)
2025-11-15 01:26:15 | INFO | trader_metrics_manager | ✅ HYPE: Included - $3784.51 (price: $37.822500)
2025-11-15 01:26:25 | INFO | trader_metrics_manager | ✅ HYPE: Included - $207.32 (price: $37.809000)
2025-11-15 01:27:15 | INFO | trader_metrics_manager | ✅ HYPE: Included - $765.23 (price: $37.811500)
2025-11-15 01:27:35 | INFO | trader_metrics_manager | ✅ HYPE: Included - $324.18 (price: $37.827500)
2025-11-15 01:27:45 | INFO | trader_metrics_manager | ✅ HYPE: Included - $25452.60 (price: $37.818500)
2025-11-15 01:28:35 | INFO | trader_metrics_manager | ✅ HYPE: Included - $1514.52 (price: $37.861500)
2025-11-15 01:29:15 | INFO | trader_metrics_manager | ✅ HYPE: Included - $1604.85 (price: $37.888500)
2025-11-15 01:29:15 | INFO | trader_metrics_manager | ✅ UBTC: Included - $52.99 (price: $95206.500000)
2025-11-15 01:29:25 | INFO | trader_metrics_manager | ✅ HYPE: Included - $20.13 (price: $37.880500)
2025-11-15 01:29:35 | INFO | trader_metrics_manager | ✅ PURR: Included - $251145.22 (price: $0.095820)
2025-11-15 01:29:35 | INFO | trader_metrics_manager | ✅ HYPE: Included - $91996384.46 (price: $37.872500)
2025-11-15 01:29:35 | INFO | trader_metrics_manager | ✅ UBTC: Included - $22758.50 (price: $95176.000000)
2025-11-15 01:29:45 | INFO | trader_metrics_manager | ✅ HYPE: Included - $202055.42 (price: $37.896500)
2025-11-15 01:30:05 | INFO | trader_metrics_manager | ✅ HYPE: Included - $300104.43 (price: $37.890500)
2025-11-15 01:30:15 | INFO | trader_metrics_manager | ✅ HYPE: Included - $388.62 (price: $37.893500)
2025-11-15 01:30:15 | INFO | trader_metrics_manager | ✅ UBTC: Included - $1377.55 (price: $95191.000000)
2025-11-15 01:30:25 | INFO | trader_metrics_manager | ✅ HYPE: Included - $31061.07 (price: $37.887000)
2025-11-15 01:30:35 | INFO | trader_metrics_manager | ✅ HYPE: Included - $75790.36 (price: $37.891500)
2025-11-15 01:30:45 | INFO | trader_metrics_manager | ✅ HYPE: Included - $14996.55 (price: $37.912500)
2025-11-15 01:30:45 | INFO | trader_metrics_manager | ✅ UBTC: Included - $13034.42 (price: $95199.500000)
2025-11-15 01:31:25 | INFO | trader_metrics_manager | ✅ HYPE: Included - $141052.52 (price: $37.936500)
2025-11-15 01:31:45 | INFO | trader_metrics_manager | ✅ HYPE: Included - $63.02 (price: $37.923500)
2025-11-15 01:31:45 | INFO | trader_metrics_manager | ✅ UBTC: Included - $1502.30 (price: $95231.500000)
2025-11-15 01:31:59 | INFO | trader_metrics_manager | ✅ UETH: Included - $1575.97 (price: $3153.750000)
2025-11-15 01:31:59 | INFO | trader_metrics_manager | ✅ UPUMP: Included - $181092.19 (price: $0.003624)
2025-11-15 01:31:59 | INFO | trader_metrics_manager | ✅ UXPL: Included - $1754.85 (price: $0.234475)
2025-11-15 01:32:25 | INFO | trader_metrics_manager | ✅ HYPE: Included - $24.32 (price: $37.939000)
2025-11-15 01:32:35 | INFO | trader_metrics_manager | ✅ HYPE: Included - $1897258.96 (price: $37.944500)
2025-11-15 01:32:45 | INFO | trader_metrics_manager | ✅ HYPE: Included - $1896.82 (price: $37.959500)
2025-11-15 01:32:59 | INFO | trader_metrics_manager | ✅ HYPE: Included - $426.42 (price: $37.950500)
2025-11-15 01:32:59 | INFO | trader_metrics_manager | ✅ UFART: Included - $5.28 (price: $0.248300)
2025-11-15 01:34:05 | INFO | trader_metrics_manager | ✅ UBTC: Included - $460.16 (price: $95348.500000)
2025-11-15 01:34:25 | INFO | trader_metrics_manager | ✅ HYPE: Included - $330708.73 (price: $37.942500)
2025-11-15 01:34:25 | INFO | trader_metrics_manager | ✅ UPUMP: Included - $394737.90 (price: $0.003620)
2025-11-15 01:34:45 | INFO | trader_metrics_manager | ✅ UXPL: Included - $2399.22 (price: $0.234215)
2025-11-15 01:35:05 | INFO | trader_metrics_manager | ✅ HYPE: Included - $10388.20 (price: $37.954500)
2025-11-15 01:35:35 | INFO | trader_metrics_manager | ✅ PURR: Included - $11420.81 (price: $0.095949)
2025-11-15 01:35:35 | INFO | trader_metrics_manager | ✅ TRUMP: Included - $37038.39 (price: $7.201350)
2025-11-15 01:36:15 | INFO | trader_metrics_manager | ✅ UBTC: Included - $6248.88 (price: $95339.500000)
2025-11-15 01:36:25 | INFO | trader_metrics_manager | ✅ UBTC: Included - $576.88 (price: $95299.500000)
2025-11-15 01:36:35 | INFO | trader_metrics_manager | ✅ HYPE: Included - $43687.65 (price: $37.956500)
2025-11-15 01:36:59 | INFO | trader_metrics_manager | ✅ UBTC: Included - $213945.71 (price: $95429.500000)
2025-11-15 01:36:59 | INFO | trader_metrics_manager | ✅ USOL: Included - $5523.11 (price: $141.365000)
2025-11-15 01:36:59 | INFO | trader_metrics_manager | ✅ UXPL: Included - $1762.67 (price: $0.234135)
2025-11-15 01:37:35 | INFO | trader_metrics_manager | ✅ HYPE: Included - $81.63 (price: $37.948500)
2025-11-15 01:37:45 | INFO | trader_metrics_manager | ✅ HYPE: Included - $594.37 (price: $37.946500)
2025-11-15 01:37:45 | INFO | trader_metrics_manager | ✅ UBTC: Included - $100.11 (price: $95381.500000)
2025-11-15 01:37:59 | INFO | trader_metrics_manager | ✅ HYPE: Included - $1197.53 (price: $37.956500)
2025-11-15 01:38:15 | INFO | trader_metrics_manager | ✅ PURR: Included - $28.91 (price: $0.095959)
2025-11-15 01:38:15 | INFO | trader_metrics_manager | ✅ HYPE: Included - $1264.52 (price: $37.964500)
2025-11-15 01:38:15 | INFO | trader_metrics_manager | ✅ UBTC: Included - $54.51 (price: $95418.500000)
2025-11-15 01:38:15 | INFO | trader_metrics_manager | ✅ UETH: Included - $27.32 (price: $3156.650000)
2025-11-15 01:38:15 | INFO | trader_metrics_manager | ✅ USOL: Included - $8.06 (price: $141.335000)
2025-11-15 01:38:15 | INFO | trader_metrics_manager | ✅ UFART: Included - $29.25 (price: $0.247970)
2025-11-15 01:38:15 | INFO | trader_metrics_manager | ✅ UPUMP: Included - $27.16 (price: $0.003615)
2025-11-15 01:38:45 | INFO | trader_metrics_manager | ✅ HYPE: Included - $61.27 (price: $37.963500)
2025-11-15 01:39:05 | INFO | trader_metrics_manager | ✅ HYPE: Included - $1305231.11 (price: $37.953500)
2025-11-15 01:39:05 | INFO | trader_metrics_manager | ✅ UBTC: Included - $382762.13 (price: $95398.500000)
2025-11-15 01:39:35 | INFO | trader_metrics_manager | ✅ HYPE: Included - $11.03 (price: $37.954500)
2025-11-15 01:39:59 | INFO | trader_metrics_manager | ✅ UBTC: Included - $361.35 (price: $95406.500000)
2025-11-15 01:40:05 | INFO | trader_metrics_manager | ✅ HYPE: Included - $1142.98 (price: $37.969500)
2025-11-15 01:40:05 | INFO | trader_metrics_manager | ✅ UBTC: Included - $1440.16 (price: $95387.500000)
2025-11-15 01:40:15 | INFO | trader_metrics_manager | ✅ PURR: Included - $1194298.91 (price: $0.095959)
2025-11-15 01:40:15 | INFO | trader_metrics_manager | ✅ HYPE: Included - $15475157.43 (price: $37.965500)
2025-11-15 01:40:15 | INFO | trader_metrics_manager | ✅ UBTC: Included - $1193.68 (price: $95381.500000)
2025-11-15 01:40:15 | INFO | trader_metrics_manager | ✅ UETH: Included - $2090.81 (price: $3156.950000)
2025-11-15 01:40:15 | INFO | trader_metrics_manager | ✅ USOL: Included - $154.23 (price: $141.305000)
2025-11-15 01:40:15 | INFO | trader_metrics_manager | ✅ UXPL: Included - $2757.18 (price: $0.233995)
2025-11-15 01:40:25 | INFO | trader_metrics_manager | ✅ HYPE: Included - $46677.44 (price: $37.973500)
2025-11-15 01:40:35 | INFO | trader_metrics_manager | ✅ HYPE: Included - $9877.11 (price: $37.974500)
2025-11-15 01:40:45 | INFO | trader_metrics_manager | ✅ HYPE: Included - $30849.18 (price: $37.978500)
2025-11-15 01:41:05 | INFO | trader_metrics_manager | ✅ HYPE: Included - $290226.26 (price: $37.976500)
2025-11-15 01:41:15 | INFO | trader_metrics_manager | ✅ HYPE: Included - $155583.10 (price: $37.974500)
2025-11-15 01:41:15 | INFO | trader_metrics_manager | ✅ UBTC: Included - $591.23 (price: $95463.500000)
2025-11-15 01:41:25 | INFO | trader_metrics_manager | ✅ USOL: Included - $1708.91 (price: $141.395000)
2025-11-15 01:42:35 | INFO | trader_metrics_manager | ✅ HYPE: Included - $26240.64 (price: $37.994500)
2025-11-15 01:43:35 | INFO | trader_metrics_manager | ✅ UBTC: Included - $429.34 (price: $95475.500000)
2025-11-15 01:43:45 | INFO | trader_metrics_manager | ✅ HYPE: Included - $1140.63 (price: $38.011500)
2025-11-15 01:44:05 | INFO | trader_metrics_manager | ✅ HYPE: Included - $26639.09 (price: $37.999500)
2025-11-15 01:44:15 | INFO | trader_metrics_manager | ✅ HYPE: Included - $47.10 (price: $38.008500)
2025-11-15 01:44:25 | INFO | trader_metrics_manager | ✅ HYPE: Included - $304.64 (price: $38.019500)
2025-11-15 01:45:05 | INFO | trader_metrics_manager | ✅ UBTC: Included - $1147373.69 (price: $95484.500000)
2025-11-15 01:45:25 | INFO | trader_metrics_manager | ✅ HYPE: Included - $152054.35 (price: $38.013500)
2025-11-15 01:45:45 | INFO | trader_metrics_manager | ✅ HYPE: Included - $4597.80 (price: $38.024500)
2025-11-15 01:45:45 | INFO | trader_metrics_manager | ✅ UBTC: Included - $47780.42 (price: $95396.500000)
2025-11-15 01:46:15 | INFO | trader_metrics_manager | ✅ HYPE: Included - $7035.29 (price: $38.019500)
2025-11-15 01:46:15 | INFO | trader_metrics_manager | ✅ UPUMP: Included - $594.33 (price: $0.003607)
2025-11-15 01:46:25 | INFO | trader_metrics_manager | ✅ WHYPI: Included - $541.58 (price: $4.835500)
2025-11-15 01:46:35 | INFO | trader_metrics_manager | ✅ HYPE: Included - $21385.87 (price: $38.007500)
2025-11-15 01:46:35 | INFO | trader_metrics_manager | ✅ UBTC: Included - $19.10 (price: $95438.500000)
2025-11-15 01:46:35 | INFO | trader_metrics_manager | ✅ USR: Included - $6.56 (price: $647.145000)
2025-11-15 01:46:35 | INFO | trader_metrics_manager | ✅ UPUMP: Included - $18594.64 (price: $0.003606)
2025-11-15 01:46:45 | INFO | trader_metrics_manager | ✅ HYPE: Included - $1051.20 (price: $38.025500)
2025-11-15 01:46:45 | INFO | trader_metrics_manager | ✅ UBTC: Included - $1821.62 (price: $95463.500000)
2025-11-15 01:47:05 | INFO | trader_metrics_manager | ✅ HYPE: Included - $8.09 (price: $38.034500)
2025-11-15 01:47:15 | INFO | trader_metrics_manager | ✅ HYPE: Included - $5041.71 (price: $38.065500)
2025-11-15 01:47:25 | INFO | trader_metrics_manager | ✅ HYPE: Included - $86543.64 (price: $38.032500)
2025-11-15 01:47:25 | INFO | trader_metrics_manager | ✅ UPUMP: Included - $58785.00 (price: $0.003613)
2025-11-15 01:47:25 | INFO | trader_metrics_manager | ✅ UXPL: Included - $19805.13 (price: $0.234010)
2025-11-15 01:47:59 | INFO | trader_metrics_manager | Registered 2 new addresses
2025-11-15 01:48:00 | INFO | trader_metrics_manager | ✅ UBTC: Included - $715.44 (price: $95455.500000)
2025-11-15 01:48:05 | INFO | trader_metrics_manager | ✅ HYPE: Included - $65428.66 (price: $38.054500)
2025-11-15 01:48:15 | INFO | trader_metrics_manager | ✅ HYPE: Included - $342493.87 (price: $38.046500)
2025-11-15 01:48:15 | INFO | trader_metrics_manager | ✅ UBTC: Included - $381737.41 (price: $95454.500000)
2025-11-15 01:48:25 | INFO | trader_metrics_manager | ✅ HYPE: Included - $5185.84 (price: $38.065500)
2025-11-15 01:48:59 | INFO | trader_metrics_manager | ✅ PURR: Included - $7.87 (price: $0.096472)
2025-11-15 01:48:59 | INFO | trader_metrics_manager | ✅ USOL: Included - $11.57 (price: $141.845000)
2025-11-15 01:49:05 | INFO | trader_metrics_manager | ✅ HYPE: Included - $393131.24 (price: $38.060500)
2025-11-15 01:49:35 | INFO | trader_metrics_manager | ✅ HYPE: Included - $26.36 (price: $38.029500)
2025-11-15 01:49:35 | INFO | trader_metrics_manager | ✅ UBTC: Included - $32666.73 (price: $95422.500000)
2025-11-15 01:49:35 | INFO | trader_metrics_manager | ✅ UETH: Included - $6720.87 (price: $3163.750000)
2025-11-15 01:49:35 | INFO | trader_metrics_manager | ✅ USOL: Included - $6755.01 (price: $141.655000)
2025-11-15 01:49:35 | INFO | trader_metrics_manager | ✅ UFART: Included - $349.57 (price: $0.248200)
2025-11-15 01:49:35 | INFO | trader_metrics_manager | ✅ UPUMP: Included - $3153.77 (price: $0.003613)
2025-11-15 01:49:35 | INFO | trader_metrics_manager | ✅ UXPL: Included - $2032.80 (price: $0.233980)
2025-11-15 01:49:45 | INFO | trader_metrics_manager | ✅ HYPE: Included - $99105.90 (price: $38.038500)
2025-11-15 01:49:59 | INFO | trader_metrics_manager | ✅ UBTC: Included - $295.69 (price: $95447.500000)
2025-11-15 01:50:05 | INFO | trader_metrics_manager | ✅ PURR: Included - $255.15 (price: $0.096488)
2025-11-15 01:50:15 | INFO | trader_metrics_manager | ✅ HYPE: Included - $947.27 (price: $38.056500)
2025-11-15 01:50:15 | INFO | trader_metrics_manager | ✅ UBTC: Included - $1202.51 (price: $95491.500000)
2025-11-15 01:50:15 | INFO | trader_metrics_manager | ✅ UETH: Included - $924.53 (price: $3167.250000)
2025-11-15 01:50:35 | INFO | trader_metrics_manager | ✅ HYPE: Included - $103.35 (price: $38.075000)
2025-11-15 01:50:45 | INFO | trader_metrics_manager | ✅ USOL: Included - $141.94 (price: $142.065000)
2025-11-15 01:51:00 | INFO | trader_metrics_manager | ✅ PURR: Included - $9.55 (price: $0.096466)
2025-11-15 01:51:05 | INFO | trader_metrics_manager | ✅ PURR: Included - $19.10 (price: $0.096466)
2025-11-15 01:51:05 | INFO | trader_metrics_manager | ✅ HYPE: Included - $647.54 (price: $38.078500)
2025-11-15 01:51:15 | INFO | trader_metrics_manager | ✅ PURR: Included - $26.81 (price: $0.096465)
2025-11-15 01:51:15 | INFO | trader_metrics_manager | ✅ PUMP: Included - $80.04 (price: $0.003624)
2025-11-15 01:51:35 | INFO | trader_metrics_manager | ✅ HYPE: Included - $8703.19 (price: $38.080500)
2025-11-15 01:51:35 | INFO | trader_metrics_manager | ✅ UBTC: Included - $9009.78 (price: $95466.500000)
2025-11-15 01:51:35 | INFO | trader_metrics_manager | ✅ UETH: Included - $185.60 (price: $3167.450000)
2025-11-15 01:51:35 | INFO | trader_metrics_manager | ✅ USOL: Included - $28.58 (price: $141.915000)
2025-11-15 01:51:35 | INFO | trader_metrics_manager | ✅ UPUMP: Included - $10.90 (price: $0.003622)
2025-11-15 01:51:35 | INFO | trader_metrics_manager | ✅ UXPL: Included - $286.23 (price: $0.234275)
2025-11-15 01:51:45 | INFO | trader_metrics_manager | ✅ HYPE: Included - $29256.64 (price: $38.083500)
2025-11-15 01:52:05 | INFO | trader_metrics_manager | ✅ HYPE: Included - $37.63 (price: $38.033000)
2025-11-15 01:52:15 | INFO | trader_metrics_manager | ✅ HYPE: Included - $801479.86 (price: $38.029500)
2025-11-15 01:52:25 | INFO | trader_metrics_manager | ✅ HYPE: Included - $15.88 (price: $38.030500)
2025-11-15 01:52:35 | INFO | trader_metrics_manager | ✅ UFART: Included - $139.82 (price: $0.248170)
2025-11-15 01:52:35 | INFO | trader_metrics_manager | ✅ UPUMP: Included - $137.36 (price: $0.003622)
2025-11-15 01:52:35 | INFO | trader_metrics_manager | ✅ UXPL: Included - $82.14 (price: $0.234360)
2025-11-15 01:52:59 | INFO | trader_metrics_manager | ✅ UBTC: Included - $6.97 (price: $95505.500000)
2025-11-15 01:53:35 | INFO | trader_metrics_manager | ✅ PURR: Included - $39.80 (price: $0.096566)
2025-11-15 01:53:35 | INFO | trader_metrics_manager | ✅ HYPE: Included - $13593.97 (price: $38.080500)
2025-11-15 01:53:45 | INFO | trader_metrics_manager | ✅ PURR: Included - $15.06 (price: $0.096577)
2025-11-15 01:53:45 | INFO | trader_metrics_manager | ✅ MANLET: Included - $3595.20 (price: $3.399250)
2025-11-15 01:53:45 | INFO | trader_metrics_manager | ✅ PUMP: Included - $385.95 (price: $0.003626)
2025-11-15 01:53:45 | INFO | trader_metrics_manager | ✅ TEST: Included - $10868.40 (price: $1.062450)
2025-11-15 01:53:45 | INFO | trader_metrics_manager | ✅ RANK: Included - $2372.46 (price: $38.039000)
2025-11-15 01:53:45 | INFO | trader_metrics_manager | ✅ UBTC: Included - $5561.97 (price: $95565.000000)
2025-11-15 01:54:05 | INFO | trader_metrics_manager | ✅ PURR: Included - $7811.96 (price: $0.096583)
2025-11-15 01:54:05 | INFO | trader_metrics_manager | ✅ HYPE: Included - $175.52 (price: $38.100500)
2025-11-15 01:54:35 | INFO | trader_metrics_manager | ✅ UBTC: Included - $4743.82 (price: $95554.500000)
2025-11-15 01:54:46 | INFO | trader_metrics_manager | ✅ UXPL: Included - $28370.54 (price: $0.234670)
2025-11-15 01:54:59 | INFO | trader_metrics_manager | ✅ HYPE: Included - $21995.45 (price: $38.084500)
2025-11-15 01:55:59 | INFO | trader_metrics_manager | ✅ HYPE: Included - $87589.70 (price: $38.068500)
2025-11-15 01:55:59 | INFO | trader_metrics_manager | ✅ UETH: Included - $13.15 (price: $3178.950000)
2025-11-15 01:56:05 | INFO | trader_metrics_manager | ✅ HYPE: Included - $7.54 (price: $38.093500)
2025-11-15 01:56:15 | INFO | trader_metrics_manager | ✅ HYPE: Included - $31244.68 (price: $38.056500)
2025-11-15 01:56:15 | INFO | trader_metrics_manager | ✅ UBTC: Included - $63852.36 (price: $95700.500000)
2025-11-15 01:56:15 | INFO | trader_metrics_manager | ✅ UPUMP: Included - $789.05 (price: $0.003636)
2025-11-15 01:56:25 | INFO | trader_metrics_manager | ✅ USOL: Included - $84.96 (price: $142.035000)
2025-11-15 01:56:25 | INFO | trader_metrics_manager | ✅ UXPL: Included - $15.86 (price: $0.234685)
2025-11-15 01:56:59 | INFO | trader_metrics_manager | Registered 1 new addresses
2025-11-15 01:56:59 | INFO | trader_metrics_manager | ✅ HYPE: Included - $19.80 (price: $38.030500)
2025-11-15 01:57:05 | INFO | trader_metrics_manager | ✅ UETH: Included - $15.10 (price: $3170.750000)
2025-11-15 01:57:15 | INFO | trader_metrics_manager | ✅ PURR: Included - $121.29 (price: $0.096742)
2025-11-15 01:57:15 | INFO | trader_metrics_manager | ✅ HYPE: Included - $673086.40 (price: $38.007500)
2025-11-15 01:57:15 | INFO | trader_metrics_manager | ✅ UPUMP: Included - $80.81 (price: $0.003634)
2025-11-15 01:57:25 | INFO | trader_metrics_manager | ✅ HYPE: Included - $9403.24 (price: $38.025000)
2025-11-15 01:57:25 | INFO | trader_metrics_manager | ✅ UBTC: Included - $115253.00 (price: $95655.500000)
2025-11-15 01:58:15 | INFO | trader_metrics_manager | ✅ HYPE: Included - $76065.24 (price: $38.032500)
2025-11-15 01:58:59 | INFO | trader_metrics_manager | ✅ HYPE: Included - $39926.36 (price: $38.041000)
2025-11-15 01:59:05 | INFO | trader_metrics_manager | ✅ HYPE: Included - $11.36 (price: $38.043500)
2025-11-15 01:59:15 | INFO | trader_metrics_manager | ✅ HYPE: Included - $11.41 (price: $38.043500)
2025-11-15 01:59:26 | INFO | trader_metrics_manager | ✅ PURR: Included - $2911.86 (price: $0.096800)
2025-11-15 01:59:26 | INFO | trader_metrics_manager | ✅ HYPE: Included - $48918.60 (price: $38.063500)
2025-11-15 02:00:05 | INFO | trader_metrics_manager | ✅ HYPE: Included - $1703.87 (price: $38.075500)
2025-11-15 02:00:15 | INFO | trader_metrics_manager | ✅ PURR: Included - $8777.03 (price: $0.096842)
2025-11-15 02:01:00 | INFO | trader_metrics_manager | ✅ HYPE: Included - $9.93 (price: $38.002000)
2025-11-15 02:01:05 | INFO | trader_metrics_manager | ✅ PURR: Included - $3567.98 (price: $0.096818)
2025-11-15 02:01:05 | INFO | trader_metrics_manager | ✅ HYPE: Included - $231.30 (price: $37.993000)
2025-11-15 02:01:35 | INFO | trader_metrics_manager | ✅ HYPE: Included - $36557.14 (price: $37.960500)
2025-11-15 02:01:45 | INFO | trader_metrics_manager | ✅ HYPE: Included - $10.30 (price: $37.956000)
2025-11-15 02:01:59 | INFO | trader_metrics_manager | ✅ HYPE: Included - $23545.07 (price: $37.960500)
2025-11-15 02:02:45 | INFO | trader_metrics_manager | ✅ HYPE: Included - $370127.87 (price: $37.976500)
2025-11-15 02:02:59 | INFO | trader_metrics_manager | ✅ HYPE: Included - $7057.01 (price: $37.970500)
2025-11-15 02:03:05 | INFO | trader_metrics_manager | ✅ HYPE: Included - $455766.32 (price: $37.980500)
2025-11-15 02:03:15 | INFO | trader_metrics_manager | ✅ HYPE: Included - $847.27 (price: $37.980500)
2025-11-15 02:03:25 | INFO | trader_metrics_manager | ✅ UBTC: Included - $1061403.14 (price: $95554.500000)
2025-11-15 02:03:35 | INFO | trader_metrics_manager | ✅ HYPE: Included - $3163380.46 (price: $37.976000)
2025-11-15 02:03:35 | INFO | trader_metrics_manager | ✅ UBTC: Included - $183588.04 (price: $95566.500000)
2025-11-15 02:03:45 | INFO | trader_metrics_manager | ✅ UBTC: Included - $330.40 (price: $95564.500000)
2025-11-15 02:03:59 | INFO | trader_metrics_manager | Registered 1 new addresses
2025-11-15 02:04:45 | INFO | trader_metrics_manager | ✅ PURR: Included - $25.71 (price: $0.096760)
2025-11-15 02:05:25 | INFO | trader_metrics_manager | ✅ HYPE: Included - $4368.95 (price: $38.001000)
2025-11-15 02:05:45 | INFO | trader_metrics_manager | ✅ HYPE: Included - $3187.54 (price: $38.001500)
2025-11-15 02:05:45 | INFO | trader_metrics_manager | ✅ UBTC: Included - $7930535.16 (price: $95550.500000)
2025-11-15 02:05:59 | INFO | trader_metrics_manager | ✅ HYPE: Included - $82356.52 (price: $37.995500)
2025-11-15 02:06:15 | INFO | trader_metrics_manager | ✅ HYPE: Included - $115120.94 (price: $37.998500)
2025-11-15 02:06:59 | INFO | trader_metrics_manager | ✅ HYPE: Included - $100572.25 (price: $38.000500)
2025-11-15 02:07:05 | INFO | trader_metrics_manager | ✅ TRUMP: Included - $74120.65 (price: $7.237350)
2025-11-15 02:07:15 | INFO | trader_metrics_manager | ✅ HYPE: Included - $289918.68 (price: $37.998500)
2025-11-15 02:07:45 | INFO | trader_metrics_manager | ✅ HYPE: Included - $22221.09 (price: $37.978500)
2025-11-15 02:07:59 | INFO | trader_metrics_manager | ✅ HYPE: Included - $200410.56 (price: $37.984500)
2025-11-15 02:07:59 | INFO | trader_metrics_manager | ✅ UETH: Included - $104256.11 (price: $3166.450000)
2025-11-15 02:07:59 | INFO | trader_metrics_manager | ✅ UPUMP: Included - $215987.47 (price: $0.003635)
2025-11-15 02:08:35 | INFO | trader_metrics_manager | ✅ HYPE: Included - $7.59 (price: $38.011500)
2025-11-15 02:08:45 | INFO | trader_metrics_manager | ✅ HYPE: Included - $5527.86 (price: $38.018500)
2025-11-15 02:11:58 | INFO | trader_metrics_manager | Registered 1 new addresses
2025-11-15 02:12:58 | INFO | trader_metrics_manager | Registered 1 new addresses
2025-11-15 02:12:59 | INFO | trader_metrics_manager | ✅ HYPE: Included - $87.32 (price: $37.987500)
2025-11-15 02:14:59 | INFO | __main__ | Scheduled metrics check - 457 pending updates
2025-11-15 02:15:00 | INFO | trader_metrics_manager | ✅ UBTC: Included - $5778.07 (price: $95556.500000)
2025-11-15 02:15:05 | INFO | trader_metrics_manager | ✅ HYPE: Included - $107954.49 (price: $38.043500)
2025-11-15 02:15:45 | INFO | trader_metrics_manager | ✅ HYPE: Included - $269.79 (price: $38.019500)
2025-11-15 02:15:45 | INFO | trader_metrics_manager | ✅ UBTC: Included - $257.66 (price: $95497.500000)
2025-11-15 02:15:59 | INFO | trader_metrics_manager | ✅ HYPE: Included - $32.24 (price: $38.011500)
2025-11-15 02:16:15 | INFO | trader_metrics_manager | ✅ HYPE: Included - $145431.32 (price: $37.999500)
2025-11-15 02:16:35 | INFO | trader_metrics_manager | ✅ HYPE: Included - $22058.38 (price: $38.038000)
2025-11-15 02:16:35 | INFO | trader_metrics_manager | ✅ UBTC: Included - $30585.94 (price: $95585.500000)
2025-11-15 02:16:35 | INFO | trader_metrics_manager | ✅ UXPL: Included - $9689.27 (price: $0.234715)
2025-11-15 02:16:45 | INFO | trader_metrics_manager | ✅ HYPE: Included - $5586917.30 (price: $38.040500)
2025-11-15 02:17:05 | INFO | trader_metrics_manager | ✅ HYPE: Included - $13138.42 (price: $38.055000)
2025-11-15 02:17:25 | INFO | trader_metrics_manager | ✅ HYPE: Included - $597.18 (price: $38.076000)
2025-11-15 02:17:35 | INFO | trader_metrics_manager | ✅ HYPE: Included - $25402.24 (price: $38.081500)
2025-11-15 02:17:35 | INFO | trader_metrics_manager | ✅ UBTC: Included - $11652.91 (price: $95637.500000)
2025-11-15 02:17:35 | INFO | trader_metrics_manager | ✅ UETH: Included - $2626.97 (price: $3172.450000)
2025-11-15 02:17:35 | INFO | trader_metrics_manager | ✅ USOL: Included - $1799.00 (price: $142.265000)
2025-11-15 02:17:59 | INFO | trader_metrics_manager | ✅ HYPE: Included - $5373.73 (price: $38.099500)
2025-11-15 02:17:59 | INFO | trader_metrics_manager | ✅ UBTC: Included - $5239.32 (price: $95701.000000)
2025-11-15 02:18:15 | INFO | trader_metrics_manager | ✅ HYPE: Included - $94.55 (price: $38.099500)
2025-11-15 02:18:15 | INFO | trader_metrics_manager | ✅ UPUMP: Included - $360.30 (price: $0.003652)
2025-11-15 02:18:25 | INFO | trader_metrics_manager | ✅ HYPE: Included - $32.17 (price: $38.091500)
2025-11-15 02:18:35 | INFO | trader_metrics_manager | ✅ HYPE: Included - $5063.51 (price: $38.085500)
2025-11-15 02:18:59 | INFO | trader_metrics_manager | ✅ HYPE: Included - $118103.73 (price: $38.255500)
2025-11-15 02:19:05 | INFO | trader_metrics_manager | ✅ PURR: Included - $58.47 (price: $0.097340)
2025-11-15 02:19:05 | INFO | trader_metrics_manager | ✅ HYPE: Included - $437477.76 (price: $38.244500)
2025-11-15 02:19:05 | INFO | trader_metrics_manager | ✅ UXPL: Included - $8022.42 (price: $0.234835)
2025-11-15 02:19:15 | INFO | trader_metrics_manager | ✅ HYPE: Included - $2128.18 (price: $38.220500)
2025-11-15 02:19:25 | INFO | trader_metrics_manager | ✅ HYPE: Included - $485.97 (price: $38.214500)
2025-11-15 02:19:25 | INFO | trader_metrics_manager | ✅ UXPL: Included - $5897.06 (price: $0.234905)
2025-11-15 02:19:35 | INFO | trader_metrics_manager | ✅ PURR: Included - $845.05 (price: $0.097324)
2025-11-15 02:19:35 | INFO | trader_metrics_manager | ✅ HYPE: Included - $15364.42 (price: $38.210500)
2025-11-15 02:19:35 | INFO | trader_metrics_manager | ✅ UXPL: Included - $10.98 (price: $0.234795)
2025-11-15 02:20:05 | INFO | trader_metrics_manager | ✅ HYPE: Included - $317714.28 (price: $38.183500)
2025-11-15 02:20:35 | INFO | trader_metrics_manager | ✅ UBTC: Included - $225.03 (price: $95826.500000)
2025-11-15 02:20:35 | INFO | trader_metrics_manager | ✅ UFART: Included - $178.80 (price: $0.249480)
2025-11-15 02:20:35 | INFO | trader_metrics_manager | ✅ UPUMP: Included - $200.90 (price: $0.003645)
2025-11-15 02:20:45 | INFO | trader_metrics_manager | ✅ HYPE: Included - $25406.99 (price: $38.210500)
2025-11-15 02:21:35 | INFO | trader_metrics_manager | ✅ UETH: Included - $30.24 (price: $3170.650000)
2025-11-15 02:21:59 | INFO | trader_metrics_manager | Registered 1 new addresses
2025-11-15 02:21:59 | INFO | trader_metrics_manager | ✅ HYPE: Included - $1682.51 (price: $38.167500)
2025-11-15 02:22:05 | INFO | trader_metrics_manager | ✅ HYPE: Included - $878128.78 (price: $38.179500)
2025-11-15 02:22:35 | INFO | trader_metrics_manager | ✅ PURR: Included - $4860.94 (price: $0.097215)
2025-11-15 02:22:35 | INFO | trader_metrics_manager | ✅ HYPE: Included - $2314.50 (price: $38.198500)
2025-11-15 02:22:35 | INFO | trader_metrics_manager | ✅ UETH: Included - $301.13 (price: $3174.350000)
2025-11-15 02:22:35 | INFO | trader_metrics_manager | ✅ UPUMP: Included - $3642.20 (price: $0.003644)
2025-11-15 02:22:58 | INFO | trader_metrics_manager | Registered 3 new addresses
2025-11-15 02:22:59 | INFO | trader_metrics_manager | ✅ UETH: Included - $36.38 (price: $3174.550000)
2025-11-15 02:23:25 | INFO | trader_metrics_manager | ✅ PURR: Included - $14591.55 (price: $0.097277)
2025-11-15 02:23:25 | INFO | trader_metrics_manager | ✅ HYPE: Included - $93157.78 (price: $38.198500)
2025-11-15 02:24:15 | INFO | trader_metrics_manager | ✅ HYPE: Included - $11702.21 (price: $38.185500)
2025-11-15 02:24:15 | INFO | trader_metrics_manager | ✅ UFART: Included - $40.24 (price: $0.249150)
2025-11-15 02:24:25 | INFO | trader_metrics_manager | ✅ HYPE: Included - $1147.64 (price: $38.188500)
2025-11-15 02:24:35 | INFO | trader_metrics_manager | ✅ HYPE: Included - $6807.02 (price: $38.188000)
2025-11-15 02:25:05 | INFO | trader_metrics_manager | ✅ HYPE: Included - $386100.45 (price: $38.219500)
2025-11-15 02:25:05 | INFO | trader_metrics_manager | ✅ UFART: Included - $15.15 (price: $0.249300)
2025-11-15 02:25:15 | INFO | trader_metrics_manager | ✅ HYPE: Included - $2091245.61 (price: $38.183500)
2025-11-15 02:25:25 | INFO | trader_metrics_manager | ✅ HYPE: Included - $59211.24 (price: $38.211500)
2025-11-15 02:25:25 | INFO | trader_metrics_manager | ✅ UBTC: Included - $211081.95 (price: $95821.500000)
2025-11-15 02:25:45 | INFO | trader_metrics_manager | ✅ PURR: Included - $11869.09 (price: $0.097228)
2025-11-15 02:25:45 | INFO | trader_metrics_manager | ✅ HYPE: Included - $25415.05 (price: $38.217000)
2025-11-15 02:25:59 | INFO | trader_metrics_manager | ✅ HYPE: Included - $74.10 (price: $38.220500)
2025-11-15 02:26:45 | INFO | trader_metrics_manager | ✅ HYPE: Included - $325.70 (price: $38.223500)
2025-11-15 02:26:59 | INFO | trader_metrics_manager | ✅ HYPE: Included - $11.50 (price: $38.221500)
2025-11-15 02:27:05 | INFO | trader_metrics_manager | ✅ UETH: Included - $440.94 (price: $3172.050000)
2025-11-15 02:27:45 | INFO | trader_metrics_manager | ✅ UBTC: Included - $1119.93 (price: $95787.500000)
2025-11-15 02:27:59 | INFO | trader_metrics_manager | ✅ HYPE: Included - $96305.68 (price: $38.199500)
2025-11-15 02:28:25 | INFO | trader_metrics_manager | ✅ UBTC: Included - $8.30 (price: $95875.500000)
2025-11-15 02:28:35 | INFO | trader_metrics_manager | ✅ HYPE: Included - $20682.45 (price: $38.239500)
2025-11-15 02:28:45 | INFO | trader_metrics_manager | ✅ HYPE: Included - $7.84 (price: $38.239500)
2025-11-15 02:29:25 | INFO | trader_metrics_manager | ✅ HYPE: Included - $39047.01 (price: $38.239500)
2025-11-15 02:29:45 | INFO | trader_metrics_manager | ✅ HYPE: Included - $114217.97 (price: $38.216500)
2025-11-15 02:29:45 | INFO | trader_metrics_manager | ✅ UBTC: Included - $101497.97 (price: $95914.500000)
2025-11-15 02:29:59 | INFO | trader_metrics_manager | Registered 1 new addresses
2025-11-15 02:29:59 | INFO | trader_metrics_manager | ✅ HYPE: Included - $172017.16 (price: $38.226000)
2025-11-15 02:30:15 | INFO | trader_metrics_manager | ✅ HYPE: Included - $29.91 (price: $38.223500)
2025-11-15 02:30:25 | INFO | trader_metrics_manager | ✅ HYPE: Included - $620340.05 (price: $38.204500)
2025-11-15 02:30:25 | INFO | trader_metrics_manager | ✅ UBTC: Included - $47914.08 (price: $95866.500000)
2025-11-15 02:30:25 | INFO | trader_metrics_manager | ✅ UETH: Included - $460294.38 (price: $3175.550000)
2025-11-15 02:30:25 | INFO | trader_metrics_manager | ✅ USOL: Included - $71152.59 (price: $142.355000)
2025-11-15 02:30:25 | INFO | trader_metrics_manager | ✅ UPUMP: Included - $7292.90 (price: $0.003648)
2025-11-15 02:30:35 | INFO | trader_metrics_manager | ✅ HYPE: Included - $304167.28 (price: $38.212000)
2025-11-15 02:30:45 | INFO | trader_metrics_manager | ✅ HYPE: Included - $22.38 (price: $38.223500)
2025-11-15 02:30:59 | INFO | trader_metrics_manager | ✅ HYPE: Included - $38215.66 (price: $38.211500)
2025-11-15 02:31:05 | INFO | trader_metrics_manager | ✅ UBTC: Included - $205432.68 (price: $95852.000000)
2025-11-15 02:31:15 | INFO | trader_metrics_manager | ✅ HYPE: Included - $2466966.09 (price: $38.219500)
2025-11-15 02:31:35 | INFO | trader_metrics_manager | ✅ HYPE: Included - $982783.93 (price: $38.187500)
2025-11-15 02:31:45 | INFO | trader_metrics_manager | ✅ PURR: Included - $1103.26 (price: $0.097351)
2025-11-15 02:31:59 | INFO | trader_metrics_manager | ✅ HYPE: Included - $7625483.71 (price: $38.166500)
2025-11-15 02:31:59 | INFO | trader_metrics_manager | ✅ UPUMP: Included - $4363417.20 (price: $0.003638)
2025-11-15 02:31:59 | INFO | trader_metrics_manager | ✅ UXPL: Included - $159544.51 (price: $0.233615)
2025-11-15 02:32:15 | INFO | trader_metrics_manager | ✅ HYPE: Included - $1937.38 (price: $38.195500)
2025-11-15 02:32:15 | INFO | trader_metrics_manager | ✅ UPUMP: Included - $4057.58 (price: $0.003642)
2025-11-15 02:32:15 | INFO | trader_metrics_manager | ✅ UXPL: Included - $1169.42 (price: $0.233885)
2025-11-15 02:32:35 | INFO | trader_metrics_manager | ✅ UBTC: Included - $3849.15 (price: $95770.500000)
2025-11-15 02:32:59 | INFO | trader_metrics_manager | ✅ HYPE: Included - $7.73 (price: $38.170000)
2025-11-15 02:33:05 | INFO | trader_metrics_manager | ✅ HYPE: Included - $342080.08 (price: $38.139500)
2025-11-15 02:33:45 | INFO | trader_metrics_manager | ✅ USOL: Included - $42.51 (price: $142.125000)
2025-11-15 02:34:05 | INFO | trader_metrics_manager | ✅ HYPE: Included - $18290.65 (price: $38.168500)
2025-11-15 02:34:05 | INFO | trader_metrics_manager | ✅ UETH: Included - $31.69 (price: $3171.350000)
2025-11-15 02:34:25 | INFO | trader_metrics_manager | ✅ HYPE: Included - $6.65 (price: $38.162500)
2025-11-15 02:34:35 | INFO | trader_metrics_manager | ✅ PURR: Included - $120.28 (price: $0.097276)
2025-11-15 02:34:35 | INFO | trader_metrics_manager | ✅ HYPE: Included - $1167.68 (price: $38.171500)
2025-11-15 02:34:35 | INFO | trader_metrics_manager | ✅ UBTC: Included - $2365.26 (price: $95779.500000)
2025-11-15 02:34:35 | INFO | trader_metrics_manager | ✅ UETH: Included - $1225.89 (price: $3171.350000)
2025-11-15 02:34:58 | INFO | trader_metrics_manager | Registered 1 new addresses
2025-11-15 02:34:59 | INFO | trader_metrics_manager | ✅ UETH: Included - $168.00 (price: $3171.950000)
2025-11-15 02:34:59 | INFO | trader_metrics_manager | ✅ UFART: Included - $172.70 (price: $0.250140)
2025-11-15 02:34:59 | INFO | trader_metrics_manager | ✅ UXPL: Included - $168.09 (price: $0.233535)
2025-11-15 02:35:25 | INFO | trader_metrics_manager | ✅ HYPE: Included - $61.14 (price: $38.180500)
2025-11-15 02:36:05 | INFO | trader_metrics_manager | ✅ HYPE: Included - $33685.79 (price: $38.192500)
2025-11-15 02:36:15 | INFO | trader_metrics_manager | ✅ UBTC: Included - $280.16 (price: $95821.500000)
2025-11-15 02:36:35 | INFO | trader_metrics_manager | ✅ HYPE: Included - $10513.68 (price: $38.193500)
2025-11-15 02:36:45 | INFO | trader_metrics_manager | ✅ HYPE: Included - $349351.71 (price: $38.195500)
2025-11-15 02:36:59 | INFO | trader_metrics_manager | ✅ HYPE: Included - $10080.49 (price: $38.191500)
2025-11-15 02:37:00 | INFO | trader_metrics_manager | ✅ UPUMP: Included - $9137.51 (price: $0.003642)
2025-11-15 02:37:00 | INFO | trader_metrics_manager | ✅ UXPL: Included - $54457.94 (price: $0.233500)
2025-11-15 02:37:15 | INFO | trader_metrics_manager | ✅ HYPE: Included - $39200.45 (price: $38.162500)
2025-11-15 02:37:15 | INFO | trader_metrics_manager | ✅ UBTC: Included - $27513.83 (price: $95781.500000)
2025-11-15 02:37:25 | INFO | trader_metrics_manager | ✅ HYPE: Included - $521823.33 (price: $38.160500)
2025-11-15 02:37:35 | INFO | trader_metrics_manager | ✅ HYPE: Included - $764912.40 (price: $38.179500)
2025-11-15 02:37:45 | INFO | trader_metrics_manager | ✅ HYPE: Included - $64096.28 (price: $38.200500)
2025-11-15 02:37:59 | INFO | trader_metrics_manager | ✅ HYPE: Included - $451123.81 (price: $38.199500)
2025-11-15 02:37:59 | INFO | trader_metrics_manager | ✅ UXPL: Included - $53454.20 (price: $0.233305)
2025-11-15 02:38:25 | INFO | trader_metrics_manager | ✅ HYPE: Included - $86.20 (price: $38.199500)
2025-11-15 02:38:25 | INFO | trader_metrics_manager | ✅ UBTC: Included - $86.95 (price: $95848.500000)
2025-11-15 02:38:25 | INFO | trader_metrics_manager | ✅ UETH: Included - $88.98 (price: $3172.650000)
2025-11-15 02:38:35 | INFO | trader_metrics_manager | ✅ HYPE: Included - $128.19 (price: $38.199500)
2025-11-15 02:38:35 | INFO | trader_metrics_manager | ✅ UBTC: Included - $163.77 (price: $95874.500000)
2025-11-15 02:38:35 | INFO | trader_metrics_manager | ✅ UETH: Included - $110.69 (price: $3173.750000)
2025-11-15 02:38:45 | INFO | trader_metrics_manager | ✅ HYPE: Included - $152769.74 (price: $38.199500)
2025-11-15 02:38:45 | INFO | trader_metrics_manager | ✅ UPUMP: Included - $722815.53 (price: $0.003638)
2025-11-15 02:38:59 | INFO | trader_metrics_manager | ✅ HYPE: Included - $5.97 (price: $38.189500)
2025-11-15 02:39:05 | INFO | trader_metrics_manager | ✅ HYPE: Included - $1602911.69 (price: $38.195500)
2025-11-15 02:39:05 | INFO | trader_metrics_manager | ✅ UBTC: Included - $533679.87 (price: $95856.500000)
2025-11-15 02:39:05 | INFO | trader_metrics_manager | ✅ UETH: Included - $6.78 (price: $3172.650000)
2025-11-15 02:39:45 | INFO | trader_metrics_manager | ✅ HYPE: Included - $9801.51 (price: $38.207500)
2025-11-15 02:40:35 | INFO | trader_metrics_manager | ✅ UBTC: Included - $234231.10 (price: $95947.500000)
2025-11-15 02:40:45 | INFO | trader_metrics_manager | ✅ HYPE: Included - $23602.81 (price: $38.268500)
2025-11-15 02:41:05 | INFO | trader_metrics_manager | ✅ HYPE: Included - $4616.76 (price: $38.272500)
2025-11-15 02:41:05 | INFO | trader_metrics_manager | ✅ UBTC: Included - $6.58 (price: $95948.500000)
2025-11-15 02:41:05 | INFO | trader_metrics_manager | ✅ UFART: Included - $22.97 (price: $0.249340)
2025-11-15 02:41:16 | INFO | trader_metrics_manager | ✅ HYPE: Included - $383005.09 (price: $38.300500)
2025-11-15 02:41:45 | INFO | trader_metrics_manager | ✅ UPUMP: Included - $94862.14 (price: $0.003653)
2025-11-15 02:41:59 | INFO | trader_metrics_manager | Registered 1 new addresses
2025-11-15 02:41:59 | INFO | trader_metrics_manager | ✅ HYPE: Included - $804069.39 (price: $38.320500)
2025-11-15 02:42:05 | INFO | trader_metrics_manager | ✅ HYPE: Included - $85696.28 (price: $38.339500)
2025-11-15 02:42:05 | INFO | trader_metrics_manager | ✅ UBTC: Included - $14807.46 (price: $96001.500000)
2025-11-15 02:42:25 | INFO | trader_metrics_manager | ✅ HYPE: Included - $26830.67 (price: $38.355000)
2025-11-15 02:42:25 | INFO | trader_metrics_manager | ✅ USOL: Included - $28491.84 (price: $142.555000)
2025-11-15 02:42:25 | INFO | trader_metrics_manager | ✅ UXPL: Included - $3787.01 (price: $0.233465)
2025-11-15 02:42:35 | INFO | trader_metrics_manager | ✅ PURR: Included - $57.11 (price: $0.097538)
2025-11-15 02:42:35 | INFO | trader_metrics_manager | ✅ MANLET: Included - $1703.26 (price: $3.414550)
2025-11-15 02:42:35 | INFO | trader_metrics_manager | ✅ PUMP: Included - $164.10 (price: $0.003647)
2025-11-15 02:42:35 | INFO | trader_metrics_manager | ✅ TEST: Included - $7051.82 (price: $1.068700)
2025-11-15 02:42:35 | INFO | trader_metrics_manager | ✅ RICH: Included - $43.46 (price: $1.449150)
2025-11-15 02:42:35 | INFO | trader_metrics_manager | ✅ RANK: Included - $1258.35 (price: $38.356500)
2025-11-15 02:42:58 | INFO | trader_metrics_manager | Registered 1 new addresses
2025-11-15 02:42:59 | INFO | trader_metrics_manager | ✅ HYPE: Included - $20.14 (price: $38.351500)
2025-11-15 02:43:25 | INFO | trader_metrics_manager | ✅ UBTC: Included - $633.38 (price: $96027.000000)
2025-11-15 02:43:35 | INFO | trader_metrics_manager | ✅ HYPE: Included - $2082.04 (price: $38.427500)
2025-11-15 02:44:00 | INFO | trader_metrics_manager | ✅ UBTC: Included - $287.91 (price: $96038.500000)
2025-11-15 02:44:15 | INFO | trader_metrics_manager | ✅ UETH: Included - $221.39 (price: $3185.550000)
2025-11-15 02:44:25 | INFO | trader_metrics_manager | ✅ UETH: Included - $1513.96 (price: $3185.550000)
2025-11-15 02:44:35 | INFO | trader_metrics_manager | ✅ HYPE: Included - $21764.46 (price: $38.512500)
2025-11-15 02:44:45 | INFO | trader_metrics_manager | ✅ HYPE: Included - $269.56 (price: $38.513500)
2025-11-15 02:45:05 | INFO | trader_metrics_manager | ✅ HYPE: Included - $1298457.38 (price: $38.605500)
2025-11-15 02:45:15 | INFO | trader_metrics_manager | ✅ HYPE: Included - $11581.95 (price: $38.601500)
2025-11-15 02:45:35 | INFO | trader_metrics_manager | ✅ HYPE: Included - $28272.60 (price: $38.583500)
2025-11-15 02:46:25 | INFO | trader_metrics_manager | ✅ HYPE: Included - $71417.18 (price: $38.517500)
2025-11-15 02:46:25 | INFO | trader_metrics_manager | ✅ UFART: Included - $84884.70 (price: $0.250650)
2025-11-15 02:46:45 | INFO | trader_metrics_manager | ✅ HYPE: Included - $281.24 (price: $38.540500)
2025-11-15 02:47:05 | INFO | trader_metrics_manager | ✅ HYPE: Included - $35617.09 (price: $38.496500)
2025-11-15 02:47:45 | INFO | trader_metrics_manager | ✅ PURR: Included - $8113.85 (price: $0.097585)
2025-11-15 02:47:45 | INFO | trader_metrics_manager | ✅ HYPE: Included - $112906.92 (price: $38.517500)
2025-11-15 02:47:45 | INFO | trader_metrics_manager | ✅ UETH: Included - $331462.50 (price: $3187.150000)
2025-11-15 02:48:05 | INFO | trader_metrics_manager | ✅ HYPE: Included - $8232092.53 (price: $38.489500)
2025-11-15 02:48:05 | INFO | trader_metrics_manager | ✅ UBTC: Included - $6916199.48 (price: $96014.500000)
2025-11-15 02:48:25 | INFO | trader_metrics_manager | ✅ HYPE: Included - $1038.73 (price: $38.471500)
2025-11-15 02:48:35 | INFO | trader_metrics_manager | ✅ UPUMP: Included - $23.24 (price: $0.003656)
2025-11-15 02:48:45 | INFO | trader_metrics_manager | ✅ UBTC: Included - $1372.64 (price: $96011.500000)
2025-11-15 02:48:59 | INFO | trader_metrics_manager | Registered 1 new addresses
2025-11-15 02:48:59 | INFO | trader_metrics_manager | ✅ UBTC: Included - $13119.71 (price: $96000.500000)
2025-11-15 02:49:15 | INFO | trader_metrics_manager | ✅ HYPE: Included - $70621.88 (price: $38.487500)
2025-11-15 02:49:15 | INFO | trader_metrics_manager | ✅ UBTC: Included - $62383.22 (price: $96035.500000)
2025-11-15 02:49:35 | INFO | trader_metrics_manager | ✅ HYPE: Included - $10271.68 (price: $38.486500)
2025-11-15 02:49:35 | INFO | trader_metrics_manager | ✅ UBTC: Included - $16445.38 (price: $95986.500000)
2025-11-15 02:49:35 | INFO | trader_metrics_manager | ✅ UETH: Included - $15277.23 (price: $3185.250000)
2025-11-15 02:49:35 | INFO | trader_metrics_manager | ✅ USOL: Included - $6331.48 (price: $142.425000)
2025-11-15 02:49:59 | INFO | trader_metrics_manager | Registered 1 new addresses
2025-11-15 02:49:59 | INFO | trader_metrics_manager | ✅ UBTC: Included - $594.74 (price: $95989.500000)
2025-11-15 02:50:36 | INFO | trader_metrics_manager | ✅ UETH: Included - $124.10 (price: $3184.150000)
2025-11-15 02:50:36 | INFO | trader_metrics_manager | ✅ UFART: Included - $110.75 (price: $0.250550)
2025-11-15 02:50:36 | INFO | trader_metrics_manager | ✅ UPUMP: Included - $127.25 (price: $0.003644)
2025-11-15 02:50:36 | INFO | trader_metrics_manager | ✅ UXPL: Included - $126.36 (price: $0.233805)
2025-11-15 02:50:45 | INFO | trader_metrics_manager | ✅ HYPE: Included - $174741.18 (price: $38.479000)
2025-11-15 02:51:00 | INFO | trader_metrics_manager | ✅ HYPE: Included - $8543.52 (price: $38.505000)
2025-11-15 02:51:35 | INFO | trader_metrics_manager | ✅ HYPE: Included - $79732.96 (price: $38.542500)
2025-11-15 02:51:45 | INFO | trader_metrics_manager | ✅ HYPE: Included - $7.49 (price: $38.542000)
2025-11-15 02:51:59 | INFO | trader_metrics_manager | Registered 2 new addresses
2025-11-15 02:51:59 | INFO | trader_metrics_manager | ✅ HYPE: Included - $14077.77 (price: $38.553500)
2025-11-15 02:51:59 | INFO | trader_metrics_manager | ✅ UBTC: Included - $38385.05 (price: $96020.500000)
2025-11-15 02:52:15 | INFO | trader_metrics_manager | ✅ HYPE: Included - $74972.08 (price: $38.550000)
2025-11-15 02:52:15 | INFO | trader_metrics_manager | ✅ UETH: Included - $1225.96 (price: $3182.650000)
2025-11-15 02:52:35 | INFO | trader_metrics_manager | ✅ UBTC: Included - $3322.39 (price: $96050.500000)
2025-11-15 02:52:59 | INFO | trader_metrics_manager | Registered 4 new addresses
2025-11-15 02:52:59 | INFO | trader_metrics_manager | ✅ UFART: Included - $511.53 (price: $0.250490)
2025-11-15 02:52:59 | INFO | trader_metrics_manager | ✅ UPUMP: Included - $567.69 (price: $0.003656)
2025-11-15 02:52:59 | INFO | trader_metrics_manager | ✅ UXPL: Included - $521.62 (price: $0.234045)
2025-11-15 02:53:15 | INFO | trader_metrics_manager | ✅ HYPE: Included - $9510679.71 (price: $38.615500)
2025-11-15 02:53:15 | INFO | trader_metrics_manager | ✅ UPUMP: Included - $2593394.48 (price: $0.003659)
2025-11-15 02:53:25 | INFO | trader_metrics_manager | ✅ HYPE: Included - $3890.91 (price: $38.622000)
2025-11-15 02:53:25 | INFO | trader_metrics_manager | ✅ UBTC: Included - $43517.79 (price: $96172.500000)
2025-11-15 02:53:45 | INFO | trader_metrics_manager | ✅ HYPE: Included - $18097.64 (price: $38.655500)
2025-11-15 02:53:45 | INFO | trader_metrics_manager | ✅ UXPL: Included - $8425.83 (price: $0.235130)
2025-11-15 02:53:59 | INFO | trader_metrics_manager | Registered 1 new addresses
2025-11-15 02:53:59 | INFO | trader_metrics_manager | ✅ HYPE: Included - $390997.65 (price: $38.653500)
2025-11-15 02:54:15 | INFO | trader_metrics_manager | ✅ HYPE: Included - $3140.13 (price: $38.643000)
2025-11-15 02:54:25 | INFO | trader_metrics_manager | ✅ HYPE: Included - $135.29 (price: $38.645500)
2025-11-15 02:54:35 | INFO | trader_metrics_manager | ✅ HYPE: Included - $87.85 (price: $38.646000)
2025-11-15 02:54:35 | INFO | trader_metrics_manager | ✅ UXPL: Included - $6.26 (price: $0.234840)
2025-11-15 02:54:45 | INFO | trader_metrics_manager | ✅ TRUMP: Included - $73289.73 (price: $7.257950)
2025-11-15 02:54:45 | INFO | trader_metrics_manager | ✅ USOL: Included - $715.10 (price: $143.045000)
2025-11-15 02:55:35 | INFO | trader_metrics_manager | ✅ UBTC: Included - $23418.28 (price: $96143.500000)
2025-11-15 02:56:05 | INFO | trader_metrics_manager | ✅ UBTC: Included - $1440.45 (price: $96148.500000)
2025-11-15 02:56:16 | INFO | trader_metrics_manager | ✅ HYPE: Included - $374994.66 (price: $38.656500)
2025-11-15 02:56:16 | INFO | trader_metrics_manager | ✅ UBTC: Included - $249935.02 (price: $96228.500000)
2025-11-15 02:56:25 | INFO | trader_metrics_manager | ✅ HYPE: Included - $988.09 (price: $38.624500)
2025-11-15 02:57:05 | INFO | trader_metrics_manager | ✅ HYPE: Included - $14413.13 (price: $38.636500)
2025-11-15 02:57:25 | INFO | trader_metrics_manager | ✅ HYPE: Included - $19504.13 (price: $38.655500)
2025-11-15 02:57:35 | INFO | trader_metrics_manager | ✅ HYPE: Included - $19.33 (price: $38.659000)
2025-11-15 02:57:45 | INFO | trader_metrics_manager | ✅ HYPE: Included - $203.30 (price: $38.662500)
2025-11-15 02:57:45 | INFO | trader_metrics_manager | ✅ UBTC: Included - $101.09 (price: $96308.500000)
2025-11-15 02:58:15 | INFO | trader_metrics_manager | ✅ HYPE: Included - $72204.85 (price: $38.671500)
2025-11-15 02:58:35 | INFO | trader_metrics_manager | ✅ HYPE: Included - $3981.97 (price: $38.667500)
2025-11-15 02:58:35 | INFO | trader_metrics_manager | ✅ UETH: Included - $20076.81 (price: $3191.850000)
2025-11-15 02:58:45 | INFO | trader_metrics_manager | ✅ UBTC: Included - $607.15 (price: $96437.500000)
2025-11-15 02:59:35 | INFO | trader_metrics_manager | ✅ HYPE: Included - $3866.08 (price: $38.681500)
2025-11-15 02:59:35 | INFO | trader_metrics_manager | ✅ UBTC: Included - $138637.40 (price: $96430.000000)
2025-11-15 02:59:35 | INFO | trader_metrics_manager | ✅ UFART: Included - $37987.63 (price: $0.252040)
2025-11-15 02:59:59 | INFO | trader_metrics_manager | ✅ HYPE: Included - $38437.36 (price: $38.687500)
2025-11-15 03:00:05 | INFO | trader_metrics_manager | ✅ HYPE: Included - $1081.61 (price: $38.682500)
2025-11-15 03:00:05 | INFO | trader_metrics_manager | ✅ UBTC: Included - $7904.33 (price: $96450.000000)
2025-11-15 03:00:15 | INFO | trader_metrics_manager | ✅ HYPE: Included - $208.79 (price: $38.685500)
2025-11-15 03:00:25 | INFO | trader_metrics_manager | ✅ HYPE: Included - $38694.69 (price: $38.687500)
2025-11-15 03:00:36 | INFO | trader_metrics_manager | ✅ UFART: Included - $483.92 (price: $0.252350)
2025-11-15 03:01:06 | INFO | trader_metrics_manager | ✅ UBTC: Included - $2525.44 (price: $96418.000000)
2025-11-15 03:01:16 | INFO | trader_metrics_manager | ✅ HYPE: Included - $19266.24 (price: $38.711500)
2025-11-15 03:01:16 | INFO | trader_metrics_manager | ✅ UBTC: Included - $29321.49 (price: $96377.500000)
2025-11-15 03:01:36 | INFO | trader_metrics_manager | ✅ HYPE: Included - $1076951.60 (price: $38.719500)
2025-11-15 03:01:59 | INFO | trader_metrics_manager | ✅ HYPE: Included - $731962.84 (price: $38.746500)
2025-11-15 03:02:05 | INFO | trader_metrics_manager | ✅ HYPE: Included - $7604.34 (price: $38.746500)
2025-11-15 03:02:05 | INFO | trader_metrics_manager | ✅ USOL: Included - $25.08 (price: $143.155000)
2025-11-15 03:02:15 | INFO | trader_metrics_manager | ✅ HYPE: Included - $62.96 (price: $38.747500)
2025-11-15 03:02:45 | INFO | trader_metrics_manager | ✅ HYPE: Included - $4680.90 (price: $38.758500)
2025-11-15 03:03:15 | INFO | trader_metrics_manager | ✅ HYPE: Included - $884.80 (price: $38.752500)
2025-11-15 03:03:15 | INFO | trader_metrics_manager | ✅ UBTC: Included - $12.36 (price: $96418.500000)
2025-11-15 03:03:25 | INFO | trader_metrics_manager | ✅ HYPE: Included - $664237.49 (price: $38.764500)
2025-11-15 03:03:25 | INFO | trader_metrics_manager | ✅ UBTC: Included - $55077.41 (price: $96418.500000)
2025-11-15 03:03:25 | INFO | trader_metrics_manager | ✅ USOL: Included - $7.89 (price: $142.875000)
2025-11-15 03:04:05 | INFO | trader_metrics_manager | ✅ USOL: Included - $54177.25 (price: $142.855000)
2025-11-15 03:04:25 | INFO | trader_metrics_manager | ✅ HYPE: Included - $59.38 (price: $38.771500)
2025-11-15 03:04:59 | INFO | trader_metrics_manager | ✅ HYPE: Included - $1280502.12 (price: $38.776500)
2025-11-15 03:05:35 | INFO | trader_metrics_manager | ✅ HYPE: Included - $31110.15 (price: $38.739500)
2025-11-15 03:05:45 | INFO | trader_metrics_manager | ✅ HYPE: Included - $38309.65 (price: $38.772500)
2025-11-15 03:05:59 | INFO | trader_metrics_manager | ✅ HYPE: Included - $1399813.33 (price: $38.748000)
2025-11-15 03:06:15 | INFO | trader_metrics_manager | ✅ HYPE: Included - $10109.80 (price: $38.696500)
2025-11-15 03:06:25 | INFO | trader_metrics_manager | ✅ HYPE: Included - $3870.83 (price: $38.689500)
2025-11-15 03:06:35 | INFO | trader_metrics_manager | ✅ MANLET: Included - $3644.14 (price: $3.445400)
2025-11-15 03:06:35 | INFO | trader_metrics_manager | ✅ TRUMP: Included - $3952.87 (price: $7.288850)
2025-11-15 03:06:35 | INFO | trader_metrics_manager | ✅ PUMP: Included - $406.15 (price: $0.003670)
2025-11-15 03:06:35 | INFO | trader_metrics_manager | ✅ TEST: Included - $5548.00 (price: $1.075100)
2025-11-15 03:06:35 | INFO | trader_metrics_manager | ✅ HYPE: Included - $245690.94 (price: $38.691500)
2025-11-15 03:06:35 | INFO | trader_metrics_manager | ✅ GENESY: Included - $299.44 (price: $142.635000)
2025-11-15 03:06:35 | INFO | trader_metrics_manager | ✅ UBTC: Included - $11660.73 (price: $96331.500000)
2025-11-15 03:06:45 | INFO | trader_metrics_manager | ✅ UBTC: Included - $1867.75 (price: $96340.500000)
2025-11-15 03:07:45 | INFO | trader_metrics_manager | ✅ UBTC: Included - $332.17 (price: $96345.500000)
2025-11-15 03:08:15 | INFO | trader_metrics_manager | ✅ UBTC: Included - $3727.84 (price: $96337.500000)
2025-11-15 03:08:25 | INFO | trader_metrics_manager | ✅ UBTC: Included - $434976.25 (price: $96361.500000)
2025-11-15 03:08:35 | INFO | trader_metrics_manager | ✅ HYPE: Included - $12139.75 (price: $38.719500)
2025-11-15 03:08:35 | INFO | trader_metrics_manager | ✅ UPUMP: Included - $2545.58 (price: $0.003678)
2025-11-15 03:08:35 | INFO | trader_metrics_manager | ✅ UXPL: Included - $2240.01 (price: $0.235170)
2025-11-15 03:08:45 | INFO | trader_metrics_manager | ✅ HYPE: Included - $16.66 (price: $38.701500)
2025-11-15 03:08:45 | INFO | trader_metrics_manager | ✅ UFART: Included - $41530.10 (price: $0.251710)
2025-11-15 03:09:05 | INFO | trader_metrics_manager | ✅ HYPE: Included - $297779.60 (price: $38.687000)
2025-11-15 03:09:25 | INFO | trader_metrics_manager | ✅ HYPE: Included - $9345.86 (price: $38.719500)
2025-11-15 03:09:25 | INFO | trader_metrics_manager | ✅ UBTC: Included - $45704.07 (price: $96373.500000)
2025-11-15 03:09:45 | INFO | trader_metrics_manager | ✅ HYPE: Included - $2309.31 (price: $38.695500)
2025-11-15 03:10:05 | INFO | trader_metrics_manager | ✅ HYPE: Included - $79.93 (price: $38.707500)
2025-11-15 03:10:16 | INFO | trader_metrics_manager | ✅ UETH: Included - $2918.84 (price: $3187.350000)
2025-11-15 03:10:25 | INFO | trader_metrics_manager | ✅ HYPE: Included - $193581.87 (price: $38.729500)
2025-11-15 03:10:59 | INFO | trader_metrics_manager | ✅ HYPE: Included - $424.19 (price: $38.764500)
2025-11-15 03:11:15 | INFO | trader_metrics_manager | ✅ HYPE: Included - $3238.30 (price: $38.758000)
2025-11-15 03:11:35 | INFO | trader_metrics_manager | ✅ UPUMP: Included - $432.53 (price: $0.003678)
2025-11-15 03:11:45 | INFO | trader_metrics_manager | ✅ PURR: Included - $3325.16 (price: $0.098539)
2025-11-15 03:11:45 | INFO | trader_metrics_manager | ✅ HYPE: Included - $16179.41 (price: $38.773500)
2025-11-15 03:11:59 | INFO | trader_metrics_manager | ✅ HYPE: Included - $6.89 (price: $38.776500)
2025-11-15 03:11:59 | INFO | trader_metrics_manager | ✅ UETH: Included - $40.93 (price: $3186.950000)
2025-11-15 03:12:15 | INFO | trader_metrics_manager | ✅ HYPE: Included - $8837.62 (price: $38.786500)
2025-11-15 03:12:35 | INFO | trader_metrics_manager | ✅ HYPE: Included - $336146.90 (price: $38.802500)
2025-11-15 03:12:59 | INFO | trader_metrics_manager | ✅ UBTC: Included - $534507.18 (price: $96410.500000)
2025-11-15 03:13:05 | INFO | trader_metrics_manager | ✅ HYPE: Included - $2578.57 (price: $38.809500)
2025-11-15 03:13:35 | INFO | trader_metrics_manager | ✅ UBTC: Included - $20284.11 (price: $96494.500000)
2025-11-15 03:13:45 | INFO | trader_metrics_manager | ✅ PURR: Included - $284.09 (price: $0.098665)
2025-11-15 03:13:45 | INFO | trader_metrics_manager | ✅ HYPE: Included - $6369.84 (price: $38.838500)
2025-11-15 03:14:05 | INFO | trader_metrics_manager | ✅ HYPE: Included - $123581.75 (price: $38.843500)
2025-11-15 03:14:35 | INFO | trader_metrics_manager | ✅ HYPE: Included - $139961.70 (price: $38.780500)
2025-11-15 03:14:45 | INFO | trader_metrics_manager | ✅ HYPE: Included - $4886.98 (price: $38.794500)
2025-11-15 03:14:59 | INFO | __main__ | Scheduled metrics check - 373 pending updates
2025-11-15 03:15:00 | INFO | trader_metrics_manager | ✅ UBTC: Included - $588.58 (price: $96555.500000)
2025-11-15 03:15:05 | INFO | trader_metrics_manager | ✅ HYPE: Included - $224.59 (price: $38.826500)
2025-11-15 03:15:15 | INFO | trader_metrics_manager | ✅ UBTC: Included - $10127.07 (price: $96577.500000)
2025-11-15 03:15:25 | INFO | trader_metrics_manager | ✅ HYPE: Included - $47930.04 (price: $38.809500)
2025-11-15 03:15:45 | INFO | trader_metrics_manager | ✅ UBTC: Included - $714.17 (price: $96573.500000)
2025-11-15 03:15:58 | INFO | trader_metrics_manager | Registered 1 new addresses
2025-11-15 03:16:15 | INFO | trader_metrics_manager | ✅ UETH: Included - $16.26 (price: $3188.650000)
2025-11-15 03:16:15 | INFO | trader_metrics_manager | ✅ USOL: Included - $40.89 (price: $143.155000)
2025-11-15 03:16:35 | INFO | trader_metrics_manager | ✅ PURR: Included - $25.69 (price: $0.098491)
2025-11-15 03:16:35 | INFO | trader_metrics_manager | ✅ PUMP: Included - $113.21 (price: $0.003682)
2025-11-15 03:16:45 | INFO | trader_metrics_manager | ✅ PURR: Included - $20.19 (price: $0.098500)
2025-11-15 03:16:45 | INFO | trader_metrics_manager | ✅ PUMP: Included - $86.59 (price: $0.003680)
2025-11-15 03:17:00 | INFO | trader_metrics_manager | ✅ PURR: Included - $58803.12 (price: $0.098454)
2025-11-15 03:17:00 | INFO | trader_metrics_manager | ✅ HYPE: Included - $1487558.87 (price: $38.704500)
2025-11-15 03:17:15 | INFO | trader_metrics_manager | ✅ PURR: Included - $75152.78 (price: $0.098475)
2025-11-15 03:17:15 | INFO | trader_metrics_manager | ✅ HYPE: Included - $6553.95 (price: $38.752000)
2025-11-15 03:17:58 | INFO | trader_metrics_manager | Registered 1 new addresses
2025-11-15 03:17:59 | INFO | trader_metrics_manager | ✅ PURR: Included - $34976.04 (price: $0.098479)
2025-11-15 03:18:05 | INFO | trader_metrics_manager | ✅ UBTC: Included - $24099.57 (price: $96446.500000)
2025-11-15 03:18:59 | INFO | trader_metrics_manager | ✅ HYPE: Included - $174045.39 (price: $38.837500)
2025-11-15 03:18:59 | INFO | trader_metrics_manager | ✅ UBTC: Included - $9630.76 (price: $96558.500000)
2025-11-15 03:18:59 | INFO | trader_metrics_manager | ✅ UPUMP: Included - $21876.11 (price: $0.003685)
2025-11-15 03:19:25 | INFO | trader_metrics_manager | ✅ UBTC: Included - $4795.85 (price: $96602.500000)
2025-11-15 03:19:59 | INFO | trader_metrics_manager | ✅ HYPE: Included - $89221.00 (price: $38.777500)
2025-11-15 03:19:59 | INFO | trader_metrics_manager | ✅ UETH: Included - $13.19 (price: $3189.650000)
2025-11-15 03:20:05 | INFO | trader_metrics_manager | ✅ HYPE: Included - $7.68 (price: $38.802500)
2025-11-15 03:20:45 | INFO | trader_metrics_manager | ✅ HYPE: Included - $77577.24 (price: $38.788500)
2025-11-15 03:21:05 | INFO | trader_metrics_manager | ✅ HYPE: Included - $40774.93 (price: $38.849500)
2025-11-15 03:21:35 | INFO | trader_metrics_manager | ✅ PURR: Included - $8936.18 (price: $0.098598)
2025-11-15 03:22:00 | INFO | trader_metrics_manager | ✅ HYPE: Included - $10.15 (price: $38.861500)
2025-11-15 03:22:15 | INFO | trader_metrics_manager | ✅ HYPE: Included - $77763.13 (price: $38.876500)
2025-11-15 03:22:15 | INFO | trader_metrics_manager | ✅ UPUMP: Included - $15944.64 (price: $0.003683)
2025-11-15 03:22:25 | INFO | trader_metrics_manager | ✅ HYPE: Included - $18.71 (price: $38.845500)
2025-11-15 03:22:35 | INFO | trader_metrics_manager | ✅ UBTC: Included - $714.91 (price: $96617.500000)
2025-11-15 03:22:59 | INFO | trader_metrics_manager | ✅ HYPE: Included - $288.54 (price: $38.831500)
2025-11-15 03:23:05 | INFO | trader_metrics_manager | ✅ PURR: Included - $176.37 (price: $0.098515)
2025-11-15 03:23:05 | INFO | trader_metrics_manager | ✅ HYPE: Included - $271.91 (price: $38.797500)
2025-11-15 03:23:05 | INFO | trader_metrics_manager | ✅ UETH: Included - $639.64 (price: $3187.250000)
2025-11-15 03:23:35 | INFO | trader_metrics_manager | ✅ HYPE: Included - $190726.61 (price: $38.823500)
2025-11-15 03:24:25 | INFO | trader_metrics_manager | ✅ UXPL: Included - $294354.77 (price: $0.234940)
2025-11-15 03:24:35 | INFO | trader_metrics_manager | ✅ HYPE: Included - $11597.84 (price: $38.838000)
2025-11-15 03:25:15 | INFO | trader_metrics_manager | ✅ HYPE: Included - $26636.45 (price: $38.844500)
2025-11-15 03:25:25 | INFO | trader_metrics_manager | ✅ PURR: Included - $222546.82 (price: $0.098582)
2025-11-15 03:25:45 | INFO | trader_metrics_manager | ✅ PURR: Included - $87.16 (price: $0.098596)
2025-11-15 03:26:05 | INFO | trader_metrics_manager | ✅ HYPE: Included - $1929614.17 (price: $38.871000)
2025-11-15 03:26:15 | INFO | trader_metrics_manager | ✅ HYPE: Included - $131401.36 (price: $38.846500)
2025-11-15 03:26:25 | INFO | trader_metrics_manager | ✅ HYPE: Included - $5.40 (price: $38.857500)
2025-11-15 03:26:59 | INFO | trader_metrics_manager | Registered 1 new addresses
2025-11-15 03:27:25 | INFO | trader_metrics_manager | ✅ PURR: Included - $135615.29 (price: $0.098620)
2025-11-15 03:27:25 | INFO | trader_metrics_manager | ✅ TRUMP: Included - $27978.13 (price: $7.317800)
2025-11-15 03:27:25 | INFO | trader_metrics_manager | ✅ HYPE: Included - $3242435.63 (price: $38.859500)
2025-11-15 03:27:35 | INFO | trader_metrics_manager | ✅ HYPE: Included - $901.11 (price: $38.850500)
2025-11-15 03:28:45 | INFO | trader_metrics_manager | ✅ HYPE: Included - $680316.57 (price: $38.856500)
2025-11-15 03:28:59 | INFO | trader_metrics_manager | ✅ HYPE: Included - $7973.06 (price: $38.860500)
2025-11-15 03:29:05 | INFO | trader_metrics_manager | ✅ HYPE: Included - $777538.04 (price: $38.869500)
2025-11-15 03:30:25 | INFO | trader_metrics_manager | ✅ HYPE: Included - $7.75 (price: $38.819500)
2025-11-15 03:30:35 | INFO | trader_metrics_manager | ✅ HYPE: Included - $95516.82 (price: $38.803500)
2025-11-15 03:30:59 | INFO | trader_metrics_manager | ✅ HYPE: Included - $89.13 (price: $38.775500)
2025-11-15 03:31:25 | INFO | trader_metrics_manager | ✅ PURR: Included - $1584.41 (price: $0.098629)
2025-11-15 03:31:25 | INFO | trader_metrics_manager | ✅ HYPE: Included - $38015.76 (price: $38.772500)
2025-11-15 03:31:58 | INFO | trader_metrics_manager | Registered 1 new addresses
2025-11-15 03:32:05 | INFO | trader_metrics_manager | ✅ HYPE: Included - $18566.12 (price: $38.743000)
2025-11-15 03:32:15 | INFO | trader_metrics_manager | ✅ HYPE: Included - $28615.56 (price: $38.748500)
2025-11-15 03:32:35 | INFO | trader_metrics_manager | ✅ PURR: Included - $13.47 (price: $0.098586)
2025-11-15 03:32:35 | INFO | trader_metrics_manager | ✅ HYPE: Included - $2073.58 (price: $38.735500)
2025-11-15 03:32:59 | INFO | trader_metrics_manager | Registered 1 new addresses
2025-11-15 03:33:59 | INFO | trader_metrics_manager | ✅ HYPE: Included - $11.19 (price: $38.653500)
2025-11-15 03:34:05 | INFO | trader_metrics_manager | ✅ HYPE: Included - $274.20 (price: $38.640500)
2025-11-15 03:34:05 | INFO | trader_metrics_manager | ✅ UBTC: Included - $260.16 (price: $96424.500000)
2025-11-15 03:34:15 | INFO | trader_metrics_manager | ✅ HYPE: Included - $5450.38 (price: $38.643000)
2025-11-15 03:34:15 | INFO | trader_metrics_manager | ✅ UBTC: Included - $5277.28 (price: $96394.500000)
2025-11-15 03:34:25 | INFO | trader_metrics_manager | ✅ HYPE: Included - $32.60 (price: $38.599500)
2025-11-15 03:34:35 | INFO | trader_metrics_manager | ✅ HYPE: Included - $5131.18 (price: $38.594500)
2025-11-15 03:34:45 | INFO | trader_metrics_manager | ✅ PURR: Included - $59.13 (price: $0.098439)
2025-11-15 03:34:45 | INFO | trader_metrics_manager | ✅ HYPE: Included - $441429.92 (price: $38.590000)
2025-11-15 03:34:45 | INFO | trader_metrics_manager | ✅ UXPL: Included - $7979.38 (price: $0.233575)
2025-11-15 03:35:00 | INFO | trader_metrics_manager | ✅ HYPE: Included - $2148.61 (price: $38.587500)
2025-11-15 03:35:05 | INFO | trader_metrics_manager | ✅ HYPE: Included - $321175.71 (price: $38.599500)
2025-11-15 03:35:25 | INFO | trader_metrics_manager | ✅ UBTC: Included - $226.44 (price: $96423.500000)
2025-11-15 03:35:25 | INFO | trader_metrics_manager | ✅ UFART: Included - $179.88 (price: $0.250980)
2025-11-15 03:35:25 | INFO | trader_metrics_manager | ✅ UPUMP: Included - $201.17 (price: $0.003650)
2025-11-15 03:35:35 | INFO | trader_metrics_manager | ✅ HYPE: Included - $25665.64 (price: $38.599500)
2025-11-15 03:35:59 | INFO | trader_metrics_manager | ✅ UETH: Included - $30.31 (price: $3177.750000)
2025-11-15 03:36:05 | INFO | trader_metrics_manager | ✅ PURR: Included - $12015.95 (price: $0.098431)
2025-11-15 03:36:05 | INFO | trader_metrics_manager | ✅ HYPE: Included - $25638.50 (price: $38.553000)
2025-11-15 03:36:15 | INFO | trader_metrics_manager | ✅ HYPE: Included - $74.72 (price: $38.542500)
2025-11-15 03:36:45 | INFO | trader_metrics_manager | ✅ HYPE: Included - $328.85 (price: $38.592500)
2025-11-15 03:37:15 | INFO | trader_metrics_manager | ✅ PURR: Included - $1114.58 (price: $0.098350)
2025-11-15 03:37:25 | INFO | trader_metrics_manager | ✅ HYPE: Included - $5.00 (price: $38.639500)
2025-11-15 03:37:35 | INFO | trader_metrics_manager | ✅ HYPE: Included - $7.82 (price: $38.607500)
2025-11-15 03:37:59 | INFO | trader_metrics_manager | ✅ HYPE: Included - $18500.07 (price: $38.605500)
2025-11-15 03:37:59 | INFO | trader_metrics_manager | ✅ UETH: Included - $31.74 (price: $3175.550000)
2025-11-15 03:38:05 | INFO | trader_metrics_manager | ✅ UBTC: Included - $281.63 (price: $96323.500000)
2025-11-15 03:38:25 | INFO | trader_metrics_manager | ✅ HYPE: Included - $10644.16 (price: $38.667500)
2025-11-15 03:38:45 | INFO | trader_metrics_manager | ✅ HYPE: Included - $87.25 (price: $38.664500)
2025-11-15 03:38:45 | INFO | trader_metrics_manager | ✅ UBTC: Included - $87.37 (price: $96310.500000)
2025-11-15 03:38:45 | INFO | trader_metrics_manager | ✅ UETH: Included - $89.09 (price: $3176.450000)
2025-11-15 03:38:59 | INFO | trader_metrics_manager | ✅ HYPE: Included - $129.88 (price: $38.702500)
2025-11-15 03:38:59 | INFO | trader_metrics_manager | ✅ UBTC: Included - $164.52 (price: $96310.500000)
2025-11-15 03:38:59 | INFO | trader_metrics_manager | ✅ UETH: Included - $110.78 (price: $3176.450000)
2025-11-15 03:39:25 | INFO | trader_metrics_manager | ✅ UBTC: Included - $235090.42 (price: $96299.500000)
2025-11-15 03:39:35 | INFO | trader_metrics_manager | ✅ HYPE: Included - $4665.31 (price: $38.675000)
2025-11-15 03:39:35 | INFO | trader_metrics_manager | ✅ UBTC: Included - $6.60 (price: $96270.500000)
2025-11-15 03:39:35 | INFO | trader_metrics_manager | ✅ UFART: Included - $23.14 (price: $0.251170)
2025-11-15 03:39:59 | INFO | trader_metrics_manager | ✅ UPUMP: Included - $94810.21 (price: $0.003651)
2025-11-15 03:40:05 | INFO | trader_metrics_manager | ✅ HYPE: Included - $811182.54 (price: $38.659500)
2025-11-15 03:40:15 | INFO | trader_metrics_manager | ✅ HYPE: Included - $27051.37 (price: $38.670500)
2025-11-15 03:40:15 | INFO | trader_metrics_manager | ✅ USOL: Included - $28473.85 (price: $142.465000)
2025-11-15 03:40:15 | INFO | trader_metrics_manager | ✅ UXPL: Included - $3781.17 (price: $0.233105)
2025-11-15 03:40:25 | INFO | trader_metrics_manager | ✅ PURR: Included - $57.63 (price: $0.098429)
2025-11-15 03:40:25 | INFO | trader_metrics_manager | ✅ MANLET: Included - $1719.53 (price: $3.447150)
2025-11-15 03:40:25 | INFO | trader_metrics_manager | ✅ PUMP: Included - $164.37 (price: $0.003653)
2025-11-15 03:40:25 | INFO | trader_metrics_manager | ✅ TEST: Included - $7115.16 (price: $1.078300)
2025-11-15 03:40:25 | INFO | trader_metrics_manager | ✅ RICH: Included - $43.46 (price: $1.449150)
2025-11-15 03:40:25 | INFO | trader_metrics_manager | ✅ RANK: Included - $1269.13 (price: $38.685000)
2025-11-15 03:40:35 | INFO | trader_metrics_manager | ✅ HYPE: Included - $2095.75 (price: $38.680500)
2025-11-15 03:40:45 | INFO | trader_metrics_manager | ✅ UETH: Included - $220.37 (price: $3170.950000)
2025-11-15 03:40:59 | INFO | trader_metrics_manager | ✅ UETH: Included - $1503.90 (price: $3171.650000)
2025-11-15 03:41:05 | INFO | trader_metrics_manager | ✅ HYPE: Included - $270.72 (price: $38.680500)
2025-11-15 03:41:25 | INFO | trader_metrics_manager | ✅ UBTC: Included - $1009.43 (price: $96203.500000)
2025-11-15 03:41:45 | INFO | trader_metrics_manager | ✅ HYPE: Included - $28.25 (price: $38.663500)
2025-11-15 03:41:59 | INFO | trader_metrics_manager | ✅ UETH: Included - $517.84 (price: $3168.850000)
2025-11-15 03:42:05 | INFO | trader_metrics_manager | ✅ HYPE: Included - $68135.59 (price: $38.649500)
2025-11-15 03:42:25 | INFO | trader_metrics_manager | ✅ PURR: Included - $33.67 (price: $0.098454)
2025-11-15 03:42:25 | INFO | trader_metrics_manager | ✅ HYPE: Included - $67990.70 (price: $38.711500)
2025-11-15 03:42:35 | INFO | trader_metrics_manager | ✅ PURR: Included - $24.01 (price: $0.098438)
2025-11-15 03:42:35 | INFO | trader_metrics_manager | ✅ UBTC: Included - $19629.22 (price: $96259.500000)
2025-11-15 03:43:05 | INFO | trader_metrics_manager | ✅ HYPE: Included - $103873.42 (price: $38.740500)
2025-11-15 03:43:25 | INFO | trader_metrics_manager | ✅ UBTC: Included - $2930.39 (price: $96250.500000)
2025-11-15 03:43:35 | INFO | trader_metrics_manager | ✅ HYPE: Included - $892620.85 (price: $38.731000)
2025-11-15 03:43:45 | INFO | trader_metrics_manager | ✅ HYPE: Included - $132758.36 (price: $38.725500)
2025-11-15 03:43:59 | INFO | trader_metrics_manager | ✅ UBTC: Included - $587.17 (price: $96325.500000)
2025-11-15 03:44:05 | INFO | trader_metrics_manager | ✅ HYPE: Included - $224.14 (price: $38.748500)
2025-11-15 03:44:15 | INFO | trader_metrics_manager | ✅ UBTC: Included - $10100.75 (price: $96326.500000)
2025-11-15 03:44:25 | INFO | trader_metrics_manager | ✅ HYPE: Included - $47876.93 (price: $38.766500)
2025-11-15 03:44:45 | INFO | trader_metrics_manager | ✅ UBTC: Included - $712.45 (price: $96340.500000)
2025-11-15 03:45:15 | INFO | trader_metrics_manager | ✅ UETH: Included - $16.20 (price: $3176.450000)
2025-11-15 03:45:15 | INFO | trader_metrics_manager | ✅ USOL: Included - $40.79 (price: $142.805000)
2025-11-15 03:45:35 | INFO | trader_metrics_manager | ✅ UBTC: Included - $1167.34 (price: $96339.500000)
2025-11-15 03:45:46 | INFO | trader_metrics_manager | ✅ HYPE: Included - $437056.77 (price: $38.700500)
2025-11-15 03:46:15 | INFO | trader_metrics_manager | ✅ HYPE: Included - $1048148.08 (price: $38.734500)
2025-11-15 03:46:15 | INFO | trader_metrics_manager | ✅ UETH: Included - $6410669.71 (price: $3176.950000)
2025-11-15 03:46:25 | INFO | trader_metrics_manager | ✅ PURR: Included - $25.69 (price: $0.098492)
2025-11-15 03:46:25 | INFO | trader_metrics_manager | ✅ PUMP: Included - $112.07 (price: $0.003645)
2025-11-15 03:46:35 | INFO | trader_metrics_manager | ✅ PURR: Included - $20.19 (price: $0.098491)
2025-11-15 03:46:35 | INFO | trader_metrics_manager | ✅ PUMP: Included - $85.63 (price: $0.003639)
2025-11-15 03:46:45 | INFO | trader_metrics_manager | ✅ PURR: Included - $58825.22 (price: $0.098491)
2025-11-15 03:46:45 | INFO | trader_metrics_manager | ✅ HYPE: Included - $1488135.38 (price: $38.719500)
2025-11-15 03:47:05 | INFO | trader_metrics_manager | ✅ PURR: Included - $75164.23 (price: $0.098490)
2025-11-15 03:47:05 | INFO | trader_metrics_manager | ✅ HYPE: Included - $6545.07 (price: $38.699500)
2025-11-15 03:47:45 | INFO | trader_metrics_manager | ✅ PURR: Included - $23935.08 (price: $0.098490)
2025-11-15 03:47:59 | INFO | trader_metrics_manager | ✅ UBTC: Included - $24054.84 (price: $96267.500000)
2025-11-15 03:48:45 | INFO | trader_metrics_manager | ✅ HYPE: Included - $173574.84 (price: $38.732500)
2025-11-15 03:48:45 | INFO | trader_metrics_manager | ✅ UBTC: Included - $9601.64 (price: $96266.500000)
2025-11-15 03:48:45 | INFO | trader_metrics_manager | ✅ UPUMP: Included - $21591.15 (price: $0.003637)
2025-11-15 03:48:59 | INFO | trader_metrics_manager | ✅ HYPE: Included - $19373.95 (price: $38.747500)
2025-11-15 03:49:59 | INFO | trader_metrics_manager | ✅ UBTC: Included - $230.98 (price: $96307.500000)
2025-11-15 03:49:59 | INFO | trader_metrics_manager | ✅ UETH: Included - $230.25 (price: $3177.950000)
2025-11-15 03:49:59 | INFO | trader_metrics_manager | ✅ USOL: Included - $228.22 (price: $142.735000)
2025-11-15 03:49:59 | INFO | trader_metrics_manager | ✅ UXPL: Included - $221.27 (price: $0.233070)
2025-11-15 03:50:35 | INFO | trader_metrics_manager | ✅ HYPE: Included - $58222.36 (price: $38.738500)
2025-11-15 03:50:45 | INFO | trader_metrics_manager | ✅ HYPE: Included - $77619.91 (price: $38.751500)
2025-11-15 03:51:45 | INFO | trader_metrics_manager | ✅ UBTC: Included - $4780.07 (price: $96284.500000)
2025-11-15 03:51:59 | INFO | trader_metrics_manager | ✅ HYPE: Included - $22341.98 (price: $38.684500)
2025-11-15 03:52:45 | INFO | trader_metrics_manager | ✅ HYPE: Included - $89002.42 (price: $38.682500)
2025-11-15 03:52:45 | INFO | trader_metrics_manager | ✅ UETH: Included - $13.14 (price: $3176.950000)
2025-11-15 03:53:00 | INFO | trader_metrics_manager | ✅ HYPE: Included - $7.66 (price: $38.682500)
2025-11-15 03:53:05 | INFO | trader_metrics_manager | ✅ HYPE: Included - $31757.81 (price: $38.681500)
2025-11-15 03:53:05 | INFO | trader_metrics_manager | ✅ UBTC: Included - $64252.02 (price: $96299.500000)
2025-11-15 03:53:05 | INFO | trader_metrics_manager | ✅ UPUMP: Included - $787.96 (price: $0.003631)
2025-11-15 03:53:15 | INFO | trader_metrics_manager | ✅ USOL: Included - $85.25 (price: $142.515000)
2025-11-15 03:53:15 | INFO | trader_metrics_manager | ✅ UXPL: Included - $15.69 (price: $0.232195)
2025-11-15 03:53:45 | INFO | trader_metrics_manager | ✅ HYPE: Included - $20.16 (price: $38.732500)
2025-11-15 03:53:59 | INFO | trader_metrics_manager | ✅ PURR: Included - $123.59 (price: $0.098581)
2025-11-15 03:53:59 | INFO | trader_metrics_manager | ✅ HYPE: Included - $686031.90 (price: $38.738500)
2025-11-15 03:53:59 | INFO | trader_metrics_manager | ✅ UPUMP: Included - $80.84 (price: $0.003635)
2025-11-15 03:54:45 | INFO | trader_metrics_manager | ✅ HYPE: Included - $77439.24 (price: $38.719500)
2025-11-15 03:55:15 | INFO | trader_metrics_manager | ✅ HYPE: Included - $40666.82 (price: $38.746500)
2025-11-15 03:55:59 | INFO | trader_metrics_manager | ✅ HYPE: Included - $1737.10 (price: $38.818000)
2025-11-15 03:56:05 | INFO | trader_metrics_manager | ✅ PURR: Included - $8934.91 (price: $0.098584)
2025-11-15 03:56:46 | INFO | trader_metrics_manager | ✅ HYPE: Included - $10.14 (price: $38.819500)
2025-11-15 03:57:06 | INFO | trader_metrics_manager | ✅ HYPE: Included - $77649.12 (price: $38.819500)
2025-11-15 03:57:06 | INFO | trader_metrics_manager | ✅ UPUMP: Included - $15736.83 (price: $0.003635)
2025-11-15 03:57:15 | INFO | trader_metrics_manager | ✅ HYPE: Included - $18.70 (price: $38.819500)
2025-11-15 03:57:26 | INFO | trader_metrics_manager | ✅ UBTC: Included - $713.30 (price: $96399.500000)
2025-11-15 03:57:45 | INFO | trader_metrics_manager | ✅ HYPE: Included - $288.45 (price: $38.819500)
2025-11-15 03:57:58 | INFO | trader_metrics_manager | Registered 1 new addresses
2025-11-15 03:57:59 | INFO | trader_metrics_manager | ✅ PURR: Included - $176.50 (price: $0.098588)
2025-11-15 03:57:59 | INFO | trader_metrics_manager | ✅ HYPE: Included - $272.06 (price: $38.818500)
2025-11-15 03:57:59 | INFO | trader_metrics_manager | ✅ UETH: Included - $638.18 (price: $3179.950000)
2025-11-15 03:58:45 | INFO | trader_metrics_manager | ✅ HYPE: Included - $10813470.51 (price: $38.833500)
2025-11-15 03:59:05 | INFO | trader_metrics_manager | ✅ HYPE: Included - $3595.40 (price: $38.835500)
2025-11-15 03:59:05 | INFO | trader_metrics_manager | ✅ UETH: Included - $28615.24 (price: $3179.650000)
2025-11-15 03:59:15 | INFO | trader_metrics_manager | ✅ HYPE: Included - $190785.56 (price: $38.835500)
2025-11-15 04:00:15 | INFO | trader_metrics_manager | ✅ HYPE: Included - $77675.35 (price: $38.837500)
2025-11-15 04:00:15 | INFO | trader_metrics_manager | ✅ UPUMP: Included - $18205.00 (price: $0.003641)
2025-11-15 04:00:25 | INFO | trader_metrics_manager | ✅ HYPE: Included - $7.75 (price: $38.830500)
2025-11-15 04:00:35 | INFO | trader_metrics_manager | ✅ PURR: Included - $699272.94 (price: $0.098656)
2025-11-15 04:00:59 | INFO | trader_metrics_manager | Registered 1 new addresses
2025-11-15 04:01:00 | INFO | trader_metrics_manager | ✅ UXPL: Included - $291667.32 (price: $0.232795)
2025-11-15 04:01:15 | INFO | trader_metrics_manager | ✅ HYPE: Included - $11593.21 (price: $38.822500)
2025-11-15 04:01:58 | INFO | trader_metrics_manager | Registered 2 new addresses
2025-11-15 04:01:59 | INFO | trader_metrics_manager | ✅ HYPE: Included - $26607.65 (price: $38.802500)
2025-11-15 04:02:25 | INFO | trader_metrics_manager | ✅ MANLET: Included - $527.36 (price: $3.447150)
2025-11-15 04:02:25 | INFO | trader_metrics_manager | ✅ TRUMP: Included - $6704.69 (price: $7.270500)
2025-11-15 04:02:25 | INFO | trader_metrics_manager | ✅ PUMP: Included - $59.80 (price: $0.003640)
2025-11-15 04:02:25 | INFO | trader_metrics_manager | ✅ TEST: Included - $2212.98 (price: $1.078300)
2025-11-15 04:02:25 | INFO | trader_metrics_manager | ✅ RICH: Included - $57.95 (price: $1.449150)
2025-11-15 04:02:25 | INFO | trader_metrics_manager | ✅ RANK: Included - $244.52 (price: $38.764000)
2025-11-15 04:02:25 | INFO | trader_metrics_manager | ✅ HYPE: Included - $197.64 (price: $38.800500)
2025-11-15 04:02:25 | INFO | trader_metrics_manager | ✅ GENESY: Included - $578.74 (price: $142.560000)
2025-11-15 04:02:35 | INFO | trader_metrics_manager | ✅ PURR: Included - $245167.05 (price: $0.098642)
2025-11-15 04:02:35 | INFO | trader_metrics_manager | ✅ RICH: Included - $29647.36 (price: $1.449150)
2025-11-15 04:02:35 | INFO | trader_metrics_manager | ✅ RANK: Included - $20115.82 (price: $38.762500)
2025-11-15 04:02:35 | INFO | trader_metrics_manager | ✅ HYPE: Included - $82811.84 (price: $38.791500)
2025-11-15 04:02:35 | INFO | trader_metrics_manager | ✅ TILT: Included - $123501889524.20 (price: $4061.100000)
2025-11-15 04:02:45 | INFO | trader_metrics_manager | ✅ PURR: Included - $222684.52 (price: $0.098643)
2025-11-15 04:03:05 | INFO | trader_metrics_manager | ✅ HYPE: Included - $1431.35 (price: $38.769000)
2025-11-15 04:03:15 | INFO | trader_metrics_manager | ✅ HYPE: Included - $58871.38 (price: $38.736500)
2025-11-15 04:03:25 | INFO | trader_metrics_manager | ✅ PURR: Included - $87.16 (price: $0.098601)
2025-11-15 04:03:45 | INFO | trader_metrics_manager | ✅ PURR: Included - $32.42 (price: $0.098590)
2025-11-15 04:03:45 | INFO | trader_metrics_manager | ✅ HYPE: Included - $13.69 (price: $38.714500)
2025-11-15 04:03:58 | INFO | trader_metrics_manager | Registered 1 new addresses
2025-11-15 04:03:59 | INFO | trader_metrics_manager | ✅ UBTC: Included - $148071.18 (price: $96339.500000)
2025-11-15 04:04:35 | INFO | trader_metrics_manager | ✅ HYPE: Included - $147853.42 (price: $38.720500)
2025-11-15 04:04:45 | INFO | trader_metrics_manager | ✅ HYPE: Included - $10895.75 (price: $38.671500)
2025-11-15 04:04:59 | INFO | trader_metrics_manager | ✅ HYPE: Included - $32593.23 (price: $38.640500)
2025-11-15 04:05:16 | INFO | trader_metrics_manager | ✅ HYPE: Included - $3216150.68 (price: $38.609500)
2025-11-15 04:05:16 | INFO | trader_metrics_manager | ✅ UBTC: Included - $184979.84 (price: $96291.000000)
2025-11-15 04:05:25 | INFO | trader_metrics_manager | ✅ UBTC: Included - $333.06 (price: $96332.500000)
2025-11-15 04:06:25 | INFO | trader_metrics_manager | ✅ PURR: Included - $26.11 (price: $0.098265)
2025-11-15 04:07:05 | INFO | trader_metrics_manager | ✅ HYPE: Included - $4437.30 (price: $38.595500)
2025-11-15 04:07:25 | INFO | trader_metrics_manager | ✅ HYPE: Included - $3236.28 (price: $38.582500)
2025-11-15 04:07:25 | INFO | trader_metrics_manager | ✅ UBTC: Included - $7983820.11 (price: $96192.500000)
2025-11-15 04:07:35 | INFO | trader_metrics_manager | ✅ HYPE: Included - $83665.71 (price: $38.599500)
2025-11-15 04:08:00 | INFO | trader_metrics_manager | ✅ HYPE: Included - $116920.53 (price: $38.592500)
2025-11-15 04:08:25 | INFO | trader_metrics_manager | ✅ HYPE: Included - $1749538.63 (price: $38.527000)
2025-11-15 04:08:35 | INFO | trader_metrics_manager | ✅ HYPE: Included - $293377.73 (price: $38.547500)
2025-11-15 04:08:45 | INFO | trader_metrics_manager | ✅ HYPE: Included - $5.36 (price: $38.536500)
2025-11-15 04:09:45 | INFO | trader_metrics_manager | ✅ PURR: Included - $135322.39 (price: $0.098407)
2025-11-15 04:09:45 | INFO | trader_metrics_manager | ✅ TRUMP: Included - $27788.49 (price: $7.268200)
2025-11-15 04:09:45 | INFO | trader_metrics_manager | ✅ HYPE: Included - $3214483.24 (price: $38.524500)
2025-11-15 04:09:59 | INFO | trader_metrics_manager | ✅ HYPE: Included - $893.46 (price: $38.520500)
2025-11-15 04:10:35 | INFO | trader_metrics_manager | ✅ HYPE: Included - $38.42 (price: $38.549500)
2025-11-15 04:11:05 | INFO | trader_metrics_manager | ✅ HYPE: Included - $42624.15 (price: $38.556500)
2025-11-15 04:11:05 | INFO | trader_metrics_manager | ✅ UBTC: Included - $522.56 (price: $96122.500000)
2025-11-15 04:11:15 | INFO | trader_metrics_manager | ✅ HYPE: Included - $1300692.70 (price: $38.561500)
2025-11-15 04:11:25 | INFO | trader_metrics_manager | ✅ HYPE: Included - $14.57 (price: $38.599500)
2025-11-15 04:12:35 | INFO | trader_metrics_manager | ✅ HYPE: Included - $675825.65 (price: $38.600000)
2025-11-15 04:12:45 | INFO | trader_metrics_manager | ✅ HYPE: Included - $7915.62 (price: $38.580500)
2025-11-15 04:12:59 | INFO | trader_metrics_manager | ✅ HYPE: Included - $771196.83 (price: $38.552500)
2025-11-15 04:13:05 | INFO | trader_metrics_manager | ✅ HYPE: Included - $75685.88 (price: $38.562500)
2025-11-15 04:13:05 | INFO | trader_metrics_manager | ✅ UPUMP: Included - $19120.73 (price: $0.003635)
2025-11-15 04:13:15 | INFO | trader_metrics_manager | ✅ PURR: Included - $10222.07 (price: $0.098369)
2025-11-15 04:13:15 | INFO | trader_metrics_manager | ✅ UBTC: Included - $440.49 (price: $96234.500000)
2025-11-15 04:13:15 | INFO | trader_metrics_manager | ✅ USOL: Included - $53.10 (price: $142.435000)
2025-11-15 04:14:58 | INFO | __main__ | Scheduled metrics check - 296 pending updates
2025-11-15 04:15:59 | INFO | trader_metrics_manager | ✅ HYPE: Included - $3930.89 (price: $38.589500)
2025-11-15 04:16:26 | INFO | trader_metrics_manager | ✅ HYPE: Included - $7.71 (price: $38.600500)
2025-11-15 04:16:36 | INFO | trader_metrics_manager | ✅ HYPE: Included - $160906.27 (price: $38.611500)
2025-11-15 04:16:59 | INFO | trader_metrics_manager | Registered 1 new addresses
2025-11-15 04:17:00 | INFO | trader_metrics_manager | ✅ HYPE: Included - $88.80 (price: $38.631500)
2025-11-15 04:17:06 | INFO | trader_metrics_manager | ✅ HYPE: Included - $240830.87 (price: $38.644000)
2025-11-15 04:17:15 | INFO | trader_metrics_manager | ✅ HYPE: Included - $819.20 (price: $38.660500)
2025-11-15 04:17:15 | INFO | trader_metrics_manager | ✅ UBTC: Included - $2174.39 (price: $96461.500000)
2025-11-15 04:18:00 | INFO | trader_metrics_manager | ✅ HYPE: Included - $538.54 (price: $38.703500)
2025-11-15 04:18:05 | INFO | trader_metrics_manager | ✅ HYPE: Included - $42.56 (price: $38.716500)
2025-11-15 04:18:15 | INFO | trader_metrics_manager | ✅ HYPE: Included - $34.80 (price: $38.688500)
2025-11-15 04:18:25 | INFO | trader_metrics_manager | ✅ HYPE: Included - $34.79 (price: $38.679500)
2025-11-15 04:18:45 | INFO | trader_metrics_manager | ✅ HYPE: Included - $45139.81 (price: $38.689500)
2025-11-15 04:19:05 | INFO | trader_metrics_manager | ✅ HYPE: Included - $1952144.03 (price: $38.675500)
2025-11-15 04:19:15 | INFO | trader_metrics_manager | ✅ HYPE: Included - $71700.86 (price: $38.670500)
2025-11-15 04:19:15 | INFO | trader_metrics_manager | ✅ UFART: Included - $85318.18 (price: $0.251930)
2025-11-15 04:19:36 | INFO | trader_metrics_manager | ✅ UXPL: Included - $5.18 (price: $0.234505)
2025-11-15 04:19:45 | INFO | trader_metrics_manager | ✅ HYPE: Included - $281.96 (price: $38.640000)
2025-11-15 04:19:59 | INFO | trader_metrics_manager | ✅ UBTC: Included - $472.98 (price: $96490.500000)
2025-11-15 04:19:59 | INFO | trader_metrics_manager | ✅ UETH: Included - $474.79 (price: $3188.350000)
2025-11-15 04:20:15 | INFO | trader_metrics_manager | ✅ HYPE: Included - $236480.79 (price: $38.641500)
2025-11-15 04:20:25 | INFO | trader_metrics_manager | ✅ HYPE: Included - $960906.62 (price: $38.628500)
2025-11-15 04:20:25 | INFO | trader_metrics_manager | ✅ UETH: Included - $408.97 (price: $3188.750000)
2025-11-15 04:20:25 | INFO | trader_metrics_manager | ✅ UPUMP: Included - $57956.35 (price: $0.003640)
2025-11-15 04:20:25 | INFO | trader_metrics_manager | ✅ UXPL: Included - $35031.51 (price: $0.234425)
2025-11-15 04:20:35 | INFO | trader_metrics_manager | ✅ HYPE: Included - $34529.88 (price: $38.640500)
2025-11-15 04:21:05 | INFO | trader_metrics_manager | ✅ HYPE: Included - $144487.26 (price: $38.585500)
2025-11-15 04:21:05 | INFO | trader_metrics_manager | ✅ UBTC: Included - $1156.46 (price: $96448.500000)
2025-11-15 04:21:15 | INFO | trader_metrics_manager | ✅ HYPE: Included - $35711.46 (price: $38.598500)
2025-11-15 04:21:25 | INFO | trader_metrics_manager | ✅ HYPE: Included - $514950.44 (price: $38.587500)
2025-11-15 04:21:25 | INFO | trader_metrics_manager | ✅ UBTC: Included - $2421.84 (price: $96468.500000)
2025-11-15 04:21:59 | INFO | trader_metrics_manager | ✅ PURR: Included - $4379.27 (price: $0.098506)
2025-11-15 04:21:59 | INFO | trader_metrics_manager | ✅ HYPE: Included - $36324.07 (price: $38.578500)
2025-11-15 04:22:00 | INFO | trader_metrics_manager | ✅ UPUMP: Included - $13324.88 (price: $0.003640)
2025-11-15 04:22:00 | INFO | trader_metrics_manager | ✅ UXPL: Included - $7016.14 (price: $0.233990)
2025-11-15 04:22:45 | INFO | trader_metrics_manager | ✅ HYPE: Included - $14.82 (price: $38.556500)
2025-11-15 04:22:58 | INFO | trader_metrics_manager | Registered 1 new addresses
2025-11-15 04:22:59 | INFO | trader_metrics_manager | ✅ HYPE: Included - $74.72 (price: $38.572500)
2025-11-15 04:23:05 | INFO | trader_metrics_manager | ✅ HYPE: Included - $3859.85 (price: $38.575500)
2025-11-15 04:23:45 | INFO | trader_metrics_manager | ✅ HYPE: Included - $211.45 (price: $38.563000)
2025-11-15 04:24:15 | INFO | trader_metrics_manager | ✅ HYPE: Included - $366.86 (price: $38.580000)
2025-11-15 04:24:15 | INFO | trader_metrics_manager | ✅ UBTC: Included - $410.73 (price: $96324.500000)
2025-11-15 04:24:15 | INFO | trader_metrics_manager | ✅ UETH: Included - $370.44 (price: $3181.450000)
2025-11-15 04:24:59 | INFO | trader_metrics_manager | ✅ HYPE: Included - $211026.43 (price: $38.586500)
2025-11-15 04:24:59 | INFO | trader_metrics_manager | ✅ UBTC: Included - $6.23 (price: $96283.500000)
2025-11-15 04:24:59 | INFO | trader_metrics_manager | ✅ UXPL: Included - $2637.10 (price: $0.233630)
2025-11-15 04:25:05 | INFO | trader_metrics_manager | ✅ HYPE: Included - $781.09 (price: $38.595500)
2025-11-15 04:25:25 | INFO | trader_metrics_manager | ✅ PURR: Included - $8192.59 (price: $0.098532)
2025-11-15 04:25:25 | INFO | trader_metrics_manager | ✅ HYPE: Included - $113094.53 (price: $38.581500)
2025-11-15 04:25:25 | INFO | trader_metrics_manager | ✅ UETH: Included - $330568.10 (price: $3178.550000)
2025-11-15 04:25:45 | INFO | trader_metrics_manager | ✅ HYPE: Included - $8248347.33 (price: $38.565500)
2025-11-15 04:25:45 | INFO | trader_metrics_manager | ✅ UBTC: Included - $6932046.71 (price: $96234.500000)
2025-11-15 04:26:05 | INFO | trader_metrics_manager | ✅ HYPE: Included - $330.81 (price: $38.600500)
2025-11-15 04:26:25 | INFO | trader_metrics_manager | ✅ HYPE: Included - $25982.94 (price: $38.606500)
2025-11-15 04:26:59 | INFO | trader_metrics_manager | Registered 1 new addresses
2025-11-15 04:27:25 | INFO | trader_metrics_manager | ✅ HYPE: Included - $19.35 (price: $38.574500)
2025-11-15 04:28:25 | INFO | trader_metrics_manager | ✅ HYPE: Included - $10.45 (price: $38.535500)
2025-11-15 04:28:35 | INFO | trader_metrics_manager | ✅ HYPE: Included - $1542.12 (price: $38.551500)
2025-11-15 04:29:15 | INFO | trader_metrics_manager | ✅ HYPE: Included - $1633.78 (price: $38.571500)
2025-11-15 04:29:15 | INFO | trader_metrics_manager | ✅ UBTC: Included - $53.50 (price: $96111.500000)
2025-11-15 04:29:25 | INFO | trader_metrics_manager | ✅ HYPE: Included - $19.76 (price: $38.572500)
2025-11-15 04:29:25 | INFO | trader_metrics_manager | ✅ GENESY: Included - $32.03 (price: $142.295000)
2025-11-15 04:29:35 | INFO | trader_metrics_manager | ✅ HYPE: Included - $20.48 (price: $38.540500)
2025-11-15 04:29:45 | INFO | trader_metrics_manager | ✅ PURR: Included - $258101.38 (price: $0.098474)
2025-11-15 04:29:45 | INFO | trader_metrics_manager | ✅ HYPE: Included - $93581377.29 (price: $38.525000)
2025-11-15 04:29:45 | INFO | trader_metrics_manager | ✅ UBTC: Included - $22975.26 (price: $96082.500000)
2025-11-15 04:30:05 | INFO | trader_metrics_manager | ✅ HYPE: Included - $197005.71 (price: $38.528500)
2025-11-15 04:30:15 | INFO | trader_metrics_manager | ✅ HYPE: Included - $16932.23 (price: $38.519500)
2025-11-15 04:30:25 | INFO | trader_metrics_manager | ✅ HYPE: Included - $205347.79 (price: $38.514000)
2025-11-15 04:30:59 | INFO | trader_metrics_manager | ✅ HYPE: Included - $137350.43 (price: $38.511500)
2025-11-15 04:30:59 | INFO | trader_metrics_manager | ✅ UPUMP: Included - $41828.79 (price: $0.003633)
2025-11-15 04:30:59 | INFO | trader_metrics_manager | ✅ UXPL: Included - $21744.68 (price: $0.233930)
2025-11-15 04:31:05 | INFO | trader_metrics_manager | ✅ HYPE: Included - $304935.82 (price: $38.500500)
2025-11-15 04:31:15 | INFO | trader_metrics_manager | ✅ HYPE: Included - $510.01 (price: $38.481500)
2025-11-15 04:31:15 | INFO | trader_metrics_manager | ✅ UBTC: Included - $2001.78 (price: $96068.500000)
2025-11-15 04:31:25 | INFO | trader_metrics_manager | ✅ HYPE: Included - $31549.69 (price: $38.483000)
2025-11-15 04:31:35 | INFO | trader_metrics_manager | ✅ HYPE: Included - $76992.48 (price: $38.492500)
2025-11-15 04:31:45 | INFO | trader_metrics_manager | ✅ HYPE: Included - $18.19 (price: $38.486500)
2025-11-15 04:31:59 | INFO | trader_metrics_manager | ✅ HYPE: Included - $15220.84 (price: $38.479500)
2025-11-15 04:31:59 | INFO | trader_metrics_manager | ✅ UBTC: Included - $13150.12 (price: $96044.500000)
2025-11-15 04:32:36 | INFO | trader_metrics_manager | ✅ HYPE: Included - $143075.17 (price: $38.480500)
2025-11-15 04:32:59 | INFO | trader_metrics_manager | ✅ HYPE: Included - $63.93 (price: $38.471500)
2025-11-15 04:32:59 | INFO | trader_metrics_manager | ✅ UBTC: Included - $1515.10 (price: $96043.500000)
2025-11-15 04:33:05 | INFO | trader_metrics_manager | ✅ UETH: Included - $1583.07 (price: $3167.950000)
2025-11-15 04:33:05 | INFO | trader_metrics_manager | ✅ UPUMP: Included - $181641.86 (price: $0.003635)
2025-11-15 04:33:05 | INFO | trader_metrics_manager | ✅ UXPL: Included - $1747.22 (price: $0.233455)
2025-11-15 04:33:16 | INFO | trader_metrics_manager | ✅ UBTC: Included - $8643.79 (price: $96080.500000)
2025-11-15 04:33:16 | INFO | trader_metrics_manager | ✅ UPUMP: Included - $267893.89 (price: $0.003637)
2025-11-15 04:33:46 | INFO | trader_metrics_manager | ✅ HYPE: Included - $790575.47 (price: $38.503500)
2025-11-15 04:33:46 | INFO | trader_metrics_manager | ✅ USOL: Included - $438.67 (price: $142.005000)
2025-11-15 04:33:46 | INFO | trader_metrics_manager | ✅ UXPL: Included - $1218.56 (price: $0.233665)
2025-11-15 04:33:59 | INFO | trader_metrics_manager | Registered 1 new addresses
2025-11-15 04:34:00 | INFO | trader_metrics_manager | ✅ HYPE: Included - $24.68 (price: $38.490500)
2025-11-15 04:34:05 | INFO | trader_metrics_manager | ✅ HYPE: Included - $1924759.46 (price: $38.494500)
2025-11-15 04:34:15 | INFO | trader_metrics_manager | ✅ HYPE: Included - $1924.10 (price: $38.505500)
2025-11-15 04:34:25 | INFO | trader_metrics_manager | ✅ HYPE: Included - $30.69 (price: $38.499500)
2025-11-15 04:34:25 | INFO | trader_metrics_manager | ✅ UBTC: Included - $4964.01 (price: $96028.500000)
2025-11-15 04:34:25 | INFO | trader_metrics_manager | ✅ USOL: Included - $105.11 (price: $141.895000)
2025-11-15 04:34:35 | INFO | trader_metrics_manager | ✅ HYPE: Included - $44929.44 (price: $38.494500)
2025-11-15 04:35:00 | INFO | trader_metrics_manager | ✅ HYPE: Included - $432.59 (price: $38.499500)
2025-11-15 04:35:00 | INFO | trader_metrics_manager | ✅ UFART: Included - $5.34 (price: $0.251110)
2025-11-15 04:35:59 | INFO | trader_metrics_manager | ✅ USOL: Included - $2059.10 (price: $142.005000)
2025-11-15 04:36:25 | INFO | trader_metrics_manager | ✅ UBTC: Included - $464.10 (price: $96165.500000)
2025-11-15 04:36:45 | INFO | trader_metrics_manager | ✅ HYPE: Included - $1920827.57 (price: $38.597000)
2025-11-15 04:36:45 | INFO | trader_metrics_manager | ✅ UPUMP: Included - $397354.95 (price: $0.003644)
2025-11-15 04:37:05 | INFO | trader_metrics_manager | ✅ UXPL: Included - $4890.47 (price: $0.234105)
2025-11-15 04:37:25 | INFO | trader_metrics_manager | ✅ HYPE: Included - $10563.37 (price: $38.594500)
2025-11-15 04:37:59 | INFO | trader_metrics_manager | ✅ PURR: Included - $11706.48 (price: $0.098349)
2025-11-15 04:37:59 | INFO | trader_metrics_manager | ✅ TRUMP: Included - $37545.01 (price: $7.299850)
2025-11-15 04:38:25 | INFO | trader_metrics_manager | ✅ HYPE: Included - $10.40 (price: $38.570000)
2025-11-15 04:38:25 | INFO | trader_metrics_manager | ✅ UBTC: Included - $288172.11 (price: $96103.500000)
2025-11-15 04:38:45 | INFO | trader_metrics_manager | ✅ UBTC: Included - $6298.96 (price: $96103.500000)
2025-11-15 04:39:00 | INFO | trader_metrics_manager | ✅ UBTC: Included - $581.70 (price: $96095.500000)
2025-11-15 04:39:15 | INFO | trader_metrics_manager | ✅ UBTC: Included - $288037.02 (price: $96069.500000)
2025-11-15 04:39:35 | INFO | trader_metrics_manager | ✅ UBTC: Included - $667436.31 (price: $96025.500000)
2025-11-15 04:39:45 | INFO | trader_metrics_manager | ✅ HYPE: Included - $44333.93 (price: $38.518000)
2025-11-15 04:40:05 | INFO | trader_metrics_manager | ✅ UBTC: Included - $215279.65 (price: $96024.500000)
2025-11-15 04:40:05 | INFO | trader_metrics_manager | ✅ USOL: Included - $5545.38 (price: $141.935000)
2025-11-15 04:40:05 | INFO | trader_metrics_manager | ✅ UXPL: Included - $1759.70 (price: $0.233740)
2025-11-15 04:40:15 | INFO | trader_metrics_manager | ✅ HYPE: Included - $306011.78 (price: $38.505500)
2025-11-15 04:41:15 | INFO | trader_metrics_manager | ✅ HYPE: Included - $82.77 (price: $38.479500)
2025-11-15 04:41:25 | INFO | trader_metrics_manager | ✅ HYPE: Included - $602.92 (price: $38.492500)
2025-11-15 04:41:25 | INFO | trader_metrics_manager | ✅ UBTC: Included - $100.85 (price: $96083.500000)
2025-11-15 04:41:35 | INFO | trader_metrics_manager | ✅ HYPE: Included - $1039.05 (price: $38.483500)
2025-11-15 04:41:45 | INFO | trader_metrics_manager | ✅ UPUMP: Included - $23.16 (price: $0.003644)
2025-11-15 04:41:59 | INFO | trader_metrics_manager | ✅ HYPE: Included - $14241.16 (price: $38.468500)
2025-11-15 04:42:15 | INFO | trader_metrics_manager | ✅ UBTC: Included - $1373.33 (price: $96059.500000)
2025-11-15 04:42:25 | INFO | trader_metrics_manager | ✅ UBTC: Included - $13126.68 (price: $96051.500000)
2025-11-15 04:42:59 | INFO | trader_metrics_manager | ✅ HYPE: Included - $70504.44 (price: $38.423500)
2025-11-15 04:42:59 | INFO | trader_metrics_manager | ✅ UBTC: Included - $62381.92 (price: $96033.500000)
2025-11-15 04:43:05 | INFO | trader_metrics_manager | ✅ UBTC: Included - $624.17 (price: $96033.500000)
2025-11-15 04:43:16 | INFO | trader_metrics_manager | ✅ HYPE: Included - $1170527.10 (price: $38.420500)
2025-11-15 04:43:26 | INFO | trader_metrics_manager | ✅ HYPE: Included - $1920775.26 (price: $38.415500)
2025-11-15 04:43:59 | INFO | trader_metrics_manager | ✅ HYPE: Included - $10238.05 (price: $38.360500)
2025-11-15 04:43:59 | INFO | trader_metrics_manager | ✅ UBTC: Included - $16447.09 (price: $95996.500000)
2025-11-15 04:43:59 | INFO | trader_metrics_manager | ✅ UETH: Included - $15183.22 (price: $3165.650000)
2025-11-15 04:43:59 | INFO | trader_metrics_manager | ✅ USOL: Included - $6306.59 (price: $141.865000)
2025-11-15 04:44:15 | INFO | trader_metrics_manager | ✅ UBTC: Included - $594.70 (price: $95984.500000)
2025-11-15 04:44:25 | INFO | trader_metrics_manager | ✅ HYPE: Included - $1944072.68 (price: $38.348500)
2025-11-15 04:45:05 | INFO | trader_metrics_manager | ✅ HYPE: Included - $958987.85 (price: $38.359500)
2025-11-15 04:45:05 | INFO | trader_metrics_manager | ✅ UBTC: Included - $95974.83 (price: $95965.500000)
2025-11-15 04:45:15 | INFO | trader_metrics_manager | ✅ HYPE: Included - $50.49 (price: $38.393500)
2025-11-15 04:45:25 | INFO | trader_metrics_manager | ✅ UETH: Included - $123.20 (price: $3161.050000)
2025-11-15 04:45:25 | INFO | trader_metrics_manager | ✅ UFART: Included - $110.91 (price: $0.250910)
2025-11-15 04:45:25 | INFO | trader_metrics_manager | ✅ UPUMP: Included - $126.79 (price: $0.003631)
2025-11-15 04:45:25 | INFO | trader_metrics_manager | ✅ UXPL: Included - $125.77 (price: $0.232725)
2025-11-15 04:45:35 | INFO | trader_metrics_manager | ✅ HYPE: Included - $174398.32 (price: $38.403500)
2025-11-15 04:45:59 | INFO | trader_metrics_manager | ✅ HYPE: Included - $8534.97 (price: $38.466500)
2025-11-15 04:46:25 | INFO | trader_metrics_manager | ✅ HYPE: Included - $216.73 (price: $38.433500)
2025-11-15 04:46:35 | INFO | trader_metrics_manager | ✅ HYPE: Included - $1771.37 (price: $38.430500)
2025-11-15 04:46:35 | INFO | trader_metrics_manager | ✅ UBTC: Included - $376.15 (price: $95999.500000)
2025-11-15 04:46:35 | INFO | trader_metrics_manager | ✅ USOL: Included - $40.74 (price: $141.885000)
2025-11-15 04:46:59 | INFO | trader_metrics_manager | ✅ HYPE: Included - $79532.30 (price: $38.445500)
2025-11-15 04:47:15 | INFO | trader_metrics_manager | ✅ HYPE: Included - $7.47 (price: $38.439500)
2025-11-15 04:47:25 | INFO | trader_metrics_manager | ✅ HYPE: Included - $14038.33 (price: $38.445500)
2025-11-15 04:47:25 | INFO | trader_metrics_manager | ✅ UBTC: Included - $38374.26 (price: $95993.500000)
2025-11-15 04:47:35 | INFO | trader_metrics_manager | ✅ HYPE: Included - $305.63 (price: $38.441500)
2025-11-15 04:47:35 | INFO | trader_metrics_manager | ✅ UBTC: Included - $186.89 (price: $96008.500000)
2025-11-15 04:48:00 | INFO | trader_metrics_manager | ✅ HYPE: Included - $74805.80 (price: $38.464500)
2025-11-15 04:48:00 | INFO | trader_metrics_manager | ✅ UETH: Included - $1218.95 (price: $3164.450000)
2025-11-15 04:48:15 | INFO | trader_metrics_manager | ✅ UBTC: Included - $3321.07 (price: $96012.500000)
2025-11-15 04:48:35 | INFO | trader_metrics_manager | ✅ UBTC: Included - $235.08 (price: $96016.500000)
2025-11-15 04:48:45 | INFO | trader_metrics_manager | ✅ UFART: Included - $512.37 (price: $0.250900)
2025-11-15 04:48:45 | INFO | trader_metrics_manager | ✅ UPUMP: Included - $564.43 (price: $0.003635)
2025-11-15 04:48:45 | INFO | trader_metrics_manager | ✅ UXPL: Included - $518.42 (price: $0.232610)
2025-11-15 04:49:15 | INFO | trader_metrics_manager | ✅ UBTC: Included - $1091.20 (price: $96040.500000)
2025-11-15 04:49:35 | INFO | trader_metrics_manager | ✅ HYPE: Included - $9481986.72 (price: $38.499000)
2025-11-15 04:49:35 | INFO | trader_metrics_manager | ✅ UPUMP: Included - $2578510.29 (price: $0.003638)
2025-11-15 04:49:45 | INFO | trader_metrics_manager | ✅ UBTC: Included - $8161.66 (price: $96057.500000)
2025-11-15 04:50:05 | INFO | trader_metrics_manager | ✅ HYPE: Included - $30579.03 (price: $38.464000)
2025-11-15 04:50:05 | INFO | trader_metrics_manager | ✅ UFART: Included - $213356.31 (price: $0.251140)
2025-11-15 04:50:05 | INFO | trader_metrics_manager | ✅ UPUMP: Included - $251141.47 (price: $0.003640)
2025-11-15 04:50:05 | INFO | trader_metrics_manager | ✅ UXPL: Included - $141536.32 (price: $0.232705)
2025-11-15 04:50:15 | INFO | trader_metrics_manager | ✅ HYPE: Included - $3874.33 (price: $38.457500)
2025-11-15 04:50:15 | INFO | trader_metrics_manager | ✅ UBTC: Included - $43467.56 (price: $96061.500000)
2025-11-15 04:50:35 | INFO | trader_metrics_manager | ✅ HYPE: Included - $18001.66 (price: $38.450500)
2025-11-15 04:50:35 | INFO | trader_metrics_manager | ✅ UXPL: Included - $8334.27 (price: $0.232575)
2025-11-15 04:50:45 | INFO | trader_metrics_manager | ✅ HYPE: Included - $388934.10 (price: $38.449500)
2025-11-15 04:51:05 | INFO | trader_metrics_manager | ✅ HYPE: Included - $3126.11 (price: $38.470500)
2025-11-15 04:51:15 | INFO | trader_metrics_manager | ✅ HYPE: Included - $134.61 (price: $38.449500)
2025-11-15 04:51:25 | INFO | trader_metrics_manager | ✅ HYPE: Included - $87.42 (price: $38.458500)
2025-11-15 04:51:25 | INFO | trader_metrics_manager | ✅ UXPL: Included - $6.20 (price: $0.232305)
2025-11-15 04:51:46 | INFO | trader_metrics_manager | ✅ TRUMP: Included - $73695.67 (price: $7.298150)
2025-11-15 04:51:46 | INFO | trader_metrics_manager | ✅ USOL: Included - $710.05 (price: $142.035000)
2025-11-15 04:52:15 | INFO | trader_metrics_manager | ✅ UBTC: Included - $10.76 (price: $96048.500000)
2025-11-15 04:52:59 | INFO | trader_metrics_manager | ✅ UBTC: Included - $23395.62 (price: $96050.500000)
2025-11-15 04:53:25 | INFO | trader_metrics_manager | ✅ UBTC: Included - $1438.89 (price: $96044.500000)
2025-11-15 04:53:35 | INFO | trader_metrics_manager | ✅ HYPE: Included - $373253.38 (price: $38.477000)
2025-11-15 04:53:35 | INFO | trader_metrics_manager | ✅ UBTC: Included - $249457.11 (price: $96044.500000)
2025-11-15 04:53:45 | INFO | trader_metrics_manager | ✅ HYPE: Included - $984.54 (price: $38.485500)
2025-11-15 04:53:59 | INFO | trader_metrics_manager | ✅ HYPE: Included - $3241.17 (price: $38.507500)
2025-11-15 04:54:05 | INFO | trader_metrics_manager | ✅ PURR: Included - $17354.96 (price: $0.097474)
2025-11-15 04:54:05 | INFO | trader_metrics_manager | ✅ USOL: Included - $1679.18 (price: $142.295000)
2025-11-15 04:54:06 | INFO | trader_metrics_manager | ✅ UPUMP: Included - $6.40 (price: $0.003637)
2025-11-15 04:54:35 | INFO | trader_metrics_manager | ✅ UBTC: Included - $25.94 (price: $96122.500000)
2025-11-15 04:54:59 | INFO | trader_metrics_manager | ✅ HYPE: Included - $14369.11 (price: $38.518500)
2025-11-15 04:55:15 | INFO | trader_metrics_manager | ✅ HYPE: Included - $19435.00 (price: $38.518500)
2025-11-15 04:55:25 | INFO | trader_metrics_manager | ✅ HYPE: Included - $19.26 (price: $38.514500)
2025-11-15 04:55:35 | INFO | trader_metrics_manager | ✅ HYPE: Included - $202.64 (price: $38.537000)
2025-11-15 04:55:35 | INFO | trader_metrics_manager | ✅ UBTC: Included - $100.97 (price: $96199.500000)
2025-11-15 04:56:05 | INFO | trader_metrics_manager | ✅ HYPE: Included - $77055.04 (price: $38.522500)
2025-11-15 04:56:05 | INFO | trader_metrics_manager | ✅ UPUMP: Included - $15758.48 (price: $0.003640)
2025-11-15 04:56:15 | INFO | trader_metrics_manager | ✅ HYPE: Included - $18.56 (price: $38.527000)
2025-11-15 04:56:25 | INFO | trader_metrics_manager | ✅ HYPE: Included - $286.19 (price: $38.515500)
2025-11-15 04:56:35 | INFO | trader_metrics_manager | ✅ PURR: Included - $174.53 (price: $0.097486)
2025-11-15 04:56:35 | INFO | trader_metrics_manager | ✅ HYPE: Included - $269.88 (price: $38.507500)
2025-11-15 04:56:35 | INFO | trader_metrics_manager | ✅ UETH: Included - $636.85 (price: $3173.350000)
2025-11-15 04:57:15 | INFO | trader_metrics_manager | ✅ HYPE: Included - $10714339.72 (price: $38.477500)
2025-11-15 04:57:35 | INFO | trader_metrics_manager | ✅ HYPE: Included - $2032618.00 (price: $38.483000)
2025-11-15 04:57:45 | INFO | trader_metrics_manager | ✅ HYPE: Included - $7724.39 (price: $38.472000)
2025-11-15 04:57:59 | INFO | trader_metrics_manager | ✅ HYPE: Included - $5.35 (price: $38.478500)
2025-11-15 04:58:25 | INFO | trader_metrics_manager | ✅ PURR: Included - $859.20 (price: $0.097458)
2025-11-15 04:58:25 | INFO | trader_metrics_manager | ✅ HYPE: Included - $997.41 (price: $38.460500)
2025-11-15 04:58:25 | INFO | trader_metrics_manager | ✅ USOL: Included - $853.33 (price: $142.265000)
2025-11-15 04:58:25 | INFO | trader_metrics_manager | ✅ UPUMP: Included - $1534.54 (price: $0.003634)
2025-11-15 04:58:35 | INFO | trader_metrics_manager | ✅ HYPE: Included - $1660.96 (price: $38.449500)
2025-11-15 04:58:35 | INFO | trader_metrics_manager | ✅ UBTC: Included - $9.61 (price: $96155.500000)
2025-11-15 04:59:15 | INFO | trader_metrics_manager | ✅ HYPE: Included - $207.40 (price: $38.463500)
2025-11-15 04:59:35 | INFO | trader_metrics_manager | ✅ HYPE: Included - $38.50 (price: $38.463500)
2025-11-15 04:59:45 | INFO | trader_metrics_manager | ✅ HYPE: Included - $19235.51 (price: $38.469500)
2025-11-15 05:00:15 | INFO | trader_metrics_manager | ✅ HYPE: Included - $30795.16 (price: $38.493500)
2025-11-15 05:00:15 | INFO | trader_metrics_manager | ✅ UBTC: Included - $192271.31 (price: $96135.500000)
2025-11-15 05:00:15 | INFO | trader_metrics_manager | ✅ UETH: Included - $15865.05 (price: $3172.950000)
2025-11-15 05:00:15 | INFO | trader_metrics_manager | ✅ USOL: Included - $8542.53 (price: $142.375000)
2025-11-15 05:00:45 | INFO | trader_metrics_manager | ✅ HYPE: Included - $69.18 (price: $38.461000)
2025-11-15 05:01:05 | INFO | trader_metrics_manager | ✅ HYPE: Included - $3918.06 (price: $38.463500)
2025-11-15 05:01:45 | INFO | trader_metrics_manager | ✅ PURR: Included - $1565.39 (price: $0.097445)
2025-11-15 05:01:45 | INFO | trader_metrics_manager | ✅ HYPE: Included - $51262.78 (price: $38.508500)
2025-11-15 05:02:25 | INFO | trader_metrics_manager | ✅ HYPE: Included - $21458.91 (price: $38.520500)
2025-11-15 05:02:35 | INFO | trader_metrics_manager | ✅ HYPE: Included - $31155.67 (price: $38.520500)
2025-11-15 05:02:59 | INFO | trader_metrics_manager | Registered 1 new addresses
2025-11-15 05:02:59 | INFO | trader_metrics_manager | ✅ PURR: Included - $13.32 (price: $0.097485)
2025-11-15 05:02:59 | INFO | trader_metrics_manager | ✅ HYPE: Included - $2062.07 (price: $38.520500)
2025-11-15 05:04:25 | INFO | trader_metrics_manager | ✅ UBTC: Included - $31674.52 (price: $96114.500000)
2025-11-15 05:04:35 | INFO | trader_metrics_manager | ✅ HYPE: Included - $65941.17 (price: $38.546500)
2025-11-15 05:04:59 | INFO | trader_metrics_manager | ✅ HYPE: Included - $189.96 (price: $38.557500)
2025-11-15 05:14:58 | INFO | __main__ | Scheduled metrics check - 100 pending updates
2025-11-15 05:15:05 | INFO | trader_metrics_manager | ✅ HYPE: Included - $71643.78 (price: $38.371000)
2025-11-15 05:15:25 | INFO | trader_metrics_manager | ✅ HYPE: Included - $3951.59 (price: $38.372500)
2025-11-15 05:15:25 | INFO | trader_metrics_manager | ✅ UETH: Included - $19898.17 (price: $3163.450000)
2025-11-15 05:15:45 | INFO | trader_metrics_manager | ✅ UBTC: Included - $604.53 (price: $96021.500000)
2025-11-15 05:16:45 | INFO | trader_metrics_manager | ✅ HYPE: Included - $3837.49 (price: $38.395500)
2025-11-15 05:16:45 | INFO | trader_metrics_manager | ✅ UBTC: Included - $138150.74 (price: $96091.500000)
2025-11-15 05:16:45 | INFO | trader_metrics_manager | ✅ UFART: Included - $37817.31 (price: $0.250910)
2025-11-15 05:17:05 | INFO | trader_metrics_manager | ✅ HYPE: Included - $38.39 (price: $38.387500)
2025-11-15 05:17:16 | INFO | trader_metrics_manager | ✅ HYPE: Included - $38148.24 (price: $38.396500)
2025-11-15 05:17:25 | INFO | trader_metrics_manager | ✅ HYPE: Included - $1073.89 (price: $38.406500)
2025-11-15 05:17:25 | INFO | trader_metrics_manager | ✅ UBTC: Included - $7877.41 (price: $96121.500000)
2025-11-15 05:17:35 | INFO | trader_metrics_manager | ✅ UBTC: Included - $547.70 (price: $96154.500000)
2025-11-15 05:17:45 | INFO | trader_metrics_manager | ✅ HYPE: Included - $207.47 (price: $38.440500)
2025-11-15 05:17:59 | INFO | trader_metrics_manager | ✅ HYPE: Included - $38455.65 (price: $38.448500)
2025-11-15 05:18:05 | INFO | trader_metrics_manager | ✅ UFART: Included - $481.45 (price: $0.251060)
2025-11-15 05:18:59 | INFO | trader_metrics_manager | ✅ UBTC: Included - $2520.37 (price: $96224.500000)
2025-11-15 05:19:05 | INFO | trader_metrics_manager | ✅ UBTC: Included - $456.74 (price: $96223.500000)
2025-11-15 05:19:15 | INFO | trader_metrics_manager | ✅ HYPE: Included - $19133.36 (price: $38.444500)
2025-11-15 05:19:15 | INFO | trader_metrics_manager | ✅ UBTC: Included - $29271.59 (price: $96213.500000)
2025-11-15 05:19:45 | INFO | trader_metrics_manager | ✅ HYPE: Included - $1067925.89 (price: $38.395000)
2025-11-15 05:20:05 | INFO | trader_metrics_manager | ✅ HYPE: Included - $725596.55 (price: $38.409500)
2025-11-15 05:20:25 | INFO | trader_metrics_manager | ✅ HYPE: Included - $7537.61 (price: $38.406500)
2025-11-15 05:20:25 | INFO | trader_metrics_manager | ✅ USOL: Included - $25.01 (price: $142.775000)
2025-11-15 05:20:35 | INFO | trader_metrics_manager | ✅ HYPE: Included - $62.41 (price: $38.407500)
2025-11-15 05:20:59 | INFO | trader_metrics_manager | ✅ HYPE: Included - $372.18 (price: $38.421500)
2025-11-15 05:21:15 | INFO | trader_metrics_manager | ✅ HYPE: Included - $2269.16 (price: $38.406000)
2025-11-15 05:21:25 | INFO | trader_metrics_manager | ✅ HYPE: Included - $82521.25 (price: $38.408500)
2025-11-15 05:21:45 | INFO | trader_metrics_manager | ✅ HYPE: Included - $4638.75 (price: $38.409500)
2025-11-15 05:22:15 | INFO | trader_metrics_manager | ✅ HYPE: Included - $42255.41 (price: $38.404500)
2025-11-15 05:22:45 | INFO | trader_metrics_manager | ✅ HYPE: Included - $876.83 (price: $38.403500)
2025-11-15 05:22:45 | INFO | trader_metrics_manager | ✅ UBTC: Included - $12.32 (price: $96117.500000)
2025-11-15 05:22:59 | INFO | trader_metrics_manager | ✅ HYPE: Included - $4644.87 (price: $38.417500)
2025-11-15 05:22:59 | INFO | trader_metrics_manager | ✅ UBTC: Included - $4182.92 (price: $96109.500000)
2025-11-15 05:23:05 | INFO | trader_metrics_manager | ✅ HYPE: Included - $658291.57 (price: $38.417500)
2025-11-15 05:23:05 | INFO | trader_metrics_manager | ✅ UBTC: Included - $54898.62 (price: $96105.500000)
2025-11-15 05:23:05 | INFO | trader_metrics_manager | ✅ USOL: Included - $7.89 (price: $142.875000)
2025-11-15 05:23:35 | INFO | trader_metrics_manager | ✅ HYPE: Included - $31465.46 (price: $38.449500)
2025-11-15 05:23:59 | INFO | trader_metrics_manager | ✅ PURR: Included - $355635.42 (price: $0.097612)
2025-11-15 05:23:59 | INFO | trader_metrics_manager | ✅ HYPE: Included - $813469.07 (price: $38.428500)
2025-11-15 05:24:00 | INFO | trader_metrics_manager | ✅ UPUMP: Included - $188068.73 (price: $0.003641)
2025-11-15 05:24:00 | INFO | trader_metrics_manager | ✅ UXPL: Included - $414740.62 (price: $0.232325)
2025-11-15 05:24:25 | INFO | trader_metrics_manager | ✅ HYPE: Included - $30611.38 (price: $38.469500)
2025-11-15 05:24:25 | INFO | trader_metrics_manager | ✅ USOL: Included - $8564.24 (price: $142.845000)
2025-11-15 05:24:35 | INFO | trader_metrics_manager | ✅ USOL: Included - $54171.56 (price: $142.840000)
2025-11-15 05:25:05 | INFO | trader_metrics_manager | ✅ HYPE: Included - $58.89 (price: $38.450500)
2025-11-15 05:25:15 | INFO | trader_metrics_manager | ✅ HYPE: Included - $11.91 (price: $38.455500)
2025-11-15 05:25:45 | INFO | trader_metrics_manager | ✅ HYPE: Included - $358.03 (price: $38.471500)
2025-11-15 05:26:25 | INFO | trader_metrics_manager | ✅ HYPE: Included - $17550.07 (price: $38.528000)
2025-11-15 05:26:35 | INFO | trader_metrics_manager | ✅ HYPE: Included - $30951.55 (price: $38.542000)
2025-11-15 05:26:45 | INFO | trader_metrics_manager | ✅ HYPE: Included - $38092.28 (price: $38.552500)
2025-11-15 05:26:59 | INFO | trader_metrics_manager | ✅ UBTC: Included - $1979.40 (price: $96105.500000)
2025-11-15 05:27:06 | INFO | trader_metrics_manager | ✅ HYPE: Included - $1393256.44 (price: $38.566500)
2025-11-15 05:27:25 | INFO | trader_metrics_manager | ✅ UFART: Included - $1541.58 (price: $0.250950)
2025-11-15 05:27:59 | INFO | trader_metrics_manager | ✅ HYPE: Included - $32.88 (price: $38.571500)
2025-11-15 05:27:59 | INFO | trader_metrics_manager | ✅ UETH: Included - $118.06 (price: $3173.550000)
2025-11-15 05:28:35 | INFO | trader_metrics_manager | ✅ HYPE: Included - $3040.13 (price: $38.553500)
2025-11-15 05:29:05 | INFO | trader_metrics_manager | ✅ HYPE: Included - $240276.22 (price: $38.555000)
2025-11-15 05:29:15 | INFO | trader_metrics_manager | ✅ HYPE: Included - $816.63 (price: $38.539500)
2025-11-15 05:29:15 | INFO | trader_metrics_manager | ✅ UBTC: Included - $2165.65 (price: $96073.500000)
2025-11-15 05:29:59 | INFO | trader_metrics_manager | ✅ HYPE: Included - $2376.90 (price: $38.559500)
2025-11-15 05:30:05 | INFO | trader_metrics_manager | ✅ HYPE: Included - $42.38 (price: $38.550500)
2025-11-15 05:30:15 | INFO | trader_metrics_manager | ✅ HYPE: Included - $34.68 (price: $38.559500)
2025-11-15 05:30:25 | INFO | trader_metrics_manager | ✅ HYPE: Included - $34.66 (price: $38.543500)
2025-11-15 05:31:00 | INFO | trader_metrics_manager | ✅ UBTC: Included - $31655.08 (price: $96055.500000)
2025-11-15 05:31:05 | INFO | trader_metrics_manager | ✅ HYPE: Included - $66481.59 (price: $38.531500)
2025-11-15 05:31:25 | INFO | trader_metrics_manager | ✅ HYPE: Included - $2195.28 (price: $38.574500)
2025-11-15 05:49:59 | INFO | trader_metrics_manager | Registered 1 new addresses
2025-11-15 05:50:00 | INFO | trader_metrics_manager | ✅ HYPE: Included - $6685.05 (price: $38.641500)
2025-11-15 06:14:59 | INFO | __main__ | Scheduled metrics check - 288 pending updates
2025-11-15 06:15:15 | INFO | trader_metrics_manager | ✅ HYPE: Included - $71.01 (price: $38.831500)
2025-11-15 06:15:25 | INFO | trader_metrics_manager | ✅ HYPE: Included - $72.27 (price: $38.840500)
2025-11-15 06:15:45 | INFO | trader_metrics_manager | ✅ HYPE: Included - $16078.37 (price: $38.841500)
2025-11-15 06:15:45 | INFO | trader_metrics_manager | ✅ UETH: Included - $12090.05 (price: $3180.850000)
2025-11-15 06:16:00 | INFO | trader_metrics_manager | ✅ HYPE: Included - $5703677.05 (price: $38.835500)
2025-11-15 06:16:05 | INFO | trader_metrics_manager | ✅ HYPE: Included - $13407.19 (price: $38.833500)
2025-11-15 06:16:25 | INFO | trader_metrics_manager | ✅ HYPE: Included - $609.19 (price: $38.841500)
2025-11-15 06:16:35 | INFO | trader_metrics_manager | ✅ HYPE: Included - $25925.87 (price: $38.866500)
2025-11-15 06:16:35 | INFO | trader_metrics_manager | ✅ UBTC: Included - $11752.22 (price: $96452.500000)
2025-11-15 06:16:35 | INFO | trader_metrics_manager | ✅ UETH: Included - $2635.50 (price: $3182.750000)
2025-11-15 06:16:35 | INFO | trader_metrics_manager | ✅ USOL: Included - $1809.12 (price: $143.065000)
2025-11-15 06:17:05 | INFO | trader_metrics_manager | ✅ HYPE: Included - $96.50 (price: $38.883500)
2025-11-15 06:17:05 | INFO | trader_metrics_manager | ✅ UPUMP: Included - $360.99 (price: $0.003659)
2025-11-15 06:17:15 | INFO | trader_metrics_manager | ✅ HYPE: Included - $494.20 (price: $38.861500)
2025-11-15 06:17:15 | INFO | trader_metrics_manager | ✅ UXPL: Included - $5972.37 (price: $0.237905)
2025-11-15 06:17:25 | INFO | trader_metrics_manager | ✅ PURR: Included - $856.78 (price: $0.098675)
2025-11-15 06:17:26 | INFO | trader_metrics_manager | ✅ HYPE: Included - $15633.82 (price: $38.880500)
2025-11-15 06:17:26 | INFO | trader_metrics_manager | ✅ UXPL: Included - $11.12 (price: $0.237845)
2025-11-15 06:18:59 | INFO | trader_metrics_manager | ✅ HYPE: Included - $11913.66 (price: $38.875500)
2025-11-15 06:18:59 | INFO | trader_metrics_manager | ✅ UFART: Included - $40.77 (price: $0.252430)
2025-11-15 06:19:05 | INFO | trader_metrics_manager | ✅ HYPE: Included - $6927.78 (price: $38.865500)
2025-11-15 06:19:35 | INFO | trader_metrics_manager | ✅ HYPE: Included - $392818.40 (price: $38.884500)
2025-11-15 06:19:36 | INFO | trader_metrics_manager | ✅ UFART: Included - $15.35 (price: $0.252540)
2025-11-15 06:19:45 | INFO | trader_metrics_manager | ✅ HYPE: Included - $2130295.41 (price: $38.896500)
2025-11-15 06:19:59 | INFO | trader_metrics_manager | ✅ HYPE: Included - $64432.93 (price: $38.912500)
2025-11-15 06:19:59 | INFO | trader_metrics_manager | ✅ UBTC: Included - $212564.48 (price: $96494.500000)
2025-11-15 06:20:25 | INFO | trader_metrics_manager | ✅ HYPE: Included - $11.71 (price: $38.911500)
2025-11-15 06:20:36 | INFO | trader_metrics_manager | ✅ USOL: Included - $435.46 (price: $143.125000)
2025-11-15 06:20:59 | INFO | trader_metrics_manager | ✅ HYPE: Included - $98103.24 (price: $38.912500)
2025-11-15 06:21:15 | INFO | trader_metrics_manager | ✅ HYPE: Included - $23363.42 (price: $38.910500)
2025-11-15 06:21:15 | INFO | trader_metrics_manager | ✅ UBTC: Included - $8.35 (price: $96469.500000)
2025-11-15 06:21:26 | INFO | trader_metrics_manager | ✅ HYPE: Included - $21046.99 (price: $38.913500)
2025-11-15 06:21:45 | INFO | trader_metrics_manager | ✅ HYPE: Included - $116259.26 (price: $38.899500)
2025-11-15 06:21:45 | INFO | trader_metrics_manager | ✅ UBTC: Included - $102117.02 (price: $96499.500000)
2025-11-15 06:21:59 | INFO | trader_metrics_manager | ✅ HYPE: Included - $30.44 (price: $38.903500)
2025-11-15 06:22:05 | INFO | trader_metrics_manager | ✅ HYPE: Included - $309671.62 (price: $38.903500)
2025-11-15 06:23:00 | INFO | trader_metrics_manager | ✅ HYPE: Included - $6.78 (price: $38.913500)
2025-11-15 06:23:05 | INFO | trader_metrics_manager | ✅ PURR: Included - $122.01 (price: $0.098672)
2025-11-15 06:23:05 | INFO | trader_metrics_manager | ✅ HYPE: Included - $1190.56 (price: $38.919500)
2025-11-15 06:23:05 | INFO | trader_metrics_manager | ✅ UBTC: Included - $2382.81 (price: $96490.500000)
2025-11-15 06:23:05 | INFO | trader_metrics_manager | ✅ UETH: Included - $1230.37 (price: $3182.950000)
2025-11-15 06:23:35 | INFO | trader_metrics_manager | ✅ HYPE: Included - $355333.46 (price: $38.849500)
2025-11-15 06:23:59 | INFO | trader_metrics_manager | ✅ HYPE: Included - $65193.62 (price: $38.854500)
2025-11-15 06:24:05 | INFO | trader_metrics_manager | ✅ HYPE: Included - $155389.26 (price: $38.854500)
2025-11-15 06:24:05 | INFO | trader_metrics_manager | ✅ UPUMP: Included - $727186.59 (price: $0.003660)
2025-11-15 06:24:15 | INFO | trader_metrics_manager | ✅ HYPE: Included - $1631826.25 (price: $38.884500)
2025-11-15 06:24:15 | INFO | trader_metrics_manager | ✅ UBTC: Included - $537382.25 (price: $96521.500000)
2025-11-15 06:24:15 | INFO | trader_metrics_manager | ✅ UETH: Included - $6.80 (price: $3183.350000)
2025-11-15 06:24:25 | INFO | trader_metrics_manager | ✅ HYPE: Included - $9978.78 (price: $38.898500)
2025-11-15 06:24:45 | INFO | trader_metrics_manager | ✅ HYPE: Included - $23996.00 (price: $38.906000)
2025-11-15 06:25:05 | INFO | trader_metrics_manager | ✅ HYPE: Included - $86985.98 (price: $38.916500)
2025-11-15 06:25:05 | INFO | trader_metrics_manager | ✅ UBTC: Included - $14889.67 (price: $96534.500000)
2025-11-15 06:25:15 | INFO | trader_metrics_manager | ✅ HYPE: Included - $5.02 (price: $38.900500)
2025-11-15 06:25:35 | INFO | trader_metrics_manager | ✅ HYPE: Included - $20.43 (price: $38.909500)
2025-11-15 06:25:59 | INFO | trader_metrics_manager | ✅ UBTC: Included - $636.63 (price: $96519.500000)
2025-11-15 06:26:05 | INFO | trader_metrics_manager | ✅ UBTC: Included - $289.36 (price: $96519.500000)
2025-11-15 06:26:25 | INFO | trader_metrics_manager | ✅ HYPE: Included - $1308026.25 (price: $38.890000)
2025-11-15 06:26:35 | INFO | trader_metrics_manager | ✅ UXPL: Included - $5.37 (price: $0.243145)
2025-11-15 06:26:45 | INFO | trader_metrics_manager | ✅ UBTC: Included - $472.94 (price: $96482.500000)
2025-11-15 06:26:45 | INFO | trader_metrics_manager | ✅ UETH: Included - $473.87 (price: $3182.150000)
2025-11-15 06:26:59 | INFO | trader_metrics_manager | ✅ HYPE: Included - $237974.03 (price: $38.885500)
2025-11-15 06:27:05 | INFO | trader_metrics_manager | ✅ HYPE: Included - $34754.18 (price: $38.891500)
2025-11-15 06:27:15 | INFO | trader_metrics_manager | ✅ HYPE: Included - $145618.13 (price: $38.887500)
2025-11-15 06:27:15 | INFO | trader_metrics_manager | ✅ UBTC: Included - $1156.62 (price: $96461.500000)
2025-11-15 06:27:25 | INFO | trader_metrics_manager | ✅ HYPE: Included - $519007.32 (price: $38.891500)
2025-11-15 06:27:25 | INFO | trader_metrics_manager | ✅ UBTC: Included - $2421.44 (price: $96452.500000)
2025-11-15 06:27:59 | INFO | trader_metrics_manager | ✅ HYPE: Included - $14.93 (price: $38.853500)
2025-11-15 06:28:05 | INFO | trader_metrics_manager | ✅ HYPE: Included - $75.26 (price: $38.853500)
2025-11-15 06:28:35 | INFO | trader_metrics_manager | ✅ HYPE: Included - $369.46 (price: $38.853500)
2025-11-15 06:28:35 | INFO | trader_metrics_manager | ✅ UBTC: Included - $411.17 (price: $96426.500000)
2025-11-15 06:28:35 | INFO | trader_metrics_manager | ✅ UETH: Included - $370.25 (price: $3179.850000)
2025-11-15 06:29:00 | INFO | trader_metrics_manager | ✅ HYPE: Included - $212472.96 (price: $38.851000)
2025-11-15 06:29:00 | INFO | trader_metrics_manager | ✅ UBTC: Included - $6.24 (price: $96428.500000)
2025-11-15 06:29:00 | INFO | trader_metrics_manager | ✅ UXPL: Included - $2737.39 (price: $0.242515)
2025-11-15 06:29:35 | INFO | trader_metrics_manager | ✅ HYPE: Included - $19.48 (price: $38.842500)
2025-11-15 06:30:15 | INFO | trader_metrics_manager | ✅ HYPE: Included - $10.54 (price: $38.838000)
2025-11-15 06:30:25 | INFO | trader_metrics_manager | ✅ HYPE: Included - $19.89 (price: $38.829500)
2025-11-15 06:30:25 | INFO | trader_metrics_manager | ✅ GENESY: Included - $32.20 (price: $143.040000)
2025-11-15 06:30:46 | INFO | trader_metrics_manager | ✅ HYPE: Included - $198534.57 (price: $38.827500)
2025-11-15 06:30:59 | INFO | trader_metrics_manager | ✅ HYPE: Included - $17067.18 (price: $38.826500)
2025-11-15 06:31:15 | INFO | trader_metrics_manager | ✅ HYPE: Included - $138423.94 (price: $38.812500)
2025-11-15 06:31:15 | INFO | trader_metrics_manager | ✅ UPUMP: Included - $42105.11 (price: $0.003657)
2025-11-15 06:31:15 | INFO | trader_metrics_manager | ✅ UXPL: Included - $22420.92 (price: $0.241205)
2025-11-15 06:31:25 | INFO | trader_metrics_manager | ✅ HYPE: Included - $18.35 (price: $38.829500)
2025-11-15 06:31:36 | INFO | trader_metrics_manager | ✅ UBTC: Included - $8679.68 (price: $96479.500000)
2025-11-15 06:31:36 | INFO | trader_metrics_manager | ✅ UPUMP: Included - $269440.71 (price: $0.003658)
2025-11-15 06:31:46 | INFO | trader_metrics_manager | ✅ HYPE: Included - $700123.20 (price: $38.825500)
2025-11-15 06:31:46 | INFO | trader_metrics_manager | ✅ USOL: Included - $442.19 (price: $143.145000)
2025-11-15 06:31:46 | INFO | trader_metrics_manager | ✅ UXPL: Included - $1257.31 (price: $0.241095)
2025-11-15 06:31:59 | INFO | trader_metrics_manager | ✅ HYPE: Included - $30.94 (price: $38.815500)
2025-11-15 06:31:59 | INFO | trader_metrics_manager | ✅ UBTC: Included - $4987.69 (price: $96486.500000)
2025-11-15 06:32:00 | INFO | trader_metrics_manager | ✅ USOL: Included - $106.01 (price: $143.115000)
2025-11-15 06:32:06 | INFO | trader_metrics_manager | ✅ HYPE: Included - $45300.60 (price: $38.812500)
2025-11-15 06:32:45 | INFO | trader_metrics_manager | ✅ HYPE: Included - $10.46 (price: $38.801500)
2025-11-15 06:32:45 | INFO | trader_metrics_manager | ✅ UBTC: Included - $289392.53 (price: $96510.500000)
2025-11-15 06:33:05 | INFO | trader_metrics_manager | ✅ UBTC: Included - $289374.22 (price: $96515.500000)
2025-11-15 06:33:25 | INFO | trader_metrics_manager | ✅ UBTC: Included - $670883.81 (price: $96521.500000)
2025-11-15 06:33:35 | INFO | trader_metrics_manager | ✅ HYPE: Included - $308070.11 (price: $38.764500)
2025-11-15 06:34:05 | INFO | trader_metrics_manager | ✅ HYPE: Included - $14351.48 (price: $38.766500)
2025-11-15 06:34:35 | INFO | trader_metrics_manager | ✅ UBTC: Included - $627.17 (price: $96495.500000)
2025-11-15 06:34:45 | INFO | trader_metrics_manager | ✅ HYPE: Included - $1180855.14 (price: $38.759500)
2025-11-15 06:35:00 | INFO | trader_metrics_manager | ✅ HYPE: Included - $1937575.26 (price: $38.751500)
2025-11-15 06:35:15 | INFO | trader_metrics_manager | ✅ HYPE: Included - $1963945.08 (price: $38.740500)
2025-11-15 06:35:25 | INFO | trader_metrics_manager | ✅ HYPE: Included - $968637.85 (price: $38.745500)
2025-11-15 06:35:25 | INFO | trader_metrics_manager | ✅ UBTC: Included - $96495.88 (price: $96486.500000)
2025-11-15 06:35:35 | INFO | trader_metrics_manager | ✅ HYPE: Included - $50.99 (price: $38.769500)
2025-11-15 06:35:59 | INFO | trader_metrics_manager | ✅ HYPE: Included - $218.61 (price: $38.767000)
2025-11-15 06:36:05 | INFO | trader_metrics_manager | ✅ HYPE: Included - $1786.63 (price: $38.761500)
2025-11-15 06:36:05 | INFO | trader_metrics_manager | ✅ UBTC: Included - $378.20 (price: $96520.500000)
2025-11-15 06:36:05 | INFO | trader_metrics_manager | ✅ USOL: Included - $41.13 (price: $143.215000)
2025-11-15 06:36:25 | INFO | trader_metrics_manager | ✅ HYPE: Included - $308.26 (price: $38.772000)
2025-11-15 06:36:25 | INFO | trader_metrics_manager | ✅ UBTC: Included - $187.89 (price: $96520.500000)
2025-11-15 06:36:35 | INFO | trader_metrics_manager | ✅ UBTC: Included - $236.30 (price: $96512.500000)
2025-11-15 06:37:05 | INFO | trader_metrics_manager | ✅ UBTC: Included - $1096.67 (price: $96521.500000)
2025-11-15 06:37:15 | INFO | trader_metrics_manager | ✅ UBTC: Included - $8201.09 (price: $96521.500000)
2025-11-15 06:37:35 | INFO | trader_metrics_manager | ✅ HYPE: Included - $30848.14 (price: $38.802500)
2025-11-15 06:37:35 | INFO | trader_metrics_manager | ✅ UFART: Included - $215216.83 (price: $0.253330)
2025-11-15 06:37:35 | INFO | trader_metrics_manager | ✅ UPUMP: Included - $252935.34 (price: $0.003666)
2025-11-15 06:37:35 | INFO | trader_metrics_manager | ✅ UXPL: Included - $146493.33 (price: $0.240855)
2025-11-15 06:38:00 | INFO | trader_metrics_manager | ✅ UBTC: Included - $10.82 (price: $96563.500000)
2025-11-15 06:38:15 | INFO | trader_metrics_manager | ✅ HYPE: Included - $3268.61 (price: $38.833500)
2025-11-15 06:38:25 | INFO | trader_metrics_manager | ✅ PURR: Included - $17564.16 (price: $0.098649)
2025-11-15 06:38:25 | INFO | trader_metrics_manager | ✅ USOL: Included - $1693.46 (price: $143.505000)
2025-11-15 06:38:26 | INFO | trader_metrics_manager | ✅ UPUMP: Included - $6.46 (price: $0.003670)
2025-11-15 06:38:35 | INFO | trader_metrics_manager | ✅ UBTC: Included - $26.07 (price: $96594.500000)
2025-11-15 06:38:59 | INFO | trader_metrics_manager | Registered 1 new addresses
2025-11-15 06:39:05 | INFO | trader_metrics_manager | ✅ HYPE: Included - $38.81 (price: $38.810500)
2025-11-15 06:39:15 | INFO | trader_metrics_manager | ✅ UBTC: Included - $549.94 (price: $96548.500000)
2025-11-15 06:39:45 | INFO | trader_metrics_manager | ✅ UBTC: Included - $458.36 (price: $96563.500000)
2025-11-15 06:40:26 | INFO | trader_metrics_manager | ✅ HYPE: Included - $376.02 (price: $38.818500)
2025-11-15 06:40:36 | INFO | trader_metrics_manager | ✅ HYPE: Included - $4490.70 (price: $38.821500)
2025-11-15 06:40:46 | INFO | trader_metrics_manager | ✅ HYPE: Included - $83384.95 (price: $38.810500)
2025-11-15 06:41:06 | INFO | trader_metrics_manager | ✅ HYPE: Included - $42749.44 (price: $38.853500)
2025-11-15 06:41:25 | INFO | trader_metrics_manager | ✅ HYPE: Included - $4695.04 (price: $38.832500)
2025-11-15 06:41:25 | INFO | trader_metrics_manager | ✅ UBTC: Included - $4197.45 (price: $96443.500000)
2025-11-15 06:41:46 | INFO | trader_metrics_manager | ✅ HYPE: Included - $31764.98 (price: $38.815500)
2025-11-15 06:41:59 | INFO | trader_metrics_manager | ✅ PURR: Included - $359442.73 (price: $0.098657)
2025-11-15 06:41:59 | INFO | trader_metrics_manager | ✅ HYPE: Included - $822232.78 (price: $38.842500)
2025-11-15 06:41:59 | INFO | trader_metrics_manager | ✅ UPUMP: Included - $188843.52 (price: $0.003656)
2025-11-15 06:42:00 | INFO | trader_metrics_manager | ✅ UXPL: Included - $430485.85 (price: $0.241145)
2025-11-15 06:42:15 | INFO | trader_metrics_manager | ✅ HYPE: Included - $30887.50 (price: $38.816500)
2025-11-15 06:42:15 | INFO | trader_metrics_manager | ✅ USOL: Included - $8570.84 (price: $142.955000)
2025-11-15 06:42:35 | INFO | trader_metrics_manager | ✅ HYPE: Included - $12.02 (price: $38.807500)
2025-11-15 06:42:45 | INFO | trader_metrics_manager | ✅ HYPE: Included - $17682.86 (price: $38.819500)
2025-11-15 06:42:59 | INFO | trader_metrics_manager | ✅ UBTC: Included - $1983.28 (price: $96293.500000)
2025-11-15 06:43:05 | INFO | trader_metrics_manager | ✅ UFART: Included - $1551.65 (price: $0.252590)
2025-11-15 06:43:15 | INFO | trader_metrics_manager | ✅ HYPE: Included - $5279.21 (price: $38.818500)
2025-11-15 06:43:25 | INFO | trader_metrics_manager | ✅ HYPE: Included - $7.91 (price: $38.807500)
2025-11-15 06:43:45 | INFO | trader_metrics_manager | ✅ HYPE: Included - $10135.41 (price: $38.794500)
2025-11-15 06:44:05 | INFO | trader_metrics_manager | ✅ HYPE: Included - $68384.16 (price: $38.790500)
2025-11-15 06:44:25 | INFO | trader_metrics_manager | ✅ UBTC: Included - $968198.90 (price: $96126.500000)
2025-11-15 06:44:35 | INFO | trader_metrics_manager | ✅ HYPE: Included - $17.83 (price: $38.733000)
2025-11-15 06:44:45 | INFO | trader_metrics_manager | ✅ PURR: Included - $33.73 (price: $0.098642)
2025-11-15 06:44:45 | INFO | trader_metrics_manager | ✅ HYPE: Included - $68022.32 (price: $38.729500)
2025-11-15 06:44:59 | INFO | trader_metrics_manager | ✅ PURR: Included - $24.06 (price: $0.098645)
2025-11-15 06:44:59 | INFO | trader_metrics_manager | ✅ UBTC: Included - $19605.36 (price: $96142.500000)
2025-11-15 06:45:35 | INFO | trader_metrics_manager | ✅ PURR: Included - $230.38 (price: $0.098627)
2025-11-15 06:45:35 | INFO | trader_metrics_manager | ✅ HYPE: Included - $5507.91 (price: $38.699000)
2025-11-15 06:45:35 | INFO | trader_metrics_manager | ✅ GENESY: Included - $6486.41 (price: $142.505000)
2025-11-15 06:46:00 | INFO | trader_metrics_manager | ✅ UBTC: Included - $4428.42 (price: $96084.000000)
2025-11-15 06:46:15 | INFO | trader_metrics_manager | ✅ PURR: Included - $2125.58 (price: $0.098616)
2025-11-15 06:46:25 | INFO | trader_metrics_manager | ✅ HYPE: Included - $103782.26 (price: $38.706500)
2025-11-15 06:47:05 | INFO | trader_metrics_manager | ✅ UBTC: Included - $2925.64 (price: $96094.500000)
2025-11-15 06:47:15 | INFO | trader_metrics_manager | ✅ HYPE: Included - $892540.19 (price: $38.727500)
2025-11-15 06:47:35 | INFO | trader_metrics_manager | ✅ HYPE: Included - $132823.49 (price: $38.744500)
2025-11-15 06:47:59 | INFO | trader_metrics_manager | ✅ HYPE: Included - $16.99 (price: $38.712500)
2025-11-15 06:48:15 | INFO | trader_metrics_manager | ✅ HYPE: Included - $179542.66 (price: $38.686500)
2025-11-15 06:48:15 | INFO | trader_metrics_manager | ✅ UBTC: Included - $428951.55 (price: $96151.500000)
2025-11-15 06:48:35 | INFO | trader_metrics_manager | ✅ HYPE: Included - $459.87 (price: $38.720500)
2025-11-15 06:48:45 | INFO | trader_metrics_manager | ✅ HYPE: Included - $497.92 (price: $38.707500)
2025-11-15 06:48:59 | INFO | trader_metrics_manager | ✅ HYPE: Included - $10.77 (price: $38.704500)
2025-11-15 06:48:59 | INFO | trader_metrics_manager | ✅ UBTC: Included - $6.16 (price: $96121.500000)
2025-11-15 06:49:26 | INFO | trader_metrics_manager | ✅ HYPE: Included - $72.11 (price: $38.692500)
2025-11-15 06:49:26 | INFO | trader_metrics_manager | ✅ UBTC: Included - $1642.99 (price: $96137.500000)
2025-11-15 06:49:26 | INFO | trader_metrics_manager | ✅ UETH: Included - $116.82 (price: $3172.050000)
2025-11-15 06:49:26 | INFO | trader_metrics_manager | ✅ UFART: Included - $284.35 (price: $0.251720)
2025-11-15 06:49:26 | INFO | trader_metrics_manager | ✅ UPUMP: Included - $68.20 (price: $0.003640)
2025-11-15 06:49:26 | INFO | trader_metrics_manager | ✅ UXPL: Included - $77.82 (price: $0.238315)
2025-11-15 06:49:36 | INFO | trader_metrics_manager | ✅ USOL: Included - $9.39 (price: $142.425000)
2025-11-15 06:49:45 | INFO | trader_metrics_manager | ✅ HYPE: Included - $236.74 (price: $38.710500)
2025-11-15 06:50:35 | INFO | trader_metrics_manager | ✅ HYPE: Included - $580027.87 (price: $38.668500)
2025-11-15 06:50:45 | INFO | trader_metrics_manager | ✅ PURR: Included - $5701.91 (price: $0.098618)
2025-11-15 06:51:15 | INFO | trader_metrics_manager | ✅ UBTC: Included - $29379.98 (price: $96156.500000)
2025-11-15 06:51:25 | INFO | trader_metrics_manager | ✅ HYPE: Included - $478462.86 (price: $38.681000)
2025-11-15 06:51:25 | INFO | trader_metrics_manager | ✅ UBTC: Included - $188087.44 (price: $96169.500000)
2025-11-15 06:52:05 | INFO | trader_metrics_manager | ✅ UBTC: Included - $213.04 (price: $96194.500000)
2025-11-15 06:52:05 | INFO | trader_metrics_manager | ✅ UETH: Included - $192.36 (price: $3175.250000)
2025-11-15 06:52:05 | INFO | trader_metrics_manager | ✅ USOL: Included - $191.95 (price: $142.495000)
2025-11-15 06:52:05 | INFO | trader_metrics_manager | ✅ UFART: Included - $171.44 (price: $0.251940)
2025-11-15 06:52:05 | INFO | trader_metrics_manager | ✅ UPUMP: Included - $246.38 (price: $0.003646)
2025-11-15 06:52:05 | INFO | trader_metrics_manager | ✅ UXPL: Included - $201.13 (price: $0.238825)
2025-11-15 06:52:15 | INFO | trader_metrics_manager | ✅ HYPE: Included - $19361.64 (price: $38.744500)
2025-11-15 06:52:25 | INFO | trader_metrics_manager | ✅ PURR: Included - $5.32 (price: $0.098496)
2025-11-15 06:52:25 | INFO | trader_metrics_manager | ✅ HYPE: Included - $424.16 (price: $38.759500)
2025-11-15 06:52:25 | INFO | trader_metrics_manager | ✅ USOL: Included - $63.71 (price: $142.495000)
2025-11-15 06:52:25 | INFO | trader_metrics_manager | ✅ UFART: Included - $5.04 (price: $0.251950)
2025-11-15 06:52:25 | INFO | trader_metrics_manager | ✅ UPUMP: Included - $6.41 (price: $0.003646)
2025-11-15 06:52:35 | INFO | trader_metrics_manager | ✅ HYPE: Included - $2954.72 (price: $38.793000)
2025-11-15 06:52:35 | INFO | trader_metrics_manager | ✅ UFART: Included - $550.82 (price: $0.251920)
2025-11-15 06:53:35 | INFO | trader_metrics_manager | ✅ HYPE: Included - $34293.84 (price: $38.839000)
2025-11-15 06:53:45 | INFO | trader_metrics_manager | ✅ HYPE: Included - $25169.33 (price: $38.841500)
2025-11-15 06:54:15 | INFO | trader_metrics_manager | ✅ HYPE: Included - $632411.24 (price: $38.868500)
2025-11-15 06:54:15 | INFO | trader_metrics_manager | ✅ UBTC: Included - $86990.12 (price: $96307.500000)
2025-11-15 06:54:25 | INFO | trader_metrics_manager | ✅ HYPE: Included - $57.33 (price: $38.868000)
2025-11-15 06:54:35 | INFO | trader_metrics_manager | ✅ HYPE: Included - $196.22 (price: $38.883000)
2025-11-15 06:54:45 | INFO | trader_metrics_manager | ✅ PURR: Included - $1767.23 (price: $0.098609)
2025-11-15 06:54:45 | INFO | trader_metrics_manager | ✅ HYPE: Included - $19613.03 (price: $38.879000)
2025-11-15 06:55:05 | INFO | trader_metrics_manager | ✅ UBTC: Included - $311.85 (price: $96314.500000)
2025-11-15 06:55:15 | INFO | trader_metrics_manager | ✅ HYPE: Included - $38615.56 (price: $38.839500)
2025-11-15 06:56:00 | INFO | trader_metrics_manager | ✅ HYPE: Included - $14253.74 (price: $38.841500)
2025-11-15 06:56:05 | INFO | trader_metrics_manager | ✅ HYPE: Included - $3929002.28 (price: $38.840500)
2025-11-15 06:56:15 | INFO | trader_metrics_manager | ✅ HYPE: Included - $3290.80 (price: $38.843000)
2025-11-15 06:56:15 | INFO | trader_metrics_manager | ✅ UBTC: Included - $4380.03 (price: $96310.500000)
2025-11-15 06:56:35 | INFO | trader_metrics_manager | ✅ HYPE: Included - $124173.74 (price: $38.841000)
2025-11-15 06:56:45 | INFO | trader_metrics_manager | ✅ PURR: Included - $591877.53 (price: $0.098647)
2025-11-15 06:56:45 | INFO | trader_metrics_manager | ✅ HYPE: Included - $141.59 (price: $38.832500)
2025-11-15 06:57:00 | INFO | trader_metrics_manager | ✅ UBTC: Included - $601.77 (price: $96273.000000)
2025-11-15 06:57:05 | INFO | trader_metrics_manager | ✅ HYPE: Included - $2769.10 (price: $38.796500)
2025-11-15 06:57:35 | INFO | trader_metrics_manager | ✅ HYPE: Included - $4809.55 (price: $38.791500)
2025-11-15 06:57:35 | INFO | trader_metrics_manager | ✅ UBTC: Included - $5034.24 (price: $96170.500000)
2025-11-15 06:57:35 | INFO | trader_metrics_manager | ✅ UPUMP: Included - $2203.39 (price: $0.003650)
2025-11-15 06:58:15 | INFO | trader_metrics_manager | ✅ HYPE: Included - $17081.76 (price: $38.769500)
2025-11-15 06:58:25 | INFO | trader_metrics_manager | ✅ HYPE: Included - $58171.39 (price: $38.768500)
2025-11-15 06:58:25 | INFO | trader_metrics_manager | ✅ UBTC: Included - $36303.00 (price: $96172.500000)
2025-11-15 06:58:45 | INFO | trader_metrics_manager | ✅ HYPE: Included - $14014.68 (price: $38.765500)
2025-11-15 06:59:16 | INFO | trader_metrics_manager | ✅ HYPE: Included - $79881.44 (price: $38.771000)
2025-11-15 06:59:25 | INFO | trader_metrics_manager | ✅ HYPE: Included - $75.44 (price: $38.775500)
2025-11-15 06:59:35 | INFO | trader_metrics_manager | ✅ HYPE: Included - $3450380.66 (price: $38.774500)
2025-11-15 06:59:46 | INFO | trader_metrics_manager | ✅ HYPE: Included - $2934.63 (price: $38.752500)
2025-11-15 06:59:46 | INFO | trader_metrics_manager | ✅ UETH: Included - $1587.60 (price: $3176.350000)
2025-11-15 06:59:46 | INFO | trader_metrics_manager | ✅ USOL: Included - $2565.77 (price: $142.595000)
2025-11-15 07:00:05 | INFO | trader_metrics_manager | ✅ HYPE: Included - $310108.90 (price: $38.763500)
2025-11-15 07:00:26 | INFO | trader_metrics_manager | ✅ UBTC: Included - $422.72 (price: $96137.500000)
2025-11-15 07:00:35 | INFO | trader_metrics_manager | ✅ HYPE: Included - $30060.48 (price: $38.777500)
2025-11-15 07:00:45 | INFO | trader_metrics_manager | ✅ HYPE: Included - $137699.41 (price: $38.788500)
2025-11-15 07:00:59 | INFO | trader_metrics_manager | ✅ UPUMP: Included - $110411.47 (price: $0.003643)
2025-11-15 07:01:05 | INFO | trader_metrics_manager | ✅ HYPE: Included - $47837.55 (price: $38.794000)
2025-11-15 07:01:15 | INFO | trader_metrics_manager | ✅ HYPE: Included - $1298.67 (price: $38.771500)
2025-11-15 07:02:05 | INFO | trader_metrics_manager | ✅ HYPE: Included - $10.00 (price: $38.789500)
2025-11-15 07:02:15 | INFO | trader_metrics_manager | ✅ HYPE: Included - $27.68 (price: $38.803500)
2025-11-15 07:02:25 | INFO | trader_metrics_manager | ✅ HYPE: Included - $507381.54 (price: $38.818500)
2025-11-15 07:02:25 | INFO | trader_metrics_manager | ✅ UXPL: Included - $817357.81 (price: $0.237035)
2025-11-15 07:02:35 | INFO | trader_metrics_manager | ✅ HYPE: Included - $152.46 (price: $38.833000)
2025-11-15 07:02:45 | INFO | trader_metrics_manager | ✅ HYPE: Included - $8155.92 (price: $38.823500)
2025-11-15 07:02:59 | INFO | trader_metrics_manager | ✅ HYPE: Included - $9.70 (price: $38.833500)
2025-11-15 07:07:59 | INFO | trader_metrics_manager | Registered 1 new addresses
2025-11-15 07:08:00 | INFO | trader_metrics_manager | ✅ HYPE: Included - $20901.65 (price: $39.003000)
2025-11-15 07:08:00 | INFO | trader_metrics_manager | ✅ UBTC: Included - $83081.39 (price: $96108.500000)
2025-11-15 07:08:00 | INFO | trader_metrics_manager | ✅ UETH: Included - $30513.17 (price: $3177.350000)
2025-11-15 07:14:59 | INFO | __main__ | Scheduled metrics check - 302 pending updates
2025-11-15 07:15:05 | INFO | trader_metrics_manager | ✅ UBTC: Included - $317.15 (price: $96171.500000)
2025-11-15 07:15:35 | INFO | trader_metrics_manager | ✅ HYPE: Included - $163399.64 (price: $39.019000)
2025-11-15 07:15:35 | INFO | trader_metrics_manager | ✅ UPUMP: Included - $147170.50 (price: $0.003646)
2025-11-15 07:16:59 | INFO | trader_metrics_manager | ✅ UETH: Included - $36.43 (price: $3179.250000)
2025-11-15 07:17:25 | INFO | trader_metrics_manager | ✅ HYPE: Included - $11.02 (price: $39.047500)
2025-11-15 07:17:46 | INFO | trader_metrics_manager | ✅ HYPE: Included - $39874.11 (price: $39.049500)
2025-11-15 07:18:06 | INFO | trader_metrics_manager | ✅ HYPE: Included - $22.86 (price: $39.049500)
2025-11-15 07:18:15 | INFO | trader_metrics_manager | ✅ HYPE: Included - $39054.76 (price: $39.050500)
2025-11-15 07:18:25 | INFO | trader_metrics_manager | ✅ HYPE: Included - $2520927.65 (price: $39.055500)
2025-11-15 07:18:35 | INFO | trader_metrics_manager | ✅ HYPE: Included - $1981.53 (price: $39.066000)
2025-11-15 07:18:35 | INFO | trader_metrics_manager | ✅ UPUMP: Included - $4064.26 (price: $0.003648)
2025-11-15 07:18:35 | INFO | trader_metrics_manager | ✅ UXPL: Included - $1193.02 (price: $0.238605)
2025-11-15 07:18:45 | INFO | trader_metrics_manager | ✅ HYPE: Included - $743292.14 (price: $39.074500)
2025-11-15 07:19:25 | INFO | trader_metrics_manager | ✅ UETH: Included - $168.40 (price: $3179.550000)
2025-11-15 07:19:25 | INFO | trader_metrics_manager | ✅ UFART: Included - $173.76 (price: $0.251670)
2025-11-15 07:19:25 | INFO | trader_metrics_manager | ✅ UXPL: Included - $171.74 (price: $0.238600)
2025-11-15 07:19:46 | INFO | trader_metrics_manager | ✅ HYPE: Included - $34471.65 (price: $39.083500)
2025-11-15 07:19:59 | INFO | trader_metrics_manager | ✅ HYPE: Included - $40147.53 (price: $39.084500)
2025-11-15 07:19:59 | INFO | trader_metrics_manager | ✅ UBTC: Included - $27612.65 (price: $96125.500000)
2025-11-15 07:20:05 | INFO | trader_metrics_manager | ✅ HYPE: Included - $534294.41 (price: $39.072500)
2025-11-15 07:20:15 | INFO | trader_metrics_manager | ✅ HYPE: Included - $392073.31 (price: $39.072000)
2025-11-15 07:20:45 | INFO | trader_metrics_manager | ✅ HYPE: Included - $390945.09 (price: $39.094500)
2025-11-15 07:21:26 | INFO | trader_metrics_manager | ✅ HYPE: Included - $37613.13 (price: $39.098500)
2025-11-15 07:21:46 | INFO | trader_metrics_manager | ✅ UBTC: Included - $1008.33 (price: $96098.500000)
2025-11-15 07:22:00 | INFO | trader_metrics_manager | ✅ HYPE: Included - $28.57 (price: $39.099500)
2025-11-15 07:22:05 | INFO | trader_metrics_manager | ✅ UETH: Included - $519.80 (price: $3180.850000)
2025-11-15 07:22:15 | INFO | trader_metrics_manager | ✅ HYPE: Included - $5316.88 (price: $39.095500)
2025-11-15 07:22:25 | INFO | trader_metrics_manager | ✅ HYPE: Included - $7.97 (price: $39.099500)
2025-11-15 07:23:00 | INFO | trader_metrics_manager | ✅ UBTC: Included - $967242.05 (price: $96031.500000)
2025-11-15 07:23:05 | INFO | trader_metrics_manager | ✅ HYPE: Included - $17.99 (price: $39.076500)
2025-11-15 07:23:35 | INFO | trader_metrics_manager | ✅ PURR: Included - $231.25 (price: $0.099000)
2025-11-15 07:23:35 | INFO | trader_metrics_manager | ✅ HYPE: Included - $5561.35 (price: $39.074500)
2025-11-15 07:23:35 | INFO | trader_metrics_manager | ✅ GENESY: Included - $6497.34 (price: $142.745000)
2025-11-15 07:24:00 | INFO | trader_metrics_manager | ✅ UBTC: Included - $4430.70 (price: $96133.500000)
2025-11-15 07:24:05 | INFO | trader_metrics_manager | ✅ PURR: Included - $2133.90 (price: $0.099002)
2025-11-15 07:25:00 | INFO | trader_metrics_manager | ✅ HYPE: Included - $17.17 (price: $39.110500)
2025-11-15 07:25:16 | INFO | trader_metrics_manager | ✅ HYPE: Included - $181698.38 (price: $39.151000)
2025-11-15 07:25:16 | INFO | trader_metrics_manager | ✅ UBTC: Included - $429852.72 (price: $96353.500000)
2025-11-15 07:25:25 | INFO | trader_metrics_manager | ✅ HYPE: Included - $24384.73 (price: $39.149500)
2025-11-15 07:26:00 | INFO | trader_metrics_manager | ✅ MANLET: Included - $3651.44 (price: $3.452300)
2025-11-15 07:26:00 | INFO | trader_metrics_manager | ✅ TRUMP: Included - $3938.99 (price: $7.263250)
2025-11-15 07:26:00 | INFO | trader_metrics_manager | ✅ PUMP: Included - $402.72 (price: $0.003639)
2025-11-15 07:26:00 | INFO | trader_metrics_manager | ✅ TEST: Included - $5597.54 (price: $1.084700)
2025-11-15 07:26:00 | INFO | trader_metrics_manager | ✅ HYPE: Included - $248446.84 (price: $39.125500)
2025-11-15 07:26:00 | INFO | trader_metrics_manager | ✅ GENESY: Included - $300.73 (price: $143.250000)
2025-11-15 07:26:00 | INFO | trader_metrics_manager | ✅ UBTC: Included - $11664.36 (price: $96361.500000)
2025-11-15 07:26:16 | INFO | trader_metrics_manager | ✅ UBTC: Included - $1868.53 (price: $96380.500000)
2025-11-15 07:26:25 | INFO | trader_metrics_manager | ✅ UBTC: Included - $219917.27 (price: $96380.500000)
2025-11-15 07:27:00 | INFO | trader_metrics_manager | ✅ UBTC: Included - $101.13 (price: $96380.500000)
2025-11-15 07:27:26 | INFO | trader_metrics_manager | ✅ HYPE: Included - $464.89 (price: $39.143500)
2025-11-15 07:27:36 | INFO | trader_metrics_manager | ✅ HYPE: Included - $10.99 (price: $39.138500)
2025-11-15 07:27:46 | INFO | trader_metrics_manager | ✅ HYPE: Included - $503.27 (price: $39.123500)
2025-11-15 07:28:00 | INFO | trader_metrics_manager | ✅ HYPE: Included - $10.88 (price: $39.105500)
2025-11-15 07:28:00 | INFO | trader_metrics_manager | ✅ UBTC: Included - $6.18 (price: $96392.500000)
2025-11-15 07:28:15 | INFO | trader_metrics_manager | ✅ HYPE: Included - $31249.84 (price: $39.081500)
2025-11-15 07:28:25 | INFO | trader_metrics_manager | ✅ HYPE: Included - $1987472.64 (price: $39.074500)
2025-11-15 07:28:25 | INFO | trader_metrics_manager | ✅ UBTC: Included - $852103.20 (price: $96311.500000)
2025-11-15 07:29:25 | INFO | trader_metrics_manager | ✅ TEST: Included - $1626.89 (price: $1.084700)
2025-11-15 07:29:35 | INFO | trader_metrics_manager | ✅ HYPE: Included - $72.82 (price: $39.072500)
2025-11-15 07:29:35 | INFO | trader_metrics_manager | ✅ UBTC: Included - $1646.18 (price: $96324.500000)
2025-11-15 07:29:35 | INFO | trader_metrics_manager | ✅ UETH: Included - $117.18 (price: $3181.750000)
2025-11-15 07:29:35 | INFO | trader_metrics_manager | ✅ UFART: Included - $285.45 (price: $0.252690)
2025-11-15 07:29:35 | INFO | trader_metrics_manager | ✅ UPUMP: Included - $68.08 (price: $0.003634)
2025-11-15 07:29:35 | INFO | trader_metrics_manager | ✅ UXPL: Included - $77.89 (price: $0.238540)
2025-11-15 07:29:45 | INFO | trader_metrics_manager | ✅ USOL: Included - $9.44 (price: $143.095000)
2025-11-15 07:30:00 | INFO | trader_metrics_manager | ✅ UBTC: Included - $332.23 (price: $96362.500000)
2025-11-15 07:30:05 | INFO | trader_metrics_manager | ✅ HYPE: Included - $239.12 (price: $39.099500)
2025-11-15 07:30:25 | INFO | trader_metrics_manager | ✅ HYPE: Included - $15628.57 (price: $39.070500)
2025-11-15 07:30:25 | INFO | trader_metrics_manager | ✅ UBTC: Included - $9931.07 (price: $96357.500000)
2025-11-15 07:30:25 | INFO | trader_metrics_manager | ✅ UETH: Included - $4772.92 (price: $3181.850000)
2025-11-15 07:30:59 | INFO | trader_metrics_manager | Registered 1 new addresses
2025-11-15 07:31:15 | INFO | trader_metrics_manager | ✅ HYPE: Included - $17826.44 (price: $39.085500)
2025-11-15 07:31:25 | INFO | trader_metrics_manager | ✅ UBTC: Included - $3727.45 (price: $96327.500000)
2025-11-15 07:31:45 | INFO | trader_metrics_manager | ✅ UBTC: Included - $434574.50 (price: $96272.500000)
2025-11-15 07:32:00 | INFO | trader_metrics_manager | ✅ HYPE: Included - $18.10 (price: $39.033500)
2025-11-15 07:32:05 | INFO | trader_metrics_manager | ✅ HYPE: Included - $19071.05 (price: $39.047000)
2025-11-15 07:32:05 | INFO | trader_metrics_manager | ✅ UPUMP: Included - $3480.50 (price: $0.003633)
2025-11-15 07:32:05 | INFO | trader_metrics_manager | ✅ UXPL: Included - $2266.26 (price: $0.237925)
2025-11-15 07:32:25 | INFO | trader_metrics_manager | ✅ HYPE: Included - $16.81 (price: $39.045500)
2025-11-15 07:32:25 | INFO | trader_metrics_manager | ✅ UFART: Included - $41546.60 (price: $0.251810)
2025-11-15 07:32:59 | INFO | trader_metrics_manager | ✅ HYPE: Included - $300870.01 (price: $39.088500)
2025-11-15 07:33:05 | INFO | trader_metrics_manager | ✅ HYPE: Included - $313.21 (price: $39.100500)
2025-11-15 07:33:25 | INFO | trader_metrics_manager | ✅ HYPE: Included - $9433.24 (price: $39.081500)
2025-11-15 07:33:25 | INFO | trader_metrics_manager | ✅ UBTC: Included - $45667.08 (price: $96295.500000)
2025-11-15 07:33:45 | INFO | trader_metrics_manager | ✅ HYPE: Included - $5.69 (price: $39.056500)
2025-11-15 07:34:00 | INFO | trader_metrics_manager | ✅ HYPE: Included - $2331.87 (price: $39.073500)
2025-11-15 07:34:05 | INFO | trader_metrics_manager | ✅ HYPE: Included - $30478.30 (price: $39.056500)
2025-11-15 07:34:15 | INFO | trader_metrics_manager | ✅ HYPE: Included - $585862.87 (price: $39.057500)
2025-11-15 07:34:25 | INFO | trader_metrics_manager | ✅ PURR: Included - $5725.03 (price: $0.099018)
2025-11-15 07:34:59 | INFO | trader_metrics_manager | ✅ UBTC: Included - $29426.12 (price: $96307.500000)
2025-11-15 07:35:05 | INFO | trader_metrics_manager | ✅ HYPE: Included - $483008.63 (price: $39.048500)
2025-11-15 07:35:05 | INFO | trader_metrics_manager | ✅ UBTC: Included - $188345.60 (price: $96301.500000)
2025-11-15 07:35:15 | INFO | trader_metrics_manager | ✅ UPUMP: Included - $73.48 (price: $0.003632)
2025-11-15 07:35:35 | INFO | trader_metrics_manager | ✅ UBTC: Included - $7788.14 (price: $96269.500000)
2025-11-15 07:36:00 | INFO | trader_metrics_manager | ✅ HYPE: Included - $80.61 (price: $39.037500)
2025-11-15 07:36:05 | INFO | trader_metrics_manager | ✅ HYPE: Included - $395.69 (price: $39.037500)
2025-11-15 07:36:46 | INFO | trader_metrics_manager | ✅ UETH: Included - $2910.42 (price: $3178.150000)
2025-11-15 07:37:00 | INFO | trader_metrics_manager | ✅ HYPE: Included - $195088.86 (price: $39.031000)
2025-11-15 07:37:25 | INFO | trader_metrics_manager | ✅ UETH: Included - $818903.11 (price: $3179.050000)
2025-11-15 07:37:36 | INFO | trader_metrics_manager | ✅ HYPE: Included - $427.30 (price: $39.048500)
2025-11-15 07:37:46 | INFO | trader_metrics_manager | ✅ UBTC: Included - $13222.80 (price: $96265.500000)
2025-11-15 07:37:46 | INFO | trader_metrics_manager | ✅ UPUMP: Included - $193308.22 (price: $0.003627)
2025-11-15 07:38:15 | INFO | trader_metrics_manager | ✅ HYPE: Included - $12.52 (price: $39.051000)
2025-11-15 07:38:25 | INFO | trader_metrics_manager | ✅ HYPE: Included - $3264.20 (price: $39.068000)
2025-11-15 07:38:36 | INFO | trader_metrics_manager | ✅ HYPE: Included - $12525.94 (price: $39.056500)
2025-11-15 07:38:36 | INFO | trader_metrics_manager | ✅ UFART: Included - $2507.42 (price: $0.250900)
2025-11-15 07:38:36 | INFO | trader_metrics_manager | ✅ UPUMP: Included - $3256.53 (price: $0.003624)
2025-11-15 07:38:46 | INFO | trader_metrics_manager | ✅ UBTC: Included - $213.11 (price: $96227.500000)
2025-11-15 07:38:46 | INFO | trader_metrics_manager | ✅ UETH: Included - $192.49 (price: $3177.350000)
2025-11-15 07:38:46 | INFO | trader_metrics_manager | ✅ USOL: Included - $192.39 (price: $142.825000)
2025-11-15 07:38:46 | INFO | trader_metrics_manager | ✅ UFART: Included - $170.84 (price: $0.251060)
2025-11-15 07:38:46 | INFO | trader_metrics_manager | ✅ UPUMP: Included - $244.89 (price: $0.003624)
2025-11-15 07:38:46 | INFO | trader_metrics_manager | ✅ UXPL: Included - $199.86 (price: $0.237310)
2025-11-15 07:39:00 | INFO | trader_metrics_manager | ✅ HYPE: Included - $19519.06 (price: $39.059500)
2025-11-15 07:39:06 | INFO | trader_metrics_manager | ✅ PURR: Included - $5.35 (price: $0.099065)
2025-11-15 07:39:06 | INFO | trader_metrics_manager | ✅ HYPE: Included - $427.44 (price: $39.059500)
2025-11-15 07:39:06 | INFO | trader_metrics_manager | ✅ USOL: Included - $63.81 (price: $142.725000)
2025-11-15 07:39:06 | INFO | trader_metrics_manager | ✅ UFART: Included - $5.02 (price: $0.250880)
2025-11-15 07:39:06 | INFO | trader_metrics_manager | ✅ UPUMP: Included - $6.37 (price: $0.003624)
2025-11-15 07:39:26 | INFO | trader_metrics_manager | ✅ UBTC: Included - $5134.52 (price: $96219.500000)
2025-11-15 07:39:35 | INFO | trader_metrics_manager | ✅ UPUMP: Included - $426.18 (price: $0.003624)
2025-11-15 07:39:59 | INFO | trader_metrics_manager | ✅ HYPE: Included - $2975.02 (price: $39.059500)
2025-11-15 07:39:59 | INFO | trader_metrics_manager | ✅ UFART: Included - $547.98 (price: $0.250620)
2025-11-15 07:40:15 | INFO | trader_metrics_manager | ✅ HYPE: Included - $37833.97 (price: $39.060500)
2025-11-15 07:40:15 | INFO | trader_metrics_manager | ✅ UPUMP: Included - $72603.50 (price: $0.003624)
2025-11-15 07:40:15 | INFO | trader_metrics_manager | ✅ UXPL: Included - $116209.39 (price: $0.237255)
2025-11-15 07:40:25 | INFO | trader_metrics_manager | ✅ PURR: Included - $3344.59 (price: $0.099115)
2025-11-15 07:40:25 | INFO | trader_metrics_manager | ✅ HYPE: Included - $16298.75 (price: $39.059500)
2025-11-15 07:40:35 | INFO | trader_metrics_manager | ✅ HYPE: Included - $6.94 (price: $39.059500)
2025-11-15 07:40:35 | INFO | trader_metrics_manager | ✅ UETH: Included - $40.81 (price: $3177.650000)
2025-11-15 07:41:05 | INFO | trader_metrics_manager | ✅ HYPE: Included - $8890.25 (price: $39.017500)
2025-11-15 07:41:45 | INFO | trader_metrics_manager | ✅ UBTC: Included - $470.89 (price: $96164.500000)
2025-11-15 07:42:15 | INFO | trader_metrics_manager | ✅ HYPE: Included - $58629.57 (price: $39.014500)
2025-11-15 07:42:25 | INFO | trader_metrics_manager | ✅ HYPE: Included - $11702.80 (price: $39.012500)
2025-11-15 07:42:25 | INFO | trader_metrics_manager | ✅ UBTC: Included - $37461.52 (price: $96166.500000)
2025-11-15 07:42:35 | INFO | trader_metrics_manager | ✅ HYPE: Included - $458.31 (price: $39.016500)
2025-11-15 07:42:45 | INFO | trader_metrics_manager | ✅ HYPE: Included - $43852.46 (price: $39.005500)
2025-11-15 07:42:45 | INFO | trader_metrics_manager | ✅ UBTC: Included - $197153.21 (price: $96168.500000)
2025-11-15 07:43:00 | INFO | trader_metrics_manager | ✅ HYPE: Included - $22216.30 (price: $39.026500)
2025-11-15 07:43:15 | INFO | trader_metrics_manager | ✅ HYPE: Included - $8579.30 (price: $39.016500)
2025-11-15 07:43:35 | INFO | trader_metrics_manager | ✅ HYPE: Included - $79850.88 (price: $39.039500)
2025-11-15 07:43:35 | INFO | trader_metrics_manager | ✅ UXPL: Included - $12755.86 (price: $0.236385)
2025-11-15 07:43:45 | INFO | trader_metrics_manager | ✅ PUMP: Included - $655.15 (price: $0.003618)
2025-11-15 07:43:45 | INFO | trader_metrics_manager | ✅ HYPE: Included - $29.07 (price: $39.023500)
2025-11-15 07:44:00 | INFO | trader_metrics_manager | ✅ UBTC: Included - $730.20 (price: $96183.500000)
2025-11-15 07:44:25 | INFO | trader_metrics_manager | ✅ UBTC: Included - $328.93 (price: $96163.500000)
2025-11-15 07:44:35 | INFO | trader_metrics_manager | ✅ HYPE: Included - $14915.29 (price: $39.042500)
2025-11-15 07:44:45 | INFO | trader_metrics_manager | ✅ HYPE: Included - $110.15 (price: $39.089500)
2025-11-15 07:45:00 | INFO | trader_metrics_manager | ✅ HYPE: Included - $274648.04 (price: $39.071500)
2025-11-15 07:45:15 | INFO | trader_metrics_manager | ✅ UBTC: Included - $11861113.97 (price: $96169.500000)
2025-11-15 07:45:26 | INFO | trader_metrics_manager | ✅ PURR: Included - $49.63 (price: $0.099068)
2025-11-15 07:45:35 | INFO | trader_metrics_manager | ✅ HYPE: Included - $80.61 (price: $39.056500)
2025-11-15 07:46:00 | INFO | trader_metrics_manager | ✅ HYPE: Included - $109314.00 (price: $39.040500)
2025-11-15 07:46:00 | INFO | trader_metrics_manager | ✅ UFART: Included - $71945.42 (price: $0.250680)
2025-11-15 07:46:06 | INFO | trader_metrics_manager | ✅ UBTC: Included - $394.70 (price: $96208.500000)
2025-11-15 07:46:36 | INFO | trader_metrics_manager | ✅ HYPE: Included - $820824.18 (price: $39.046500)
2025-11-15 07:47:00 | INFO | trader_metrics_manager | ✅ HYPE: Included - $34478.26 (price: $39.026500)
2025-11-15 07:47:05 | INFO | trader_metrics_manager | ✅ HYPE: Included - $19791.55 (price: $39.047500)
2025-11-15 07:47:05 | INFO | trader_metrics_manager | ✅ UETH: Included - $51668.77 (price: $3171.450000)
2025-11-15 07:47:05 | INFO | trader_metrics_manager | ✅ UFART: Included - $4024.92 (price: $0.250560)
2025-11-15 07:47:05 | INFO | trader_metrics_manager | ✅ UPUMP: Included - $18971.12 (price: $0.003616)
2025-11-15 07:47:16 | INFO | trader_metrics_manager | ✅ HYPE: Included - $7177.38 (price: $39.055500)
2025-11-15 07:48:06 | INFO | trader_metrics_manager | ✅ HYPE: Included - $117.24 (price: $39.075500)
2025-11-15 07:48:16 | INFO | trader_metrics_manager | ✅ HYPE: Included - $20.64 (price: $39.082000)
2025-11-15 07:48:26 | INFO | trader_metrics_manager | ✅ HYPE: Included - $104180.98 (price: $39.077500)
2025-11-15 07:48:26 | INFO | trader_metrics_manager | ✅ UBTC: Included - $7067.47 (price: $96239.500000)
2025-11-15 07:48:35 | INFO | trader_metrics_manager | ✅ UBTC: Included - $942.35 (price: $96222.500000)
2025-11-15 07:48:45 | INFO | trader_metrics_manager | ✅ HYPE: Included - $37.28 (price: $39.099500)
2025-11-15 07:48:59 | INFO | trader_metrics_manager | ✅ HYPE: Included - $142.42 (price: $39.099500)
2025-11-15 07:49:06 | INFO | trader_metrics_manager | ✅ HYPE: Included - $576386.09 (price: $39.080500)
2025-11-15 07:49:16 | INFO | trader_metrics_manager | ✅ HYPE: Included - $118236.26 (price: $39.083500)
2025-11-15 07:49:45 | INFO | trader_metrics_manager | ✅ UBTC: Included - $331.77 (price: $96230.500000)
2025-11-15 07:50:00 | INFO | trader_metrics_manager | ✅ UBTC: Included - $875.33 (price: $96212.500000)
2025-11-15 07:50:05 | INFO | trader_metrics_manager | ✅ HYPE: Included - $11.22 (price: $39.053500)
2025-11-15 07:50:25 | INFO | trader_metrics_manager | ✅ UBTC: Included - $654.11 (price: $96256.500000)
2025-11-15 07:50:45 | INFO | trader_metrics_manager | ✅ HYPE: Included - $1597.58 (price: $39.122500)
2025-11-15 07:50:59 | INFO | trader_metrics_manager | ✅ UETH: Included - $185.56 (price: $3174.250000)
2025-11-15 07:51:05 | INFO | trader_metrics_manager | ✅ HYPE: Included - $14107.65 (price: $39.129500)
2025-11-15 07:51:25 | INFO | trader_metrics_manager | ✅ HYPE: Included - $210.89 (price: $39.142500)
2025-11-15 07:51:45 | INFO | trader_metrics_manager | ✅ HYPE: Included - $248.54 (price: $39.151500)
2025-11-15 07:51:59 | INFO | trader_metrics_manager | ✅ HYPE: Included - $23300.36 (price: $39.157500)
2025-11-15 07:52:05 | INFO | trader_metrics_manager | ✅ HYPE: Included - $152220.24 (price: $39.170500)
2025-11-15 07:52:15 | INFO | trader_metrics_manager | ✅ HYPE: Included - $236411.92 (price: $39.170500)
2025-11-15 07:52:15 | INFO | trader_metrics_manager | ✅ UBTC: Included - $96238.09 (price: $96305.500000)
2025-11-15 07:52:15 | INFO | trader_metrics_manager | ✅ UETH: Included - $99751.69 (price: $3174.350000)
2025-11-15 07:52:16 | INFO | trader_metrics_manager | ✅ UXPL: Included - $27982.74 (price: $0.236755)
2025-11-15 07:52:25 | INFO | trader_metrics_manager | ✅ HYPE: Included - $11.31 (price: $39.170500)
2025-11-15 07:53:15 | INFO | trader_metrics_manager | ✅ HYPE: Included - $60.08 (price: $39.267000)
2025-11-15 07:53:25 | INFO | trader_metrics_manager | ✅ HYPE: Included - $5.07 (price: $39.282500)
2025-11-15 07:53:35 | INFO | trader_metrics_manager | ✅ HYPE: Included - $17457.43 (price: $39.283500)
2025-11-15 07:54:00 | INFO | trader_metrics_manager | ✅ HYPE: Included - $14749.16 (price: $39.171500)
2025-11-15 07:54:35 | INFO | trader_metrics_manager | ✅ PURR: Included - $19.49 (price: $0.099502)
2025-11-15 07:54:35 | INFO | trader_metrics_manager | ✅ PUMP: Included - $80.77 (price: $0.003623)
2025-11-15 07:54:35 | INFO | trader_metrics_manager | ✅ HYPE: Included - $744.46 (price: $39.174500)
2025-11-15 07:55:05 | INFO | trader_metrics_manager | ✅ HYPE: Included - $19.04 (price: $39.200500)
2025-11-15 07:55:15 | INFO | trader_metrics_manager | ✅ PURR: Included - $15.53 (price: $0.099581)
2025-11-15 07:55:15 | INFO | trader_metrics_manager | ✅ MANLET: Included - $3660.45 (price: $3.460950)
2025-11-15 07:55:15 | INFO | trader_metrics_manager | ✅ PUMP: Included - $385.63 (price: $0.003623)
2025-11-15 07:55:15 | INFO | trader_metrics_manager | ✅ TEST: Included - $11096.01 (price: $1.084700)
2025-11-15 07:55:15 | INFO | trader_metrics_manager | ✅ RANK: Included - $2443.31 (price: $39.175000)
2025-11-15 07:55:15 | INFO | trader_metrics_manager | ✅ UBTC: Included - $5606.34 (price: $96327.500000)
2025-11-15 07:55:36 | INFO | trader_metrics_manager | ✅ PURR: Included - $8053.40 (price: $0.099568)
2025-11-15 07:55:36 | INFO | trader_metrics_manager | ✅ HYPE: Included - $180.73 (price: $39.230500)
2025-11-15 07:55:46 | INFO | trader_metrics_manager | ✅ UXPL: Included - $28578.48 (price: $0.236390)
2025-11-15 07:56:05 | INFO | trader_metrics_manager | ✅ UETH: Included - $15.13 (price: $3177.550000)
2025-11-15 07:56:16 | INFO | trader_metrics_manager | ✅ HYPE: Included - $9689.73 (price: $39.183500)
2025-11-15 07:56:16 | INFO | trader_metrics_manager | ✅ UBTC: Included - $116121.71 (price: $96376.500000)
2025-11-15 07:56:36 | INFO | trader_metrics_manager | ✅ HYPE: Included - $11.69 (price: $39.168500)
2025-11-15 07:56:46 | INFO | trader_metrics_manager | ✅ HYPE: Included - $11.75 (price: $39.159500)
2025-11-15 07:56:59 | INFO | trader_metrics_manager | Registered 1 new addresses
2025-11-15 07:56:59 | INFO | trader_metrics_manager | ✅ PURR: Included - $2995.13 (price: $0.099568)
2025-11-15 07:56:59 | INFO | trader_metrics_manager | ✅ HYPE: Included - $50318.17 (price: $39.152500)
2025-11-15 07:57:06 | INFO | trader_metrics_manager | ✅ PURR: Included - $3669.32 (price: $0.099568)
2025-11-15 07:57:06 | INFO | trader_metrics_manager | ✅ HYPE: Included - $238.47 (price: $39.171000)
2025-11-15 07:57:15 | INFO | trader_metrics_manager | ✅ UBTC: Included - $712.92 (price: $96348.500000)
2025-11-15 07:57:45 | INFO | trader_metrics_manager | ✅ HYPE: Included - $3625.49 (price: $39.160500)
2025-11-15 07:57:45 | INFO | trader_metrics_manager | ✅ UETH: Included - $28593.65 (price: $3177.250000)
2025-11-15 07:59:05 | INFO | trader_metrics_manager | ✅ HYPE: Included - $82.48 (price: $39.167000)
2025-11-15 07:59:05 | INFO | trader_metrics_manager | ✅ UBTC: Included - $101.95 (price: $96361.500000)
2025-11-15 07:59:05 | INFO | trader_metrics_manager | ✅ UXPL: Included - $73.32 (price: $0.236160)
2025-11-15 07:59:15 | INFO | trader_metrics_manager | ✅ HYPE: Included - $219343.93 (price: $39.164500)
2025-11-15 07:59:15 | INFO | trader_metrics_manager | ✅ UPUMP: Included - $258199.42 (price: $0.003620)
2025-11-15 07:59:25 | INFO | trader_metrics_manager | ✅ PURR: Included - $9.85 (price: $0.099568)
2025-11-15 07:59:45 | INFO | trader_metrics_manager | ✅ UBTC: Included - $2822.54 (price: $96346.500000)
2025-11-15 08:00:00 | INFO | trader_metrics_manager | ✅ UBTC: Included - $770.29 (price: $96351.500000)
2025-11-15 08:00:00 | INFO | trader_metrics_manager | ✅ UETH: Included - $784.52 (price: $3177.050000)
2025-11-15 08:00:05 | INFO | trader_metrics_manager | ✅ HYPE: Included - $59089.95 (price: $39.175500)
2025-11-15 08:00:15 | INFO | trader_metrics_manager | ✅ UBTC: Included - $1236.07 (price: $96368.500000)
2025-11-15 08:00:26 | INFO | trader_metrics_manager | ✅ HYPE: Included - $2044.72 (price: $39.173000)
2025-11-15 08:01:05 | INFO | trader_metrics_manager | ✅ UBTC: Included - $302.73 (price: $96200.500000)
2025-11-15 08:01:25 | INFO | trader_metrics_manager | ✅ HYPE: Included - $103525.86 (price: $39.116500)
2025-11-15 08:01:36 | INFO | trader_metrics_manager | ✅ TRUMP: Included - $74435.06 (price: $7.268050)
2025-11-15 08:01:59 | INFO | trader_metrics_manager | Registered 1 new addresses
2025-11-15 08:02:16 | INFO | trader_metrics_manager | ✅ PURR: Included - $136918.91 (price: $0.099568)
2025-11-15 08:02:16 | INFO | trader_metrics_manager | ✅ TRUMP: Included - $27728.66 (price: $7.252550)
2025-11-15 08:02:16 | INFO | trader_metrics_manager | ✅ HYPE: Included - $3258038.91 (price: $39.046500)
2025-11-15 08:02:26 | INFO | trader_metrics_manager | ✅ HYPE: Included - $905.78 (price: $39.051500)
2025-11-15 08:03:00 | INFO | trader_metrics_manager | ✅ HYPE: Included - $74.08 (price: $39.085500)
2025-11-15 08:03:00 | INFO | trader_metrics_manager | ✅ USOL: Included - $6.79 (price: $142.265000)
2025-11-15 08:03:00 | INFO | trader_metrics_manager | ✅ UPUMP: Included - $8.55 (price: $0.003610)
2025-11-15 08:03:15 | INFO | trader_metrics_manager | ✅ HYPE: Included - $170991.16 (price: $39.083500)
2025-11-15 08:03:25 | INFO | trader_metrics_manager | ✅ HYPE: Included - $21409.54 (price: $39.066500)
2025-11-15 08:03:25 | INFO | trader_metrics_manager | ✅ UPUMP: Included - $1954.31 (price: $0.003610)
2025-11-15 08:04:00 | INFO | trader_metrics_manager | ✅ HYPE: Included - $165.12 (price: $39.052500)
2025-11-15 08:04:00 | INFO | trader_metrics_manager | ✅ UETH: Included - $2883.73 (price: $3166.450000)
2025-11-15 08:04:05 | INFO | trader_metrics_manager | ✅ UBTC: Included - $336.14 (price: $96106.500000)
2025-11-15 08:04:15 | INFO | trader_metrics_manager | ✅ HYPE: Included - $4564.85 (price: $39.039500)
2025-11-15 08:04:15 | INFO | trader_metrics_manager | ✅ UPUMP: Included - $2165.53 (price: $0.003610)
2025-11-15 08:04:25 | INFO | trader_metrics_manager | ✅ HYPE: Included - $22839.54 (price: $39.035500)
2025-11-15 08:04:35 | INFO | trader_metrics_manager | ✅ HYPE: Included - $206003.24 (price: $39.044500)
2025-11-15 08:04:35 | INFO | trader_metrics_manager | ✅ UETH: Included - $104242.94 (price: $3166.050000)
2025-11-15 08:04:35 | INFO | trader_metrics_manager | ✅ UPUMP: Included - $214502.00 (price: $0.003610)
2025-11-15 08:05:00 | INFO | trader_metrics_manager | ✅ HYPE: Included - $9.76 (price: $39.059500)
2025-11-15 08:05:05 | INFO | trader_metrics_manager | ✅ UBTC: Included - $83110.78 (price: $96142.500000)
2025-11-15 08:05:25 | INFO | trader_metrics_manager | ✅ PURR: Included - $23.99 (price: $0.099568)
2025-11-15 08:05:25 | INFO | trader_metrics_manager | ✅ HYPE: Included - $3722.79 (price: $39.088500)
2025-11-15 08:05:25 | INFO | trader_metrics_manager | ✅ UPUMP: Included - $9737.17 (price: $0.003615)
2025-11-15 08:05:35 | INFO | trader_metrics_manager | ✅ HYPE: Included - $136.32 (price: $39.088500)
2025-11-15 08:05:35 | INFO | trader_metrics_manager | ✅ UBTC: Included - $11.63 (price: $96164.500000)
2025-11-15 08:08:59 | INFO | trader_metrics_manager | Registered 1 new addresses
2025-11-15 08:09:00 | INFO | trader_metrics_manager | ✅ UBTC: Included - $2713704.26 (price: $96184.500000)
2025-11-15 08:14:59 | INFO | __main__ | Scheduled metrics check - 418 pending updates
2025-11-15 08:15:00 | INFO | trader_metrics_manager | ✅ HYPE: Included - $33.16 (price: $39.086500)
2025-11-15 08:15:06 | INFO | trader_metrics_manager | ✅ HYPE: Included - $149576.17 (price: $39.082500)
2025-11-15 08:15:16 | INFO | trader_metrics_manager | ✅ HYPE: Included - $22662.35 (price: $39.079500)
2025-11-15 08:15:16 | INFO | trader_metrics_manager | ✅ UBTC: Included - $30768.01 (price: $96154.500000)
2025-11-15 08:15:16 | INFO | trader_metrics_manager | ✅ UXPL: Included - $9660.58 (price: $0.234020)
2025-11-15 08:15:35 | INFO | trader_metrics_manager | ✅ HYPE: Included - $120548.82 (price: $39.047500)
2025-11-15 08:16:15 | INFO | trader_metrics_manager | ✅ HYPE: Included - $1722.71 (price: $39.079500)
2025-11-15 08:16:26 | INFO | trader_metrics_manager | ✅ HYPE: Included - $899035.78 (price: $39.088500)
2025-11-15 08:17:00 | INFO | trader_metrics_manager | ✅ PURR: Included - $4972.95 (price: $0.099455)
2025-11-15 08:17:00 | INFO | trader_metrics_manager | ✅ HYPE: Included - $2372.00 (price: $39.147500)
2025-11-15 08:17:00 | INFO | trader_metrics_manager | ✅ UETH: Included - $300.40 (price: $3166.650000)
2025-11-15 08:17:00 | INFO | trader_metrics_manager | ✅ UPUMP: Included - $3614.21 (price: $0.003616)
2025-11-15 08:17:05 | INFO | trader_metrics_manager | ✅ PURR: Included - $14918.25 (price: $0.099455)
2025-11-15 08:17:05 | INFO | trader_metrics_manager | ✅ HYPE: Included - $95511.20 (price: $39.163500)
2025-11-15 08:17:25 | INFO | trader_metrics_manager | ✅ HYPE: Included - $1176.40 (price: $39.145500)
2025-11-15 08:18:00 | INFO | trader_metrics_manager | ✅ UBTC: Included - $1124.03 (price: $96138.500000)
2025-11-15 08:18:15 | INFO | trader_metrics_manager | ✅ HYPE: Included - $176019.92 (price: $39.115500)
2025-11-15 08:18:35 | INFO | trader_metrics_manager | ✅ HYPE: Included - $634904.96 (price: $39.101500)
2025-11-15 08:18:35 | INFO | trader_metrics_manager | ✅ UBTC: Included - $48045.52 (price: $96129.500000)
2025-11-15 08:18:35 | INFO | trader_metrics_manager | ✅ UETH: Included - $458946.35 (price: $3166.250000)
2025-11-15 08:18:35 | INFO | trader_metrics_manager | ✅ USOL: Included - $70962.65 (price: $141.975000)
2025-11-15 08:18:35 | INFO | trader_metrics_manager | ✅ UPUMP: Included - $7222.93 (price: $0.003613)
2025-11-15 08:18:46 | INFO | trader_metrics_manager | ✅ UBTC: Included - $205982.42 (price: $96108.500000)
2025-11-15 08:19:00 | INFO | trader_metrics_manager | ✅ HYPE: Included - $1005019.62 (price: $39.051500)
2025-11-15 08:19:05 | INFO | trader_metrics_manager | ✅ HYPE: Included - $7802302.46 (price: $39.051500)
2025-11-15 08:19:05 | INFO | trader_metrics_manager | ✅ UPUMP: Included - $4332232.80 (price: $0.003612)
2025-11-15 08:19:05 | INFO | trader_metrics_manager | ✅ UXPL: Included - $159530.85 (price: $0.233595)
2025-11-15 08:19:16 | INFO | trader_metrics_manager | ✅ UBTC: Included - $3864.14 (price: $96143.500000)
2025-11-15 08:19:25 | INFO | trader_metrics_manager | ✅ USOL: Included - $42.45 (price: $141.915000)
2025-11-15 08:19:45 | INFO | trader_metrics_manager | ✅ HYPE: Included - $62.48 (price: $39.019500)
2025-11-15 08:20:05 | INFO | trader_metrics_manager | ✅ HYPE: Included - $10298.77 (price: $39.018500)
2025-11-15 08:20:06 | INFO | trader_metrics_manager | ✅ UPUMP: Included - $9057.22 (price: $0.003610)
2025-11-15 08:20:06 | INFO | trader_metrics_manager | ✅ UXPL: Included - $54502.25 (price: $0.233690)
2025-11-15 08:20:16 | INFO | trader_metrics_manager | ✅ HYPE: Included - $460819.55 (price: $39.020500)
2025-11-15 08:20:16 | INFO | trader_metrics_manager | ✅ UXPL: Included - $53516.06 (price: $0.233575)
2025-11-15 08:20:36 | INFO | trader_metrics_manager | ✅ HYPE: Included - $43545.61 (price: $39.018500)
2025-11-15 08:21:26 | INFO | trader_metrics_manager | ✅ HYPE: Included - $22044.77 (price: $39.008500)
2025-11-15 08:21:35 | INFO | trader_metrics_manager | ✅ HYPE: Included - $11698.36 (price: $38.989500)
2025-11-15 08:21:45 | INFO | trader_metrics_manager | ✅ HYPE: Included - $1965974.17 (price: $38.949500)
2025-11-15 08:22:00 | INFO | trader_metrics_manager | ✅ HYPE: Included - $969115.56 (price: $38.958500)
2025-11-15 08:22:00 | INFO | trader_metrics_manager | ✅ UETH: Included - $405.67 (price: $3163.050000)
2025-11-15 08:22:00 | INFO | trader_metrics_manager | ✅ UPUMP: Included - $57415.00 (price: $0.003606)
2025-11-15 08:22:00 | INFO | trader_metrics_manager | ✅ UXPL: Included - $34871.61 (price: $0.233355)
2025-11-15 08:22:35 | INFO | trader_metrics_manager | ✅ PURR: Included - $4413.15 (price: $0.099268)
2025-11-15 08:22:35 | INFO | trader_metrics_manager | ✅ HYPE: Included - $36701.64 (price: $38.979500)
2025-11-15 08:22:36 | INFO | trader_metrics_manager | ✅ UPUMP: Included - $13200.42 (price: $0.003606)
2025-11-15 08:22:36 | INFO | trader_metrics_manager | ✅ UXPL: Included - $6994.10 (price: $0.233255)
2025-11-15 08:23:05 | INFO | trader_metrics_manager | ✅ HYPE: Included - $3895.17 (price: $38.928500)
2025-11-15 08:23:16 | INFO | trader_metrics_manager | ✅ HYPE: Included - $213.36 (price: $38.910500)
2025-11-15 08:23:59 | INFO | trader_metrics_manager | Registered 1 new addresses
2025-11-15 08:24:06 | INFO | trader_metrics_manager | ✅ HYPE: Included - $788.17 (price: $38.945000)
2025-11-15 08:24:25 | INFO | trader_metrics_manager | ✅ HYPE: Included - $334.23 (price: $38.999500)
2025-11-15 08:24:35 | INFO | trader_metrics_manager | ✅ HYPE: Included - $26234.98 (price: $38.981000)
2025-11-15 08:25:25 | INFO | trader_metrics_manager | ✅ HYPE: Included - $1559.30 (price: $38.981000)
2025-11-15 08:26:05 | INFO | trader_metrics_manager | ✅ HYPE: Included - $1650.46 (price: $38.965500)
2025-11-15 08:26:05 | INFO | trader_metrics_manager | ✅ UBTC: Included - $53.38 (price: $95900.500000)
2025-11-15 08:26:15 | INFO | trader_metrics_manager | ✅ HYPE: Included - $20.72 (price: $38.979500)
2025-11-15 08:26:25 | INFO | trader_metrics_manager | ✅ PURR: Included - $260221.78 (price: $0.099283)
2025-11-15 08:26:25 | INFO | trader_metrics_manager | ✅ HYPE: Included - $94719414.29 (price: $38.993500)
2025-11-15 08:26:25 | INFO | trader_metrics_manager | ✅ UBTC: Included - $22927.44 (price: $95882.500000)
2025-11-15 08:26:35 | INFO | trader_metrics_manager | ✅ HYPE: Included - $207861.72 (price: $38.985500)
2025-11-15 08:27:00 | INFO | trader_metrics_manager | ✅ HYPE: Included - $308666.29 (price: $38.971500)
2025-11-15 08:27:05 | INFO | trader_metrics_manager | ✅ HYPE: Included - $516.47 (price: $38.968500)
2025-11-15 08:27:05 | INFO | trader_metrics_manager | ✅ UBTC: Included - $1997.00 (price: $95839.500000)
2025-11-15 08:27:15 | INFO | trader_metrics_manager | ✅ HYPE: Included - $31964.94 (price: $38.989500)
2025-11-15 08:27:25 | INFO | trader_metrics_manager | ✅ HYPE: Included - $77964.58 (price: $38.978500)
2025-11-15 08:27:35 | INFO | trader_metrics_manager | ✅ HYPE: Included - $15424.94 (price: $38.995500)
2025-11-15 08:27:35 | INFO | trader_metrics_manager | ✅ UBTC: Included - $13134.78 (price: $95932.500000)
2025-11-15 08:28:16 | INFO | trader_metrics_manager | ✅ HYPE: Included - $144973.28 (price: $38.991000)
2025-11-15 08:28:35 | INFO | trader_metrics_manager | ✅ HYPE: Included - $64.75 (price: $38.962500)
2025-11-15 08:28:35 | INFO | trader_metrics_manager | ✅ UBTC: Included - $1513.53 (price: $95943.500000)
2025-11-15 08:28:46 | INFO | trader_metrics_manager | ✅ UETH: Included - $1577.02 (price: $3155.850000)
2025-11-15 08:28:46 | INFO | trader_metrics_manager | ✅ UPUMP: Included - $179693.02 (price: $0.003596)
2025-11-15 08:28:46 | INFO | trader_metrics_manager | ✅ UXPL: Included - $1741.79 (price: $0.232730)
2025-11-15 08:29:15 | INFO | trader_metrics_manager | ✅ HYPE: Included - $24.97 (price: $38.939500)
2025-11-15 08:29:25 | INFO | trader_metrics_manager | ✅ HYPE: Included - $1947209.86 (price: $38.943500)
2025-11-15 08:29:36 | INFO | trader_metrics_manager | ✅ HYPE: Included - $1948.29 (price: $38.989500)
2025-11-15 08:29:46 | INFO | trader_metrics_manager | ✅ HYPE: Included - $438.17 (price: $38.996500)
2025-11-15 08:29:46 | INFO | trader_metrics_manager | ✅ UFART: Included - $5.26 (price: $0.247420)
2025-11-15 08:30:26 | INFO | trader_metrics_manager | ✅ USOL: Included - $2520.59 (price: $141.485000)
2025-11-15 08:30:59 | INFO | trader_metrics_manager | ✅ UBTC: Included - $463.35 (price: $96010.000000)
2025-11-15 08:31:15 | INFO | trader_metrics_manager | ✅ HYPE: Included - $1828499.31 (price: $38.936500)
2025-11-15 08:31:15 | INFO | trader_metrics_manager | ✅ UPUMP: Included - $392120.86 (price: $0.003596)
2025-11-15 08:31:36 | INFO | trader_metrics_manager | ✅ UXPL: Included - $6818.96 (price: $0.232260)
2025-11-15 08:31:59 | INFO | trader_metrics_manager | ✅ HYPE: Included - $10645.21 (price: $38.893500)
2025-11-15 08:32:26 | INFO | trader_metrics_manager | ✅ PURR: Included - $11812.06 (price: $0.099236)
2025-11-15 08:32:26 | INFO | trader_metrics_manager | ✅ TRUMP: Included - $37143.83 (price: $7.221850)
2025-11-15 08:33:05 | INFO | trader_metrics_manager | ✅ UBTC: Included - $6294.17 (price: $96030.500000)
2025-11-15 08:33:15 | INFO | trader_metrics_manager | ✅ UBTC: Included - $581.62 (price: $96082.500000)
2025-11-15 08:33:25 | INFO | trader_metrics_manager | ✅ HYPE: Included - $44682.11 (price: $38.820500)
2025-11-15 08:33:45 | INFO | trader_metrics_manager | ✅ UBTC: Included - $215322.25 (price: $96043.500000)
2025-11-15 08:33:45 | INFO | trader_metrics_manager | ✅ USOL: Included - $5524.67 (price: $141.405000)
2025-11-15 08:33:45 | INFO | trader_metrics_manager | ✅ UXPL: Included - $1749.65 (price: $0.232405)
2025-11-15 08:34:25 | INFO | trader_metrics_manager | ✅ HYPE: Included - $83.49 (price: $38.811500)
2025-11-15 08:34:35 | INFO | trader_metrics_manager | ✅ HYPE: Included - $607.92 (price: $38.811500)
2025-11-15 08:34:35 | INFO | trader_metrics_manager | ✅ UBTC: Included - $100.79 (price: $96033.500000)
2025-11-15 08:34:45 | INFO | trader_metrics_manager | ✅ HYPE: Included - $24174.20 (price: $38.811500)
2025-11-15 08:35:15 | INFO | trader_metrics_manager | ✅ UBTC: Included - $219198.51 (price: $96065.500000)
2025-11-15 08:35:35 | INFO | trader_metrics_manager | ✅ UBTC: Included - $100.82 (price: $96083.500000)
2025-11-15 08:35:45 | INFO | trader_metrics_manager | ✅ HYPE: Included - $10.93 (price: $38.926500)
2025-11-15 08:35:59 | INFO | trader_metrics_manager | ✅ HYPE: Included - $31161.88 (price: $38.971500)
2025-11-15 08:36:06 | INFO | trader_metrics_manager | ✅ HYPE: Included - $1983352.69 (price: $38.993500)
2025-11-15 08:36:06 | INFO | trader_metrics_manager | ✅ UBTC: Included - $851006.13 (price: $96187.500000)
2025-11-15 08:36:25 | INFO | trader_metrics_manager | ✅ TEST: Included - $1626.89 (price: $1.084700)
2025-11-15 08:36:35 | INFO | trader_metrics_manager | ✅ HYPE: Included - $15608.17 (price: $39.019500)
2025-11-15 08:36:35 | INFO | trader_metrics_manager | ✅ UBTC: Included - $9917.26 (price: $96223.500000)
2025-11-15 08:36:35 | INFO | trader_metrics_manager | ✅ UETH: Included - $4746.37 (price: $3164.150000)
2025-11-15 08:37:06 | INFO | trader_metrics_manager | ✅ HYPE: Included - $17804.55 (price: $39.037500)
2025-11-15 08:37:25 | INFO | trader_metrics_manager | ✅ HYPE: Included - $18.09 (price: $39.011500)
2025-11-15 08:37:35 | INFO | trader_metrics_manager | ✅ HYPE: Included - $5.68 (price: $38.994500)
2025-11-15 08:37:45 | INFO | trader_metrics_manager | ✅ HYPE: Included - $30429.92 (price: $38.994500)
2025-11-15 08:38:00 | INFO | trader_metrics_manager | ✅ UPUMP: Included - $72.25 (price: $0.003571)
2025-11-15 08:38:05 | INFO | trader_metrics_manager | ✅ UBTC: Included - $7779.65 (price: $96164.500000)
2025-11-15 08:38:26 | INFO | trader_metrics_manager | ✅ HYPE: Included - $394.79 (price: $38.948500)
2025-11-15 08:38:45 | INFO | trader_metrics_manager | ✅ UETH: Included - $814369.46 (price: $3161.450000)
2025-11-15 08:38:59 | INFO | trader_metrics_manager | ✅ UBTC: Included - $13207.14 (price: $96151.500000)
2025-11-15 08:38:59 | INFO | trader_metrics_manager | ✅ UPUMP: Included - $189843.91 (price: $0.003562)
2025-11-15 08:39:06 | INFO | trader_metrics_manager | ✅ HYPE: Included - $12.52 (price: $39.039500)
2025-11-15 08:39:16 | INFO | trader_metrics_manager | ✅ HYPE: Included - $12536.20 (price: $39.088500)
2025-11-15 08:39:16 | INFO | trader_metrics_manager | ✅ UFART: Included - $2471.24 (price: $0.247280)
2025-11-15 08:39:16 | INFO | trader_metrics_manager | ✅ UPUMP: Included - $3208.00 (price: $0.003570)
2025-11-15 08:39:26 | INFO | trader_metrics_manager | ✅ UBTC: Included - $5132.02 (price: $96172.500000)
2025-11-15 08:39:59 | INFO | trader_metrics_manager | ✅ HYPE: Included - $37852.37 (price: $39.079500)
2025-11-15 08:39:59 | INFO | trader_metrics_manager | ✅ UPUMP: Included - $71501.63 (price: $0.003569)
2025-11-15 08:39:59 | INFO | trader_metrics_manager | ✅ UXPL: Included - $113368.51 (price: $0.231455)
2025-11-15 08:40:46 | INFO | trader_metrics_manager | ✅ HYPE: Included - $338719.82 (price: $39.099500)
2025-11-15 08:41:16 | INFO | trader_metrics_manager | ✅ UBTC: Included - $471.02 (price: $96191.500000)
2025-11-15 08:41:45 | INFO | trader_metrics_manager | ✅ HYPE: Included - $34567.12 (price: $39.148500)
2025-11-15 08:42:00 | INFO | trader_metrics_manager | ✅ HYPE: Included - $58786.61 (price: $39.119000)
2025-11-15 08:42:05 | INFO | trader_metrics_manager | ✅ HYPE: Included - $11734.90 (price: $39.119500)
2025-11-15 08:42:05 | INFO | trader_metrics_manager | ✅ UBTC: Included - $37443.99 (price: $96121.500000)
2025-11-15 08:42:26 | INFO | trader_metrics_manager | ✅ HYPE: Included - $459.59 (price: $39.125500)
2025-11-15 08:42:35 | INFO | trader_metrics_manager | ✅ UBTC: Included - $532893.86 (price: $96119.500000)
2025-11-15 08:42:45 | INFO | trader_metrics_manager | ✅ HYPE: Included - $2599.70 (price: $39.127500)
2025-11-15 08:43:00 | INFO | trader_metrics_manager | ✅ HYPE: Included - $25367.62 (price: $39.147500)
2025-11-15 08:43:46 | INFO | trader_metrics_manager | ✅ UBTC: Included - $20204.86 (price: $96117.500000)
2025-11-15 08:43:59 | INFO | trader_metrics_manager | ✅ HYPE: Included - $44085.18 (price: $39.212500)
2025-11-15 08:43:59 | INFO | trader_metrics_manager | ✅ UBTC: Included - $197046.61 (price: $96116.500000)
2025-11-15 08:44:06 | INFO | trader_metrics_manager | ✅ PURR: Included - $286.79 (price: $0.099605)
2025-11-15 08:44:06 | INFO | trader_metrics_manager | ✅ HYPE: Included - $6433.31 (price: $39.225500)
2025-11-15 08:44:15 | INFO | trader_metrics_manager | ✅ HYPE: Included - $863550.05 (price: $39.167500)
2025-11-15 08:44:15 | INFO | trader_metrics_manager | ✅ UBTC: Included - $86788.69 (price: $96084.500000)
2025-11-15 08:44:25 | INFO | trader_metrics_manager | ✅ HYPE: Included - $57.76 (price: $39.159500)
2025-11-15 08:44:35 | INFO | trader_metrics_manager | ✅ HYPE: Included - $22268.67 (price: $39.118500)
2025-11-15 08:44:46 | INFO | trader_metrics_manager | ✅ HYPE: Included - $197.24 (price: $39.084500)
2025-11-15 08:45:06 | INFO | trader_metrics_manager | ✅ HYPE: Included - $8591.72 (price: $39.073000)
2025-11-15 08:45:25 | INFO | trader_metrics_manager | ✅ PURR: Included - $1780.72 (price: $0.099362)
2025-11-15 08:45:25 | INFO | trader_metrics_manager | ✅ HYPE: Included - $19696.02 (price: $39.043500)
2025-11-15 08:45:59 | INFO | trader_metrics_manager | ✅ HYPE: Included - $124316.69 (price: $39.074500)
2025-11-15 08:46:06 | INFO | trader_metrics_manager | ✅ HYPE: Included - $79876.45 (price: $39.052000)
2025-11-15 08:46:06 | INFO | trader_metrics_manager | ✅ UXPL: Included - $12405.64 (price: $0.229895)
2025-11-15 08:46:26 | INFO | trader_metrics_manager | ✅ UBTC: Included - $310.71 (price: $95960.500000)
2025-11-15 08:46:36 | INFO | trader_metrics_manager | ✅ HYPE: Included - $38803.97 (price: $39.029000)
2025-11-15 08:46:45 | INFO | trader_metrics_manager | ✅ PUMP: Included - $639.75 (price: $0.003533)
2025-11-15 08:46:45 | INFO | trader_metrics_manager | ✅ HYPE: Included - $29.07 (price: $39.022500)
2025-11-15 08:47:06 | INFO | trader_metrics_manager | ✅ UBTC: Included - $728.45 (price: $95952.500000)
2025-11-15 08:47:46 | INFO | trader_metrics_manager | ✅ UBTC: Included - $328.18 (price: $95944.500000)
2025-11-15 08:48:06 | INFO | trader_metrics_manager | ✅ HYPE: Included - $140726.82 (price: $38.992500)
2025-11-15 08:48:15 | INFO | trader_metrics_manager | ✅ HYPE: Included - $14888.55 (price: $38.972500)
2025-11-15 08:48:25 | INFO | trader_metrics_manager | ✅ HYPE: Included - $4910.60 (price: $38.982000)
2025-11-15 08:48:35 | INFO | trader_metrics_manager | ✅ HYPE: Included - $109.86 (price: $38.987000)
2025-11-15 08:48:45 | INFO | trader_metrics_manager | ✅ HYPE: Included - $274092.72 (price: $38.992500)
2025-11-15 08:49:06 | INFO | trader_metrics_manager | ✅ HYPE: Included - $14306.95 (price: $38.986500)
2025-11-15 08:49:15 | INFO | trader_metrics_manager | ✅ HYPE: Included - $3944580.52 (price: $38.994500)
2025-11-15 08:49:25 | INFO | trader_metrics_manager | ✅ HYPE: Included - $3303.39 (price: $38.991500)
2025-11-15 08:49:25 | INFO | trader_metrics_manager | ✅ UBTC: Included - $4359.11 (price: $95850.500000)
2025-11-15 08:49:35 | INFO | trader_metrics_manager | ✅ UBTC: Included - $584.40 (price: $95870.500000)
2025-11-15 08:49:45 | INFO | trader_metrics_manager | ✅ HYPE: Included - $225.42 (price: $38.970500)
2025-11-15 08:50:06 | INFO | trader_metrics_manager | ✅ UBTC: Included - $10061.95 (price: $95956.500000)
2025-11-15 08:50:25 | INFO | trader_metrics_manager | ✅ UBTC: Included - $11837310.22 (price: $95976.500000)
2025-11-15 08:50:36 | INFO | trader_metrics_manager | ✅ PURR: Included - $49.73 (price: $0.099274)
2025-11-15 08:50:46 | INFO | trader_metrics_manager | ✅ HYPE: Included - $80.59 (price: $39.044500)
2025-11-15 08:51:00 | INFO | trader_metrics_manager | ✅ HYPE: Included - $48194.33 (price: $39.023500)
2025-11-15 08:51:15 | INFO | trader_metrics_manager | ✅ HYPE: Included - $124741.21 (price: $39.018500)
2025-11-15 08:51:26 | INFO | trader_metrics_manager | ✅ PURR: Included - $595633.51 (price: $0.099273)
2025-11-15 08:51:26 | INFO | trader_metrics_manager | ✅ HYPE: Included - $142.55 (price: $39.095500)
2025-11-15 08:51:35 | INFO | trader_metrics_manager | ✅ UBTC: Included - $709.32 (price: $95917.500000)
2025-11-15 08:51:46 | INFO | trader_metrics_manager | ✅ UBTC: Included - $599.51 (price: $95912.500000)
2025-11-15 08:52:16 | INFO | trader_metrics_manager | ✅ HYPE: Included - $2789.01 (price: $39.075500)
2025-11-15 08:52:46 | INFO | trader_metrics_manager | ✅ UETH: Included - $16.02 (price: $3141.950000)
2025-11-15 08:52:46 | INFO | trader_metrics_manager | ✅ USOL: Included - $40.19 (price: $140.705000)
2025-11-15 08:53:15 | INFO | trader_metrics_manager | ✅ HYPE: Included - $4840.17 (price: $39.038500)
2025-11-15 08:53:15 | INFO | trader_metrics_manager | ✅ UBTC: Included - $5016.39 (price: $95829.500000)
2025-11-15 08:53:15 | INFO | trader_metrics_manager | ✅ UPUMP: Included - $2123.11 (price: $0.003517)
2025-11-15 08:53:36 | INFO | trader_metrics_manager | ✅ UBTC: Included - $1160.07 (price: $95739.500000)
2025-11-15 08:53:45 | INFO | trader_metrics_manager | ✅ HYPE: Included - $109182.40 (price: $38.993500)
2025-11-15 08:53:45 | INFO | trader_metrics_manager | ✅ UFART: Included - $69864.66 (price: $0.243430)
2025-11-15 08:54:00 | INFO | trader_metrics_manager | ✅ UBTC: Included - $392.73 (price: $95727.500000)
2025-11-15 08:54:05 | INFO | trader_metrics_manager | ✅ HYPE: Included - $440089.02 (price: $38.969000)
2025-11-15 08:54:59 | INFO | trader_metrics_manager | ✅ HYPE: Included - $820382.73 (price: $39.025500)
2025-11-15 08:55:35 | INFO | trader_metrics_manager | ✅ HYPE: Included - $34445.13 (price: $38.989000)
2025-11-15 08:55:45 | INFO | trader_metrics_manager | ✅ HYPE: Included - $17181.56 (price: $38.996000)
2025-11-15 08:55:59 | INFO | trader_metrics_manager | ✅ HYPE: Included - $19774.07 (price: $39.013000)
2025-11-15 08:55:59 | INFO | trader_metrics_manager | ✅ UETH: Included - $51197.94 (price: $3142.550000)
2025-11-15 08:55:59 | INFO | trader_metrics_manager | ✅ UFART: Included - $3922.44 (price: $0.244180)
2025-11-15 08:55:59 | INFO | trader_metrics_manager | ✅ UPUMP: Included - $18304.82 (price: $0.003489)
2025-11-15 08:56:05 | INFO | trader_metrics_manager | ✅ HYPE: Included - $8937.20 (price: $39.016500)
2025-11-15 08:56:15 | INFO | trader_metrics_manager | ✅ HYPE: Included - $1055589.53 (price: $39.009500)
2025-11-15 08:56:15 | INFO | trader_metrics_manager | ✅ UETH: Included - $6340851.43 (price: $3142.350000)
2025-11-15 08:56:45 | INFO | trader_metrics_manager | ✅ HYPE: Included - $58522.50 (price: $39.002500)
2025-11-15 08:56:45 | INFO | trader_metrics_manager | ✅ UBTC: Included - $36185.23 (price: $95860.500000)
2025-11-15 08:57:36 | INFO | trader_metrics_manager | ✅ HYPE: Included - $117.27 (price: $39.088500)
2025-11-15 08:57:45 | INFO | trader_metrics_manager | ✅ HYPE: Included - $14134.34 (price: $39.096500)
2025-11-15 08:58:05 | INFO | trader_metrics_manager | ✅ HYPE: Included - $20.64 (price: $39.084000)
2025-11-15 08:58:25 | INFO | trader_metrics_manager | ✅ HYPE: Included - $104135.66 (price: $39.060500)
2025-11-15 08:58:25 | INFO | trader_metrics_manager | ✅ UBTC: Included - $7044.34 (price: $95924.500000)
2025-11-15 08:58:35 | INFO | trader_metrics_manager | ✅ UBTC: Included - $939.49 (price: $95930.500000)
2025-11-15 08:59:00 | INFO | trader_metrics_manager | ✅ HYPE: Included - $13.27 (price: $39.028000)
2025-11-15 08:59:05 | INFO | trader_metrics_manager | ✅ HYPE: Included - $76.03 (price: $39.076500)
2025-11-15 08:59:15 | INFO | trader_metrics_manager | ✅ HYPE: Included - $37.25 (price: $39.066000)
2025-11-15 08:59:25 | INFO | trader_metrics_manager | ✅ HYPE: Included - $142.30 (price: $39.064500)
2025-11-15 08:59:35 | INFO | trader_metrics_manager | ✅ HYPE: Included - $3475474.66 (price: $39.056500)
2025-11-15 08:59:45 | INFO | trader_metrics_manager | ✅ HYPE: Included - $2956.97 (price: $39.047500)
2025-11-15 08:59:45 | INFO | trader_metrics_manager | ✅ UETH: Included - $1571.70 (price: $3144.550000)
2025-11-15 08:59:45 | INFO | trader_metrics_manager | ✅ USOL: Included - $2532.31 (price: $140.735000)
2025-11-15 09:00:06 | INFO | trader_metrics_manager | ✅ HYPE: Included - $575545.42 (price: $39.023500)
2025-11-15 09:00:15 | INFO | trader_metrics_manager | ✅ HYPE: Included - $118056.26 (price: $39.024000)
2025-11-15 09:00:25 | INFO | trader_metrics_manager | ✅ HYPE: Included - $312124.91 (price: $39.015500)
2025-11-15 09:01:01 | INFO | trader_metrics_manager | ✅ PURR: Included - $29.92 (price: $0.099286)
2025-11-15 09:01:01 | INFO | trader_metrics_manager | ✅ HYPE: Included - $1299.00 (price: $38.999500)
2025-11-15 09:01:01 | INFO | trader_metrics_manager | ✅ UBTC: Included - $54.76 (price: $95858.500000)
2025-11-15 09:01:01 | INFO | trader_metrics_manager | ✅ UETH: Included - $27.21 (price: $3144.150000)
2025-11-15 09:01:01 | INFO | trader_metrics_manager | ✅ USOL: Included - $8.03 (price: $140.755000)
2025-11-15 09:01:01 | INFO | trader_metrics_manager | ✅ UFART: Included - $28.75 (price: $0.243670)
2025-11-15 09:01:01 | INFO | trader_metrics_manager | ✅ UPUMP: Included - $26.28 (price: $0.003497)
2025-11-15 09:01:05 | INFO | trader_metrics_manager | ✅ UBTC: Included - $421.49 (price: $95858.500000)
2025-11-15 09:01:15 | INFO | trader_metrics_manager | ✅ HYPE: Included - $30231.02 (price: $38.997500)
2025-11-15 09:01:36 | INFO | trader_metrics_manager | ✅ HYPE: Included - $138356.16 (price: $38.973500)
2025-11-15 09:01:59 | INFO | trader_metrics_manager | ✅ HYPE: Included - $62.94 (price: $38.999500)
2025-11-15 09:02:16 | INFO | trader_metrics_manager | ✅ HYPE: Included - $1341581.62 (price: $39.010500)
2025-11-15 09:02:16 | INFO | trader_metrics_manager | ✅ UBTC: Included - $384306.84 (price: $95783.500000)
2025-11-15 09:02:46 | INFO | trader_metrics_manager | ✅ HYPE: Included - $11.34 (price: $39.004000)
2025-11-15 09:03:06 | INFO | trader_metrics_manager | ✅ UBTC: Included - $362.54 (price: $95720.500000)
2025-11-15 09:03:16 | INFO | trader_metrics_manager | ✅ HYPE: Included - $1173.98 (price: $38.999500)
2025-11-15 09:03:16 | INFO | trader_metrics_manager | ✅ UBTC: Included - $1444.81 (price: $95695.500000)
2025-11-15 09:03:26 | INFO | trader_metrics_manager | ✅ PURR: Included - $1235706.51 (price: $0.099286)
2025-11-15 09:03:26 | INFO | trader_metrics_manager | ✅ HYPE: Included - $15897442.48 (price: $39.001500)
2025-11-15 09:03:26 | INFO | trader_metrics_manager | ✅ UBTC: Included - $1197.56 (price: $95691.500000)
2025-11-15 09:03:26 | INFO | trader_metrics_manager | ✅ UETH: Included - $2079.75 (price: $3140.250000)
2025-11-15 09:03:26 | INFO | trader_metrics_manager | ✅ USOL: Included - $153.32 (price: $140.475000)
2025-11-15 09:03:26 | INFO | trader_metrics_manager | ✅ UXPL: Included - $2707.81 (price: $0.229805)
2025-11-15 09:03:36 | INFO | trader_metrics_manager | ✅ HYPE: Included - $47956.44 (price: $39.014000)
2025-11-15 09:03:46 | INFO | trader_metrics_manager | ✅ HYPE: Included - $10148.13 (price: $39.016500)
2025-11-15 09:03:59 | INFO | trader_metrics_manager | ✅ HYPE: Included - $31698.01 (price: $39.023500)
2025-11-15 09:04:16 | INFO | trader_metrics_manager | ✅ HYPE: Included - $298414.94 (price: $39.048000)
2025-11-15 09:04:25 | INFO | trader_metrics_manager | ✅ HYPE: Included - $160083.70 (price: $39.073000)
2025-11-15 09:04:25 | INFO | trader_metrics_manager | ✅ UBTC: Included - $593.25 (price: $95789.500000)
2025-11-15 09:04:36 | INFO | trader_metrics_manager | ✅ USOL: Included - $1701.42 (price: $140.775000)
2025-11-15 09:05:46 | INFO | trader_metrics_manager | ✅ HYPE: Included - $27030.04 (price: $39.137500)
2025-11-15 09:06:46 | INFO | trader_metrics_manager | ✅ UBTC: Included - $430.72 (price: $95781.500000)
2025-11-15 09:07:00 | INFO | trader_metrics_manager | ✅ HYPE: Included - $1174.36 (price: $39.135500)
2025-11-15 09:07:16 | INFO | trader_metrics_manager | ✅ HYPE: Included - $118311.32 (price: $39.136500)
2025-11-15 09:07:25 | INFO | trader_metrics_manager | ✅ HYPE: Included - $48.50 (price: $39.141000)
2025-11-15 09:07:36 | INFO | trader_metrics_manager | ✅ HYPE: Included - $2269.10 (price: $39.131500)
2025-11-15 09:07:36 | INFO | trader_metrics_manager | ✅ UBTC: Included - $4293.72 (price: $95804.500000)
2025-11-15 09:08:15 | INFO | trader_metrics_manager | ✅ UBTC: Included - $1151531.34 (price: $95830.500000)
2025-11-15 09:08:36 | INFO | trader_metrics_manager | ✅ HYPE: Included - $156686.36 (price: $39.171500)
2025-11-15 09:09:00 | INFO | trader_metrics_manager | ✅ HYPE: Included - $4737.10 (price: $39.176500)
2025-11-15 09:09:00 | INFO | trader_metrics_manager | ✅ UBTC: Included - $47979.26 (price: $95793.500000)
2025-11-15 09:09:26 | INFO | trader_metrics_manager | ✅ HYPE: Included - $7250.12 (price: $39.180500)
2025-11-15 09:09:26 | INFO | trader_metrics_manager | ✅ UPUMP: Included - $580.32 (price: $0.003522)
2025-11-15 09:09:35 | INFO | trader_metrics_manager | ✅ WHYPI: Included - $541.58 (price: $4.835500)
2025-11-15 09:09:46 | INFO | trader_metrics_manager | ✅ HYPE: Included - $22047.58 (price: $39.183500)
2025-11-15 09:09:46 | INFO | trader_metrics_manager | ✅ UBTC: Included - $19.17 (price: $95801.000000)
2025-11-15 09:09:46 | INFO | trader_metrics_manager | ✅ USR: Included - $6.78 (price: $669.675000)
2025-11-15 09:09:46 | INFO | trader_metrics_manager | ✅ UPUMP: Included - $18171.80 (price: $0.003524)
2025-11-15 09:10:00 | INFO | trader_metrics_manager | ✅ HYPE: Included - $1083.35 (price: $39.188500)
2025-11-15 09:10:00 | INFO | trader_metrics_manager | ✅ UBTC: Included - $1828.05 (price: $95800.500000)
2025-11-15 09:10:16 | INFO | trader_metrics_manager | ✅ HYPE: Included - $8.34 (price: $39.207500)
2025-11-15 09:10:25 | INFO | trader_metrics_manager | ✅ HYPE: Included - $5194.16 (price: $39.216500)
2025-11-15 09:10:36 | INFO | trader_metrics_manager | ✅ HYPE: Included - $89469.76 (price: $39.206500)
2025-11-15 09:10:36 | INFO | trader_metrics_manager | ✅ UPUMP: Included - $59069.31 (price: $0.003527)
2025-11-15 09:10:36 | INFO | trader_metrics_manager | ✅ UXPL: Included - $19543.61 (price: $0.230920)
2025-11-15 09:11:05 | INFO | trader_metrics_manager | ✅ UBTC: Included - $719.62 (price: $96013.500000)
2025-11-15 09:11:16 | INFO | trader_metrics_manager | ✅ HYPE: Included - $67540.01 (price: $39.282500)
2025-11-15 09:11:25 | INFO | trader_metrics_manager | ✅ HYPE: Included - $353386.27 (price: $39.256500)
2025-11-15 09:11:25 | INFO | trader_metrics_manager | ✅ UBTC: Included - $384272.87 (price: $96088.500000)
2025-11-15 09:11:36 | INFO | trader_metrics_manager | ✅ HYPE: Included - $5347.55 (price: $39.252500)
2025-11-15 09:12:06 | INFO | trader_metrics_manager | ✅ PURR: Included - $8.13 (price: $0.099667)
2025-11-15 09:12:06 | INFO | trader_metrics_manager | ✅ USOL: Included - $11.52 (price: $141.135000)
2025-11-15 09:12:16 | INFO | trader_metrics_manager | ✅ HYPE: Included - $798486.34 (price: $39.291500)
2025-11-15 09:12:46 | INFO | trader_metrics_manager | ✅ HYPE: Included - $27.22 (price: $39.266500)
2025-11-15 09:12:46 | INFO | trader_metrics_manager | ✅ UBTC: Included - $40132.44 (price: $96061.500000)
2025-11-15 09:12:46 | INFO | trader_metrics_manager | ✅ UETH: Included - $7312.57 (price: $3158.850000)
2025-11-15 09:12:46 | INFO | trader_metrics_manager | ✅ USOL: Included - $8520.18 (price: $141.175000)
2025-11-15 09:12:46 | INFO | trader_metrics_manager | ✅ UFART: Included - $370.29 (price: $0.245830)
2025-11-15 09:12:46 | INFO | trader_metrics_manager | ✅ UPUMP: Included - $3479.91 (price: $0.003538)
2025-11-15 09:12:46 | INFO | trader_metrics_manager | ✅ UXPL: Included - $2078.47 (price: $0.231325)
2025-11-15 09:12:59 | INFO | trader_metrics_manager | Registered 1 new addresses
2025-11-15 09:13:00 | INFO | trader_metrics_manager | ✅ HYPE: Included - $102357.45 (price: $39.286500)
2025-11-15 09:13:06 | INFO | trader_metrics_manager | ✅ UBTC: Included - $297.71 (price: $96099.500000)
2025-11-15 09:13:16 | INFO | trader_metrics_manager | ✅ PURR: Included - $263.61 (price: $0.099688)
2025-11-15 09:13:25 | INFO | trader_metrics_manager | ✅ HYPE: Included - $977.29 (price: $39.262500)
2025-11-15 09:13:25 | INFO | trader_metrics_manager | ✅ UBTC: Included - $1209.76 (price: $96067.500000)
2025-11-15 09:13:25 | INFO | trader_metrics_manager | ✅ UETH: Included - $922.17 (price: $3159.150000)
2025-11-15 09:13:45 | INFO | trader_metrics_manager | ✅ HYPE: Included - $106.55 (price: $39.255500)
2025-11-15 09:14:00 | INFO | trader_metrics_manager | ✅ USOL: Included - $141.07 (price: $141.195000)
2025-11-15 09:14:06 | INFO | trader_metrics_manager | ✅ PURR: Included - $9.86 (price: $0.099619)
2025-11-15 09:14:15 | INFO | trader_metrics_manager | ✅ PURR: Included - $19.72 (price: $0.099623)
2025-11-15 09:14:15 | INFO | trader_metrics_manager | ✅ HYPE: Included - $667.03 (price: $39.224500)
2025-11-15 09:14:26 | INFO | trader_metrics_manager | ✅ PURR: Included - $27.69 (price: $0.099629)
2025-11-15 09:14:26 | INFO | trader_metrics_manager | ✅ PUMP: Included - $78.14 (price: $0.003538)
2025-11-15 09:14:45 | INFO | trader_metrics_manager | ✅ HYPE: Included - $8961.91 (price: $39.212500)
2025-11-15 09:14:45 | INFO | trader_metrics_manager | ✅ UBTC: Included - $9066.41 (price: $96066.500000)
2025-11-15 09:14:45 | INFO | trader_metrics_manager | ✅ UETH: Included - $185.16 (price: $3159.850000)
2025-11-15 09:14:45 | INFO | trader_metrics_manager | ✅ USOL: Included - $28.43 (price: $141.205000)
2025-11-15 09:14:45 | INFO | trader_metrics_manager | ✅ UPUMP: Included - $10.65 (price: $0.003538)
2025-11-15 09:14:45 | INFO | trader_metrics_manager | ✅ UXPL: Included - $282.80 (price: $0.231465)
2025-11-15 09:14:59 | INFO | __main__ | Scheduled metrics check - 318 pending updates
2025-11-15 09:15:00 | INFO | trader_metrics_manager | ✅ HYPE: Included - $30125.50 (price: $39.214500)
2025-11-15 09:15:16 | INFO | trader_metrics_manager | ✅ HYPE: Included - $38.82 (price: $39.234500)
2025-11-15 09:15:26 | INFO | trader_metrics_manager | ✅ HYPE: Included - $826601.51 (price: $39.221500)
2025-11-15 09:15:35 | INFO | trader_metrics_manager | ✅ HYPE: Included - $16.38 (price: $39.228500)
2025-11-15 09:15:45 | INFO | trader_metrics_manager | ✅ UFART: Included - $138.79 (price: $0.246330)
2025-11-15 09:15:45 | INFO | trader_metrics_manager | ✅ UPUMP: Included - $134.44 (price: $0.003545)
2025-11-15 09:15:45 | INFO | trader_metrics_manager | ✅ UXPL: Included - $81.21 (price: $0.231695)
2025-11-15 09:16:05 | INFO | trader_metrics_manager | ✅ HYPE: Included - $5.16 (price: $39.255000)
2025-11-15 09:16:05 | INFO | trader_metrics_manager | ✅ UBTC: Included - $7.02 (price: $96088.500000)
2025-11-15 09:16:45 | INFO | trader_metrics_manager | ✅ PURR: Included - $41.08 (price: $0.099675)
2025-11-15 09:16:45 | INFO | trader_metrics_manager | ✅ HYPE: Included - $13992.71 (price: $39.197500)
2025-11-15 09:17:35 | INFO | trader_metrics_manager | ✅ HYPE: Included - $37777.30 (price: $39.227500)
2025-11-15 09:17:45 | INFO | trader_metrics_manager | ✅ HYPE: Included - $10.65 (price: $39.232500)
2025-11-15 09:17:59 | INFO | trader_metrics_manager | ✅ HYPE: Included - $24342.71 (price: $39.246500)
2025-11-15 09:18:46 | INFO | trader_metrics_manager | ✅ HYPE: Included - $382232.69 (price: $39.218500)
2025-11-15 09:19:00 | INFO | trader_metrics_manager | ✅ HYPE: Included - $7288.96 (price: $39.218500)
2025-11-15 09:19:06 | INFO | trader_metrics_manager | ✅ HYPE: Included - $470610.33 (price: $39.217500)
2025-11-15 09:19:16 | INFO | trader_metrics_manager | ✅ HYPE: Included - $874.34 (price: $39.194000)
2025-11-15 09:19:25 | INFO | trader_metrics_manager | ✅ UBTC: Included - $1066346.12 (price: $95999.500000)
2025-11-15 09:19:36 | INFO | trader_metrics_manager | ✅ HYPE: Included - $2047.82 (price: $39.232500)
2025-11-15 09:20:15 | INFO | trader_metrics_manager | ✅ UBTC: Included - $301.92 (price: $95940.500000)
2025-11-15 09:20:36 | INFO | trader_metrics_manager | ✅ HYPE: Included - $103872.56 (price: $39.247500)
2025-11-15 09:20:46 | INFO | trader_metrics_manager | ✅ TRUMP: Included - $74039.23 (price: $7.229400)
2025-11-15 09:21:16 | INFO | trader_metrics_manager | ✅ HYPE: Included - $39.13 (price: $39.259500)
2025-11-15 09:21:46 | INFO | trader_metrics_manager | ✅ HYPE: Included - $43235.59 (price: $39.290500)
2025-11-15 09:21:46 | INFO | trader_metrics_manager | ✅ UBTC: Included - $521.99 (price: $96017.500000)
2025-11-15 09:22:00 | INFO | trader_metrics_manager | ✅ HYPE: Included - $1326698.79 (price: $39.332500)
2025-11-15 09:22:06 | INFO | trader_metrics_manager | ✅ HYPE: Included - $14.85 (price: $39.342500)
2025-11-15 09:22:06 | INFO | trader_metrics_manager | ✅ UETH: Included - $4680.76 (price: $3160.950000)
2025-11-15 09:22:26 | INFO | trader_metrics_manager | ✅ HYPE: Included - $68267.86 (price: $39.320500)
2025-11-15 09:23:16 | INFO | trader_metrics_manager | ✅ HYPE: Included - $7.87 (price: $39.426500)
2025-11-15 09:23:26 | INFO | trader_metrics_manager | ✅ HYPE: Included - $197212.68 (price: $39.442500)
2025-11-15 09:23:45 | INFO | trader_metrics_manager | ✅ HYPE: Included - $90.76 (price: $39.483500)
2025-11-15 09:24:06 | INFO | trader_metrics_manager | ✅ PURR: Included - $24.03 (price: $0.099734)
2025-11-15 09:24:16 | INFO | trader_metrics_manager | ✅ HYPE: Included - $2844.34 (price: $39.477500)
2025-11-15 09:24:16 | INFO | trader_metrics_manager | ✅ UBTC: Included - $11.63 (price: $96133.500000)
2025-11-15 09:24:26 | INFO | trader_metrics_manager | ✅ UBTC: Included - $2712716.79 (price: $96149.500000)
2025-11-15 09:24:36 | INFO | trader_metrics_manager | ✅ HYPE: Included - $38.31 (price: $39.493500)
2025-11-15 09:24:36 | INFO | trader_metrics_manager | ✅ UBTC: Included - $190.33 (price: $96127.500000)
2025-11-15 09:24:46 | INFO | trader_metrics_manager | ✅ MANLET: Included - $424.32 (price: $3.423100)
2025-11-15 09:24:46 | INFO | trader_metrics_manager | ✅ TRUMP: Included - $14507.20 (price: $7.268650)
2025-11-15 09:24:46 | INFO | trader_metrics_manager | ✅ PUMP: Included - $70.43 (price: $0.003556)
2025-11-15 09:24:46 | INFO | trader_metrics_manager | ✅ TEST: Included - $1679.15 (price: $1.087900)
2025-11-15 09:24:46 | INFO | trader_metrics_manager | ✅ RICH: Included - $18.06 (price: $1.453450)
2025-11-15 09:24:46 | INFO | trader_metrics_manager | ✅ RANK: Included - $469.12 (price: $39.468000)
2025-11-15 09:24:46 | INFO | trader_metrics_manager | ✅ GENESY: Included - $326.49 (price: $141.385000)
2025-11-15 09:25:00 | INFO | trader_metrics_manager | ✅ UBTC: Included - $5811.81 (price: $96114.500000)
2025-11-15 09:25:06 | INFO | trader_metrics_manager | ✅ HYPE: Included - $112142.88 (price: $39.519500)
2025-11-15 09:26:00 | INFO | trader_metrics_manager | ✅ HYPE: Included - $73102.60 (price: $39.426500)
2025-11-15 09:26:00 | INFO | trader_metrics_manager | ✅ UFART: Included - $83709.55 (price: $0.247180)
2025-11-15 09:26:16 | INFO | trader_metrics_manager | ✅ HYPE: Included - $287.84 (price: $39.445500)
2025-11-15 09:26:36 | INFO | trader_metrics_manager | ✅ HYPE: Included - $36423.87 (price: $39.368500)
2025-11-15 09:27:16 | INFO | trader_metrics_manager | ✅ PURR: Included - $8321.05 (price: $0.100077)
2025-11-15 09:27:16 | INFO | trader_metrics_manager | ✅ HYPE: Included - $115433.72 (price: $39.379500)
2025-11-15 09:27:16 | INFO | trader_metrics_manager | ✅ UETH: Included - $328841.71 (price: $3161.950000)
2025-11-15 09:27:36 | INFO | trader_metrics_manager | ✅ HYPE: Included - $8419878.22 (price: $39.367500)
2025-11-15 09:27:36 | INFO | trader_metrics_manager | ✅ UBTC: Included - $6915875.33 (price: $96010.000000)
2025-11-15 09:27:59 | INFO | trader_metrics_manager | ✅ HYPE: Included - $1061.44 (price: $39.312500)
2025-11-15 09:28:06 | INFO | trader_metrics_manager | ✅ UPUMP: Included - $22.60 (price: $0.003556)
2025-11-15 09:28:16 | INFO | trader_metrics_manager | ✅ UBTC: Included - $1372.04 (price: $95969.500000)
2025-11-15 09:28:25 | INFO | trader_metrics_manager | ✅ UBTC: Included - $13114.79 (price: $95964.500000)
2025-11-15 09:28:46 | INFO | trader_metrics_manager | ✅ HYPE: Included - $72095.33 (price: $39.290500)
2025-11-15 09:28:46 | INFO | trader_metrics_manager | ✅ UBTC: Included - $62337.10 (price: $95964.500000)
2025-11-15 09:29:06 | INFO | trader_metrics_manager | ✅ HYPE: Included - $10483.59 (price: $39.280500)
2025-11-15 09:29:06 | INFO | trader_metrics_manager | ✅ UBTC: Included - $16441.61 (price: $95964.500000)
2025-11-15 09:29:06 | INFO | trader_metrics_manager | ✅ UETH: Included - $15163.08 (price: $3161.450000)
2025-11-15 09:29:06 | INFO | trader_metrics_manager | ✅ USOL: Included - $6283.92 (price: $141.355000)
2025-11-15 09:29:25 | INFO | trader_metrics_manager | ✅ UBTC: Included - $594.57 (price: $95963.500000)
2025-11-15 09:30:06 | INFO | trader_metrics_manager | ✅ UETH: Included - $123.17 (price: $3160.450000)
2025-11-15 09:30:06 | INFO | trader_metrics_manager | ✅ UFART: Included - $109.04 (price: $0.246690)
2025-11-15 09:30:06 | INFO | trader_metrics_manager | ✅ UPUMP: Included - $124.21 (price: $0.003557)
2025-11-15 09:30:06 | INFO | trader_metrics_manager | ✅ UXPL: Included - $125.43 (price: $0.232080)
2025-11-15 09:30:16 | INFO | trader_metrics_manager | ✅ HYPE: Included - $178446.81 (price: $39.295000)
2025-11-15 09:30:26 | INFO | trader_metrics_manager | ✅ HYPE: Included - $8718.25 (price: $39.292500)
2025-11-15 09:31:06 | INFO | trader_metrics_manager | ✅ HYPE: Included - $81243.11 (price: $39.272500)
2025-11-15 09:31:16 | INFO | trader_metrics_manager | ✅ HYPE: Included - $7.63 (price: $39.266500)
2025-11-15 09:31:26 | INFO | trader_metrics_manager | ✅ HYPE: Included - $14336.66 (price: $39.262500)
2025-11-15 09:31:26 | INFO | trader_metrics_manager | ✅ UBTC: Included - $38350.67 (price: $95934.500000)
2025-11-15 09:31:36 | INFO | trader_metrics_manager | ✅ HYPE: Included - $195.41 (price: $39.256500)
2025-11-15 09:31:46 | INFO | trader_metrics_manager | ✅ HYPE: Included - $76351.92 (price: $39.259500)
2025-11-15 09:31:46 | INFO | trader_metrics_manager | ✅ UETH: Included - $1216.13 (price: $3157.150000)
2025-11-15 09:31:59 | INFO | trader_metrics_manager | Registered 1 new addresses
2025-11-15 09:32:06 | INFO | trader_metrics_manager | ✅ UBTC: Included - $3318.13 (price: $95927.500000)
2025-11-15 09:32:26 | INFO | trader_metrics_manager | ✅ UFART: Included - $503.40 (price: $0.246510)
2025-11-15 09:32:26 | INFO | trader_metrics_manager | ✅ UPUMP: Included - $551.69 (price: $0.003553)
2025-11-15 09:32:26 | INFO | trader_metrics_manager | ✅ UXPL: Included - $517.01 (price: $0.231975)
2025-11-15 09:32:46 | INFO | trader_metrics_manager | ✅ HYPE: Included - $9672000.82 (price: $39.270500)
2025-11-15 09:32:46 | INFO | trader_metrics_manager | ✅ UPUMP: Included - $2520391.03 (price: $0.003556)
2025-11-15 09:33:00 | INFO | trader_metrics_manager | ✅ HYPE: Included - $3953.21 (price: $39.240500)
2025-11-15 09:33:00 | INFO | trader_metrics_manager | ✅ UBTC: Included - $43418.24 (price: $95952.500000)
2025-11-15 09:33:16 | INFO | trader_metrics_manager | ✅ HYPE: Included - $18357.48 (price: $39.210500)
2025-11-15 09:33:16 | INFO | trader_metrics_manager | ✅ UXPL: Included - $8313.85 (price: $0.232005)
2025-11-15 09:33:26 | INFO | trader_metrics_manager | ✅ HYPE: Included - $396606.67 (price: $39.208000)
2025-11-15 09:33:45 | INFO | trader_metrics_manager | ✅ HYPE: Included - $3185.75 (price: $39.204500)
2025-11-15 09:34:00 | INFO | trader_metrics_manager | ✅ HYPE: Included - $137.22 (price: $39.195500)
2025-11-15 09:34:06 | INFO | trader_metrics_manager | ✅ HYPE: Included - $89.09 (price: $39.191500)
2025-11-15 09:34:06 | INFO | trader_metrics_manager | ✅ UXPL: Included - $6.20 (price: $0.232265)
2025-11-15 09:34:16 | INFO | trader_metrics_manager | ✅ TRUMP: Included - $73376.58 (price: $7.266550)
2025-11-15 09:34:16 | INFO | trader_metrics_manager | ✅ USOL: Included - $706.05 (price: $141.235000)
2025-11-15 09:35:06 | INFO | trader_metrics_manager | ✅ UBTC: Included - $28059.43 (price: $95889.500000)
2025-11-15 09:35:36 | INFO | trader_metrics_manager | ✅ UBTC: Included - $1436.60 (price: $95891.500000)
2025-11-15 09:35:46 | INFO | trader_metrics_manager | ✅ HYPE: Included - $379990.51 (price: $39.171500)
2025-11-15 09:35:46 | INFO | trader_metrics_manager | ✅ UBTC: Included - $249150.63 (price: $95926.500000)
2025-11-15 09:36:00 | INFO | trader_metrics_manager | ✅ HYPE: Included - $1002.37 (price: $39.182500)
2025-11-15 09:36:35 | INFO | trader_metrics_manager | ✅ HYPE: Included - $14612.34 (price: $39.170500)
2025-11-15 09:36:59 | INFO | trader_metrics_manager | ✅ HYPE: Included - $19752.37 (price: $39.147500)
2025-11-15 09:37:06 | INFO | trader_metrics_manager | ✅ HYPE: Included - $19.58 (price: $39.156000)
2025-11-15 09:37:16 | INFO | trader_metrics_manager | ✅ HYPE: Included - $205.96 (price: $39.167500)
2025-11-15 09:37:16 | INFO | trader_metrics_manager | ✅ UBTC: Included - $100.78 (price: $96010.500000)
2025-11-15 09:37:45 | INFO | trader_metrics_manager | ✅ HYPE: Included - $73112.28 (price: $39.157500)
2025-11-15 09:38:06 | INFO | trader_metrics_manager | ✅ HYPE: Included - $4032.12 (price: $39.154500)
2025-11-15 09:38:06 | INFO | trader_metrics_manager | ✅ UETH: Included - $19880.56 (price: $3160.650000)
2025-11-15 09:38:16 | INFO | trader_metrics_manager | ✅ UBTC: Included - $604.57 (price: $96027.500000)
2025-11-15 09:39:05 | INFO | trader_metrics_manager | ✅ HYPE: Included - $3913.05 (price: $39.151500)
2025-11-15 09:39:06 | INFO | trader_metrics_manager | ✅ UBTC: Included - $138027.81 (price: $96006.000000)
2025-11-15 09:39:06 | INFO | trader_metrics_manager | ✅ UFART: Included - $37173.74 (price: $0.246640)
2025-11-15 09:39:25 | INFO | trader_metrics_manager | ✅ HYPE: Included - $398.13 (price: $39.169500)
2025-11-15 09:39:36 | INFO | trader_metrics_manager | ✅ HYPE: Included - $2944.23 (price: $39.183500)
2025-11-15 09:39:36 | INFO | trader_metrics_manager | ✅ UBTC: Included - $7872.00 (price: $96055.500000)
2025-11-15 09:39:45 | INFO | trader_metrics_manager | ✅ HYPE: Included - $211.37 (price: $39.163500)
2025-11-15 09:40:00 | INFO | trader_metrics_manager | ✅ HYPE: Included - $39170.78 (price: $39.163500)
2025-11-15 09:40:05 | INFO | trader_metrics_manager | ✅ UFART: Included - $473.24 (price: $0.246780)
2025-11-15 09:40:35 | INFO | trader_metrics_manager | ✅ UBTC: Included - $2514.68 (price: $96007.500000)
2025-11-15 09:40:45 | INFO | trader_metrics_manager | ✅ HYPE: Included - $19488.21 (price: $39.157500)
2025-11-15 09:40:45 | INFO | trader_metrics_manager | ✅ UBTC: Included - $29210.44 (price: $96012.500000)
2025-11-15 09:41:06 | INFO | trader_metrics_manager | ✅ HYPE: Included - $1089162.03 (price: $39.158500)
2025-11-15 09:41:26 | INFO | trader_metrics_manager | ✅ HYPE: Included - $739783.74 (price: $39.160500)
2025-11-15 09:41:35 | INFO | trader_metrics_manager | ✅ HYPE: Included - $7684.80 (price: $39.156500)
2025-11-15 09:41:35 | INFO | trader_metrics_manager | ✅ USOL: Included - $24.78 (price: $141.465000)
2025-11-15 09:41:46 | INFO | trader_metrics_manager | ✅ HYPE: Included - $63.60 (price: $39.141500)
2025-11-15 09:42:16 | INFO | trader_metrics_manager | ✅ HYPE: Included - $4728.24 (price: $39.150500)
2025-11-15 09:42:46 | INFO | trader_metrics_manager | ✅ HYPE: Included - $893.81 (price: $39.147000)
2025-11-15 09:42:46 | INFO | trader_metrics_manager | ✅ UBTC: Included - $12.31 (price: $96069.500000)
2025-11-15 09:42:59 | INFO | trader_metrics_manager | Registered 1 new addresses
2025-11-15 09:43:00 | INFO | trader_metrics_manager | ✅ HYPE: Included - $670611.78 (price: $39.136500)
2025-11-15 09:43:00 | INFO | trader_metrics_manager | ✅ UBTC: Included - $54884.91 (price: $96081.500000)
2025-11-15 09:43:00 | INFO | trader_metrics_manager | ✅ USOL: Included - $7.82 (price: $141.585000)
2025-11-15 09:43:36 | INFO | trader_metrics_manager | ✅ USOL: Included - $53672.85 (price: $141.525000)
2025-11-15 09:44:00 | INFO | trader_metrics_manager | ✅ HYPE: Included - $60.01 (price: $39.179500)
2025-11-15 09:44:25 | INFO | trader_metrics_manager | ✅ HYPE: Included - $364.44 (price: $39.159500)
2025-11-15 09:45:06 | INFO | trader_metrics_manager | ✅ HYPE: Included - $31417.72 (price: $39.122500)
2025-11-15 09:45:16 | INFO | trader_metrics_manager | ✅ HYPE: Included - $38645.59 (price: $39.112500)
2025-11-15 09:45:26 | INFO | trader_metrics_manager | ✅ HYPE: Included - $1412872.90 (price: $39.109500)
2025-11-15 09:45:46 | INFO | trader_metrics_manager | ✅ HYPE: Included - $10219.01 (price: $39.114500)
2025-11-15 09:46:06 | INFO | trader_metrics_manager | ✅ MANLET: Included - $3597.13 (price: $3.400950)
2025-11-15 09:46:06 | INFO | trader_metrics_manager | ✅ TRUMP: Included - $3934.92 (price: $7.255750)
2025-11-15 09:46:06 | INFO | trader_metrics_manager | ✅ PUMP: Included - $392.43 (price: $0.003546)
2025-11-15 09:46:06 | INFO | trader_metrics_manager | ✅ TEST: Included - $5614.06 (price: $1.087900)
2025-11-15 09:46:06 | INFO | trader_metrics_manager | ✅ HYPE: Included - $248224.59 (price: $39.090500)
2025-11-15 09:46:06 | INFO | trader_metrics_manager | ✅ GENESY: Included - $296.67 (price: $141.315000)
2025-11-15 09:46:06 | INFO | trader_metrics_manager | ✅ UBTC: Included - $11617.64 (price: $95975.500000)
2025-11-15 09:46:16 | INFO | trader_metrics_manager | ✅ UBTC: Included - $1860.40 (price: $95961.500000)
2025-11-15 09:47:16 | INFO | trader_metrics_manager | ✅ UBTC: Included - $330.50 (price: $95859.500000)
2025-11-15 09:47:46 | INFO | trader_metrics_manager | ✅ UBTC: Included - $3709.15 (price: $95854.500000)
2025-11-15 09:47:59 | INFO | trader_metrics_manager | ✅ UBTC: Included - $432665.08 (price: $95849.500000)
2025-11-15 09:48:06 | INFO | trader_metrics_manager | ✅ HYPE: Included - $19034.66 (price: $38.972500)
2025-11-15 09:48:06 | INFO | trader_metrics_manager | ✅ UPUMP: Included - $3382.78 (price: $0.003531)
2025-11-15 09:48:06 | INFO | trader_metrics_manager | ✅ UXPL: Included - $2193.29 (price: $0.230265)
2025-11-15 09:48:16 | INFO | trader_metrics_manager | ✅ HYPE: Included - $16.78 (price: $38.991500)
2025-11-15 09:48:16 | INFO | trader_metrics_manager | ✅ UFART: Included - $40508.80 (price: $0.245520)
2025-11-15 09:48:35 | INFO | trader_metrics_manager | ✅ HYPE: Included - $300000.23 (price: $38.975500)
2025-11-15 09:49:00 | INFO | trader_metrics_manager | ✅ HYPE: Included - $9404.27 (price: $38.961500)
2025-11-15 09:49:00 | INFO | trader_metrics_manager | ✅ UBTC: Included - $45453.20 (price: $95844.500000)
2025-11-15 09:49:06 | INFO | trader_metrics_manager | ✅ UBTC: Included - $651.90 (price: $95848.500000)
2025-11-15 09:49:16 | INFO | trader_metrics_manager | ✅ HYPE: Included - $2324.05 (price: $38.942500)
2025-11-15 09:49:36 | INFO | trader_metrics_manager | ✅ HYPE: Included - $80.42 (price: $38.941500)
2025-11-15 09:49:45 | INFO | trader_metrics_manager | ✅ UETH: Included - $2887.98 (price: $3153.650000)
2025-11-15 09:50:00 | INFO | trader_metrics_manager | ✅ HYPE: Included - $194641.51 (price: $38.941500)
2025-11-15 09:50:26 | INFO | trader_metrics_manager | ✅ HYPE: Included - $426.07 (price: $38.936500)
2025-11-15 09:50:46 | INFO | trader_metrics_manager | ✅ HYPE: Included - $3253.80 (price: $38.943500)
2025-11-15 09:51:05 | INFO | trader_metrics_manager | ✅ UPUMP: Included - $413.01 (price: $0.003512)
2025-11-15 09:51:16 | INFO | trader_metrics_manager | ✅ PURR: Included - $3360.42 (price: $0.099584)
2025-11-15 09:51:16 | INFO | trader_metrics_manager | ✅ HYPE: Included - $16238.24 (price: $38.914500)
2025-11-15 09:51:26 | INFO | trader_metrics_manager | ✅ HYPE: Included - $6.92 (price: $38.963500)
2025-11-15 09:51:26 | INFO | trader_metrics_manager | ✅ UETH: Included - $40.45 (price: $3149.650000)
2025-11-15 09:51:45 | INFO | trader_metrics_manager | ✅ HYPE: Included - $8883.64 (price: $38.988500)
2025-11-15 09:52:06 | INFO | trader_metrics_manager | ✅ HYPE: Included - $337766.89 (price: $38.989500)
2025-11-15 09:52:25 | INFO | trader_metrics_manager | ✅ UBTC: Included - $531579.91 (price: $95882.500000)
2025-11-15 09:52:36 | INFO | trader_metrics_manager | ✅ HYPE: Included - $2591.52 (price: $39.004500)
2025-11-15 09:53:06 | INFO | trader_metrics_manager | ✅ UBTC: Included - $20156.72 (price: $95888.500000)
2025-11-15 09:53:16 | INFO | trader_metrics_manager | ✅ PURR: Included - $286.11 (price: $0.099366)
2025-11-15 09:53:16 | INFO | trader_metrics_manager | ✅ HYPE: Included - $6393.79 (price: $38.984500)
2025-11-15 09:53:36 | INFO | trader_metrics_manager | ✅ HYPE: Included - $124116.25 (price: $39.011500)
2025-11-15 09:54:06 | INFO | trader_metrics_manager | ✅ HYPE: Included - $140800.81 (price: $39.013000)
2025-11-15 09:54:16 | INFO | trader_metrics_manager | ✅ HYPE: Included - $4913.56 (price: $39.005500)
2025-11-15 09:54:46 | INFO | trader_metrics_manager | ✅ PURR: Included - $29.95 (price: $0.099406)
2025-11-15 09:54:46 | INFO | trader_metrics_manager | ✅ HYPE: Included - $1299.03 (price: $39.000500)
2025-11-15 09:54:46 | INFO | trader_metrics_manager | ✅ UBTC: Included - $54.77 (price: $95881.500000)
2025-11-15 09:54:46 | INFO | trader_metrics_manager | ✅ UETH: Included - $27.29 (price: $3152.850000)
2025-11-15 09:54:46 | INFO | trader_metrics_manager | ✅ USOL: Included - $8.04 (price: $140.965000)
2025-11-15 09:54:46 | INFO | trader_metrics_manager | ✅ UFART: Included - $28.97 (price: $0.245550)
2025-11-15 09:54:46 | INFO | trader_metrics_manager | ✅ UPUMP: Included - $26.49 (price: $0.003525)
2025-11-15 09:55:16 | INFO | trader_metrics_manager | ✅ HYPE: Included - $62.94 (price: $38.998500)
2025-11-15 09:55:36 | INFO | trader_metrics_manager | ✅ UPUMP: Included - $106895.76 (price: $0.003527)
2025-11-15 09:55:46 | INFO | trader_metrics_manager | ✅ HYPE: Included - $1340928.21 (price: $38.991500)
2025-11-15 09:55:46 | INFO | trader_metrics_manager | ✅ UBTC: Included - $384704.06 (price: $95882.500000)
2025-11-15 09:56:16 | INFO | trader_metrics_manager | ✅ HYPE: Included - $11.33 (price: $38.985000)
2025-11-15 09:56:26 | INFO | trader_metrics_manager | ✅ HYPE: Included - $48072.46 (price: $38.984500)
2025-11-15 09:56:46 | INFO | trader_metrics_manager | ✅ UBTC: Included - $363.23 (price: $95902.500000)
2025-11-15 09:57:00 | INFO | trader_metrics_manager | ✅ HYPE: Included - $1173.32 (price: $38.977500)
2025-11-15 09:57:00 | INFO | trader_metrics_manager | ✅ UBTC: Included - $1447.97 (price: $95904.500000)
2025-11-15 09:57:06 | INFO | trader_metrics_manager | ✅ PURR: Included - $1237386.71 (price: $0.099421)
2025-11-15 09:57:06 | INFO | trader_metrics_manager | ✅ HYPE: Included - $15880730.42 (price: $38.960500)
2025-11-15 09:57:06 | INFO | trader_metrics_manager | ✅ UBTC: Included - $1200.23 (price: $95904.500000)
2025-11-15 09:57:06 | INFO | trader_metrics_manager | ✅ UETH: Included - $2088.30 (price: $3153.150000)
2025-11-15 09:57:06 | INFO | trader_metrics_manager | ✅ USOL: Included - $153.85 (price: $140.955000)
2025-11-15 09:57:06 | INFO | trader_metrics_manager | ✅ UXPL: Included - $2711.29 (price: $0.230100)
2025-11-15 09:57:16 | INFO | trader_metrics_manager | ✅ HYPE: Included - $47890.67 (price: $38.960500)
2025-11-15 09:57:26 | INFO | trader_metrics_manager | ✅ HYPE: Included - $10133.56 (price: $38.960500)
2025-11-15 09:57:36 | INFO | trader_metrics_manager | ✅ HYPE: Included - $31653.33 (price: $38.968500)
2025-11-15 09:57:45 | INFO | trader_metrics_manager | ✅ HYPE: Included - $1304.97 (price: $38.959500)
2025-11-15 09:58:00 | INFO | trader_metrics_manager | ✅ HYPE: Included - $29927.30 (price: $38.956500)
2025-11-15 09:58:16 | INFO | trader_metrics_manager | ✅ HYPE: Included - $38.52 (price: $38.932500)
2025-11-15 09:58:25 | INFO | trader_metrics_manager | ✅ HYPE: Included - $820510.78 (price: $38.932500)
2025-11-15 09:58:36 | INFO | trader_metrics_manager | ✅ HYPE: Included - $16.25 (price: $38.919500)
2025-11-15 09:58:46 | INFO | trader_metrics_manager | ✅ UFART: Included - $138.44 (price: $0.245710)
2025-11-15 09:58:46 | INFO | trader_metrics_manager | ✅ UPUMP: Included - $133.60 (price: $0.003523)
2025-11-15 09:58:46 | INFO | trader_metrics_manager | ✅ UXPL: Included - $80.51 (price: $0.229690)
2025-11-15 09:59:06 | INFO | trader_metrics_manager | ✅ HYPE: Included - $3127.39 (price: $38.928500)
2025-11-15 09:59:06 | INFO | trader_metrics_manager | ✅ UBTC: Included - $7.00 (price: $95860.500000)
2025-11-15 09:59:46 | INFO | trader_metrics_manager | ✅ PURR: Included - $40.96 (price: $0.099386)
2025-11-15 09:59:46 | INFO | trader_metrics_manager | ✅ HYPE: Included - $13900.26 (price: $38.938500)
2025-11-15 10:00:35 | INFO | trader_metrics_manager | ✅ HYPE: Included - $37517.77 (price: $38.958000)
2025-11-15 10:00:46 | INFO | trader_metrics_manager | ✅ HYPE: Included - $10.57 (price: $38.950500)
2025-11-15 10:01:00 | INFO | trader_metrics_manager | ✅ HYPE: Included - $24158.50 (price: $38.949500)
2025-11-15 10:01:46 | INFO | trader_metrics_manager | ✅ HYPE: Included - $379513.50 (price: $38.939500)
2025-11-15 10:02:00 | INFO | trader_metrics_manager | ✅ HYPE: Included - $7237.10 (price: $38.939500)
2025-11-15 10:02:06 | INFO | trader_metrics_manager | ✅ HYPE: Included - $467262.33 (price: $38.938500)
2025-11-15 10:02:16 | INFO | trader_metrics_manager | ✅ HYPE: Included - $868.64 (price: $38.938500)
2025-11-15 10:02:26 | INFO | trader_metrics_manager | ✅ UBTC: Included - $1063291.47 (price: $95724.500000)
2025-11-15 10:02:36 | INFO | trader_metrics_manager | ✅ HYPE: Included - $2032.48 (price: $38.938500)
2025-11-15 10:03:15 | INFO | trader_metrics_manager | ✅ UBTC: Included - $301.34 (price: $95757.500000)
2025-11-15 10:03:36 | INFO | trader_metrics_manager | ✅ HYPE: Included - $103049.47 (price: $38.936500)
2025-11-15 10:03:45 | INFO | trader_metrics_manager | ✅ TRUMP: Included - $73698.71 (price: $7.196150)
2025-11-15 10:04:15 | INFO | trader_metrics_manager | ✅ HYPE: Included - $38.80 (price: $38.931500)
2025-11-15 10:04:46 | INFO | trader_metrics_manager | ✅ HYPE: Included - $42836.15 (price: $38.927500)
2025-11-15 10:04:46 | INFO | trader_metrics_manager | ✅ UBTC: Included - $520.29 (price: $95705.500000)
2025-11-15 10:05:00 | INFO | trader_metrics_manager | ✅ HYPE: Included - $1313409.04 (price: $38.938500)
2025-11-15 10:05:06 | INFO | trader_metrics_manager | ✅ HYPE: Included - $14.70 (price: $38.938500)
2025-11-15 10:05:06 | INFO | trader_metrics_manager | ✅ UETH: Included - $4663.73 (price: $3149.450000)
2025-11-15 10:05:26 | INFO | trader_metrics_manager | ✅ PURR: Included - $877.14 (price: $0.099493)
2025-11-15 10:05:26 | INFO | trader_metrics_manager | ✅ HYPE: Included - $1009.60 (price: $38.930500)
2025-11-15 10:05:26 | INFO | trader_metrics_manager | ✅ USOL: Included - $845.71 (price: $140.995000)
2025-11-15 10:05:26 | INFO | trader_metrics_manager | ✅ UPUMP: Included - $1488.51 (price: $0.003525)
2025-11-15 10:05:36 | INFO | trader_metrics_manager | ✅ HYPE: Included - $1556.96 (price: $38.946500)
2025-11-15 10:05:36 | INFO | trader_metrics_manager | ✅ UBTC: Included - $9.57 (price: $95716.500000)
2025-11-15 10:05:46 | INFO | trader_metrics_manager | ✅ HYPE: Included - $44646.94 (price: $38.953500)
2025-11-15 10:06:36 | INFO | trader_metrics_manager | ✅ HYPE: Included - $7.78 (price: $38.933500)
2025-11-15 10:06:46 | INFO | trader_metrics_manager | ✅ HYPE: Included - $194662.67 (price: $38.932500)
2025-11-15 10:07:06 | INFO | trader_metrics_manager | ✅ HYPE: Included - $89.52 (price: $38.943500)
2025-11-15 10:07:26 | INFO | trader_metrics_manager | ✅ PURR: Included - $23.97 (price: $0.099501)
2025-11-15 10:07:36 | INFO | trader_metrics_manager | ✅ HYPE: Included - $4283.70 (price: $38.927500)
2025-11-15 10:07:36 | INFO | trader_metrics_manager | ✅ UBTC: Included - $11.60 (price: $95849.500000)
2025-11-15 10:07:46 | INFO | trader_metrics_manager | ✅ UBTC: Included - $2703871.85 (price: $95836.000000)
2025-11-15 10:14:59 | INFO | __main__ | Scheduled metrics check - 341 pending updates
2025-11-15 10:15:00 | INFO | trader_metrics_manager | ✅ HYPE: Included - $11.26 (price: $38.923500)
2025-11-15 10:15:06 | INFO | trader_metrics_manager | ✅ HYPE: Included - $276.24 (price: $38.928000)
2025-11-15 10:15:06 | INFO | trader_metrics_manager | ✅ UBTC: Included - $258.66 (price: $95868.500000)
2025-11-15 10:15:15 | INFO | trader_metrics_manager | ✅ HYPE: Included - $5486.70 (price: $38.900500)
2025-11-15 10:15:15 | INFO | trader_metrics_manager | ✅ UBTC: Included - $5247.77 (price: $95855.500000)
2025-11-15 10:15:25 | INFO | trader_metrics_manager | ✅ HYPE: Included - $32.85 (price: $38.893500)
2025-11-15 10:15:36 | INFO | trader_metrics_manager | ✅ HYPE: Included - $5167.48 (price: $38.867500)
2025-11-15 10:15:46 | INFO | trader_metrics_manager | ✅ PURR: Included - $59.74 (price: $0.099451)
2025-11-15 10:15:46 | INFO | trader_metrics_manager | ✅ HYPE: Included - $444547.04 (price: $38.862500)
2025-11-15 10:15:46 | INFO | trader_metrics_manager | ✅ UXPL: Included - $7830.60 (price: $0.229220)
2025-11-15 10:16:00 | INFO | trader_metrics_manager | ✅ HYPE: Included - $2163.81 (price: $38.860500)
2025-11-15 10:16:06 | INFO | trader_metrics_manager | ✅ HYPE: Included - $323131.07 (price: $38.834500)
2025-11-15 10:16:26 | INFO | trader_metrics_manager | ✅ UBTC: Included - $224.87 (price: $95756.500000)
2025-11-15 10:16:26 | INFO | trader_metrics_manager | ✅ UFART: Included - $176.11 (price: $0.245730)
2025-11-15 10:16:26 | INFO | trader_metrics_manager | ✅ UPUMP: Included - $193.84 (price: $0.003517)
2025-11-15 10:16:35 | INFO | trader_metrics_manager | ✅ HYPE: Included - $20874.83 (price: $38.824500)
2025-11-15 10:17:00 | INFO | trader_metrics_manager | ✅ UETH: Included - $30.02 (price: $3147.850000)
2025-11-15 10:17:05 | INFO | trader_metrics_manager | ✅ PURR: Included - $12129.36 (price: $0.099360)
2025-11-15 10:17:05 | INFO | trader_metrics_manager | ✅ HYPE: Included - $25819.05 (price: $38.824500)
2025-11-15 10:17:16 | INFO | trader_metrics_manager | ✅ HYPE: Included - $75.26 (price: $38.823500)
2025-11-15 10:17:46 | INFO | trader_metrics_manager | ✅ HYPE: Included - $330.82 (price: $38.824500)
2025-11-15 10:18:16 | INFO | trader_metrics_manager | ✅ PURR: Included - $1127.55 (price: $0.099494)
2025-11-15 10:18:25 | INFO | trader_metrics_manager | ✅ HYPE: Included - $5.04 (price: $38.933500)
2025-11-15 10:18:36 | INFO | trader_metrics_manager | ✅ HYPE: Included - $7.90 (price: $38.984500)
2025-11-15 10:19:01 | INFO | trader_metrics_manager | ✅ HYPE: Included - $18680.73 (price: $38.982500)
2025-11-15 10:19:01 | INFO | trader_metrics_manager | ✅ UETH: Included - $31.52 (price: $3154.150000)
2025-11-15 10:19:06 | INFO | trader_metrics_manager | ✅ UBTC: Included - $280.35 (price: $95888.500000)
2025-11-15 10:19:25 | INFO | trader_metrics_manager | ✅ HYPE: Included - $10722.89 (price: $38.953500)
2025-11-15 10:19:46 | INFO | trader_metrics_manager | ✅ HYPE: Included - $87.88 (price: $38.940500)
2025-11-15 10:19:46 | INFO | trader_metrics_manager | ✅ UBTC: Included - $86.95 (price: $95846.500000)
2025-11-15 10:19:46 | INFO | trader_metrics_manager | ✅ UETH: Included - $88.43 (price: $3152.850000)
2025-11-15 10:20:01 | INFO | trader_metrics_manager | ✅ HYPE: Included - $130.62 (price: $38.923500)
2025-11-15 10:20:01 | INFO | trader_metrics_manager | ✅ UBTC: Included - $163.73 (price: $95847.500000)
2025-11-15 10:20:01 | INFO | trader_metrics_manager | ✅ UETH: Included - $109.97 (price: $3153.250000)
2025-11-15 10:20:26 | INFO | trader_metrics_manager | ✅ UBTC: Included - $233965.01 (price: $95838.500000)
2025-11-15 10:20:36 | INFO | trader_metrics_manager | ✅ HYPE: Included - $4698.91 (price: $38.953500)
2025-11-15 10:20:36 | INFO | trader_metrics_manager | ✅ UBTC: Included - $6.57 (price: $95839.500000)
2025-11-15 10:20:36 | INFO | trader_metrics_manager | ✅ UFART: Included - $22.64 (price: $0.245730)
2025-11-15 10:21:00 | INFO | trader_metrics_manager | ✅ UPUMP: Included - $91434.33 (price: $0.003521)
2025-11-15 10:21:06 | INFO | trader_metrics_manager | ✅ HYPE: Included - $817477.37 (price: $38.959500)
2025-11-15 10:21:16 | INFO | trader_metrics_manager | ✅ HYPE: Included - $27253.53 (price: $38.959500)
2025-11-15 10:21:16 | INFO | trader_metrics_manager | ✅ USOL: Included - $28148.07 (price: $140.835000)
2025-11-15 10:21:16 | INFO | trader_metrics_manager | ✅ UXPL: Included - $3721.88 (price: $0.229450)
2025-11-15 10:21:26 | INFO | trader_metrics_manager | ✅ PURR: Included - $58.30 (price: $0.099584)
2025-11-15 10:21:26 | INFO | trader_metrics_manager | ✅ MANLET: Included - $1690.54 (price: $3.389050)
2025-11-15 10:21:26 | INFO | trader_metrics_manager | ✅ PUMP: Included - $158.43 (price: $0.003521)
2025-11-15 10:21:26 | INFO | trader_metrics_manager | ✅ TEST: Included - $7115.16 (price: $1.078300)
2025-11-15 10:21:26 | INFO | trader_metrics_manager | ✅ RICH: Included - $43.59 (price: $1.453450)
2025-11-15 10:21:26 | INFO | trader_metrics_manager | ✅ RANK: Included - $1278.25 (price: $38.963000)
2025-11-15 10:21:36 | INFO | trader_metrics_manager | ✅ PURR: Included - $187.08 (price: $0.099576)
2025-11-15 10:21:46 | INFO | trader_metrics_manager | ✅ UETH: Included - $219.55 (price: $3159.150000)
2025-11-15 10:22:00 | INFO | trader_metrics_manager | ✅ UETH: Included - $1498.31 (price: $3159.850000)
2025-11-15 10:22:06 | INFO | trader_metrics_manager | ✅ HYPE: Included - $273.05 (price: $39.012500)
2025-11-15 10:22:25 | INFO | trader_metrics_manager | ✅ HYPE: Included - $68823.13 (price: $39.039500)
2025-11-15 10:22:45 | INFO | trader_metrics_manager | ✅ PURR: Included - $34.06 (price: $0.099590)
2025-11-15 10:22:45 | INFO | trader_metrics_manager | ✅ HYPE: Included - $68529.90 (price: $39.018500)
2025-11-15 10:23:00 | INFO | trader_metrics_manager | ✅ PURR: Included - $24.29 (price: $0.099590)
2025-11-15 10:23:00 | INFO | trader_metrics_manager | ✅ UBTC: Included - $19559.68 (price: $95918.500000)
2025-11-15 10:23:26 | INFO | trader_metrics_manager | ✅ HYPE: Included - $104573.23 (price: $39.001500)
2025-11-15 10:23:46 | INFO | trader_metrics_manager | ✅ UBTC: Included - $2919.65 (price: $95897.500000)
2025-11-15 10:24:00 | INFO | trader_metrics_manager | ✅ HYPE: Included - $898578.42 (price: $38.989500)
2025-11-15 10:24:06 | INFO | trader_metrics_manager | ✅ HYPE: Included - $133635.97 (price: $38.981500)
2025-11-15 10:24:16 | INFO | trader_metrics_manager | ✅ UBTC: Included - $584.56 (price: $95896.000000)
2025-11-15 10:24:25 | INFO | trader_metrics_manager | ✅ HYPE: Included - $225.57 (price: $38.996500)
2025-11-15 10:24:36 | INFO | trader_metrics_manager | ✅ UBTC: Included - $10055.76 (price: $95897.500000)
2025-11-15 10:24:46 | INFO | trader_metrics_manager | ✅ HYPE: Included - $48159.75 (price: $38.995500)
2025-11-15 10:25:06 | INFO | trader_metrics_manager | ✅ UBTC: Included - $709.07 (price: $95884.500000)
2025-11-15 10:25:36 | INFO | trader_metrics_manager | ✅ UETH: Included - $16.10 (price: $3157.050000)
2025-11-15 10:25:36 | INFO | trader_metrics_manager | ✅ USOL: Included - $40.19 (price: $140.705000)
2025-11-15 10:26:00 | INFO | trader_metrics_manager | ✅ UBTC: Included - $1161.48 (price: $95855.500000)
2025-11-15 10:26:06 | INFO | trader_metrics_manager | ✅ HYPE: Included - $439530.00 (price: $38.919500)
2025-11-15 10:26:36 | INFO | trader_metrics_manager | ✅ HYPE: Included - $1053127.09 (price: $38.918500)
2025-11-15 10:26:36 | INFO | trader_metrics_manager | ✅ UETH: Included - $6374348.06 (price: $3158.950000)
2025-11-15 10:27:06 | INFO | trader_metrics_manager | ✅ HYPE: Included - $297341.20 (price: $38.907500)
2025-11-15 10:27:16 | INFO | trader_metrics_manager | ✅ HYPE: Included - $159356.48 (price: $38.895500)
2025-11-15 10:27:16 | INFO | trader_metrics_manager | ✅ UBTC: Included - $593.61 (price: $95847.500000)
2025-11-15 10:27:25 | INFO | trader_metrics_manager | ✅ USOL: Included - $1669.89 (price: $140.575000)
2025-11-15 10:28:16 | INFO | trader_metrics_manager | ✅ UBTC: Included - $330.64 (price: $95903.500000)
2025-11-15 10:28:36 | INFO | trader_metrics_manager | ✅ UBTC: Included - $872.67 (price: $95920.500000)
2025-11-15 10:28:46 | INFO | trader_metrics_manager | ✅ HYPE: Included - $11.19 (price: $38.955000)
2025-11-15 10:29:16 | INFO | trader_metrics_manager | ✅ HYPE: Included - $26907.11 (price: $38.959500)
2025-11-15 10:30:16 | INFO | trader_metrics_manager | ✅ UBTC: Included - $651.79 (price: $95915.500000)
2025-11-15 10:30:36 | INFO | trader_metrics_manager | ✅ UBTC: Included - $431.49 (price: $95954.500000)
2025-11-15 10:30:45 | INFO | trader_metrics_manager | ✅ HYPE: Included - $1171.09 (price: $39.026500)
2025-11-15 10:31:00 | INFO | trader_metrics_manager | ✅ HYPE: Included - $1594.48 (price: $39.046500)
2025-11-15 10:31:16 | INFO | trader_metrics_manager | ✅ UETH: Included - $184.78 (price: $3160.850000)
2025-11-15 10:31:26 | INFO | trader_metrics_manager | ✅ HYPE: Included - $117953.09 (price: $39.018000)
2025-11-15 10:31:36 | INFO | trader_metrics_manager | ✅ HYPE: Included - $48.34 (price: $39.010500)
2025-11-15 10:31:46 | INFO | trader_metrics_manager | ✅ HYPE: Included - $2617.20 (price: $39.024500)
2025-11-15 10:31:46 | INFO | trader_metrics_manager | ✅ UBTC: Included - $4357.07 (price: $95902.500000)
2025-11-15 10:32:00 | INFO | trader_metrics_manager | ✅ HYPE: Included - $14077.00 (price: $39.044500)
2025-11-15 10:32:46 | INFO | trader_metrics_manager | ✅ UBTC: Included - $1152312.40 (price: $95895.500000)
2025-11-15 10:33:06 | INFO | trader_metrics_manager | ✅ HYPE: Included - $156090.36 (price: $39.022500)
2025-11-15 10:33:16 | INFO | trader_metrics_manager | ✅ HYPE: Included - $210.33 (price: $39.038500)
2025-11-15 10:33:36 | INFO | trader_metrics_manager | ✅ HYPE: Included - $247.90 (price: $39.051000)
2025-11-15 10:34:00 | INFO | trader_metrics_manager | ✅ HYPE: Included - $4721.14 (price: $39.044500)
2025-11-15 10:34:00 | INFO | trader_metrics_manager | ✅ UBTC: Included - $48049.38 (price: $95933.500000)
2025-11-15 10:34:26 | INFO | trader_metrics_manager | ✅ HYPE: Included - $23232.53 (price: $39.043500)
2025-11-15 10:34:36 | INFO | trader_metrics_manager | ✅ HYPE: Included - $7222.74 (price: $39.032500)
2025-11-15 10:34:36 | INFO | trader_metrics_manager | ✅ UPUMP: Included - $580.16 (price: $0.003521)
2025-11-15 10:34:46 | INFO | trader_metrics_manager | ✅ WHYPI: Included - $541.58 (price: $4.835500)
2025-11-15 10:35:00 | INFO | trader_metrics_manager | ✅ HYPE: Included - $151645.09 (price: $39.022500)
2025-11-15 10:35:06 | INFO | trader_metrics_manager | ✅ HYPE: Included - $21954.74 (price: $39.018500)
2025-11-15 10:35:06 | INFO | trader_metrics_manager | ✅ UBTC: Included - $19.20 (price: $95950.500000)
2025-11-15 10:35:06 | INFO | trader_metrics_manager | ✅ USR: Included - $6.37 (price: $629.265000)
2025-11-15 10:35:06 | INFO | trader_metrics_manager | ✅ UPUMP: Included - $18146.02 (price: $0.003519)
2025-11-15 10:35:16 | INFO | trader_metrics_manager | ✅ HYPE: Included - $1077.69 (price: $38.983500)
2025-11-15 10:35:16 | INFO | trader_metrics_manager | ✅ UBTC: Included - $1830.50 (price: $95928.500000)
2025-11-15 10:35:26 | INFO | trader_metrics_manager | ✅ HYPE: Included - $235271.22 (price: $38.981500)
2025-11-15 10:35:26 | INFO | trader_metrics_manager | ✅ UBTC: Included - $95839.37 (price: $95906.500000)
2025-11-15 10:35:26 | INFO | trader_metrics_manager | ✅ UETH: Included - $99236.33 (price: $3157.950000)
2025-11-15 10:35:26 | INFO | trader_metrics_manager | ✅ UXPL: Included - $27187.30 (price: $0.230025)
2025-11-15 10:35:36 | INFO | trader_metrics_manager | ✅ HYPE: Included - $11.26 (price: $39.007000)
2025-11-15 10:36:06 | INFO | trader_metrics_manager | ✅ HYPE: Included - $8.30 (price: $38.980500)
2025-11-15 10:36:36 | INFO | trader_metrics_manager | ✅ HYPE: Included - $5160.52 (price: $38.962500)
2025-11-15 10:36:46 | INFO | trader_metrics_manager | ✅ HYPE: Included - $88908.39 (price: $38.960500)
2025-11-15 10:36:46 | INFO | trader_metrics_manager | ✅ UPUMP: Included - $58818.10 (price: $0.003512)
2025-11-15 10:36:46 | INFO | trader_metrics_manager | ✅ UXPL: Included - $19445.01 (price: $0.229755)
2025-11-15 10:37:26 | INFO | trader_metrics_manager | ✅ HYPE: Included - $59.70 (price: $39.016500)
2025-11-15 10:37:36 | INFO | trader_metrics_manager | ✅ UBTC: Included - $718.53 (price: $95868.500000)
2025-11-15 10:37:46 | INFO | trader_metrics_manager | ✅ HYPE: Included - $67039.68 (price: $38.991500)
2025-11-15 10:38:00 | INFO | trader_metrics_manager | ✅ HYPE: Included - $5.03 (price: $38.992500)
2025-11-15 10:38:06 | INFO | trader_metrics_manager | ✅ HYPE: Included - $351018.75 (price: $38.993500)
2025-11-15 10:38:06 | INFO | trader_metrics_manager | ✅ UBTC: Included - $383401.06 (price: $95870.500000)
2025-11-15 10:38:16 | INFO | trader_metrics_manager | ✅ HYPE: Included - $17338.77 (price: $39.016500)
2025-11-15 10:38:26 | INFO | trader_metrics_manager | ✅ HYPE: Included - $5314.17 (price: $39.007500)
2025-11-15 10:39:06 | INFO | trader_metrics_manager | ✅ PURR: Included - $8.14 (price: $0.099743)
2025-11-15 10:39:06 | INFO | trader_metrics_manager | ✅ USOL: Included - $11.48 (price: $140.705000)
2025-11-15 10:39:16 | INFO | trader_metrics_manager | ✅ HYPE: Included - $792044.23 (price: $38.974500)
2025-11-15 10:39:46 | INFO | trader_metrics_manager | ✅ HYPE: Included - $27.03 (price: $38.995500)
2025-11-15 10:39:46 | INFO | trader_metrics_manager | ✅ UBTC: Included - $40349.45 (price: $95879.500000)
2025-11-15 10:39:46 | INFO | trader_metrics_manager | ✅ UETH: Included - $7373.43 (price: $3156.950000)
2025-11-15 10:39:46 | INFO | trader_metrics_manager | ✅ USOL: Included - $8608.20 (price: $140.745000)
2025-11-15 10:39:46 | INFO | trader_metrics_manager | ✅ UFART: Included - $393.47 (price: $0.245720)
2025-11-15 10:39:46 | INFO | trader_metrics_manager | ✅ UPUMP: Included - $3650.36 (price: $0.003518)
2025-11-15 10:39:46 | INFO | trader_metrics_manager | ✅ UXPL: Included - $2068.79 (price: $0.229155)
2025-11-15 10:40:01 | INFO | trader_metrics_manager | ✅ HYPE: Included - $14687.79 (price: $39.008500)
2025-11-15 10:40:16 | INFO | trader_metrics_manager | ✅ HYPE: Included - $101575.82 (price: $38.986500)
2025-11-15 10:40:26 | INFO | trader_metrics_manager | ✅ UBTC: Included - $297.01 (price: $95873.500000)
2025-11-15 10:40:36 | INFO | trader_metrics_manager | ✅ PURR: Included - $263.76 (price: $0.099744)
2025-11-15 10:40:46 | INFO | trader_metrics_manager | ✅ HYPE: Included - $971.17 (price: $39.016500)
2025-11-15 10:40:46 | INFO | trader_metrics_manager | ✅ UBTC: Included - $1207.32 (price: $95873.500000)
2025-11-15 10:40:46 | INFO | trader_metrics_manager | ✅ UETH: Included - $921.58 (price: $3157.150000)
2025-11-15 10:41:26 | INFO | trader_metrics_manager | ✅ HYPE: Included - $105.93 (price: $39.027500)
2025-11-15 10:41:36 | INFO | trader_metrics_manager | ✅ USOL: Included - $140.67 (price: $140.795000)
2025-11-15 10:41:46 | INFO | trader_metrics_manager | ✅ PURR: Included - $9.87 (price: $0.099745)
2025-11-15 10:42:00 | INFO | trader_metrics_manager | ✅ PURR: Included - $19.75 (price: $0.099745)
2025-11-15 10:42:00 | INFO | trader_metrics_manager | ✅ HYPE: Included - $664.68 (price: $39.086500)
2025-11-15 10:42:07 | INFO | trader_metrics_manager | ✅ PURR: Included - $19.54 (price: $0.099746)
2025-11-15 10:42:07 | INFO | trader_metrics_manager | ✅ PUMP: Included - $78.43 (price: $0.003518)
2025-11-15 10:42:07 | INFO | trader_metrics_manager | ✅ HYPE: Included - $742.94 (price: $39.094500)
2025-11-15 10:42:16 | INFO | trader_metrics_manager | ✅ PURR: Included - $27.73 (price: $0.099747)
2025-11-15 10:42:16 | INFO | trader_metrics_manager | ✅ PUMP: Included - $77.69 (price: $0.003518)
2025-11-15 10:42:26 | INFO | trader_metrics_manager | ✅ PURR: Included - $26.02 (price: $0.099747)
2025-11-15 10:42:26 | INFO | trader_metrics_manager | ✅ PUMP: Included - $108.17 (price: $0.003518)
2025-11-15 10:42:36 | INFO | trader_metrics_manager | ✅ PURR: Included - $20.45 (price: $0.099753)
2025-11-15 10:42:36 | INFO | trader_metrics_manager | ✅ PUMP: Included - $82.78 (price: $0.003518)
2025-11-15 10:42:46 | INFO | trader_metrics_manager | ✅ PURR: Included - $59584.94 (price: $0.099763)
2025-11-15 10:42:46 | INFO | trader_metrics_manager | ✅ HYPE: Included - $1504777.19 (price: $39.152500)
2025-11-15 10:43:06 | INFO | trader_metrics_manager | ✅ PURR: Included - $76138.03 (price: $0.099766)
2025-11-15 10:43:06 | INFO | trader_metrics_manager | ✅ HYPE: Included - $6623.12 (price: $39.161000)
2025-11-15 10:44:00 | INFO | trader_metrics_manager | ✅ UBTC: Included - $23991.12 (price: $96012.500000)
2025-11-15 10:44:46 | INFO | trader_metrics_manager | ✅ HYPE: Included - $175667.65 (price: $39.199500)
2025-11-15 10:44:46 | INFO | trader_metrics_manager | ✅ UBTC: Included - $9580.79 (price: $96057.500000)
2025-11-15 10:44:46 | INFO | trader_metrics_manager | ✅ UPUMP: Included - $20944.07 (price: $0.003528)
2025-11-15 10:45:00 | INFO | trader_metrics_manager | ✅ HYPE: Included - $19594.96 (price: $39.189500)
2025-11-15 10:46:00 | INFO | trader_metrics_manager | ✅ UBTC: Included - $230.29 (price: $96019.500000)
2025-11-15 10:46:00 | INFO | trader_metrics_manager | ✅ UETH: Included - $229.52 (price: $3167.850000)
2025-11-15 10:46:00 | INFO | trader_metrics_manager | ✅ USOL: Included - $225.75 (price: $141.185000)
2025-11-15 10:46:00 | INFO | trader_metrics_manager | ✅ UXPL: Included - $217.93 (price: $0.229555)
2025-11-15 10:46:36 | INFO | trader_metrics_manager | ✅ HYPE: Included - $58912.21 (price: $39.197500)
2025-11-15 10:46:46 | INFO | trader_metrics_manager | ✅ HYPE: Included - $78511.25 (price: $39.196500)
2025-11-15 10:47:46 | INFO | trader_metrics_manager | ✅ UBTC: Included - $4766.46 (price: $96010.500000)
2025-11-15 10:48:00 | INFO | trader_metrics_manager | ✅ HYPE: Included - $22635.37 (price: $39.192500)
2025-11-15 10:48:46 | INFO | trader_metrics_manager | ✅ HYPE: Included - $90187.36 (price: $39.197500)
2025-11-15 10:48:46 | INFO | trader_metrics_manager | ✅ UETH: Included - $13.10 (price: $3168.750000)
2025-11-15 10:49:00 | INFO | trader_metrics_manager | ✅ HYPE: Included - $7.76 (price: $39.197500)
2025-11-15 10:49:06 | INFO | trader_metrics_manager | ✅ HYPE: Included - $32178.99 (price: $39.194500)
2025-11-15 10:49:06 | INFO | trader_metrics_manager | ✅ UBTC: Included - $64078.54 (price: $96039.500000)
2025-11-15 10:49:06 | INFO | trader_metrics_manager | ✅ UPUMP: Included - $766.26 (price: $0.003531)
2025-11-15 10:49:16 | INFO | trader_metrics_manager | ✅ USOL: Included - $84.46 (price: $141.195000)
2025-11-15 10:49:16 | INFO | trader_metrics_manager | ✅ UXPL: Included - $15.54 (price: $0.230065)
2025-11-15 10:49:46 | INFO | trader_metrics_manager | ✅ HYPE: Included - $20.40 (price: $39.191000)
2025-11-15 10:50:00 | INFO | trader_metrics_manager | ✅ PURR: Included - $125.18 (price: $0.099848)
2025-11-15 10:50:00 | INFO | trader_metrics_manager | ✅ HYPE: Included - $694071.92 (price: $39.192500)
2025-11-15 10:50:01 | INFO | trader_metrics_manager | ✅ UPUMP: Included - $78.39 (price: $0.003525)
2025-11-15 10:50:46 | INFO | trader_metrics_manager | ✅ HYPE: Included - $78401.24 (price: $39.200500)
2025-11-15 10:51:16 | INFO | trader_metrics_manager | ✅ HYPE: Included - $41103.44 (price: $39.162500)
2025-11-15 10:52:01 | INFO | trader_metrics_manager | ✅ HYPE: Included - $1753.19 (price: $39.177500)
2025-11-15 10:52:06 | INFO | trader_metrics_manager | ✅ PURR: Included - $9049.11 (price: $0.099844)
2025-11-15 10:52:16 | INFO | trader_metrics_manager | ✅ HYPE: Included - $40299.68 (price: $39.186500)
2025-11-15 10:52:46 | INFO | trader_metrics_manager | ✅ HYPE: Included - $10.24 (price: $39.198500)
2025-11-15 10:53:06 | INFO | trader_metrics_manager | ✅ HYPE: Included - $3630.12 (price: $39.210500)
2025-11-15 10:53:06 | INFO | trader_metrics_manager | ✅ UETH: Included - $28532.45 (price: $3170.450000)
2025-11-15 10:54:16 | INFO | trader_metrics_manager | ✅ HYPE: Included - $78317.35 (price: $39.158500)
2025-11-15 10:54:16 | INFO | trader_metrics_manager | ✅ UPUMP: Included - $17635.00 (price: $0.003527)
2025-11-15 10:54:26 | INFO | trader_metrics_manager | ✅ HYPE: Included - $7.82 (price: $39.158500)
2025-11-15 10:54:36 | INFO | trader_metrics_manager | ✅ PURR: Included - $707615.51 (price: $0.099833)
2025-11-15 10:55:00 | INFO | trader_metrics_manager | ✅ UXPL: Included - $288271.98 (price: $0.230085)
2025-11-15 10:55:16 | INFO | trader_metrics_manager | ✅ HYPE: Included - $11684.88 (price: $39.129500)
2025-11-15 10:56:26 | INFO | trader_metrics_manager | ✅ MANLET: Included - $515.11 (price: $3.367100)
2025-11-15 10:56:26 | INFO | trader_metrics_manager | ✅ TRUMP: Included - $6639.54 (price: $7.199850)
2025-11-15 10:56:26 | INFO | trader_metrics_manager | ✅ PUMP: Included - $57.92 (price: $0.003526)
2025-11-15 10:56:26 | INFO | trader_metrics_manager | ✅ TEST: Included - $2219.54 (price: $1.081500)
2025-11-15 10:56:26 | INFO | trader_metrics_manager | ✅ RICH: Included - $58.12 (price: $1.453450)
2025-11-15 10:56:26 | INFO | trader_metrics_manager | ✅ RANK: Included - $246.37 (price: $39.057500)
2025-11-15 10:56:26 | INFO | trader_metrics_manager | ✅ HYPE: Included - $198.89 (price: $39.046000)
2025-11-15 10:56:26 | INFO | trader_metrics_manager | ✅ GENESY: Included - $573.48 (price: $141.265000)
2025-11-15 10:56:36 | INFO | trader_metrics_manager | ✅ PURR: Included - $248142.10 (price: $0.099839)
2025-11-15 10:56:36 | INFO | trader_metrics_manager | ✅ RICH: Included - $29735.33 (price: $1.453450)
2025-11-15 10:56:36 | INFO | trader_metrics_manager | ✅ RANK: Included - $20275.14 (price: $39.069500)
2025-11-15 10:56:36 | INFO | trader_metrics_manager | ✅ HYPE: Included - $83405.31 (price: $39.069500)
2025-11-15 10:56:36 | INFO | trader_metrics_manager | ✅ TILT: Included - $123622012757.71 (price: $4065.050000)
2025-11-15 10:56:46 | INFO | trader_metrics_manager | ✅ PURR: Included - $225391.24 (price: $0.099842)
2025-11-15 10:57:06 | INFO | trader_metrics_manager | ✅ HYPE: Included - $1442.96 (price: $39.083500)
2025-11-15 10:57:16 | INFO | trader_metrics_manager | ✅ HYPE: Included - $59421.54 (price: $39.098500)
2025-11-15 10:57:26 | INFO | trader_metrics_manager | ✅ PURR: Included - $88.26 (price: $0.099843)
2025-11-15 10:57:46 | INFO | trader_metrics_manager | ✅ PURR: Included - $94.90 (price: $0.099843)
2025-11-15 10:57:46 | INFO | trader_metrics_manager | ✅ HYPE: Included - $13.83 (price: $39.083500)
2025-11-15 10:58:00 | INFO | trader_metrics_manager | ✅ UBTC: Included - $147533.24 (price: $95989.500000)
2025-11-15 10:58:36 | INFO | trader_metrics_manager | ✅ HYPE: Included - $149082.97 (price: $39.042500)
2025-11-15 10:58:46 | INFO | trader_metrics_manager | ✅ HYPE: Included - $10998.87 (price: $39.037500)
2025-11-15 10:59:00 | INFO | trader_metrics_manager | ✅ HYPE: Included - $32928.94 (price: $39.038500)
2025-11-15 10:59:16 | INFO | trader_metrics_manager | ✅ HYPE: Included - $3252052.74 (price: $39.040500)
2025-11-15 10:59:16 | INFO | trader_metrics_manager | ✅ UBTC: Included - $184404.48 (price: $95991.500000)
2025-11-15 10:59:26 | INFO | trader_metrics_manager | ✅ UBTC: Included - $331.87 (price: $95988.500000)
2025-11-15 11:00:26 | INFO | trader_metrics_manager | ✅ PURR: Included - $26.53 (price: $0.099831)
2025-11-15 11:01:06 | INFO | trader_metrics_manager | ✅ HYPE: Included - $4492.26 (price: $39.073500)
2025-11-15 11:01:26 | INFO | trader_metrics_manager | ✅ HYPE: Included - $3274.53 (price: $39.038500)
2025-11-15 11:01:26 | INFO | trader_metrics_manager | ✅ UBTC: Included - $7966224.46 (price: $95980.500000)
2025-11-15 11:01:36 | INFO | trader_metrics_manager | ✅ HYPE: Included - $84616.18 (price: $39.038000)
2025-11-15 11:02:00 | INFO | trader_metrics_manager | ✅ HYPE: Included - $118226.30 (price: $39.023500)
2025-11-15 11:03:00 | INFO | trader_metrics_manager | ✅ PURR: Included - $137262.70 (price: $0.099818)
2025-11-15 11:03:00 | INFO | trader_metrics_manager | ✅ TRUMP: Included - $27558.14 (price: $7.207950)
2025-11-15 11:03:00 | INFO | trader_metrics_manager | ✅ HYPE: Included - $3256203.23 (price: $39.024500)
2025-11-15 11:03:06 | INFO | trader_metrics_manager | ✅ HYPE: Included - $905.23 (price: $39.028000)
2025-11-15 11:03:46 | INFO | trader_metrics_manager | ✅ HYPE: Included - $38.89 (price: $39.023500)
2025-11-15 11:04:16 | INFO | trader_metrics_manager | ✅ HYPE: Included - $42906.57 (price: $38.991500)
2025-11-15 11:04:16 | INFO | trader_metrics_manager | ✅ UBTC: Included - $521.63 (price: $95951.500000)
2025-11-15 11:04:26 | INFO | trader_metrics_manager | ✅ HYPE: Included - $1314926.90 (price: $38.983500)
2025-11-15 11:04:36 | INFO | trader_metrics_manager | ✅ HYPE: Included - $14.72 (price: $38.998500)
2025-11-15 11:04:36 | INFO | trader_metrics_manager | ✅ UETH: Included - $4693.05 (price: $3169.250000)
2025-11-15 11:05:46 | INFO | trader_metrics_manager | ✅ HYPE: Included - $681892.33 (price: $38.946500)
2025-11-15 11:06:00 | INFO | trader_metrics_manager | ✅ HYPE: Included - $7988.25 (price: $38.934500)
2025-11-15 11:06:06 | INFO | trader_metrics_manager | ✅ HYPE: Included - $778278.18 (price: $38.906500)
2025-11-15 11:06:16 | INFO | trader_metrics_manager | ✅ HYPE: Included - $76361.04 (price: $38.906500)
2025-11-15 11:06:16 | INFO | trader_metrics_manager | ✅ UPUMP: Included - $18468.47 (price: $0.003511)
2025-11-15 11:06:26 | INFO | trader_metrics_manager | ✅ PURR: Included - $10346.14 (price: $0.099563)
2025-11-15 11:06:26 | INFO | trader_metrics_manager | ✅ UBTC: Included - $438.86 (price: $95877.500000)
2025-11-15 11:06:26 | INFO | trader_metrics_manager | ✅ USOL: Included - $52.54 (price: $140.935000)
2025-11-15 11:08:36 | INFO | trader_metrics_manager | ✅ PURR: Included - $1601.07 (price: $0.099666)
2025-11-15 11:08:36 | INFO | trader_metrics_manager | ✅ HYPE: Included - $54930.44 (price: $38.939500)
2025-11-15 11:09:05 | INFO | trader_metrics_manager | ✅ UFART: Included - $268.23 (price: $0.246530)
2025-11-15 11:09:16 | INFO | trader_metrics_manager | ✅ HYPE: Included - $21711.26 (price: $38.973500)
2025-11-15 11:09:26 | INFO | trader_metrics_manager | ✅ HYPE: Included - $31513.16 (price: $38.962500)
2025-11-15 11:09:46 | INFO | trader_metrics_manager | ✅ PURR: Included - $13.59 (price: $0.099419)
2025-11-15 11:09:46 | INFO | trader_metrics_manager | ✅ HYPE: Included - $2086.86 (price: $38.983500)
2025-11-15 11:11:06 | INFO | trader_metrics_manager | ✅ HYPE: Included - $37.83 (price: $39.003500)
2025-11-15 11:11:06 | INFO | trader_metrics_manager | ✅ UBTC: Included - $189.85 (price: $95884.500000)
2025-11-15 11:11:16 | INFO | trader_metrics_manager | ✅ MANLET: Included - $416.96 (price: $3.363750)
2025-11-15 11:11:16 | INFO | trader_metrics_manager | ✅ TRUMP: Included - $14400.22 (price: $7.215050)
2025-11-15 11:11:16 | INFO | trader_metrics_manager | ✅ PUMP: Included - $69.72 (price: $0.003520)
2025-11-15 11:11:16 | INFO | trader_metrics_manager | ✅ TEST: Included - $1669.28 (price: $1.081500)
2025-11-15 11:11:16 | INFO | trader_metrics_manager | ✅ RICH: Included - $18.06 (price: $1.453450)
2025-11-15 11:11:16 | INFO | trader_metrics_manager | ✅ RANK: Included - $462.82 (price: $38.938500)
2025-11-15 11:11:16 | INFO | trader_metrics_manager | ✅ GENESY: Included - $325.72 (price: $141.050000)
2025-11-15 11:14:59 | INFO | __main__ | Scheduled metrics check - 70 pending updates
2025-11-15 11:15:06 | INFO | trader_metrics_manager | ✅ HYPE: Included - $45526.00 (price: $39.020500)
2025-11-15 11:15:16 | INFO | trader_metrics_manager | ✅ PURR: Included - $25.93 (price: $0.099407)
2025-11-15 11:15:16 | INFO | trader_metrics_manager | ✅ PUMP: Included - $108.01 (price: $0.003513)
2025-11-15 11:15:36 | INFO | trader_metrics_manager | ✅ PURR: Included - $20.37 (price: $0.099407)
2025-11-15 11:15:36 | INFO | trader_metrics_manager | ✅ PUMP: Included - $82.62 (price: $0.003511)
2025-11-15 11:15:46 | INFO | trader_metrics_manager | ✅ PURR: Included - $59372.31 (price: $0.099407)
2025-11-15 11:15:46 | INFO | trader_metrics_manager | ✅ HYPE: Included - $1500165.14 (price: $39.032500)
2025-11-15 11:16:26 | INFO | trader_metrics_manager | ✅ HYPE: Included - $78057.17 (price: $39.023500)
2025-11-15 11:16:26 | INFO | trader_metrics_manager | ✅ UPUMP: Included - $15191.35 (price: $0.003509)
2025-11-15 11:16:36 | INFO | trader_metrics_manager | ✅ HYPE: Included - $18.78 (price: $38.996500)
2025-11-15 11:16:46 | INFO | trader_metrics_manager | ✅ HYPE: Included - $289.53 (price: $38.965500)
2025-11-15 11:17:00 | INFO | trader_metrics_manager | ✅ PURR: Included - $177.96 (price: $0.099402)
2025-11-15 11:17:00 | INFO | trader_metrics_manager | ✅ HYPE: Included - $273.22 (price: $38.983500)
2025-11-15 11:17:00 | INFO | trader_metrics_manager | ✅ UETH: Included - $634.10 (price: $3159.650000)
2025-11-15 11:17:36 | INFO | trader_metrics_manager | ✅ HYPE: Included - $10849113.04 (price: $38.961500)
2025-11-15 11:18:00 | INFO | trader_metrics_manager | ✅ HYPE: Included - $37547.14 (price: $38.988500)
2025-11-15 11:18:06 | INFO | trader_metrics_manager | ✅ HYPE: Included - $10.58 (price: $38.983500)
2025-11-15 11:18:16 | INFO | trader_metrics_manager | ✅ HYPE: Included - $24175.87 (price: $38.977500)
2025-11-15 11:19:00 | INFO | trader_metrics_manager | ✅ HYPE: Included - $82.18 (price: $39.023500)
2025-11-15 11:19:00 | INFO | trader_metrics_manager | ✅ UBTC: Included - $101.36 (price: $95807.500000)
2025-11-15 11:19:00 | INFO | trader_metrics_manager | ✅ UXPL: Included - $71.25 (price: $0.229485)
2025-11-15 11:19:16 | INFO | trader_metrics_manager | ✅ HYPE: Included - $1850009.54 (price: $39.028500)
2025-11-15 11:19:26 | INFO | trader_metrics_manager | ✅ HYPE: Included - $219601.69 (price: $39.042500)
2025-11-15 11:19:36 | INFO | trader_metrics_manager | ✅ HYPE: Included - $5.43 (price: $39.032500)
2025-11-15 11:20:06 | INFO | trader_metrics_manager | ✅ PURR: Included - $876.49 (price: $0.099419)
2025-11-15 11:20:06 | INFO | trader_metrics_manager | ✅ HYPE: Included - $1012.51 (price: $39.042500)
2025-11-15 11:20:06 | INFO | trader_metrics_manager | ✅ USOL: Included - $844.15 (price: $140.735000)
2025-11-15 11:20:06 | INFO | trader_metrics_manager | ✅ UPUMP: Included - $1482.60 (price: $0.003511)
2025-11-15 11:20:16 | INFO | trader_metrics_manager | ✅ HYPE: Included - $1561.19 (price: $39.043500)
2025-11-15 11:20:16 | INFO | trader_metrics_manager | ✅ UBTC: Included - $9.58 (price: $95849.500000)
2025-11-15 11:20:36 | INFO | trader_metrics_manager | ✅ HYPE: Included - $33.27 (price: $39.020500)
2025-11-15 11:20:36 | INFO | trader_metrics_manager | ✅ UETH: Included - $117.72 (price: $3164.650000)
2025-11-15 11:21:16 | INFO | trader_metrics_manager | ✅ HYPE: Included - $210.27 (price: $38.996500)
2025-11-15 11:21:36 | INFO | trader_metrics_manager | ✅ HYPE: Included - $39.02 (price: $38.983500)
2025-11-15 11:21:46 | INFO | trader_metrics_manager | ✅ HYPE: Included - $19497.52 (price: $38.993500)
2025-11-15 11:22:16 | INFO | trader_metrics_manager | ✅ HYPE: Included - $31194.36 (price: $38.992500)
2025-11-15 11:22:16 | INFO | trader_metrics_manager | ✅ UBTC: Included - $191591.31 (price: $95795.500000)
2025-11-15 11:22:16 | INFO | trader_metrics_manager | ✅ UETH: Included - $15822.05 (price: $3164.350000)
2025-11-15 11:22:16 | INFO | trader_metrics_manager | ✅ USOL: Included - $8444.13 (price: $140.735000)
2025-11-15 11:22:46 | INFO | trader_metrics_manager | ✅ HYPE: Included - $70.17 (price: $39.011000)
2025-11-15 11:23:46 | INFO | trader_metrics_manager | ✅ HYPE: Included - $3973.67 (price: $39.009500)
2025-11-15 11:24:06 | INFO | trader_metrics_manager | ✅ HYPE: Included - $243295.64 (price: $39.039500)
2025-11-15 11:24:16 | INFO | trader_metrics_manager | ✅ HYPE: Included - $827.23 (price: $39.039500)
2025-11-15 11:24:16 | INFO | trader_metrics_manager | ✅ UBTC: Included - $2159.79 (price: $95813.500000)
2025-11-15 11:25:00 | INFO | trader_metrics_manager | ✅ HYPE: Included - $3892.05 (price: $39.011500)
2025-11-15 11:25:06 | INFO | trader_metrics_manager | ✅ HYPE: Included - $42.87 (price: $39.000500)
2025-11-15 11:25:16 | INFO | trader_metrics_manager | ✅ HYPE: Included - $35.06 (price: $38.987000)
2025-11-15 11:25:26 | INFO | trader_metrics_manager | ✅ HYPE: Included - $35.08 (price: $39.002500)
2025-11-15 11:26:00 | INFO | trader_metrics_manager | ✅ UBTC: Included - $31577.63 (price: $95820.500000)
2025-11-15 11:26:06 | INFO | trader_metrics_manager | ✅ HYPE: Included - $69792.50 (price: $39.004500)
2025-11-15 11:26:26 | INFO | trader_metrics_manager | ✅ HYPE: Included - $9191.11 (price: $39.035500)
2025-11-15 11:48:00 | INFO | trader_metrics_manager | Registered 1 new addresses
2025-11-15 11:48:00 | INFO | trader_metrics_manager | ✅ HYPE: Included - $166.93 (price: $38.564500)
2025-11-15 12:15:00 | INFO | __main__ | Scheduled metrics check - 23 pending updates
2025-11-15 12:15:36 | INFO | trader_metrics_manager | ✅ HYPE: Included - $216745.27 (price: $38.700500)
2025-11-15 12:15:36 | INFO | trader_metrics_manager | ✅ UPUMP: Included - $250852.86 (price: $0.003517)
2025-11-15 12:16:00 | INFO | trader_metrics_manager | ✅ HYPE: Included - $33.01 (price: $38.714500)
2025-11-15 12:16:00 | INFO | trader_metrics_manager | ✅ UETH: Included - $117.59 (price: $3161.050000)
2025-11-15 12:16:16 | INFO | trader_metrics_manager | ✅ HYPE: Included - $73.43 (price: $38.744500)
2025-11-15 12:16:16 | INFO | trader_metrics_manager | ✅ USOL: Included - $6.71 (price: $140.565000)
2025-11-15 12:16:16 | INFO | trader_metrics_manager | ✅ UPUMP: Included - $8.35 (price: $0.003523)
2025-11-15 12:16:36 | INFO | trader_metrics_manager | ✅ HYPE: Included - $169473.03 (price: $38.736500)
2025-11-15 12:16:46 | INFO | trader_metrics_manager | ✅ HYPE: Included - $21229.78 (price: $38.738500)
2025-11-15 12:16:46 | INFO | trader_metrics_manager | ✅ UPUMP: Included - $1906.12 (price: $0.003521)
2025-11-15 12:17:16 | INFO | trader_metrics_manager | ✅ HYPE: Included - $163.78 (price: $38.734500)
2025-11-15 12:17:16 | INFO | trader_metrics_manager | ✅ UETH: Included - $2877.90 (price: $3160.050000)
2025-11-15 12:18:01 | INFO | trader_metrics_manager | ✅ HYPE: Included - $3054.16 (price: $38.731500)
2025-11-15 12:18:26 | INFO | trader_metrics_manager | ✅ HYPE: Included - $8132.39 (price: $38.711500)
2025-11-15 12:18:36 | INFO | trader_metrics_manager | ✅ HYPE: Included - $5277.89 (price: $38.709500)
2025-11-15 12:20:59 | INFO | trader_metrics_manager | Registered 1 new addresses
2025-11-15 12:31:59 | INFO | trader_metrics_manager | Registered 1 new addresses
2025-11-15 12:45:59 | INFO | trader_metrics_manager | Registered 1 new addresses
2025-11-15 12:46:00 | INFO | trader_metrics_manager | ✅ HYPE: Included - $4482.65 (price: $38.790500)
2025-11-15 12:46:00 | INFO | trader_metrics_manager | ✅ UBTC: Included - $4595.65 (price: $95698.500000)
2025-11-15 13:14:59 | INFO | __main__ | Scheduled metrics check - 265 pending updates
2025-11-15 13:15:16 | INFO | trader_metrics_manager | ✅ HYPE: Included - $70.97 (price: $38.811500)
2025-11-15 13:15:26 | INFO | trader_metrics_manager | ✅ HYPE: Included - $72.23 (price: $38.819500)
2025-11-15 13:15:46 | INFO | trader_metrics_manager | ✅ HYPE: Included - $16073.40 (price: $38.829500)
2025-11-15 13:15:46 | INFO | trader_metrics_manager | ✅ UETH: Included - $12050.15 (price: $3170.350000)
2025-11-15 13:16:00 | INFO | trader_metrics_manager | ✅ HYPE: Included - $5703530.19 (price: $38.834500)
2025-11-15 13:16:06 | INFO | trader_metrics_manager | ✅ HYPE: Included - $13409.61 (price: $38.840500)
2025-11-15 13:16:26 | INFO | trader_metrics_manager | ✅ HYPE: Included - $609.69 (price: $38.873500)
2025-11-15 13:16:36 | INFO | trader_metrics_manager | ✅ HYPE: Included - $25935.21 (price: $38.880500)
2025-11-15 13:16:36 | INFO | trader_metrics_manager | ✅ UBTC: Included - $11693.73 (price: $95972.500000)
2025-11-15 13:16:36 | INFO | trader_metrics_manager | ✅ UETH: Included - $2627.55 (price: $3173.150000)
2025-11-15 13:16:36 | INFO | trader_metrics_manager | ✅ USOL: Included - $1787.75 (price: $141.375000)
2025-11-15 13:17:06 | INFO | trader_metrics_manager | ✅ HYPE: Included - $96.45 (price: $38.863500)
2025-11-15 13:17:06 | INFO | trader_metrics_manager | ✅ UPUMP: Included - $352.70 (price: $0.003575)
2025-11-15 13:17:16 | INFO | trader_metrics_manager | ✅ HYPE: Included - $494.60 (price: $38.892500)
2025-11-15 13:17:16 | INFO | trader_metrics_manager | ✅ UXPL: Included - $5888.90 (price: $0.234580)
2025-11-15 13:17:26 | INFO | trader_metrics_manager | ✅ PURR: Included - $866.09 (price: $0.099747)
2025-11-15 13:17:26 | INFO | trader_metrics_manager | ✅ HYPE: Included - $15634.23 (price: $38.881500)
2025-11-15 13:17:26 | INFO | trader_metrics_manager | ✅ UXPL: Included - $10.97 (price: $0.234700)
2025-11-15 13:19:00 | INFO | trader_metrics_manager | ✅ HYPE: Included - $11918.57 (price: $38.891500)
2025-11-15 13:19:00 | INFO | trader_metrics_manager | ✅ UFART: Included - $40.62 (price: $0.251540)
2025-11-15 13:19:06 | INFO | trader_metrics_manager | ✅ HYPE: Included - $6930.45 (price: $38.880500)
2025-11-15 13:19:36 | INFO | trader_metrics_manager | ✅ HYPE: Included - $392636.56 (price: $38.866500)
2025-11-15 13:19:36 | INFO | trader_metrics_manager | ✅ UFART: Included - $15.26 (price: $0.251090)
2025-11-15 13:19:46 | INFO | trader_metrics_manager | ✅ HYPE: Included - $2129364.35 (price: $38.879500)
2025-11-15 13:20:00 | INFO | trader_metrics_manager | ✅ HYPE: Included - $64391.54 (price: $38.887500)
2025-11-15 13:20:00 | INFO | trader_metrics_manager | ✅ UBTC: Included - $211526.93 (price: $96023.500000)
2025-11-15 13:20:26 | INFO | trader_metrics_manager | ✅ HYPE: Included - $11.70 (price: $38.891500)
2025-11-15 13:20:36 | INFO | trader_metrics_manager | ✅ USOL: Included - $430.92 (price: $141.630000)
2025-11-15 13:21:00 | INFO | trader_metrics_manager | ✅ HYPE: Included - $98078.03 (price: $38.902500)
2025-11-15 13:21:16 | INFO | trader_metrics_manager | ✅ HYPE: Included - $23347.21 (price: $38.883500)
2025-11-15 13:21:16 | INFO | trader_metrics_manager | ✅ UBTC: Included - $8.32 (price: $96050.500000)
2025-11-15 13:21:26 | INFO | trader_metrics_manager | ✅ HYPE: Included - $21035.09 (price: $38.891500)
2025-11-15 13:21:46 | INFO | trader_metrics_manager | ✅ HYPE: Included - $116322.02 (price: $38.920500)
2025-11-15 13:21:46 | INFO | trader_metrics_manager | ✅ UBTC: Included - $101773.10 (price: $96174.500000)
2025-11-15 13:22:00 | INFO | trader_metrics_manager | ✅ HYPE: Included - $30.48 (price: $38.955500)
2025-11-15 13:22:06 | INFO | trader_metrics_manager | ✅ HYPE: Included - $309997.98 (price: $38.944500)
2025-11-15 13:23:01 | INFO | trader_metrics_manager | ✅ HYPE: Included - $6.79 (price: $38.940000)
2025-11-15 13:23:06 | INFO | trader_metrics_manager | ✅ PURR: Included - $123.28 (price: $0.099704)
2025-11-15 13:23:06 | INFO | trader_metrics_manager | ✅ HYPE: Included - $1191.48 (price: $38.949500)
2025-11-15 13:23:06 | INFO | trader_metrics_manager | ✅ UBTC: Included - $2373.58 (price: $96116.500000)
2025-11-15 13:23:06 | INFO | trader_metrics_manager | ✅ UETH: Included - $1229.25 (price: $3180.050000)
2025-11-15 13:23:36 | INFO | trader_metrics_manager | ✅ HYPE: Included - $355964.56 (price: $38.918500)
2025-11-15 13:24:01 | INFO | trader_metrics_manager | ✅ HYPE: Included - $65316.11 (price: $38.927500)
2025-11-15 13:24:06 | INFO | trader_metrics_manager | ✅ HYPE: Included - $155681.20 (price: $38.927500)
2025-11-15 13:24:06 | INFO | trader_metrics_manager | ✅ UPUMP: Included - $714073.39 (price: $0.003594)
2025-11-15 13:24:16 | INFO | trader_metrics_manager | ✅ HYPE: Included - $1634931.74 (price: $38.958500)
2025-11-15 13:24:16 | INFO | trader_metrics_manager | ✅ UBTC: Included - $535024.42 (price: $96098.000000)
2025-11-15 13:24:16 | INFO | trader_metrics_manager | ✅ UETH: Included - $6.79 (price: $3180.050000)
2025-11-15 13:24:26 | INFO | trader_metrics_manager | ✅ HYPE: Included - $9994.68 (price: $38.960500)
2025-11-15 13:24:46 | INFO | trader_metrics_manager | ✅ HYPE: Included - $24032.08 (price: $38.964500)
2025-11-15 13:25:07 | INFO | trader_metrics_manager | ✅ HYPE: Included - $87110.04 (price: $38.972000)
2025-11-15 13:25:07 | INFO | trader_metrics_manager | ✅ UBTC: Included - $14827.51 (price: $96131.500000)
2025-11-15 13:25:16 | INFO | trader_metrics_manager | ✅ HYPE: Included - $5.03 (price: $38.961500)
2025-11-15 13:25:36 | INFO | trader_metrics_manager | ✅ HYPE: Included - $20.46 (price: $38.970500)
2025-11-15 13:26:00 | INFO | trader_metrics_manager | ✅ UBTC: Included - $634.27 (price: $96161.500000)
2025-11-15 13:26:06 | INFO | trader_metrics_manager | ✅ UBTC: Included - $288.31 (price: $96171.500000)
2025-11-15 13:26:26 | INFO | trader_metrics_manager | ✅ HYPE: Included - $1310733.79 (price: $38.970500)
2025-11-15 13:26:36 | INFO | trader_metrics_manager | ✅ UXPL: Included - $5.19 (price: $0.234895)
2025-11-15 13:27:00 | INFO | trader_metrics_manager | ✅ HYPE: Included - $238433.02 (price: $38.960500)
2025-11-15 13:27:06 | INFO | trader_metrics_manager | ✅ HYPE: Included - $34820.75 (price: $38.966000)
2025-11-15 13:27:16 | INFO | trader_metrics_manager | ✅ HYPE: Included - $145973.86 (price: $38.982500)
2025-11-15 13:27:16 | INFO | trader_metrics_manager | ✅ UBTC: Included - $1152.59 (price: $96125.500000)
2025-11-15 13:27:26 | INFO | trader_metrics_manager | ✅ HYPE: Included - $520074.92 (price: $38.971500)
2025-11-15 13:27:26 | INFO | trader_metrics_manager | ✅ UBTC: Included - $2413.41 (price: $96132.500000)
2025-11-15 13:28:00 | INFO | trader_metrics_manager | ✅ HYPE: Included - $14.97 (price: $38.942500)
2025-11-15 13:28:06 | INFO | trader_metrics_manager | ✅ HYPE: Included - $75.42 (price: $38.934500)
2025-11-15 13:28:36 | INFO | trader_metrics_manager | ✅ HYPE: Included - $370.23 (price: $38.934500)
2025-11-15 13:28:36 | INFO | trader_metrics_manager | ✅ UBTC: Included - $409.72 (price: $96086.500000)
2025-11-15 13:28:36 | INFO | trader_metrics_manager | ✅ UETH: Included - $370.12 (price: $3178.750000)
2025-11-15 13:29:00 | INFO | trader_metrics_manager | ✅ HYPE: Included - $213006.18 (price: $38.948500)
2025-11-15 13:29:00 | INFO | trader_metrics_manager | ✅ UBTC: Included - $6.22 (price: $96090.500000)
2025-11-15 13:29:00 | INFO | trader_metrics_manager | ✅ UXPL: Included - $2648.56 (price: $0.234645)
2025-11-15 13:29:36 | INFO | trader_metrics_manager | ✅ HYPE: Included - $19.53 (price: $38.930500)
2025-11-15 13:30:16 | INFO | trader_metrics_manager | ✅ HYPE: Included - $10.57 (price: $38.976500)
2025-11-15 13:30:26 | INFO | trader_metrics_manager | ✅ HYPE: Included - $19.96 (price: $38.977500)
2025-11-15 13:30:26 | INFO | trader_metrics_manager | ✅ GENESY: Included - $31.89 (price: $141.635000)
2025-11-15 13:30:46 | INFO | trader_metrics_manager | ✅ HYPE: Included - $199357.81 (price: $38.988500)
2025-11-15 13:31:00 | INFO | trader_metrics_manager | ✅ HYPE: Included - $17124.77 (price: $38.957500)
2025-11-15 13:31:16 | INFO | trader_metrics_manager | ✅ HYPE: Included - $138859.05 (price: $38.934500)
2025-11-15 13:31:16 | INFO | trader_metrics_manager | ✅ UPUMP: Included - $41483.38 (price: $0.003603)
2025-11-15 13:31:16 | INFO | trader_metrics_manager | ✅ UXPL: Included - $21867.85 (price: $0.235255)
2025-11-15 13:31:26 | INFO | trader_metrics_manager | ✅ HYPE: Included - $18.40 (price: $38.918500)
2025-11-15 13:31:36 | INFO | trader_metrics_manager | ✅ UBTC: Included - $8641.54 (price: $96055.500000)
2025-11-15 13:31:36 | INFO | trader_metrics_manager | ✅ UPUMP: Included - $264579.28 (price: $0.003592)
2025-11-15 13:31:46 | INFO | trader_metrics_manager | ✅ HYPE: Included - $679706.30 (price: $38.895500)
2025-11-15 13:31:46 | INFO | trader_metrics_manager | ✅ USOL: Included - $436.94 (price: $141.445000)
2025-11-15 13:31:46 | INFO | trader_metrics_manager | ✅ UXPL: Included - $1226.90 (price: $0.235265)
2025-11-15 13:32:00 | INFO | trader_metrics_manager | ✅ HYPE: Included - $31.01 (price: $38.899500)
2025-11-15 13:32:00 | INFO | trader_metrics_manager | ✅ UBTC: Included - $4963.55 (price: $96019.500000)
2025-11-15 13:32:01 | INFO | trader_metrics_manager | ✅ USOL: Included - $104.78 (price: $141.455000)
2025-11-15 13:32:06 | INFO | trader_metrics_manager | ✅ HYPE: Included - $45382.88 (price: $38.883000)
2025-11-15 13:32:46 | INFO | trader_metrics_manager | ✅ HYPE: Included - $10.50 (price: $38.954500)
2025-11-15 13:32:46 | INFO | trader_metrics_manager | ✅ UBTC: Included - $288115.14 (price: $96084.500000)
2025-11-15 13:33:06 | INFO | trader_metrics_manager | ✅ UBTC: Included - $288081.99 (price: $96084.500000)
2025-11-15 13:33:26 | INFO | trader_metrics_manager | ✅ UBTC: Included - $523801.40 (price: $96099.500000)
2025-11-15 13:33:36 | INFO | trader_metrics_manager | ✅ HYPE: Included - $309556.24 (price: $38.951500)
2025-11-15 13:34:06 | INFO | trader_metrics_manager | ✅ HYPE: Included - $14418.49 (price: $38.947500)
2025-11-15 13:34:36 | INFO | trader_metrics_manager | ✅ UBTC: Included - $624.67 (price: $96110.500000)
2025-11-15 13:34:46 | INFO | trader_metrics_manager | ✅ HYPE: Included - $1187466.31 (price: $38.976500)
2025-11-15 13:35:00 | INFO | trader_metrics_manager | ✅ HYPE: Included - $1949225.26 (price: $38.984500)
2025-11-15 13:35:16 | INFO | trader_metrics_manager | ✅ HYPE: Included - $1976314.63 (price: $38.984500)
2025-11-15 13:35:26 | INFO | trader_metrics_manager | ✅ HYPE: Included - $974712.85 (price: $38.988500)
2025-11-15 13:35:26 | INFO | trader_metrics_manager | ✅ UBTC: Included - $96118.84 (price: $96109.500000)
2025-11-15 13:35:36 | INFO | trader_metrics_manager | ✅ HYPE: Included - $51.27 (price: $38.986500)
2025-11-15 13:36:00 | INFO | trader_metrics_manager | ✅ HYPE: Included - $219.94 (price: $39.003500)
2025-11-15 13:36:06 | INFO | trader_metrics_manager | ✅ HYPE: Included - $1797.78 (price: $39.003500)
2025-11-15 13:36:06 | INFO | trader_metrics_manager | ✅ UBTC: Included - $376.69 (price: $96135.500000)
2025-11-15 13:36:06 | INFO | trader_metrics_manager | ✅ USOL: Included - $40.66 (price: $141.585000)
2025-11-15 13:36:26 | INFO | trader_metrics_manager | ✅ HYPE: Included - $310.24 (price: $39.020500)
2025-11-15 13:36:26 | INFO | trader_metrics_manager | ✅ UBTC: Included - $187.24 (price: $96188.500000)
2025-11-15 13:36:36 | INFO | trader_metrics_manager | ✅ UBTC: Included - $235.56 (price: $96212.500000)
2025-11-15 13:36:59 | INFO | trader_metrics_manager | Registered 1 new addresses
2025-11-15 13:37:06 | INFO | trader_metrics_manager | ✅ UBTC: Included - $1092.86 (price: $96186.500000)
2025-11-15 13:37:16 | INFO | trader_metrics_manager | ✅ UBTC: Included - $8174.41 (price: $96207.500000)
2025-11-15 13:37:36 | INFO | trader_metrics_manager | ✅ HYPE: Included - $33051.08 (price: $39.044500)
2025-11-15 13:37:36 | INFO | trader_metrics_manager | ✅ UFART: Included - $212404.82 (price: $0.250020)
2025-11-15 13:37:36 | INFO | trader_metrics_manager | ✅ UPUMP: Included - $248519.67 (price: $0.003602)
2025-11-15 13:37:36 | INFO | trader_metrics_manager | ✅ UXPL: Included - $143178.52 (price: $0.235405)
2025-11-15 13:38:00 | INFO | trader_metrics_manager | ✅ UBTC: Included - $10.78 (price: $96205.500000)
2025-11-15 13:38:16 | INFO | trader_metrics_manager | ✅ HYPE: Included - $3286.45 (price: $39.045500)
2025-11-15 13:38:26 | INFO | trader_metrics_manager | ✅ PURR: Included - $17745.42 (price: $0.099667)
2025-11-15 13:38:26 | INFO | trader_metrics_manager | ✅ USOL: Included - $1670.92 (price: $141.595000)
2025-11-15 13:38:26 | INFO | trader_metrics_manager | ✅ UPUMP: Included - $6.34 (price: $0.003601)
2025-11-15 13:38:36 | INFO | trader_metrics_manager | ✅ UBTC: Included - $25.97 (price: $96227.500000)
2025-11-15 13:39:06 | INFO | trader_metrics_manager | ✅ HYPE: Included - $39.05 (price: $39.051500)
2025-11-15 13:39:16 | INFO | trader_metrics_manager | ✅ UBTC: Included - $548.20 (price: $96243.500000)
2025-11-15 13:39:46 | INFO | trader_metrics_manager | ✅ UBTC: Included - $456.55 (price: $96183.500000)
2025-11-15 13:40:26 | INFO | trader_metrics_manager | ✅ HYPE: Included - $378.03 (price: $39.025500)
2025-11-15 13:40:36 | INFO | trader_metrics_manager | ✅ HYPE: Included - $5845.52 (price: $39.008500)
2025-11-15 13:40:46 | INFO | trader_metrics_manager | ✅ HYPE: Included - $83756.65 (price: $38.983500)
2025-11-15 13:41:06 | INFO | trader_metrics_manager | ✅ HYPE: Included - $38956.50 (price: $38.956500)
2025-11-15 13:41:26 | INFO | trader_metrics_manager | ✅ HYPE: Included - $5014.69 (price: $38.991500)
2025-11-15 13:41:26 | INFO | trader_metrics_manager | ✅ UBTC: Included - $4383.42 (price: $96146.500000)
2025-11-15 13:41:46 | INFO | trader_metrics_manager | ✅ HYPE: Included - $31892.64 (price: $38.971500)
2025-11-15 13:42:00 | INFO | trader_metrics_manager | ✅ PURR: Included - $362958.57 (price: $0.099622)
2025-11-15 13:42:00 | INFO | trader_metrics_manager | ✅ HYPE: Included - $824518.97 (price: $38.950500)
2025-11-15 13:42:00 | INFO | trader_metrics_manager | ✅ UPUMP: Included - $185021.20 (price: $0.003582)
2025-11-15 13:42:01 | INFO | trader_metrics_manager | ✅ UXPL: Included - $418998.26 (price: $0.234710)
2025-11-15 13:42:16 | INFO | trader_metrics_manager | ✅ HYPE: Included - $30994.13 (price: $38.950500)
2025-11-15 13:42:16 | INFO | trader_metrics_manager | ✅ USOL: Included - $8474.31 (price: $141.345000)
2025-11-15 13:42:36 | INFO | trader_metrics_manager | ✅ HYPE: Included - $12.06 (price: $38.944500)
2025-11-15 13:42:46 | INFO | trader_metrics_manager | ✅ HYPE: Included - $17740.25 (price: $38.945500)
2025-11-15 13:43:01 | INFO | trader_metrics_manager | ✅ UBTC: Included - $1979.61 (price: $96115.500000)
2025-11-15 13:43:06 | INFO | trader_metrics_manager | ✅ UFART: Included - $1532.18 (price: $0.249420)
2025-11-15 13:43:26 | INFO | trader_metrics_manager | ✅ HYPE: Included - $462.41 (price: $38.934500)
2025-11-15 13:43:36 | INFO | trader_metrics_manager | ✅ HYPE: Included - $500.82 (price: $38.933500)
2025-11-15 13:43:46 | INFO | trader_metrics_manager | ✅ HYPE: Included - $10.83 (price: $38.931500)
2025-11-15 13:43:46 | INFO | trader_metrics_manager | ✅ UBTC: Included - $6.16 (price: $96116.500000)
2025-11-15 13:44:16 | INFO | trader_metrics_manager | ✅ HYPE: Included - $72.52 (price: $38.911500)
2025-11-15 13:44:16 | INFO | trader_metrics_manager | ✅ UBTC: Included - $1642.68 (price: $96119.500000)
2025-11-15 13:44:16 | INFO | trader_metrics_manager | ✅ UETH: Included - $117.06 (price: $3178.450000)
2025-11-15 13:44:16 | INFO | trader_metrics_manager | ✅ UFART: Included - $281.03 (price: $0.248780)
2025-11-15 13:44:16 | INFO | trader_metrics_manager | ✅ UPUMP: Included - $67.02 (price: $0.003577)
2025-11-15 13:44:16 | INFO | trader_metrics_manager | ✅ UXPL: Included - $76.40 (price: $0.233975)
2025-11-15 13:44:26 | INFO | trader_metrics_manager | ✅ USOL: Included - $9.31 (price: $141.205000)
2025-11-15 13:44:36 | INFO | trader_metrics_manager | ✅ HYPE: Included - $237.82 (price: $38.887500)
2025-11-15 13:45:26 | INFO | trader_metrics_manager | ✅ HYPE: Included - $582397.87 (price: $38.826500)
2025-11-15 13:45:36 | INFO | trader_metrics_manager | ✅ PURR: Included - $5752.61 (price: $0.099495)
2025-11-15 13:46:06 | INFO | trader_metrics_manager | ✅ UBTC: Included - $31731.82 (price: $96050.500000)
2025-11-15 13:46:16 | INFO | trader_metrics_manager | ✅ HYPE: Included - $479248.32 (price: $38.744500)
2025-11-15 13:46:16 | INFO | trader_metrics_manager | ✅ UBTC: Included - $187813.63 (price: $96029.500000)
2025-11-15 13:47:00 | INFO | trader_metrics_manager | ✅ UBTC: Included - $212.70 (price: $96041.500000)
2025-11-15 13:47:00 | INFO | trader_metrics_manager | ✅ UETH: Included - $192.28 (price: $3173.950000)
2025-11-15 13:47:00 | INFO | trader_metrics_manager | ✅ USOL: Included - $189.97 (price: $141.025000)
2025-11-15 13:47:00 | INFO | trader_metrics_manager | ✅ UFART: Included - $169.40 (price: $0.248950)
2025-11-15 13:47:00 | INFO | trader_metrics_manager | ✅ UPUMP: Included - $241.92 (price: $0.003580)
2025-11-15 13:47:00 | INFO | trader_metrics_manager | ✅ UXPL: Included - $197.19 (price: $0.234145)
2025-11-15 13:47:06 | INFO | trader_metrics_manager | ✅ HYPE: Included - $19368.64 (price: $38.758500)
2025-11-15 13:47:16 | INFO | trader_metrics_manager | ✅ PURR: Included - $5.36 (price: $0.099279)
2025-11-15 13:47:16 | INFO | trader_metrics_manager | ✅ HYPE: Included - $424.46 (price: $38.787000)
2025-11-15 13:47:16 | INFO | trader_metrics_manager | ✅ USOL: Included - $63.12 (price: $141.185000)
2025-11-15 13:47:16 | INFO | trader_metrics_manager | ✅ UPUMP: Included - $6.30 (price: $0.003583)
2025-11-15 13:47:26 | INFO | trader_metrics_manager | ✅ HYPE: Included - $2955.94 (price: $38.809000)
2025-11-15 13:47:26 | INFO | trader_metrics_manager | ✅ UFART: Included - $545.95 (price: $0.249690)
2025-11-15 13:48:26 | INFO | trader_metrics_manager | ✅ HYPE: Included - $34235.12 (price: $38.772500)
2025-11-15 13:48:36 | INFO | trader_metrics_manager | ✅ HYPE: Included - $25123.97 (price: $38.771500)
2025-11-15 13:49:06 | INFO | trader_metrics_manager | ✅ HYPE: Included - $1020061.69 (price: $38.779500)
2025-11-15 13:49:06 | INFO | trader_metrics_manager | ✅ UBTC: Included - $86784.17 (price: $96079.500000)
2025-11-15 13:49:16 | INFO | trader_metrics_manager | ✅ HYPE: Included - $57.19 (price: $38.772500)
2025-11-15 13:49:26 | INFO | trader_metrics_manager | ✅ HYPE: Included - $195.58 (price: $38.756500)
2025-11-15 13:49:36 | INFO | trader_metrics_manager | ✅ PURR: Included - $1781.69 (price: $0.099416)
2025-11-15 13:49:36 | INFO | trader_metrics_manager | ✅ HYPE: Included - $19551.24 (price: $38.756500)
2025-11-15 13:50:00 | INFO | trader_metrics_manager | ✅ UBTC: Included - $311.04 (price: $96062.500000)
2025-11-15 13:50:06 | INFO | trader_metrics_manager | ✅ HYPE: Included - $38528.07 (price: $38.751500)
2025-11-15 13:50:46 | INFO | trader_metrics_manager | ✅ HYPE: Included - $14206.40 (price: $38.712500)
2025-11-15 13:51:00 | INFO | trader_metrics_manager | ✅ HYPE: Included - $3916964.56 (price: $38.721500)
2025-11-15 13:51:06 | INFO | trader_metrics_manager | ✅ HYPE: Included - $3279.49 (price: $38.709500)
2025-11-15 13:51:06 | INFO | trader_metrics_manager | ✅ UBTC: Included - $4368.43 (price: $96055.500000)
2025-11-15 13:51:26 | INFO | trader_metrics_manager | ✅ HYPE: Included - $123823.67 (price: $38.731500)
2025-11-15 13:51:36 | INFO | trader_metrics_manager | ✅ PURR: Included - $596041.50 (price: $0.099341)
2025-11-15 13:51:36 | INFO | trader_metrics_manager | ✅ HYPE: Included - $141.25 (price: $38.739500)
2025-11-15 13:51:46 | INFO | trader_metrics_manager | ✅ UBTC: Included - $600.56 (price: $96079.500000)
2025-11-15 13:52:00 | INFO | trader_metrics_manager | ✅ HYPE: Included - $2764.25 (price: $38.728500)
2025-11-15 13:52:26 | INFO | trader_metrics_manager | ✅ HYPE: Included - $4803.60 (price: $38.743500)
2025-11-15 13:52:26 | INFO | trader_metrics_manager | ✅ UBTC: Included - $5031.10 (price: $96110.500000)
2025-11-15 13:52:26 | INFO | trader_metrics_manager | ✅ UPUMP: Included - $2156.31 (price: $0.003572)
2025-11-15 13:53:06 | INFO | trader_metrics_manager | ✅ HYPE: Included - $17105.99 (price: $38.824500)
2025-11-15 13:53:16 | INFO | trader_metrics_manager | ✅ HYPE: Included - $57869.41 (price: $38.826000)
2025-11-15 13:53:16 | INFO | trader_metrics_manager | ✅ UBTC: Included - $36313.19 (price: $96199.500000)
2025-11-15 13:53:36 | INFO | trader_metrics_manager | ✅ HYPE: Included - $14041.07 (price: $38.838500)
2025-11-15 13:54:07 | INFO | trader_metrics_manager | ✅ HYPE: Included - $13.22 (price: $38.873000)
2025-11-15 13:54:16 | INFO | trader_metrics_manager | ✅ HYPE: Included - $75.68 (price: $38.896500)
2025-11-15 13:54:27 | INFO | trader_metrics_manager | ✅ HYPE: Included - $3464484.92 (price: $38.933000)
2025-11-15 13:54:36 | INFO | trader_metrics_manager | ✅ HYPE: Included - $2945.46 (price: $38.895500)
2025-11-15 13:54:36 | INFO | trader_metrics_manager | ✅ UETH: Included - $1591.34 (price: $3183.850000)
2025-11-15 13:54:36 | INFO | trader_metrics_manager | ✅ USOL: Included - $2544.90 (price: $141.435000)
2025-11-15 13:55:00 | INFO | trader_metrics_manager | ✅ HYPE: Included - $311428.91 (price: $38.928500)
2025-11-15 13:55:17 | INFO | trader_metrics_manager | ✅ UBTC: Included - $423.21 (price: $96248.500000)
2025-11-15 13:55:26 | INFO | trader_metrics_manager | ✅ HYPE: Included - $30141.87 (price: $38.882500)
2025-11-15 13:55:36 | INFO | trader_metrics_manager | ✅ HYPE: Included - $137986.96 (price: $38.869500)
2025-11-15 13:55:46 | INFO | trader_metrics_manager | ✅ UPUMP: Included - $108805.16 (price: $0.003590)
2025-11-15 13:56:01 | INFO | trader_metrics_manager | ✅ HYPE: Included - $47924.49 (price: $38.864500)
2025-11-15 13:56:06 | INFO | trader_metrics_manager | ✅ HYPE: Included - $1302.12 (price: $38.874500)
2025-11-15 13:56:26 | INFO | trader_metrics_manager | ✅ HYPE: Included - $77808.35 (price: $38.904000)
2025-11-15 13:56:26 | INFO | trader_metrics_manager | ✅ UPUMP: Included - $17955.00 (price: $0.003591)
2025-11-15 13:57:36 | INFO | trader_metrics_manager | ✅ HYPE: Included - $10.06 (price: $39.003500)
2025-11-15 13:57:46 | INFO | trader_metrics_manager | ✅ HYPE: Included - $27.81 (price: $38.983500)
2025-11-15 13:58:00 | INFO | trader_metrics_manager | ✅ HYPE: Included - $509224.49 (price: $38.959500)
2025-11-15 13:58:00 | INFO | trader_metrics_manager | ✅ UXPL: Included - $813806.11 (price: $0.236005)
2025-11-15 13:58:06 | INFO | trader_metrics_manager | ✅ HYPE: Included - $153.10 (price: $38.995500)
2025-11-15 13:58:16 | INFO | trader_metrics_manager | ✅ HYPE: Included - $9.75 (price: $39.012500)
2025-11-15 13:58:26 | INFO | trader_metrics_manager | ✅ UBTC: Included - $83294.91 (price: $96355.500000)
2025-11-15 13:59:00 | INFO | trader_metrics_manager | Registered 1 new addresses
2025-11-15 13:59:06 | INFO | trader_metrics_manager | ✅ HYPE: Included - $50179.72 (price: $39.005500)
2025-11-15 13:59:16 | INFO | trader_metrics_manager | ✅ PURR: Included - $38.37 (price: $0.099456)
2025-11-15 14:02:59 | INFO | trader_metrics_manager | Registered 1 new addresses
2025-11-15 14:14:59 | INFO | __main__ | Scheduled metrics check - 198 pending updates
2025-11-15 14:15:00 | INFO | trader_metrics_manager | ✅ UBTC: Included - $318.18 (price: $96482.000000)
2025-11-15 14:15:26 | INFO | trader_metrics_manager | ✅ HYPE: Included - $162576.76 (price: $38.822500)
2025-11-15 14:15:26 | INFO | trader_metrics_manager | ✅ UPUMP: Included - $144748.60 (price: $0.003586)
2025-11-15 14:16:06 | INFO | trader_metrics_manager | ✅ HYPE: Included - $32.89 (price: $38.775000)
2025-11-15 14:17:00 | INFO | trader_metrics_manager | ✅ UETH: Included - $36.55 (price: $3189.450000)
2025-11-15 14:17:26 | INFO | trader_metrics_manager | ✅ HYPE: Included - $10.94 (price: $38.780500)
2025-11-15 14:17:46 | INFO | trader_metrics_manager | ✅ HYPE: Included - $39562.67 (price: $38.744500)
2025-11-15 14:18:06 | INFO | trader_metrics_manager | ✅ HYPE: Included - $22.68 (price: $38.733500)
2025-11-15 14:18:16 | INFO | trader_metrics_manager | ✅ HYPE: Included - $38737.72 (price: $38.733500)
2025-11-15 14:18:26 | INFO | trader_metrics_manager | ✅ HYPE: Included - $2498206.99 (price: $38.703500)
2025-11-15 14:18:36 | INFO | trader_metrics_manager | ✅ HYPE: Included - $1962.64 (price: $38.693500)
2025-11-15 14:18:36 | INFO | trader_metrics_manager | ✅ UPUMP: Included - $3979.59 (price: $0.003572)
2025-11-15 14:18:36 | INFO | trader_metrics_manager | ✅ UXPL: Included - $1172.72 (price: $0.234545)
2025-11-15 14:18:46 | INFO | trader_metrics_manager | ✅ HYPE: Included - $736006.55 (price: $38.691500)
2025-11-15 14:19:26 | INFO | trader_metrics_manager | ✅ UETH: Included - $168.69 (price: $3185.150000)
2025-11-15 14:19:26 | INFO | trader_metrics_manager | ✅ UFART: Included - $171.47 (price: $0.248360)
2025-11-15 14:19:26 | INFO | trader_metrics_manager | ✅ UXPL: Included - $168.79 (price: $0.234505)
2025-11-15 14:19:46 | INFO | trader_metrics_manager | ✅ HYPE: Included - $34088.86 (price: $38.649500)
2025-11-15 14:20:01 | INFO | trader_metrics_manager | ✅ HYPE: Included - $39699.67 (price: $38.648500)
2025-11-15 14:20:01 | INFO | trader_metrics_manager | ✅ UBTC: Included - $27650.28 (price: $96256.500000)
2025-11-15 14:20:06 | INFO | trader_metrics_manager | ✅ HYPE: Included - $528332.36 (price: $38.636500)
2025-11-15 14:20:16 | INFO | trader_metrics_manager | ✅ HYPE: Included - $387703.23 (price: $38.636500)
2025-11-15 14:20:46 | INFO | trader_metrics_manager | ✅ HYPE: Included - $498837.41 (price: $38.615500)
2025-11-15 14:21:26 | INFO | trader_metrics_manager | ✅ HYPE: Included - $38593.42 (price: $38.646500)
2025-11-15 14:21:46 | INFO | trader_metrics_manager | ✅ UBTC: Included - $1009.98 (price: $96255.500000)
2025-11-15 14:22:00 | INFO | trader_metrics_manager | ✅ HYPE: Included - $28.25 (price: $38.656500)
2025-11-15 14:22:07 | INFO | trader_metrics_manager | ✅ UETH: Included - $520.66 (price: $3186.150000)
2025-11-15 14:22:16 | INFO | trader_metrics_manager | ✅ HYPE: Included - $5257.45 (price: $38.658500)
2025-11-15 14:22:26 | INFO | trader_metrics_manager | ✅ HYPE: Included - $7.89 (price: $38.691500)
2025-11-15 14:23:00 | INFO | trader_metrics_manager | ✅ UBTC: Included - $970243.55 (price: $96329.500000)
2025-11-15 14:23:06 | INFO | trader_metrics_manager | ✅ HYPE: Included - $17.80 (price: $38.653500)
2025-11-15 14:23:36 | INFO | trader_metrics_manager | ✅ PURR: Included - $229.36 (price: $0.098189)
2025-11-15 14:23:36 | INFO | trader_metrics_manager | ✅ HYPE: Included - $5501.29 (price: $38.652500)
2025-11-15 14:23:36 | INFO | trader_metrics_manager | ✅ GENESY: Included - $6433.16 (price: $141.335000)
2025-11-15 14:24:00 | INFO | trader_metrics_manager | ✅ UBTC: Included - $4439.27 (price: $96319.500000)
2025-11-15 14:24:06 | INFO | trader_metrics_manager | ✅ PURR: Included - $2117.15 (price: $0.098225)
2025-11-15 14:24:46 | INFO | trader_metrics_manager | ✅ UPUMP: Included - $203291.62 (price: $0.003576)
2025-11-15 14:25:00 | INFO | trader_metrics_manager | ✅ HYPE: Included - $16.96 (price: $38.644500)
2025-11-15 14:25:16 | INFO | trader_metrics_manager | ✅ HYPE: Included - $179208.51 (price: $38.614500)
2025-11-15 14:25:16 | INFO | trader_metrics_manager | ✅ UBTC: Included - $429357.52 (price: $96242.500000)
2025-11-15 14:25:36 | INFO | trader_metrics_manager | ✅ UBTC: Included - $471.21 (price: $96230.500000)
2025-11-15 14:26:06 | INFO | trader_metrics_manager | ✅ HYPE: Included - $58007.43 (price: $38.600500)
2025-11-15 14:26:16 | INFO | trader_metrics_manager | ✅ HYPE: Included - $11569.31 (price: $38.567500)
2025-11-15 14:26:16 | INFO | trader_metrics_manager | ✅ UBTC: Included - $37449.44 (price: $96135.500000)
2025-11-15 14:26:26 | INFO | trader_metrics_manager | ✅ HYPE: Included - $453.46 (price: $38.603500)
2025-11-15 14:26:36 | INFO | trader_metrics_manager | ✅ HYPE: Included - $43428.61 (price: $38.628500)
2025-11-15 14:26:36 | INFO | trader_metrics_manager | ✅ UBTC: Included - $197161.41 (price: $96172.500000)
2025-11-15 14:26:46 | INFO | trader_metrics_manager | ✅ HYPE: Included - $21993.15 (price: $38.634500)
2025-11-15 14:27:06 | INFO | trader_metrics_manager | ✅ HYPE: Included - $8492.22 (price: $38.620500)
2025-11-15 14:27:26 | INFO | trader_metrics_manager | ✅ HYPE: Included - $79061.36 (price: $38.653500)
2025-11-15 14:27:26 | INFO | trader_metrics_manager | ✅ UXPL: Included - $12647.66 (price: $0.234380)
2025-11-15 14:27:36 | INFO | trader_metrics_manager | ✅ PUMP: Included - $645.37 (price: $0.003564)
2025-11-15 14:27:36 | INFO | trader_metrics_manager | ✅ HYPE: Included - $28.78 (price: $38.636000)
2025-11-15 14:27:46 | INFO | trader_metrics_manager | ✅ UBTC: Included - $730.09 (price: $96169.500000)
2025-11-15 14:28:16 | INFO | trader_metrics_manager | ✅ UBTC: Included - $329.00 (price: $96183.500000)
2025-11-15 14:28:26 | INFO | trader_metrics_manager | ✅ HYPE: Included - $14748.72 (price: $38.606500)
2025-11-15 14:28:36 | INFO | trader_metrics_manager | ✅ HYPE: Included - $108.76 (price: $38.597000)
2025-11-15 14:28:46 | INFO | trader_metrics_manager | ✅ HYPE: Included - $271323.15 (price: $38.598500)
2025-11-15 14:29:06 | INFO | trader_metrics_manager | ✅ UBTC: Included - $11861483.97 (price: $96172.500000)
2025-11-15 14:29:16 | INFO | trader_metrics_manager | ✅ PURR: Included - $48.93 (price: $0.097675)
2025-11-15 14:29:26 | INFO | trader_metrics_manager | ✅ HYPE: Included - $79.63 (price: $38.579500)
2025-11-15 14:29:46 | INFO | trader_metrics_manager | ✅ HYPE: Included - $108009.19 (price: $38.574500)
2025-11-15 14:29:46 | INFO | trader_metrics_manager | ✅ UFART: Included - $71176.26 (price: $0.248000)
2025-11-15 14:30:01 | INFO | trader_metrics_manager | ✅ UBTC: Included - $394.55 (price: $96171.500000)
2025-11-15 14:30:26 | INFO | trader_metrics_manager | ✅ HYPE: Included - $811091.13 (price: $38.583500)
2025-11-15 14:30:46 | INFO | trader_metrics_manager | ✅ HYPE: Included - $34058.62 (price: $38.551500)
2025-11-15 14:31:01 | INFO | trader_metrics_manager | ✅ HYPE: Included - $19540.15 (price: $38.551500)
2025-11-15 14:31:01 | INFO | trader_metrics_manager | ✅ UETH: Included - $51777.93 (price: $3178.150000)
2025-11-15 14:31:01 | INFO | trader_metrics_manager | ✅ UFART: Included - $3970.14 (price: $0.247150)
2025-11-15 14:31:01 | INFO | trader_metrics_manager | ✅ UPUMP: Included - $18640.59 (price: $0.003553)
2025-11-15 14:31:06 | INFO | trader_metrics_manager | ✅ HYPE: Included - $11435.18 (price: $38.544500)
2025-11-15 14:32:00 | INFO | trader_metrics_manager | ✅ HYPE: Included - $115.67 (price: $38.552500)
2025-11-15 14:32:06 | INFO | trader_metrics_manager | ✅ HYPE: Included - $20.37 (price: $38.579500)
2025-11-15 14:32:16 | INFO | trader_metrics_manager | ✅ HYPE: Included - $102879.97 (price: $38.589500)
2025-11-15 14:32:16 | INFO | trader_metrics_manager | ✅ UBTC: Included - $7062.55 (price: $96172.500000)
2025-11-15 14:32:26 | INFO | trader_metrics_manager | ✅ UBTC: Included - $941.43 (price: $96129.000000)
2025-11-15 14:32:36 | INFO | trader_metrics_manager | ✅ HYPE: Included - $36.76 (price: $38.552500)
2025-11-15 14:32:46 | INFO | trader_metrics_manager | ✅ HYPE: Included - $140.51 (price: $38.574500)
2025-11-15 14:33:01 | INFO | trader_metrics_manager | ✅ HYPE: Included - $568864.26 (price: $38.570500)
2025-11-15 14:33:06 | INFO | trader_metrics_manager | ✅ HYPE: Included - $116684.32 (price: $38.570500)
2025-11-15 14:33:36 | INFO | trader_metrics_manager | ✅ UBTC: Included - $331.58 (price: $96174.000000)
2025-11-15 14:33:46 | INFO | trader_metrics_manager | ✅ UBTC: Included - $874.67 (price: $96140.500000)
2025-11-15 14:34:16 | INFO | trader_metrics_manager | ✅ UBTC: Included - $653.13 (price: $96112.500000)
2025-11-15 14:34:36 | INFO | trader_metrics_manager | ✅ HYPE: Included - $1573.61 (price: $38.535500)
2025-11-15 14:34:46 | INFO | trader_metrics_manager | ✅ HYPE: Included - $138.93 (price: $38.548500)
2025-11-15 14:34:46 | INFO | trader_metrics_manager | ✅ UBTC: Included - $182.43 (price: $96082.500000)
2025-11-15 14:35:00 | INFO | trader_metrics_manager | ✅ HYPE: Included - $13896.01 (price: $38.542500)
2025-11-15 14:35:16 | INFO | trader_metrics_manager | ✅ HYPE: Included - $207.85 (price: $38.576500)
2025-11-15 14:35:36 | INFO | trader_metrics_manager | ✅ HYPE: Included - $244.96 (price: $38.587500)
2025-11-15 14:35:46 | INFO | trader_metrics_manager | ✅ HYPE: Included - $22965.95 (price: $38.595500)
2025-11-15 14:36:00 | INFO | trader_metrics_manager | ✅ HYPE: Included - $150067.34 (price: $38.616500)
2025-11-15 14:36:06 | INFO | trader_metrics_manager | ✅ HYPE: Included - $233062.24 (price: $38.615500)
2025-11-15 14:36:06 | INFO | trader_metrics_manager | ✅ UBTC: Included - $96251.08 (price: $96318.500000)
2025-11-15 14:36:06 | INFO | trader_metrics_manager | ✅ UETH: Included - $100050.22 (price: $3183.850000)
2025-11-15 14:36:06 | INFO | trader_metrics_manager | ✅ UXPL: Included - $27626.39 (price: $0.233740)
2025-11-15 14:36:16 | INFO | trader_metrics_manager | ✅ HYPE: Included - $11.15 (price: $38.616500)
2025-11-15 14:37:06 | INFO | trader_metrics_manager | ✅ HYPE: Included - $59.02 (price: $38.573500)
2025-11-15 14:37:26 | INFO | trader_metrics_manager | ✅ HYPE: Included - $17148.13 (price: $38.587500)
2025-11-15 14:37:46 | INFO | trader_metrics_manager | ✅ HYPE: Included - $14539.81 (price: $38.615500)
2025-11-15 14:38:26 | INFO | trader_metrics_manager | ✅ PURR: Included - $19.06 (price: $0.097272)
2025-11-15 14:38:26 | INFO | trader_metrics_manager | ✅ PUMP: Included - $79.63 (price: $0.003572)
2025-11-15 14:38:26 | INFO | trader_metrics_manager | ✅ HYPE: Included - $733.83 (price: $38.615500)
2025-11-15 14:39:01 | INFO | trader_metrics_manager | ✅ HYPE: Included - $18.76 (price: $38.610500)
2025-11-15 14:39:06 | INFO | trader_metrics_manager | ✅ PURR: Included - $15.18 (price: $0.097359)
2025-11-15 14:39:06 | INFO | trader_metrics_manager | ✅ MANLET: Included - $3534.60 (price: $3.341950)
2025-11-15 14:39:06 | INFO | trader_metrics_manager | ✅ PUMP: Included - $380.31 (price: $0.003573)
2025-11-15 14:39:06 | INFO | trader_metrics_manager | ✅ TEST: Included - $10932.33 (price: $1.068700)
2025-11-15 14:39:06 | INFO | trader_metrics_manager | ✅ RANK: Included - $2406.10 (price: $38.578500)
2025-11-15 14:39:06 | INFO | trader_metrics_manager | ✅ UBTC: Included - $5606.29 (price: $96326.500000)
2025-11-15 14:39:26 | INFO | trader_metrics_manager | ✅ PURR: Included - $7873.11 (price: $0.097339)
2025-11-15 14:39:26 | INFO | trader_metrics_manager | ✅ HYPE: Included - $178.10 (price: $38.659500)
2025-11-15 14:39:37 | INFO | trader_metrics_manager | ✅ UXPL: Included - $28290.14 (price: $0.234005)
2025-11-15 14:40:01 | INFO | trader_metrics_manager | ✅ UETH: Included - $15.17 (price: $3185.750000)
2025-11-15 14:40:06 | INFO | trader_metrics_manager | ✅ HYPE: Included - $9552.24 (price: $38.627500)
2025-11-15 14:40:06 | INFO | trader_metrics_manager | ✅ UBTC: Included - $116097.61 (price: $96356.500000)
2025-11-15 14:40:27 | INFO | trader_metrics_manager | ✅ HYPE: Included - $11.54 (price: $38.649000)
2025-11-15 14:40:36 | INFO | trader_metrics_manager | ✅ HYPE: Included - $11.60 (price: $38.659500)
2025-11-15 14:40:46 | INFO | trader_metrics_manager | ✅ PURR: Included - $2926.24 (price: $0.097278)
2025-11-15 14:40:46 | INFO | trader_metrics_manager | ✅ HYPE: Included - $49639.59 (price: $38.624500)
2025-11-15 14:41:00 | INFO | trader_metrics_manager | ✅ PURR: Included - $3575.35 (price: $0.097018)
2025-11-15 14:41:00 | INFO | trader_metrics_manager | ✅ HYPE: Included - $234.97 (price: $38.596500)
2025-11-15 14:41:06 | INFO | trader_metrics_manager | ✅ UBTC: Included - $711.92 (price: $96212.500000)
2025-11-15 14:42:01 | INFO | trader_metrics_manager | ✅ HYPE: Included - $81.27 (price: $38.591500)
2025-11-15 14:42:01 | INFO | trader_metrics_manager | ✅ UBTC: Included - $101.80 (price: $96220.500000)
2025-11-15 14:42:01 | INFO | trader_metrics_manager | ✅ UXPL: Included - $72.46 (price: $0.233385)
2025-11-15 14:42:06 | INFO | trader_metrics_manager | ✅ HYPE: Included - $215961.18 (price: $38.560500)
2025-11-15 14:42:06 | INFO | trader_metrics_manager | ✅ UPUMP: Included - $254633.12 (price: $0.003570)
2025-11-15 14:42:16 | INFO | trader_metrics_manager | ✅ PURR: Included - $9.59 (price: $0.096964)
2025-11-15 14:42:36 | INFO | trader_metrics_manager | ✅ UBTC: Included - $2818.73 (price: $96216.500000)
2025-11-15 14:42:46 | INFO | trader_metrics_manager | ✅ UBTC: Included - $769.21 (price: $96216.500000)
2025-11-15 14:42:46 | INFO | trader_metrics_manager | ✅ UETH: Included - $785.41 (price: $3180.650000)
2025-11-15 14:43:00 | INFO | trader_metrics_manager | ✅ HYPE: Included - $58186.45 (price: $38.576500)
2025-11-15 14:43:06 | INFO | trader_metrics_manager | ✅ UBTC: Included - $1234.27 (price: $96228.500000)
2025-11-15 14:43:26 | INFO | trader_metrics_manager | ✅ HYPE: Included - $73.14 (price: $38.589500)
2025-11-15 14:43:26 | INFO | trader_metrics_manager | ✅ USOL: Included - $6.73 (price: $141.005000)
2025-11-15 14:43:26 | INFO | trader_metrics_manager | ✅ UPUMP: Included - $8.45 (price: $0.003568)
2025-11-15 14:43:46 | INFO | trader_metrics_manager | ✅ HYPE: Included - $168891.15 (price: $38.603500)
2025-11-15 14:44:00 | INFO | trader_metrics_manager | ✅ HYPE: Included - $21162.92 (price: $38.616500)
2025-11-15 14:44:00 | INFO | trader_metrics_manager | ✅ UPUMP: Included - $1931.57 (price: $0.003568)
2025-11-15 14:44:26 | INFO | trader_metrics_manager | ✅ HYPE: Included - $163.36 (price: $38.635500)
2025-11-15 14:44:26 | INFO | trader_metrics_manager | ✅ UETH: Included - $2897.66 (price: $3181.750000)
2025-11-15 14:45:26 | INFO | trader_metrics_manager | ✅ HYPE: Included - $290069.68 (price: $38.632500)
2025-11-15 14:45:36 | INFO | trader_metrics_manager | ✅ HYPE: Included - $7918.90 (price: $38.596500)
2025-11-15 14:45:46 | INFO | trader_metrics_manager | ✅ HYPE: Included - $772057.00 (price: $38.595500)
2025-11-15 14:46:00 | INFO | trader_metrics_manager | ✅ UETH: Included - $337.69 (price: $3178.950000)
2025-11-15 14:46:06 | INFO | trader_metrics_manager | ✅ HYPE: Included - $4518.55 (price: $38.643500)
2025-11-15 14:46:06 | INFO | trader_metrics_manager | ✅ UPUMP: Included - $2140.33 (price: $0.003568)
2025-11-15 14:46:16 | INFO | trader_metrics_manager | ✅ HYPE: Included - $22603.16 (price: $38.631500)
2025-11-15 14:46:26 | INFO | trader_metrics_manager | ✅ HYPE: Included - $203829.48 (price: $38.632500)
2025-11-15 14:46:26 | INFO | trader_metrics_manager | ✅ UETH: Included - $104647.92 (price: $3178.350000)
2025-11-15 14:46:26 | INFO | trader_metrics_manager | ✅ UPUMP: Included - $211828.15 (price: $0.003565)
2025-11-15 14:47:00 | INFO | trader_metrics_manager | ✅ PURR: Included - $23.46 (price: $0.097372)
2025-11-15 14:47:06 | INFO | trader_metrics_manager | ✅ HYPE: Included - $5076.19 (price: $38.617500)
2025-11-15 14:47:06 | INFO | trader_metrics_manager | ✅ UBTC: Included - $11.64 (price: $96173.000000)
2025-11-15 14:47:16 | INFO | trader_metrics_manager | ✅ UBTC: Included - $2713309.27 (price: $96170.500000)
2025-11-15 14:47:26 | INFO | trader_metrics_manager | ✅ HYPE: Included - $51157.15 (price: $38.607500)
2025-11-15 14:47:36 | INFO | trader_metrics_manager | ✅ PURR: Included - $37.57 (price: $0.097379)
2025-11-15 15:14:59 | INFO | __main__ | Scheduled metrics check - 244 pending updates
2025-11-15 15:15:00 | INFO | trader_metrics_manager | ✅ HYPE: Included - $149292.96 (price: $39.008500)
2025-11-15 15:15:06 | INFO | trader_metrics_manager | ✅ HYPE: Included - $22615.96 (price: $38.999500)
2025-11-15 15:15:06 | INFO | trader_metrics_manager | ✅ UBTC: Included - $30829.45 (price: $96346.500000)
2025-11-15 15:15:06 | INFO | trader_metrics_manager | ✅ UXPL: Included - $9647.57 (price: $0.233705)
2025-11-15 15:15:26 | INFO | trader_metrics_manager | ✅ HYPE: Included - $120372.84 (price: $38.990500)
2025-11-15 15:16:06 | INFO | trader_metrics_manager | ✅ HYPE: Included - $1718.35 (price: $38.980500)
2025-11-15 15:16:16 | INFO | trader_metrics_manager | ✅ HYPE: Included - $896689.78 (price: $38.986500)
2025-11-15 15:16:46 | INFO | trader_metrics_manager | ✅ PURR: Included - $4929.75 (price: $0.098591)
2025-11-15 15:16:46 | INFO | trader_metrics_manager | ✅ HYPE: Included - $2362.54 (price: $38.991500)
2025-11-15 15:16:46 | INFO | trader_metrics_manager | ✅ UETH: Included - $301.87 (price: $3182.150000)
2025-11-15 15:16:46 | INFO | trader_metrics_manager | ✅ UPUMP: Included - $3594.22 (price: $0.003596)
2025-11-15 15:17:00 | INFO | trader_metrics_manager | ✅ PURR: Included - $14789.55 (price: $0.098597)
2025-11-15 15:17:00 | INFO | trader_metrics_manager | ✅ HYPE: Included - $95030.76 (price: $38.966500)
2025-11-15 15:17:16 | INFO | trader_metrics_manager | ✅ HYPE: Included - $1170.72 (price: $38.956500)
2025-11-15 15:17:46 | INFO | trader_metrics_manager | ✅ UBTC: Included - $1125.66 (price: $96277.500000)
2025-11-15 15:18:06 | INFO | trader_metrics_manager | ✅ HYPE: Included - $175569.92 (price: $39.015500)
2025-11-15 15:18:26 | INFO | trader_metrics_manager | ✅ HYPE: Included - $633216.27 (price: $38.997500)
2025-11-15 15:18:26 | INFO | trader_metrics_manager | ✅ UBTC: Included - $48162.98 (price: $96364.500000)
2025-11-15 15:18:26 | INFO | trader_metrics_manager | ✅ UETH: Included - $461606.18 (price: $3184.600000)
2025-11-15 15:18:26 | INFO | trader_metrics_manager | ✅ USOL: Included - $70932.66 (price: $141.915000)
2025-11-15 15:18:26 | INFO | trader_metrics_manager | ✅ UPUMP: Included - $7202.94 (price: $0.003603)
2025-11-15 15:18:36 | INFO | trader_metrics_manager | ✅ UBTC: Included - $206438.93 (price: $96321.500000)
2025-11-15 15:18:46 | INFO | trader_metrics_manager | ✅ HYPE: Included - $1002857.82 (price: $38.967500)
2025-11-15 15:19:00 | INFO | trader_metrics_manager | ✅ HYPE: Included - $7787317.82 (price: $38.976500)
2025-11-15 15:19:00 | INFO | trader_metrics_manager | ✅ UPUMP: Included - $4317840.00 (price: $0.003600)
2025-11-15 15:19:00 | INFO | trader_metrics_manager | ✅ UXPL: Included - $159599.14 (price: $0.233695)
2025-11-15 15:19:06 | INFO | trader_metrics_manager | ✅ UBTC: Included - $3869.35 (price: $96273.000000)
2025-11-15 15:19:16 | INFO | trader_metrics_manager | ✅ USOL: Included - $42.37 (price: $141.665000)
2025-11-15 15:19:36 | INFO | trader_metrics_manager | ✅ HYPE: Included - $62.39 (price: $38.959500)
2025-11-15 15:20:00 | INFO | trader_metrics_manager | ✅ HYPE: Included - $10281.61 (price: $38.953500)
2025-11-15 15:20:01 | INFO | trader_metrics_manager | ✅ UPUMP: Included - $9009.55 (price: $0.003591)
2025-11-15 15:20:01 | INFO | trader_metrics_manager | ✅ UXPL: Included - $54428.79 (price: $0.233375)
2025-11-15 15:20:06 | INFO | trader_metrics_manager | ✅ HYPE: Included - $459886.59 (price: $38.941500)
2025-11-15 15:20:06 | INFO | trader_metrics_manager | ✅ UXPL: Included - $53459.92 (price: $0.233330)
2025-11-15 15:20:26 | INFO | trader_metrics_manager | ✅ HYPE: Included - $43465.26 (price: $38.946500)
2025-11-15 15:21:16 | INFO | trader_metrics_manager | ✅ HYPE: Included - $22048.72 (price: $39.015500)
2025-11-15 15:21:26 | INFO | trader_metrics_manager | ✅ HYPE: Included - $11706.16 (price: $39.015500)
2025-11-15 15:21:36 | INFO | trader_metrics_manager | ✅ HYPE: Included - $1969305.51 (price: $39.015500)
2025-11-15 15:21:46 | INFO | trader_metrics_manager | ✅ HYPE: Included - $970533.47 (price: $39.015500)
2025-11-15 15:21:46 | INFO | trader_metrics_manager | ✅ UETH: Included - $407.97 (price: $3180.950000)
2025-11-15 15:21:46 | INFO | trader_metrics_manager | ✅ UPUMP: Included - $57271.70 (price: $0.003597)
2025-11-15 15:21:46 | INFO | trader_metrics_manager | ✅ UXPL: Included - $34904.49 (price: $0.233575)
2025-11-15 15:22:26 | INFO | trader_metrics_manager | ✅ PURR: Included - $4384.65 (price: $0.098627)
2025-11-15 15:22:26 | INFO | trader_metrics_manager | ✅ HYPE: Included - $36683.75 (price: $38.960500)
2025-11-15 15:22:27 | INFO | trader_metrics_manager | ✅ UPUMP: Included - $13145.51 (price: $0.003591)
2025-11-15 15:22:27 | INFO | trader_metrics_manager | ✅ UXPL: Included - $6995.60 (price: $0.233305)
2025-11-15 15:23:00 | INFO | trader_metrics_manager | ✅ HYPE: Included - $3896.27 (price: $38.939500)
2025-11-15 15:23:06 | INFO | trader_metrics_manager | ✅ HYPE: Included - $213.54 (price: $38.943500)
2025-11-15 15:24:00 | INFO | trader_metrics_manager | ✅ HYPE: Included - $788.42 (price: $38.957500)
2025-11-15 15:24:16 | INFO | trader_metrics_manager | ✅ HYPE: Included - $334.11 (price: $38.985500)
2025-11-15 15:24:26 | INFO | trader_metrics_manager | ✅ HYPE: Included - $26238.01 (price: $38.985500)
2025-11-15 15:25:16 | INFO | trader_metrics_manager | ✅ HYPE: Included - $1559.92 (price: $38.996500)
2025-11-15 15:26:01 | INFO | trader_metrics_manager | ✅ HYPE: Included - $12.78 (price: $39.025000)
2025-11-15 15:26:01 | INFO | trader_metrics_manager | ✅ UBTC: Included - $53.67 (price: $96431.000000)
2025-11-15 15:26:06 | INFO | trader_metrics_manager | ✅ HYPE: Included - $20.74 (price: $39.025000)
2025-11-15 15:26:16 | INFO | trader_metrics_manager | ✅ PURR: Included - $258625.58 (price: $0.098674)
2025-11-15 15:26:16 | INFO | trader_metrics_manager | ✅ HYPE: Included - $94736418.04 (price: $39.000500)
2025-11-15 15:26:16 | INFO | trader_metrics_manager | ✅ UBTC: Included - $23047.72 (price: $96385.500000)
2025-11-15 15:26:26 | INFO | trader_metrics_manager | ✅ HYPE: Included - $208027.01 (price: $39.016500)
2025-11-15 15:26:46 | INFO | trader_metrics_manager | ✅ HYPE: Included - $308991.02 (price: $39.012500)
2025-11-15 15:27:00 | INFO | trader_metrics_manager | ✅ HYPE: Included - $511.84 (price: $39.028500)
2025-11-15 15:27:00 | INFO | trader_metrics_manager | ✅ UBTC: Included - $1005.47 (price: $96429.500000)
2025-11-15 15:27:06 | INFO | trader_metrics_manager | ✅ HYPE: Included - $31999.37 (price: $39.031500)
2025-11-15 15:27:16 | INFO | trader_metrics_manager | ✅ HYPE: Included - $78092.59 (price: $39.042500)
2025-11-15 15:27:26 | INFO | trader_metrics_manager | ✅ HYPE: Included - $15440.37 (price: $39.034500)
2025-11-15 15:27:26 | INFO | trader_metrics_manager | ✅ UBTC: Included - $13205.02 (price: $96445.500000)
2025-11-15 15:28:06 | INFO | trader_metrics_manager | ✅ HYPE: Included - $145328.36 (price: $39.086500)
2025-11-15 15:28:26 | INFO | trader_metrics_manager | ✅ HYPE: Included - $64.96 (price: $39.087500)
2025-11-15 15:28:26 | INFO | trader_metrics_manager | ✅ UBTC: Included - $1521.46 (price: $96446.500000)
2025-11-15 15:28:36 | INFO | trader_metrics_manager | ✅ UETH: Included - $1592.31 (price: $3186.450000)
2025-11-15 15:28:36 | INFO | trader_metrics_manager | ✅ UPUMP: Included - $180442.57 (price: $0.003611)
2025-11-15 15:28:36 | INFO | trader_metrics_manager | ✅ UXPL: Included - $1760.62 (price: $0.235245)
2025-11-15 15:29:06 | INFO | trader_metrics_manager | ✅ HYPE: Included - $25.03 (price: $39.045500)
2025-11-15 15:29:16 | INFO | trader_metrics_manager | ✅ HYPE: Included - $1951809.94 (price: $39.035500)
2025-11-15 15:29:26 | INFO | trader_metrics_manager | ✅ HYPE: Included - $1953.13 (price: $39.086500)
2025-11-15 15:29:36 | INFO | trader_metrics_manager | ✅ HYPE: Included - $439.37 (price: $39.103500)
2025-11-15 15:29:36 | INFO | trader_metrics_manager | ✅ UFART: Included - $5.31 (price: $0.250040)
2025-11-15 15:30:16 | INFO | trader_metrics_manager | ✅ USOL: Included - $2527.18 (price: $141.855000)
2025-11-15 15:30:46 | INFO | trader_metrics_manager | ✅ UBTC: Included - $464.77 (price: $96305.500000)
2025-11-15 15:31:06 | INFO | trader_metrics_manager | ✅ HYPE: Included - $1473039.18 (price: $39.088500)
2025-11-15 15:31:06 | INFO | trader_metrics_manager | ✅ UPUMP: Included - $392447.99 (price: $0.003599)
2025-11-15 15:31:26 | INFO | trader_metrics_manager | ✅ UXPL: Included - $15021.41 (price: $0.234955)
2025-11-15 15:31:46 | INFO | trader_metrics_manager | ✅ HYPE: Included - $2568.24 (price: $39.089500)
2025-11-15 15:32:16 | INFO | trader_metrics_manager | ✅ PURR: Included - $11748.38 (price: $0.098701)
2025-11-15 15:32:16 | INFO | trader_metrics_manager | ✅ TRUMP: Included - $36958.93 (price: $7.185900)
2025-11-15 15:33:00 | INFO | trader_metrics_manager | ✅ UBTC: Included - $6304.86 (price: $96193.500000)
2025-11-15 15:33:06 | INFO | trader_metrics_manager | ✅ UBTC: Included - $582.30 (price: $96193.500000)
2025-11-15 15:33:16 | INFO | trader_metrics_manager | ✅ HYPE: Included - $45023.95 (price: $39.117500)
2025-11-15 15:33:36 | INFO | trader_metrics_manager | ✅ UBTC: Included - $215712.34 (price: $96217.500000)
2025-11-15 15:33:36 | INFO | trader_metrics_manager | ✅ USOL: Included - $5525.84 (price: $141.435000)
2025-11-15 15:33:36 | INFO | trader_metrics_manager | ✅ UXPL: Included - $1768.17 (price: $0.234865)
2025-11-15 15:34:16 | INFO | trader_metrics_manager | ✅ HYPE: Included - $84.25 (price: $39.163500)
2025-11-15 15:34:26 | INFO | trader_metrics_manager | ✅ HYPE: Included - $614.00 (price: $39.199500)
2025-11-15 15:34:26 | INFO | trader_metrics_manager | ✅ UBTC: Included - $101.01 (price: $96238.500000)
2025-11-15 15:34:36 | INFO | trader_metrics_manager | ✅ HYPE: Included - $24417.74 (price: $39.202500)
2025-11-15 15:35:00 | INFO | trader_metrics_manager | Registered 1 new addresses
2025-11-15 15:35:06 | INFO | trader_metrics_manager | ✅ UBTC: Included - $219508.83 (price: $96201.500000)
2025-11-15 15:35:26 | INFO | trader_metrics_manager | ✅ UBTC: Included - $100.97 (price: $96223.500000)
2025-11-15 15:35:36 | INFO | trader_metrics_manager | ✅ HYPE: Included - $11.00 (price: $39.191500)
2025-11-15 15:35:46 | INFO | trader_metrics_manager | ✅ HYPE: Included - $31336.20 (price: $39.189500)
2025-11-15 15:36:00 | INFO | trader_metrics_manager | ✅ HYPE: Included - $1993932.33 (price: $39.201500)
2025-11-15 15:36:00 | INFO | trader_metrics_manager | ✅ UBTC: Included - $851191.92 (price: $96208.500000)
2025-11-15 15:36:16 | INFO | trader_metrics_manager | ✅ TEST: Included - $1622.09 (price: $1.081500)
2025-11-15 15:36:26 | INFO | trader_metrics_manager | ✅ HYPE: Included - $15690.57 (price: $39.225500)
2025-11-15 15:36:26 | INFO | trader_metrics_manager | ✅ UBTC: Included - $9915.71 (price: $96208.500000)
2025-11-15 15:36:26 | INFO | trader_metrics_manager | ✅ UETH: Included - $4769.02 (price: $3179.250000)
2025-11-15 15:37:01 | INFO | trader_metrics_manager | ✅ HYPE: Included - $17894.85 (price: $39.235500)
2025-11-15 15:37:16 | INFO | trader_metrics_manager | ✅ HYPE: Included - $18.21 (price: $39.272000)
2025-11-15 15:37:26 | INFO | trader_metrics_manager | ✅ HYPE: Included - $5.72 (price: $39.272500)
2025-11-15 15:37:36 | INFO | trader_metrics_manager | ✅ HYPE: Included - $30659.34 (price: $39.288500)
2025-11-15 15:37:46 | INFO | trader_metrics_manager | ✅ UPUMP: Included - $72.75 (price: $0.003596)
2025-11-15 15:38:00 | INFO | trader_metrics_manager | ✅ UBTC: Included - $7784.91 (price: $96229.500000)
2025-11-15 15:38:16 | INFO | trader_metrics_manager | ✅ HYPE: Included - $398.44 (price: $39.308500)
2025-11-15 15:38:36 | INFO | trader_metrics_manager | ✅ UETH: Included - $819366.78 (price: $3180.850000)
2025-11-15 15:38:46 | INFO | trader_metrics_manager | ✅ UBTC: Included - $13222.11 (price: $96260.500000)
2025-11-15 15:38:46 | INFO | trader_metrics_manager | ✅ UPUMP: Included - $192135.68 (price: $0.003605)
2025-11-15 15:39:00 | INFO | trader_metrics_manager | ✅ HYPE: Included - $12.60 (price: $39.292500)
2025-11-15 15:39:06 | INFO | trader_metrics_manager | ✅ HYPE: Included - $12602.59 (price: $39.295500)
2025-11-15 15:39:06 | INFO | trader_metrics_manager | ✅ UFART: Included - $2484.93 (price: $0.248650)
2025-11-15 15:39:06 | INFO | trader_metrics_manager | ✅ UPUMP: Included - $3240.35 (price: $0.003606)
2025-11-15 15:39:17 | INFO | trader_metrics_manager | ✅ UBTC: Included - $5136.07 (price: $96248.500000)
2025-11-15 15:39:47 | INFO | trader_metrics_manager | ✅ HYPE: Included - $38066.92 (price: $39.301000)
2025-11-15 15:39:47 | INFO | trader_metrics_manager | ✅ UPUMP: Included - $72282.96 (price: $0.003608)
2025-11-15 15:39:47 | INFO | trader_metrics_manager | ✅ UXPL: Included - $115278.76 (price: $0.235355)
2025-11-15 15:40:00 | INFO | trader_metrics_manager | Registered 1 new addresses
2025-11-15 15:40:17 | INFO | trader_metrics_manager | ✅ HYPE: Included - $1348941.14 (price: $39.224500)
2025-11-15 15:40:17 | INFO | trader_metrics_manager | ✅ UBTC: Included - $386008.04 (price: $96207.500000)
2025-11-15 15:40:46 | INFO | trader_metrics_manager | ✅ HYPE: Included - $11.41 (price: $39.253500)
2025-11-15 15:41:06 | INFO | trader_metrics_manager | ✅ UBTC: Included - $364.37 (price: $96202.500000)
2025-11-15 15:41:16 | INFO | trader_metrics_manager | ✅ HYPE: Included - $1182.11 (price: $39.269500)
2025-11-15 15:41:16 | INFO | trader_metrics_manager | ✅ UBTC: Included - $1452.87 (price: $96229.500000)
2025-11-15 15:41:26 | INFO | trader_metrics_manager | ✅ PURR: Included - $1237063.12 (price: $0.099395)
2025-11-15 15:41:26 | INFO | trader_metrics_manager | ✅ HYPE: Included - $16007089.85 (price: $39.270500)
2025-11-15 15:41:26 | INFO | trader_metrics_manager | ✅ UBTC: Included - $1204.39 (price: $96237.500000)
2025-11-15 15:41:26 | INFO | trader_metrics_manager | ✅ UETH: Included - $2106.77 (price: $3181.050000)
2025-11-15 15:41:26 | INFO | trader_metrics_manager | ✅ USOL: Included - $154.65 (price: $141.695000)
2025-11-15 15:41:26 | INFO | trader_metrics_manager | ✅ UXPL: Included - $2771.56 (price: $0.235215)
2025-11-15 15:41:36 | INFO | trader_metrics_manager | ✅ HYPE: Included - $48268.04 (price: $39.267500)
2025-11-15 15:41:46 | INFO | trader_metrics_manager | ✅ HYPE: Included - $10213.41 (price: $39.267500)
2025-11-15 15:42:00 | INFO | trader_metrics_manager | ✅ HYPE: Included - $31907.58 (price: $39.281500)
2025-11-15 15:42:16 | INFO | trader_metrics_manager | ✅ HYPE: Included - $235707.36 (price: $39.284500)
2025-11-15 15:42:26 | INFO | trader_metrics_manager | ✅ HYPE: Included - $160952.28 (price: $39.285000)
2025-11-15 15:42:26 | INFO | trader_metrics_manager | ✅ UBTC: Included - $595.99 (price: $96232.500000)
2025-11-15 15:42:36 | INFO | trader_metrics_manager | ✅ USOL: Included - $1540.63 (price: $141.615000)
2025-11-15 15:42:59 | INFO | trader_metrics_manager | Registered 1 new addresses
2025-11-15 15:43:46 | INFO | trader_metrics_manager | ✅ HYPE: Included - $27114.30 (price: $39.259500)
2025-11-15 15:44:46 | INFO | trader_metrics_manager | ✅ UBTC: Included - $432.73 (price: $96228.500000)
2025-11-15 15:45:00 | INFO | trader_metrics_manager | Registered 1 new addresses
2025-11-15 15:45:00 | INFO | trader_metrics_manager | ✅ HYPE: Included - $1177.05 (price: $39.225000)
2025-11-15 15:45:16 | INFO | trader_metrics_manager | ✅ HYPE: Included - $130758.44 (price: $39.227500)
2025-11-15 15:45:26 | INFO | trader_metrics_manager | ✅ HYPE: Included - $48.64 (price: $39.254500)
2025-11-15 15:45:36 | INFO | trader_metrics_manager | ✅ HYPE: Included - $1791.87 (price: $39.254500)
2025-11-15 15:45:36 | INFO | trader_metrics_manager | ✅ UBTC: Included - $2587.47 (price: $96239.500000)
2025-11-15 15:46:16 | INFO | trader_metrics_manager | ✅ UBTC: Included - $1156878.61 (price: $96275.500000)
2025-11-15 15:46:36 | INFO | trader_metrics_manager | ✅ HYPE: Included - $157162.36 (price: $39.290500)
2025-11-15 15:46:59 | INFO | trader_metrics_manager | Registered 2 new addresses
2025-11-15 15:47:00 | INFO | trader_metrics_manager | ✅ HYPE: Included - $4749.67 (price: $39.280500)
2025-11-15 15:47:00 | INFO | trader_metrics_manager | ✅ UBTC: Included - $48245.22 (price: $96324.500000)
2025-11-15 15:47:26 | INFO | trader_metrics_manager | ✅ HYPE: Included - $7265.85 (price: $39.265500)
2025-11-15 15:47:26 | INFO | trader_metrics_manager | ✅ UPUMP: Included - $592.35 (price: $0.003595)
2025-11-15 15:47:36 | INFO | trader_metrics_manager | ✅ WHYPI: Included - $541.58 (price: $4.835500)
2025-11-15 15:47:46 | INFO | trader_metrics_manager | ✅ HYPE: Included - $22101.60 (price: $39.279500)
2025-11-15 15:47:46 | INFO | trader_metrics_manager | ✅ UBTC: Included - $19.28 (price: $96348.500000)
2025-11-15 15:47:46 | INFO | trader_metrics_manager | ✅ USR: Included - $6.82 (price: $672.890000)
2025-11-15 15:47:46 | INFO | trader_metrics_manager | ✅ UPUMP: Included - $18543.07 (price: $0.003596)
2025-11-15 15:48:00 | INFO | trader_metrics_manager | ✅ HYPE: Included - $1085.84 (price: $39.278500)
2025-11-15 15:48:00 | INFO | trader_metrics_manager | ✅ UBTC: Included - $1838.70 (price: $96358.500000)
2025-11-15 15:48:16 | INFO | trader_metrics_manager | ✅ HYPE: Included - $8.36 (price: $39.273500)
2025-11-15 15:48:26 | INFO | trader_metrics_manager | ✅ HYPE: Included - $5201.84 (price: $39.274500)
2025-11-15 15:48:36 | INFO | trader_metrics_manager | ✅ HYPE: Included - $89624.94 (price: $39.274500)
2025-11-15 15:48:36 | INFO | trader_metrics_manager | ✅ UPUMP: Included - $60174.66 (price: $0.003593)
2025-11-15 15:48:36 | INFO | trader_metrics_manager | ✅ UXPL: Included - $19907.96 (price: $0.235225)
2025-11-15 15:49:06 | INFO | trader_metrics_manager | ✅ UBTC: Included - $722.14 (price: $96349.500000)
2025-11-15 15:49:16 | INFO | trader_metrics_manager | ✅ HYPE: Included - $67521.10 (price: $39.271500)
2025-11-15 15:49:26 | INFO | trader_metrics_manager | ✅ HYPE: Included - $353206.23 (price: $39.236500)
2025-11-15 15:49:26 | INFO | trader_metrics_manager | ✅ UBTC: Included - $385240.67 (price: $96330.500000)
2025-11-15 15:49:36 | INFO | trader_metrics_manager | ✅ HYPE: Included - $5343.87 (price: $39.225500)
2025-11-15 15:50:06 | INFO | trader_metrics_manager | ✅ PURR: Included - $8.12 (price: $0.099514)
2025-11-15 15:50:06 | INFO | trader_metrics_manager | ✅ USOL: Included - $11.57 (price: $141.825000)
2025-11-15 15:50:16 | INFO | trader_metrics_manager | ✅ HYPE: Included - $797500.71 (price: $39.243000)
2025-11-15 15:50:46 | INFO | trader_metrics_manager | ✅ HYPE: Included - $27.19 (price: $39.231000)
2025-11-15 15:50:46 | INFO | trader_metrics_manager | ✅ UBTC: Included - $45989.03 (price: $96364.000000)
2025-11-15 15:50:46 | INFO | trader_metrics_manager | ✅ UETH: Included - $7643.65 (price: $3188.150000)
2025-11-15 15:50:46 | INFO | trader_metrics_manager | ✅ USOL: Included - $9019.92 (price: $141.845000)
2025-11-15 15:50:46 | INFO | trader_metrics_manager | ✅ UFART: Included - $483.42 (price: $0.248030)
2025-11-15 15:50:46 | INFO | trader_metrics_manager | ✅ UPUMP: Included - $3820.32 (price: $0.003595)
2025-11-15 15:50:46 | INFO | trader_metrics_manager | ✅ UXPL: Included - $2236.99 (price: $0.235240)
2025-11-15 15:51:00 | INFO | trader_metrics_manager | ✅ HYPE: Included - $102206.33 (price: $39.228500)
2025-11-15 15:51:06 | INFO | trader_metrics_manager | ✅ UBTC: Included - $298.45 (price: $96340.500000)
2025-11-15 15:51:16 | INFO | trader_metrics_manager | ✅ PURR: Included - $263.14 (price: $0.099510)
2025-11-15 15:51:26 | INFO | trader_metrics_manager | ✅ HYPE: Included - $975.54 (price: $39.192000)
2025-11-15 15:51:26 | INFO | trader_metrics_manager | ✅ UBTC: Included - $1213.26 (price: $96345.500000)
2025-11-15 15:51:26 | INFO | trader_metrics_manager | ✅ UETH: Included - $930.43 (price: $3187.450000)
2025-11-15 15:51:46 | INFO | trader_metrics_manager | ✅ HYPE: Included - $106.37 (price: $39.188500)
2025-11-15 15:52:00 | INFO | trader_metrics_manager | ✅ USOL: Included - $141.71 (price: $141.835000)
2025-11-15 15:52:06 | INFO | trader_metrics_manager | ✅ PURR: Included - $9.87 (price: $0.099687)
2025-11-15 15:52:16 | INFO | trader_metrics_manager | ✅ PURR: Included - $19.74 (price: $0.099698)
2025-11-15 15:52:16 | INFO | trader_metrics_manager | ✅ HYPE: Included - $667.01 (price: $39.223500)
2025-11-15 15:52:26 | INFO | trader_metrics_manager | ✅ PURR: Included - $27.72 (price: $0.099705)
2025-11-15 15:52:26 | INFO | trader_metrics_manager | ✅ PUMP: Included - $79.31 (price: $0.003591)
2025-11-15 15:52:46 | INFO | trader_metrics_manager | ✅ HYPE: Included - $8968.53 (price: $39.241500)
2025-11-15 15:52:46 | INFO | trader_metrics_manager | ✅ UBTC: Included - $9094.53 (price: $96364.500000)
2025-11-15 15:52:46 | INFO | trader_metrics_manager | ✅ UETH: Included - $186.81 (price: $3188.050000)
2025-11-15 15:52:46 | INFO | trader_metrics_manager | ✅ USOL: Included - $28.57 (price: $141.885000)
2025-11-15 15:52:46 | INFO | trader_metrics_manager | ✅ UPUMP: Included - $10.81 (price: $0.003592)
2025-11-15 15:52:46 | INFO | trader_metrics_manager | ✅ UXPL: Included - $287.58 (price: $0.235375)
2025-11-15 15:53:01 | INFO | trader_metrics_manager | ✅ HYPE: Included - $7.84 (price: $39.245500)
2025-11-15 15:53:06 | INFO | trader_metrics_manager | ✅ PURR: Included - $706694.07 (price: $0.099703)
2025-11-15 15:53:16 | INFO | trader_metrics_manager | ✅ PURR: Included - $9.86 (price: $0.099704)
2025-11-15 15:53:46 | INFO | trader_metrics_manager | ✅ HYPE: Included - $77042.09 (price: $39.253500)
2025-11-15 15:53:46 | INFO | trader_metrics_manager | ✅ UPUMP: Included - $18899.80 (price: $0.003593)
2025-11-15 15:54:00 | INFO | trader_metrics_manager | Registered 1 new addresses
2025-11-15 15:54:00 | INFO | trader_metrics_manager | ✅ PURR: Included - $10361.00 (price: $0.099706)
2025-11-15 15:54:00 | INFO | trader_metrics_manager | ✅ UBTC: Included - $441.07 (price: $96360.500000)
2025-11-15 15:54:00 | INFO | trader_metrics_manager | ✅ USOL: Included - $52.90 (price: $141.895000)
2025-11-15 15:55:36 | INFO | trader_metrics_manager | ✅ HYPE: Included - $861.90 (price: $39.279500)
2025-11-15 15:55:36 | INFO | trader_metrics_manager | ✅ UETH: Included - $1051.47 (price: $3189.950000)
2025-11-15 15:55:36 | INFO | trader_metrics_manager | ✅ UPUMP: Included - $288.15 (price: $0.003594)
2025-11-15 15:55:46 | INFO | trader_metrics_manager | ✅ HYPE: Included - $148013.72 (price: $39.255500)
2025-11-15 15:56:01 | INFO | trader_metrics_manager | ✅ HYPE: Included - $50556.21 (price: $39.265500)
2025-11-15 15:56:06 | INFO | trader_metrics_manager | ✅ HYPE: Included - $57695.93 (price: $39.265500)
2025-11-15 15:56:16 | INFO | trader_metrics_manager | ✅ HYPE: Included - $93384.56 (price: $39.265500)
2025-11-15 15:56:26 | INFO | trader_metrics_manager | ✅ UPUMP: Included - $138181.42 (price: $0.003591)
2025-11-15 15:56:36 | INFO | trader_metrics_manager | ✅ PURR: Included - $207.39 (price: $0.099419)
2025-11-15 15:56:36 | INFO | trader_metrics_manager | ✅ HYPE: Included - $15955.55 (price: $39.270500)
2025-11-15 16:15:00 | INFO | __main__ | Scheduled metrics check - 258 pending updates
2025-11-15 16:15:00 | INFO | trader_metrics_manager | ✅ UBTC: Included - $5797.72 (price: $95881.500000)
2025-11-15 16:15:06 | INFO | trader_metrics_manager | ✅ HYPE: Included - $11.31 (price: $39.063500)
2025-11-15 16:15:16 | INFO | trader_metrics_manager | ✅ HYPE: Included - $110814.85 (price: $39.051500)
2025-11-15 16:15:59 | INFO | trader_metrics_manager | Registered 1 new addresses
2025-11-15 16:16:07 | INFO | trader_metrics_manager | ✅ HYPE: Included - $72411.00 (price: $39.053500)
2025-11-15 16:16:07 | INFO | trader_metrics_manager | ✅ UFART: Included - $82849.36 (price: $0.244640)
2025-11-15 16:16:26 | INFO | trader_metrics_manager | ✅ HYPE: Included - $284.70 (price: $39.015500)
2025-11-15 16:16:46 | INFO | trader_metrics_manager | ✅ HYPE: Included - $36064.89 (price: $38.980500)
2025-11-15 16:17:26 | INFO | trader_metrics_manager | ✅ PURR: Included - $8255.95 (price: $0.099294)
2025-11-15 16:17:26 | INFO | trader_metrics_manager | ✅ HYPE: Included - $114375.51 (price: $39.018500)
2025-11-15 16:17:26 | INFO | trader_metrics_manager | ✅ UETH: Included - $329496.91 (price: $3168.250000)
2025-11-15 16:17:46 | INFO | trader_metrics_manager | ✅ HYPE: Included - $8335396.05 (price: $38.972500)
2025-11-15 16:17:46 | INFO | trader_metrics_manager | ✅ UBTC: Included - $6897759.06 (price: $95758.500000)
2025-11-15 16:18:06 | INFO | trader_metrics_manager | ✅ HYPE: Included - $1050.47 (price: $38.906500)
2025-11-15 16:18:16 | INFO | trader_metrics_manager | ✅ UPUMP: Included - $22.56 (price: $0.003550)
2025-11-15 16:18:27 | INFO | trader_metrics_manager | ✅ UBTC: Included - $1370.14 (price: $95836.500000)
2025-11-15 16:18:36 | INFO | trader_metrics_manager | ✅ UBTC: Included - $13095.38 (price: $95822.500000)
2025-11-15 16:19:00 | INFO | trader_metrics_manager | ✅ HYPE: Included - $71464.11 (price: $38.946500)
2025-11-15 16:19:00 | INFO | trader_metrics_manager | ✅ UBTC: Included - $62229.27 (price: $95798.500000)
2025-11-15 16:19:17 | INFO | trader_metrics_manager | ✅ HYPE: Included - $10404.33 (price: $38.983500)
2025-11-15 16:19:17 | INFO | trader_metrics_manager | ✅ UBTC: Included - $16414.88 (price: $95808.500000)
2025-11-15 16:19:17 | INFO | trader_metrics_manager | ✅ UETH: Included - $15197.61 (price: $3168.650000)
2025-11-15 16:19:17 | INFO | trader_metrics_manager | ✅ USOL: Included - $6264.80 (price: $140.925000)
2025-11-15 16:19:36 | INFO | trader_metrics_manager | ✅ UBTC: Included - $593.64 (price: $95812.500000)
2025-11-15 16:20:16 | INFO | trader_metrics_manager | ✅ UETH: Included - $123.51 (price: $3169.050000)
2025-11-15 16:20:16 | INFO | trader_metrics_manager | ✅ UFART: Included - $107.90 (price: $0.244110)
2025-11-15 16:20:16 | INFO | trader_metrics_manager | ✅ UPUMP: Included - $123.72 (price: $0.003543)
2025-11-15 16:20:16 | INFO | trader_metrics_manager | ✅ UXPL: Included - $125.30 (price: $0.231850)
2025-11-15 16:20:26 | INFO | trader_metrics_manager | ✅ HYPE: Included - $177045.84 (price: $38.986500)
2025-11-15 16:20:36 | INFO | trader_metrics_manager | ✅ HYPE: Included - $8648.69 (price: $38.979000)
2025-11-15 16:21:16 | INFO | trader_metrics_manager | ✅ HYPE: Included - $80636.98 (price: $38.979500)
2025-11-15 16:21:26 | INFO | trader_metrics_manager | ✅ HYPE: Included - $7.57 (price: $38.968500)
2025-11-15 16:21:36 | INFO | trader_metrics_manager | ✅ HYPE: Included - $14228.58 (price: $38.966500)
2025-11-15 16:21:36 | INFO | trader_metrics_manager | ✅ UBTC: Included - $38321.09 (price: $95860.500000)
2025-11-15 16:21:46 | INFO | trader_metrics_manager | ✅ HYPE: Included - $193.70 (price: $38.914500)
2025-11-15 16:22:00 | INFO | trader_metrics_manager | ✅ HYPE: Included - $75782.09 (price: $38.966500)
2025-11-15 16:22:00 | INFO | trader_metrics_manager | ✅ UETH: Included - $1222.53 (price: $3173.750000)
2025-11-15 16:22:16 | INFO | trader_metrics_manager | ✅ UBTC: Included - $3317.82 (price: $95918.500000)
2025-11-15 16:22:36 | INFO | trader_metrics_manager | ✅ UFART: Included - $499.68 (price: $0.244690)
2025-11-15 16:22:36 | INFO | trader_metrics_manager | ✅ UPUMP: Included - $552.16 (price: $0.003556)
2025-11-15 16:22:36 | INFO | trader_metrics_manager | ✅ UXPL: Included - $518.49 (price: $0.232640)
2025-11-15 16:23:00 | INFO | trader_metrics_manager | ✅ HYPE: Included - $9610920.46 (price: $39.022500)
2025-11-15 16:23:01 | INFO | trader_metrics_manager | ✅ UPUMP: Included - $2521808.58 (price: $0.003558)
2025-11-15 16:23:06 | INFO | trader_metrics_manager | ✅ HYPE: Included - $3903.44 (price: $39.017500)
2025-11-15 16:23:06 | INFO | trader_metrics_manager | ✅ UBTC: Included - $43445.39 (price: $96012.500000)
2025-11-15 16:23:26 | INFO | trader_metrics_manager | ✅ HYPE: Included - $18265.25 (price: $39.013500)
2025-11-15 16:23:26 | INFO | trader_metrics_manager | ✅ UXPL: Included - $8345.92 (price: $0.232900)
2025-11-15 16:23:36 | INFO | trader_metrics_manager | ✅ HYPE: Included - $394285.17 (price: $38.978500)
2025-11-15 16:24:00 | INFO | trader_metrics_manager | ✅ HYPE: Included - $3164.06 (price: $38.937500)
2025-11-15 16:24:06 | INFO | trader_metrics_manager | ✅ HYPE: Included - $136.33 (price: $38.941500)
2025-11-15 16:24:16 | INFO | trader_metrics_manager | ✅ HYPE: Included - $88.53 (price: $38.945500)
2025-11-15 16:24:16 | INFO | trader_metrics_manager | ✅ UXPL: Included - $6.20 (price: $0.232435)
2025-11-15 16:24:26 | INFO | trader_metrics_manager | ✅ TRUMP: Included - $72359.72 (price: $7.165850)
2025-11-15 16:24:26 | INFO | trader_metrics_manager | ✅ USOL: Included - $706.40 (price: $141.305000)
2025-11-15 16:25:00 | INFO | trader_metrics_manager | ✅ HYPE: Included - $30.87 (price: $38.943500)
2025-11-15 16:25:16 | INFO | trader_metrics_manager | ✅ UBTC: Included - $32443.86 (price: $95796.500000)
2025-11-15 16:25:46 | INFO | trader_metrics_manager | ✅ UBTC: Included - $1435.47 (price: $95816.500000)
2025-11-15 16:26:00 | INFO | trader_metrics_manager | ✅ HYPE: Included - $377749.65 (price: $38.940500)
2025-11-15 16:26:00 | INFO | trader_metrics_manager | ✅ UBTC: Included - $248864.93 (price: $95816.500000)
2025-11-15 16:26:06 | INFO | trader_metrics_manager | ✅ HYPE: Included - $996.54 (price: $38.954500)
2025-11-15 16:26:46 | INFO | trader_metrics_manager | ✅ HYPE: Included - $14532.88 (price: $38.957500)
2025-11-15 16:27:06 | INFO | trader_metrics_manager | ✅ HYPE: Included - $19648.43 (price: $38.941500)
2025-11-15 16:27:16 | INFO | trader_metrics_manager | ✅ HYPE: Included - $19.46 (price: $38.930500)
2025-11-15 16:27:26 | INFO | trader_metrics_manager | ✅ HYPE: Included - $204.76 (price: $38.940500)
2025-11-15 16:27:26 | INFO | trader_metrics_manager | ✅ UBTC: Included - $100.60 (price: $95839.500000)
2025-11-15 16:28:01 | INFO | trader_metrics_manager | ✅ HYPE: Included - $72680.97 (price: $38.926500)
2025-11-15 16:28:17 | INFO | trader_metrics_manager | ✅ HYPE: Included - $4007.31 (price: $38.913500)
2025-11-15 16:28:17 | INFO | trader_metrics_manager | ✅ UETH: Included - $19955.41 (price: $3172.550000)
2025-11-15 16:28:26 | INFO | trader_metrics_manager | ✅ UBTC: Included - $603.19 (price: $95808.500000)
2025-11-15 16:29:16 | INFO | trader_metrics_manager | ✅ HYPE: Included - $3884.77 (price: $38.868500)
2025-11-15 16:29:16 | INFO | trader_metrics_manager | ✅ UBTC: Included - $137690.67 (price: $95771.500000)
2025-11-15 16:29:16 | INFO | trader_metrics_manager | ✅ UFART: Included - $36825.57 (price: $0.244330)
2025-11-15 16:29:36 | INFO | trader_metrics_manager | ✅ HYPE: Included - $394.89 (price: $38.850500)
2025-11-15 16:29:46 | INFO | trader_metrics_manager | ✅ HYPE: Included - $2919.73 (price: $38.857500)
2025-11-15 16:29:46 | INFO | trader_metrics_manager | ✅ UBTC: Included - $7848.64 (price: $95770.500000)
2025-11-15 16:30:01 | INFO | trader_metrics_manager | ✅ HYPE: Included - $209.72 (price: $38.857500)
2025-11-15 16:30:06 | INFO | trader_metrics_manager | ✅ HYPE: Included - $40802.35 (price: $38.853500)
2025-11-15 16:30:16 | INFO | trader_metrics_manager | ✅ UFART: Included - $468.33 (price: $0.244220)
2025-11-15 16:30:46 | INFO | trader_metrics_manager | ✅ UBTC: Included - $2508.55 (price: $95773.500000)
2025-11-15 16:31:00 | INFO | trader_metrics_manager | ✅ HYPE: Included - $19332.43 (price: $38.844500)
2025-11-15 16:31:00 | INFO | trader_metrics_manager | ✅ UBTC: Included - $29140.47 (price: $95782.500000)
2025-11-15 16:31:16 | INFO | trader_metrics_manager | ✅ HYPE: Included - $1080650.88 (price: $38.852500)
2025-11-15 16:31:36 | INFO | trader_metrics_manager | ✅ HYPE: Included - $733776.38 (price: $38.842500)
2025-11-15 16:31:46 | INFO | trader_metrics_manager | ✅ HYPE: Included - $7617.09 (price: $38.811500)
2025-11-15 16:31:46 | INFO | trader_metrics_manager | ✅ USOL: Included - $24.73 (price: $141.145000)
2025-11-15 16:32:01 | INFO | trader_metrics_manager | ✅ HYPE: Included - $63.09 (price: $38.824500)
2025-11-15 16:32:26 | INFO | trader_metrics_manager | ✅ HYPE: Included - $4691.89 (price: $38.849500)
2025-11-15 16:33:00 | INFO | trader_metrics_manager | ✅ HYPE: Included - $886.15 (price: $38.811500)
2025-11-15 16:33:00 | INFO | trader_metrics_manager | ✅ UBTC: Included - $12.27 (price: $95750.500000)
2025-11-15 16:33:06 | INFO | trader_metrics_manager | ✅ HYPE: Included - $665042.84 (price: $38.811500)
2025-11-15 16:33:06 | INFO | trader_metrics_manager | ✅ UBTC: Included - $54695.83 (price: $95750.500000)
2025-11-15 16:33:06 | INFO | trader_metrics_manager | ✅ USOL: Included - $7.79 (price: $141.025000)
2025-11-15 16:33:46 | INFO | trader_metrics_manager | ✅ USOL: Included - $53547.70 (price: $141.195000)
2025-11-15 16:34:06 | INFO | trader_metrics_manager | ✅ HYPE: Included - $59.50 (price: $38.851000)
2025-11-15 16:34:36 | INFO | trader_metrics_manager | ✅ HYPE: Included - $361.53 (price: $38.847000)
2025-11-15 16:35:16 | INFO | trader_metrics_manager | ✅ HYPE: Included - $31209.73 (price: $38.863500)
2025-11-15 16:35:26 | INFO | trader_metrics_manager | ✅ HYPE: Included - $38390.67 (price: $38.854500)
2025-11-15 16:35:36 | INFO | trader_metrics_manager | ✅ HYPE: Included - $1403371.74 (price: $38.846500)
2025-11-15 16:36:01 | INFO | trader_metrics_manager | ✅ HYPE: Included - $10137.63 (price: $38.803000)
2025-11-15 16:36:17 | INFO | trader_metrics_manager | ✅ MANLET: Included - $3550.64 (price: $3.357000)
2025-11-15 16:36:17 | INFO | trader_metrics_manager | ✅ TRUMP: Included - $3883.94 (price: $7.161750)
2025-11-15 16:36:17 | INFO | trader_metrics_manager | ✅ PUMP: Included - $393.10 (price: $0.003552)
2025-11-15 16:36:17 | INFO | trader_metrics_manager | ✅ TEST: Included - $5564.51 (price: $1.078300)
2025-11-15 16:36:17 | INFO | trader_metrics_manager | ✅ HYPE: Included - $246408.49 (price: $38.804500)
2025-11-15 16:36:17 | INFO | trader_metrics_manager | ✅ GENESY: Included - $296.34 (price: $141.155000)
2025-11-15 16:36:17 | INFO | trader_metrics_manager | ✅ UBTC: Included - $11600.57 (price: $95834.500000)
2025-11-15 16:36:26 | INFO | trader_metrics_manager | ✅ UBTC: Included - $1858.17 (price: $95846.500000)
2025-11-15 16:37:26 | INFO | trader_metrics_manager | ✅ UBTC: Included - $330.61 (price: $95892.500000)
2025-11-15 16:38:00 | INFO | trader_metrics_manager | ✅ UBTC: Included - $3711.62 (price: $95918.500000)
2025-11-15 16:38:06 | INFO | trader_metrics_manager | ✅ UBTC: Included - $432985.57 (price: $95920.500000)
2025-11-15 16:38:17 | INFO | trader_metrics_manager | ✅ HYPE: Included - $18979.96 (price: $38.860500)
2025-11-15 16:38:17 | INFO | trader_metrics_manager | ✅ UPUMP: Included - $3409.61 (price: $0.003559)
2025-11-15 16:38:17 | INFO | trader_metrics_manager | ✅ UXPL: Included - $2219.68 (price: $0.233035)
2025-11-15 16:38:27 | INFO | trader_metrics_manager | ✅ HYPE: Included - $16.72 (price: $38.853500)
2025-11-15 16:38:27 | INFO | trader_metrics_manager | ✅ UFART: Included - $39903.28 (price: $0.241850)
2025-11-15 16:38:46 | INFO | trader_metrics_manager | ✅ HYPE: Included - $299061.18 (price: $38.853500)
2025-11-15 16:39:00 | INFO | trader_metrics_manager | ✅ HYPE: Included - $43.32 (price: $38.851500)
2025-11-15 16:39:06 | INFO | trader_metrics_manager | ✅ HYPE: Included - $9378.69 (price: $38.855500)
2025-11-15 16:39:06 | INFO | trader_metrics_manager | ✅ UBTC: Included - $45496.83 (price: $95936.500000)
2025-11-15 16:39:16 | INFO | trader_metrics_manager | ✅ UBTC: Included - $652.41 (price: $95922.500000)
2025-11-15 16:39:26 | INFO | trader_metrics_manager | ✅ HYPE: Included - $2316.23 (price: $38.811500)
2025-11-15 16:39:46 | INFO | trader_metrics_manager | ✅ HYPE: Included - $80.20 (price: $38.837500)
2025-11-15 16:40:01 | INFO | trader_metrics_manager | ✅ UETH: Included - $2905.20 (price: $3172.450000)
2025-11-15 16:40:06 | INFO | trader_metrics_manager | ✅ HYPE: Included - $194196.66 (price: $38.852500)
2025-11-15 16:40:36 | INFO | trader_metrics_manager | ✅ HYPE: Included - $425.44 (price: $38.878500)
2025-11-15 16:41:01 | INFO | trader_metrics_manager | ✅ HYPE: Included - $3249.12 (price: $38.887500)
2025-11-15 16:41:16 | INFO | trader_metrics_manager | ✅ UPUMP: Included - $419.12 (price: $0.003564)
2025-11-15 16:41:26 | INFO | trader_metrics_manager | ✅ PURR: Included - $3314.02 (price: $0.098209)
2025-11-15 16:41:26 | INFO | trader_metrics_manager | ✅ HYPE: Included - $16239.49 (price: $38.917500)
2025-11-15 16:41:36 | INFO | trader_metrics_manager | ✅ HYPE: Included - $6.92 (price: $38.939500)
2025-11-15 16:41:36 | INFO | trader_metrics_manager | ✅ UETH: Included - $40.80 (price: $3176.350000)
2025-11-15 16:42:01 | INFO | trader_metrics_manager | ✅ HYPE: Included - $8876.35 (price: $38.956500)
2025-11-15 16:42:16 | INFO | trader_metrics_manager | ✅ HYPE: Included - $337524.33 (price: $38.961500)
2025-11-15 16:42:36 | INFO | trader_metrics_manager | ✅ UBTC: Included - $532411.52 (price: $96032.500000)
2025-11-15 16:42:46 | INFO | trader_metrics_manager | ✅ HYPE: Included - $2587.94 (price: $38.950500)
2025-11-15 16:43:16 | INFO | trader_metrics_manager | ✅ UBTC: Included - $20186.78 (price: $96031.500000)
2025-11-15 16:43:26 | INFO | trader_metrics_manager | ✅ PURR: Included - $282.77 (price: $0.098209)
2025-11-15 16:43:26 | INFO | trader_metrics_manager | ✅ HYPE: Included - $6391.98 (price: $38.973500)
2025-11-15 16:43:46 | INFO | trader_metrics_manager | ✅ HYPE: Included - $123985.81 (price: $38.970500)
2025-11-15 16:44:16 | INFO | trader_metrics_manager | ✅ HYPE: Included - $140705.17 (price: $38.986500)
2025-11-15 16:44:26 | INFO | trader_metrics_manager | ✅ HYPE: Included - $4912.68 (price: $38.998500)
2025-11-15 16:45:01 | INFO | trader_metrics_manager | ✅ PURR: Included - $29.59 (price: $0.098209)
2025-11-15 16:45:01 | INFO | trader_metrics_manager | ✅ HYPE: Included - $1298.80 (price: $38.993500)
2025-11-15 16:45:01 | INFO | trader_metrics_manager | ✅ UBTC: Included - $54.86 (price: $96033.500000)
2025-11-15 16:45:01 | INFO | trader_metrics_manager | ✅ UETH: Included - $27.53 (price: $3180.350000)
2025-11-15 16:45:01 | INFO | trader_metrics_manager | ✅ USOL: Included - $8.10 (price: $141.995000)
2025-11-15 16:45:01 | INFO | trader_metrics_manager | ✅ UFART: Included - $28.82 (price: $0.244320)
2025-11-15 16:45:01 | INFO | trader_metrics_manager | ✅ UPUMP: Included - $26.86 (price: $0.003574)
2025-11-15 16:45:26 | INFO | trader_metrics_manager | ✅ HYPE: Included - $20242.20 (price: $38.985500)
2025-11-15 16:45:36 | INFO | trader_metrics_manager | ✅ PURR: Included - $74949.78 (price: $0.098209)
2025-11-15 16:45:36 | INFO | trader_metrics_manager | ✅ HYPE: Included - $6592.00 (price: $38.977000)
2025-11-15 16:45:47 | INFO | trader_metrics_manager | ✅ HYPE: Included - $18.94 (price: $38.981500)
2025-11-15 16:46:27 | INFO | trader_metrics_manager | ✅ HYPE: Included - $29950.34 (price: $38.986500)
2025-11-15 16:46:46 | INFO | trader_metrics_manager | ✅ HYPE: Included - $38.56 (price: $38.966500)
2025-11-15 16:47:00 | INFO | trader_metrics_manager | ✅ HYPE: Included - $821501.31 (price: $38.979500)
2025-11-15 16:47:07 | INFO | trader_metrics_manager | ✅ HYPE: Included - $107.50 (price: $38.992500)
2025-11-15 16:47:16 | INFO | trader_metrics_manager | ✅ UFART: Included - $137.63 (price: $0.244270)
2025-11-15 16:47:16 | INFO | trader_metrics_manager | ✅ UPUMP: Included - $135.61 (price: $0.003576)
2025-11-15 16:47:16 | INFO | trader_metrics_manager | ✅ UXPL: Included - $81.74 (price: $0.233210)
2025-11-15 16:47:36 | INFO | trader_metrics_manager | ✅ HYPE: Included - $847.32 (price: $39.010500)
2025-11-15 16:47:36 | INFO | trader_metrics_manager | ✅ UBTC: Included - $7.01 (price: $96052.500000)
2025-11-15 16:48:16 | INFO | trader_metrics_manager | ✅ PURR: Included - $40.52 (price: $0.098333)
2025-11-15 16:48:16 | INFO | trader_metrics_manager | ✅ HYPE: Included - $13942.74 (price: $39.057500)
2025-11-15 16:49:00 | INFO | trader_metrics_manager | ✅ HYPE: Included - $37611.66 (price: $39.055500)
2025-11-15 16:49:06 | INFO | trader_metrics_manager | ✅ HYPE: Included - $10.60 (price: $39.052500)
2025-11-15 16:49:16 | INFO | trader_metrics_manager | ✅ HYPE: Included - $24229.83 (price: $39.064500)
2025-11-15 16:49:46 | INFO | trader_metrics_manager | ✅ UBTC: Included - $2815.34 (price: $96100.500000)
2025-11-15 16:50:16 | INFO | trader_metrics_manager | ✅ HYPE: Included - $380497.86 (price: $39.040500)
2025-11-15 16:50:26 | INFO | trader_metrics_manager | ✅ HYPE: Included - $7260.89 (price: $39.067500)
2025-11-15 16:50:36 | INFO | trader_metrics_manager | ✅ HYPE: Included - $468702.33 (price: $39.058500)
2025-11-15 16:50:46 | INFO | trader_metrics_manager | ✅ HYPE: Included - $644.86 (price: $39.063500)
2025-11-15 16:51:00 | INFO | trader_metrics_manager | ✅ UBTC: Included - $1067445.80 (price: $96098.500000)
2025-11-15 16:51:06 | INFO | trader_metrics_manager | ✅ HYPE: Included - $2038.22 (price: $39.048500)
2025-11-15 16:51:46 | INFO | trader_metrics_manager | ✅ UBTC: Included - $302.39 (price: $96091.500000)
2025-11-15 16:52:06 | INFO | trader_metrics_manager | ✅ HYPE: Included - $103377.65 (price: $39.060500)
2025-11-15 16:52:16 | INFO | trader_metrics_manager | ✅ TRUMP: Included - $73924.02 (price: $7.218150)
2025-11-15 16:53:26 | INFO | trader_metrics_manager | ✅ HYPE: Included - $211.00 (price: $39.130500)
2025-11-15 16:53:46 | INFO | trader_metrics_manager | ✅ HYPE: Included - $39.17 (price: $39.130500)
2025-11-15 16:54:26 | INFO | trader_metrics_manager | ✅ HYPE: Included - $31307.16 (price: $39.133500)
2025-11-15 16:54:26 | INFO | trader_metrics_manager | ✅ UBTC: Included - $192349.31 (price: $96174.500000)
2025-11-15 16:54:26 | INFO | trader_metrics_manager | ✅ UETH: Included - $15942.06 (price: $3188.350000)
2025-11-15 16:54:26 | INFO | trader_metrics_manager | ✅ USOL: Included - $8555.13 (price: $142.585000)
2025-11-15 16:55:01 | INFO | trader_metrics_manager | ✅ HYPE: Included - $70.36 (price: $39.113500)
2025-11-15 16:55:26 | INFO | trader_metrics_manager | ✅ HYPE: Included - $7.81 (price: $39.123500)
2025-11-15 16:55:37 | INFO | trader_metrics_manager | ✅ HYPE: Included - $195547.67 (price: $39.109500)
2025-11-15 16:56:00 | INFO | trader_metrics_manager | ✅ HYPE: Included - $89.89 (price: $39.104500)
2025-11-15 16:56:06 | INFO | trader_metrics_manager | ✅ HYPE: Included - $37.93 (price: $39.100500)
2025-11-15 16:56:06 | INFO | trader_metrics_manager | ✅ UBTC: Included - $190.37 (price: $96148.500000)
2025-11-15 16:56:16 | INFO | trader_metrics_manager | ✅ MANLET: Included - $416.55 (price: $3.360400)
2025-11-15 16:56:16 | INFO | trader_metrics_manager | ✅ TRUMP: Included - $14440.84 (price: $7.235400)
2025-11-15 16:56:16 | INFO | trader_metrics_manager | ✅ PUMP: Included - $71.10 (price: $0.003590)
2025-11-15 16:56:16 | INFO | trader_metrics_manager | ✅ TEST: Included - $1664.34 (price: $1.078300)
2025-11-15 16:56:16 | INFO | trader_metrics_manager | ✅ RICH: Included - $18.01 (price: $1.449150)
2025-11-15 16:56:16 | INFO | trader_metrics_manager | ✅ RANK: Included - $464.62 (price: $39.089500)
2025-11-15 16:56:16 | INFO | trader_metrics_manager | ✅ GENESY: Included - $329.05 (price: $142.495000)
2025-11-15 16:56:46 | INFO | trader_metrics_manager | ✅ HYPE: Included - $857.53 (price: $39.080500)
2025-11-15 16:56:46 | INFO | trader_metrics_manager | ✅ UETH: Included - $1050.22 (price: $3186.150000)
2025-11-15 16:56:46 | INFO | trader_metrics_manager | ✅ UPUMP: Included - $287.43 (price: $0.003585)
2025-11-15 16:57:00 | INFO | trader_metrics_manager | ✅ HYPE: Included - $141070.47 (price: $39.088500)
2025-11-15 16:57:06 | INFO | trader_metrics_manager | ✅ HYPE: Included - $48185.12 (price: $39.095500)
2025-11-15 16:57:16 | INFO | trader_metrics_manager | ✅ HYPE: Included - $54974.53 (price: $39.080500)
2025-11-15 16:57:26 | INFO | trader_metrics_manager | ✅ HYPE: Included - $88989.63 (price: $39.080500)
2025-11-15 16:57:36 | INFO | trader_metrics_manager | ✅ UPUMP: Included - $138065.98 (price: $0.003588)
2025-11-15 16:57:46 | INFO | trader_metrics_manager | ✅ PURR: Included - $204.90 (price: $0.098227)
2025-11-15 16:57:46 | INFO | trader_metrics_manager | ✅ HYPE: Included - $15880.39 (price: $39.085500)
2025-11-15 17:11:00 | INFO | trader_metrics_manager | Registered 1 new addresses
2025-11-15 17:11:01 | INFO | trader_metrics_manager | ✅ HYPE: Included - $544.60 (price: $39.084500)
2025-11-15 17:11:01 | INFO | trader_metrics_manager | ✅ UBTC: Included - $481.12 (price: $95905.500000)
2025-11-15 17:11:01 | INFO | trader_metrics_manager | ✅ UETH: Included - $461.49 (price: $3187.050000)
