id,candle_time,coin,open,high,low,close,avg_funding,max_oi,min_oi,close_oi,max_oi_usd,close_oi_usd,avg_premium,volume,num_samples
7209,2026-02-02T00:00,HYPE,30.02,30.02,29.367,29.387,1.25e-05,24405687.2,24370615.0,24375769.66,732658729.744,716330742.99842,-0.00029521351,432231974.634091,10
7210,2026-02-02T00:10,HYPE,29.456,30.097,29.456,30.005,1.25e-05,24503687.98,24349502.24,24503687.98,736242248.807561,735233157.839901,-4.398981e-05,443206881.62665,10
7211,2026-02-02T00:20,HYPE,29.931,30.854,29.902,30.854,1.25e-05,24589912.2,24510435.42,24589912.2,758697151.018801,758697151.018801,0.00023170925,441156502.819461,10
7212,2026-02-02T00:30,HYPE,30.881,31.174,30.828,30.828,1.25e-05,24639151.9,24592372.5,24629839.3,767435456.1874,759288685.940399,-1.422157e-05,440067063.698591,10
7213,2026-02-02T00:40,HYPE,30.821,30.958,30.647,30.647,1.25e-05,24661137.46,24612272.96,24612272.96,763369982.14464,754292329.405119,5.12414e-05,443798128.269291,10
7214,2026-02-02T00:50,HYPE,30.668,30.718,30.528,30.585,1.25e-05,24638923.78,24589764.32,24637564.44,756367486.89336,753539908.397401,0.00024399124,440360638.204669,10
7215,2026-02-02T01:00,HYPE,30.59,30.963,30.517,30.963,1.25e-05,24652515.06,24619969.94,24652515.06,763315823.80278,763315823.80278,0.000205885366666667,433108633.11367,9
7216,2026-02-02T01:10,HYPE,31.071,31.749,31.033,31.493,1.25e-05,24675648.84,24638531.82,24662252.2,783021903.48102,776688308.534601,0.00010773715,443744785.792449,10
7217,2026-02-02T01:20,HYPE,31.564,31.564,31.326,31.37,1.25e-05,24670810.8,24645919.68,24646481.54,778709472.0912,773160125.909801,1.34572e-06,430793540.110729,10
7218,2026-02-02T01:30,HYPE,31.286,31.408,31.107,31.376,1.25e-05,24666550.3,24625409.38,24666550.3,774190323.22528,773937682.2128,5.927095e-05,427080946.246211,10
7219,2026-02-02T01:40,HYPE,31.183,31.247,31.083,31.083,1.25e-05,24666132.88,24636298.42,24636298.42,770467185.54888,765770063.78886,3.09554e-05,428958009.83904,10
7220,2026-02-02T01:50,HYPE,31.12,31.183,30.944,30.989,1.25e-05,24643407.26,24593374.66,24601403.24,768218977.7495,762372885.00436,-9.701987e-05,425971199.99559,10
7221,2026-02-02T02:00,HYPE,30.931,31.101,30.795,30.795,1.25e-05,24592553.64,24580190.76,24580190.76,764813359.47072,756946974.454199,-0.00026929045,421572283.1283,10
7222,2026-02-02T02:10,HYPE,30.681,30.882,30.581,30.83,1.25e-05,24579473.06,24549222.28,24579473.06,759026517.694441,757785154.439801,-0.00017627819,425684997.686121,10
7223,2026-02-02T02:20,HYPE,30.829,31.29,30.747,31.234,1.25e-05,24600603.6,24577114.96,24582506.02,769302898.896001,767809993.028681,8.582008e-05,423573968.05512,10
7224,2026-02-02T02:30,HYPE,31.198,31.357,31.191,31.222,1.25e-05,24604292.04,24580558.1,24603236.42,771352027.66746,768162247.50524,-0.00012155802,421309883.31772,10
7225,2026-02-02T02:40,HYPE,31.24,31.564,31.203,31.267,1.25e-05,24604411.62,24597751.4,24601180.02,776476885.98064,769205095.68534,-0.00017626055,423246955.190399,10
7226,2026-02-02T02:50,HYPE,31.31,31.379,31.251,31.251,1.25e-05,24603215.78,24599847.12,24601525.58,772002620.67856,768822275.90058,-5.09825e-06,421217043.293079,10
7227,2026-02-02T03:00,HYPE,31.185,31.276,31.182,31.186,1.25e-05,24600770.34,24525868.0,24547274.76,767432626.4154,765531310.665359,-0.00017042735,423131853.27339,10
7228,2026-02-02T03:10,HYPE,31.142,31.463,31.142,31.192,1.25e-05,24550649.64,24531813.76,24531813.76,772437089.62332,765196334.80192,-0.00026177891,426016719.00954,10
7229,2026-02-02T03:20,HYPE,31.215,31.416,31.195,31.249,1.25e-05,24532924.56,24528127.7,24531712.56,770646563.85024,766591485.78744,-0.00023259792,423132213.546621,10
7230,2026-02-02T03:30,HYPE,31.184,31.238,31.176,31.238,1.25e-05,24521811.86,24512100.34,24512850.1,765732411.423799,765732411.423799,-0.00040261319,419242777.50622,10
7231,2026-02-02T03:40,HYPE,31.296,31.296,31.169,31.184,1.25e-05,24513982.42,24490414.44,24490414.44,767148838.28736,763709083.89696,-0.00042156344,420392817.04447,10
7232,2026-02-02T03:50,HYPE,31.174,31.212,31.169,31.169,1.25e-05,24488398.34,24444655.96,24451109.7,763572730.79658,762116638.2393,-0.0003818951,419399300.708681,10
7233,2026-02-02T04:00,HYPE,31.196,31.488,31.171,31.387,-1.004344e-05,24455731.8,24423601.74,24432467.78,769653056.317439,766861866.210859,-0.00047592448,421677978.028051,10
7234,2026-02-02T04:10,HYPE,31.338,31.338,30.665,30.665,1.86493e-06,24431161.54,24320734.78,24320734.78,765623740.34052,745795332.028701,-0.00050342026,429400118.182121,10
7235,2026-02-02T04:20,HYPE,30.626,30.626,30.134,30.257,-8.5492e-07,24315529.78,24250617.0,24250617.0,744687415.042279,733750918.569001,-0.00027923463,436791883.08111,10
7236,2026-02-02T04:30,HYPE,30.225,30.966,30.225,30.845,8.85678e-06,24244859.96,24222923.98,24242543.34,750619538.57904,747761249.3223,-0.00029797351,443728791.435639,10
7237,2026-02-02T04:40,HYPE,30.922,31.377,30.696,31.377,1.25e-05,24246853.96,24224056.92,24238589.88,760534234.66476,760534234.66476,-0.0001600366,452572908.487191,10
7238,2026-02-02T04:50,HYPE,31.425,31.983,31.425,31.926,1.25e-05,24337093.36,24225592.62,24337093.36,777282009.35576,776986042.61136,-0.00010932813,463504384.367461,10
7239,2026-02-02T05:00,HYPE,31.942,31.942,31.466,31.605,-4.92958e-06,24355551.0600001,24311864.14,24317902.22,777431745.37924,768567299.663101,-0.00023698977,467813232.04938,10
7240,2026-02-02T05:10,HYPE,31.507,31.507,31.163,31.163,8.27897e-06,24325042.68,24313719.24,24319905.0,766052352.09468,757881199.515,-0.00035849679,472103333.03852,10
7241,2026-02-02T05:20,HYPE,31.194,31.503,31.194,31.41,1.25e-05,24374481.6,24284744.5400001,24284744.5400001,766499637.51792,762783826.001402,-0.00024839279,479476124.502919,10
7242,2026-02-02T05:30,HYPE,31.525,31.609,31.25,31.25,1.25e-05,24307958.82,24276654.18,24283735.48,768218318.57088,758866733.750001,-0.00015691079,482681235.785749,10
7243,2026-02-02T05:40,HYPE,31.195,31.195,30.936,31.138,1.25e-05,24283363.02,24248230.96,24248230.96,757519509.4089,755041415.632479,-0.00017345658,486076614.607129,10
7244,2026-02-02T05:50,HYPE,31.134,31.23,31.067,31.199,1.25e-05,24247350.62,24235977.4,24244766.02,757166724.837,756412455.05798,-0.00027879147,486487518.216389,10
7245,2026-02-02T06:00,HYPE,31.18,31.18,30.629,30.629,1.25e-05,24248249.7,24192344.62,24192864.42,756060425.646,741003244.320179,-0.00034034707,486695711.77713,10
7246,2026-02-02T06:10,HYPE,30.709,30.709,30.478,30.48,1.25e-05,24190755.02,24183399.24,24186953.78,742842395.84534,737218351.214401,-0.00022064948,488856333.62619,10
7247,2026-02-02T06:20,HYPE,30.516,30.557,30.471,30.557,1.25e-05,24199169.26,24187595.34,24187595.34,739100350.80438,739100350.80438,-0.0003201405,488805448.712551,10
7248,2026-02-02T06:30,HYPE,30.674,30.954,30.674,30.742,1.25e-05,24185407.42,24095475.22,24095475.22,748464193.72032,740743099.21324,-0.00032029272,490997507.239139,10
7249,2026-02-02T06:40,HYPE,30.727,30.855,30.581,30.589,1.25e-05,24100924.98,24085643.82,24090067.58,743351507.193899,736891077.20462,-0.00040835968,493081752.889271,10
7250,2026-02-02T06:50,HYPE,30.683,30.762,30.471,30.762,1.25e-05,24090768.58,24081391.26,24085816.52,740927887.78824,740927887.78824,-0.00044417522,489104432.213931,10
7251,2026-02-02T07:00,HYPE,30.788,30.788,30.471,30.571,1.211947e-05,24088553.96,24063755.32,24069055.52,741638399.32048,735815096.301919,-0.0004609538,491496976.404181,10
7252,2026-02-02T07:10,HYPE,30.467,30.8,30.425,30.8,1.25e-05,24087177.58,24064901.46,24087177.58,741885069.463999,741885069.463999,-0.00020882122,494628534.052709,10
7253,2026-02-02T07:20,HYPE,30.671,30.671,30.167,30.167,1.114966e-05,24100114.28,24083114.92,24083114.92,739174605.08188,726515327.79164,-0.00080258482,494317738.34169,10
7254,2026-02-02T07:30,HYPE,30.201,30.201,29.524,29.524,9.43034e-06,24089844.28,24040200.78,24040200.78,727338482.10624,709762887.828719,-0.00033310067,497912557.04901,10
7255,2026-02-02T07:40,HYPE,29.718,30.432,29.718,30.268,9.46165e-06,24040936.4,24018427.88,24027750.94,731613776.524799,727271965.451919,-0.00040063494,504934653.030908,10
7256,2026-02-02T07:50,HYPE,30.198,30.414,30.198,30.233,1.25e-05,24026487.24,24011042.92,24012888.06,730314128.1378,725981644.71798,-0.00027014846,505693218.82604,10
7257,2026-02-02T08:00,HYPE,30.242,30.364,30.172,30.32,1.030711e-05,24012923.82,24005730.42,24008065.3,728909998.47288,727924539.896,-0.00030936509,504543115.328211,10
7258,2026-02-02T08:10,HYPE,30.275,30.275,29.826,30.118,1.25e-05,24004008.88,23951553.02,23953317.4,726721368.842,721426013.4532,-0.00071764851,508699542.003459,10
7259,2026-02-02T08:20,HYPE,30.357,30.443,30.348,30.355,1.25e-05,23986949.62,23971823.28,23984768.9,730106809.5412,728057659.9595,-9.418866e-05,511507173.755899,10
7260,2026-02-02T08:30,HYPE,30.353,30.836,30.337,30.816,1.25e-05,23983316.4,23887653.84,23924611.68,737443191.621759,737260833.530879,0.00015862428,513949982.995649,10
7261,2026-02-02T08:40,HYPE,30.96,31.343,30.939,31.25,1.25e-05,23970400.78,23942424.34,23970400.78,750867237.39274,749075024.375,-2.257904e-05,520876498.54848,10
7262,2026-02-02T08:50,HYPE,31.233,31.321,31.163,31.272,1.25e-05,23983969.34,23973951.04,23980056.62,751067830.39912,749904330.62064,-0.0001733882,520804555.77251,10
7263,2026-02-02T09:00,HYPE,31.212,31.445,31.212,31.237,1.25e-05,24001775.46,23974484.88,23996656.3,754413963.3509,749583552.843099,-0.00032229694,521252536.293918,10
7264,2026-02-02T09:10,HYPE,31.202,31.202,30.961,30.961,1.25e-05,23980415.0,23916707.16,23916707.16,748236908.83,740485170.380759,-0.00032714388,526021635.987221,10
7265,2026-02-02T09:20,HYPE,30.903,30.903,30.708,30.708,1.022594e-05,23900139.72,23885685.94,23885685.94,738586017.76716,733481643.84552,-0.0007937791,526175611.66852,10
7266,2026-02-02T09:30,HYPE,30.781,30.975,30.771,30.975,8.55719e-06,23886487.4,23882166.96,23882166.96,739750121.586,739750121.586,-0.00024476108,524339228.04301,10
7267,2026-02-02T09:40,HYPE,30.881,30.956,30.809,30.956,9.13987e-06,23891919.72,23881639.3,23891919.72,739598266.85232,739598266.85232,-0.00038294588,525133106.56498,10
7268,2026-02-02T09:50,HYPE,30.938,30.981,30.921,30.926,9.90172e-06,23892838.38,23890574.12,23892201.12,740190865.02762,738890211.83712,-0.00048477406,522298681.315279,10
7269,2026-02-02T10:00,HYPE,30.922,30.922,30.578,30.596,-2.31004e-06,23892233.98,23880206.96,23880206.96,738795659.12956,730638812.14816,-0.00043602574,519566960.876881,10
7270,2026-02-02T10:10,HYPE,30.625,30.774,30.625,30.774,1.146056e-05,23881426.14,23876316.14,23877477.86,734805503.663639,734805503.663639,-0.00030230224,520295539.462061,10
7271,2026-02-02T10:20,HYPE,30.625,30.881,30.539,30.881,8.50396e-06,23885617.02,23862696.02,23885617.02,737611739.19462,737611739.19462,-0.00063087726,519796945.72391,10
7272,2026-02-02T10:30,HYPE,30.968,30.968,30.794,30.794,7.67423e-06,23893124.6,23883362.42,23887461.3,739750439.94208,735590483.2722,-0.00038838998,518650181.805841,10
7273,2026-02-02T10:40,HYPE,30.712,31.313,30.712,31.313,4.35846e-06,23912555.18,23876991.08,23912555.18,748773840.35134,748773840.35134,-0.00030087309,522347941.74422,10
7274,2026-02-02T10:50,HYPE,31.319,31.319,31.031,31.031,3.47366e-06,23915621.04,23884208.24,23884208.24,749013335.35176,741150865.895441,-0.00093877117,522805312.96553,10
7275,2026-02-02T11:00,HYPE,31.076,31.242,30.994,31.072,-2.432422e-05,23885387.18,23876957.04,23884984.72,746222903.64468,742154245.21984,-0.00060363427,522232610.73734,10
7276,2026-02-02T11:10,HYPE,31.092,31.438,31.092,31.228,-8.04162e-06,23890702.12,23885446.6,23887370.02,751049350.773921,745954790.98456,-0.0006351713,523358642.655099,10
7277,2026-02-02T11:20,HYPE,31.222,31.42,31.171,31.283,-1.202482e-05,23897821.1,23877810.0,23891611.06,750869538.962,747401268.789979,-0.00056712664,524267873.65142,10
7278,2026-02-02T11:30,HYPE,31.233,31.255,30.99,30.995,-1.281712e-05,23888503.78,23875873.18,23875873.18,746622654.8893,740032689.214099,-0.00062228948,521710800.45776,10
7279,2026-02-02T11:40,HYPE,31.002,31.107,31.002,31.048,-1.100095e-05,23875515.4,23873824.6,23873824.6,742644316.68858,741234506.1808,-0.00023972907,522303856.60618,10
7280,2026-02-02T11:50,HYPE,31.097,31.108,30.906,30.915,-8.14185e-06,23883316.98,23868546.3,23881689.22,742645720.0008,738302422.2363,-0.0006409749,519711791.35999,10
7281,2026-02-02T12:00,HYPE,30.957,31.054,30.923,30.967,-5.39204e-06,23880395.74,23877132.88,23877261.08,741480484.45552,739407143.864361,-0.00062331492,518275308.33444,10
7282,2026-02-02T12:10,HYPE,30.945,31.179,30.945,31.051,-6.51984e-06,23878278.54,23874834.9,23874834.9,744500846.59866,741337498.4799,-0.00047959217,518865940.07588,10
7283,2026-02-02T12:20,HYPE,31.041,31.405,30.985,31.33,-4.02687e-06,23881135.98,23875479.56,23878829.88,749982253.5282,748123740.1404,-0.00036750439,519133405.77728,10
7284,2026-02-02T12:30,HYPE,31.382,31.465,31.302,31.302,-4.2264e-07,23892279.46,23876197.38,23888033.68,751722522.378101,747743230.25136,-0.00068772519,518360710.730539,10
7285,2026-02-02T12:40,HYPE,31.317,31.317,31.164,31.271,-1.29539e-06,23902358.66,23885516.38,23885516.38,748106411.15496,746923982.718979,-0.00061041938,519982934.552579,10
7286,2026-02-02T12:50,HYPE,31.288,31.288,30.874,30.874,-2.984e-07,23901409.78,23887838.92,23894074.46,747404441.23872,737705654.87804,-0.00062592986,520683926.99136,10
7287,2026-02-02T13:00,HYPE,30.879,30.989,30.817,30.989,-3.311235e-05,23894749.36,23874921.18,23888472.3,740279868.104701,740279868.104701,-0.00054496467,521110505.800251,10
7288,2026-02-02T13:10,HYPE,30.951,31.009,30.907,30.954,-1.256655e-05,23884566.5,23869340.6,23869340.6,740506978.77992,738851568.932401,-0.0002417235,522114808.223669,10
7289,2026-02-02T13:20,HYPE,31.004,31.073,30.824,30.855,-5.44255e-06,23869966.22,23858648.2,23859558.3,741421434.29396,736186671.346499,-0.00033992518,521857048.536549,10
7290,2026-02-02T13:30,HYPE,30.74,30.74,30.602,30.694,-1.031052e-05,23850498.32,23838184.24,23839855.74,733164318.3568,731740532.08356,-0.00076812777,522133742.931131,10
7291,2026-02-02T13:40,HYPE,30.709,30.728,30.599,30.728,-9.43723e-06,23839745.4,23831529.88,23833297.16,732349555.13248,732349555.13248,-0.00046154964,523381651.34095,10
7292,2026-02-02T13:50,HYPE,30.694,30.953,30.694,30.891,-5.36964e-06,23853491.9,23837585.56,23852543.04,738337134.7807,736828907.04864,-0.000449106,523002852.61957,10
7293,2026-02-02T14:00,HYPE,30.877,30.877,30.579,30.579,-7.12019e-06,23851338.46,23827542.24,23827542.24,736457777.62942,728622414.15696,-0.00066913273,522011268.50128,10
7294,2026-02-02T14:10,HYPE,30.627,30.773,30.619,30.773,-1.304013e-05,23826126.14,23822848.26,23824078.56,733138369.52688,733138369.52688,-0.00060722142,522594556.302399,10
7295,2026-02-02T14:20,HYPE,30.801,30.949,30.603,30.603,-1.016299e-05,23822732.24,23804872.98,23808551.4600001,736975047.56886,728613100.330382,-0.00074665597,518801540.963099,10
7296,2026-02-02T14:30,HYPE,30.584,30.599,30.49,30.532,-1.793775e-05,23820835.4,23795077.9,23804456.58,728822279.8984,726797668.30056,-0.00074707545,519368252.40833,10
7297,2026-02-02T14:40,HYPE,30.442,30.605,30.442,30.471,-2.140932e-05,23803518.5,23756029.92,23758269.06,727942804.318401,723938216.527261,-0.00064789852,523649854.05712,10
7298,2026-02-02T14:50,HYPE,30.518,30.998,30.518,30.936,-1.673497e-05,23774026.28,23756076.58,23756076.58,736726211.82996,734917985.07888,-0.00043057541,521093089.29551,10
7299,2026-02-02T15:00,HYPE,30.912,30.982,30.855,30.875,1.082711e-05,23754778.08,23731825.36,23736048.0,735476089.63836,732850482.000001,-0.00037225526,518647153.46537,10
7300,2026-02-02T15:10,HYPE,30.829,31.405,30.642,31.271,1.242375e-05,23883393.08,23720316.36,23854859.6000001,749060835.224902,745965314.551602,-0.00011641387,532588659.424729,10
7301,2026-02-02T15:20,HYPE,31.735,32.594,31.735,32.395,1.25e-05,24371475.16,23902693.54,24371475.16,792200250.91276,789513937.8082,-0.0003430181,564820090.55933,10
7302,2026-02-02T15:30,HYPE,32.583,33.3,32.579,32.579,1.25e-05,24582607.7,24363139.9399999,24363139.9399999,818154269.424001,793726736.105258,-0.00032189518,591608000.683441,10
7303,2026-02-02T15:40,HYPE,32.737,32.737,32.071,32.071,1.25e-05,24341074.9,24170186.48,24170186.48,796853769.0013,775162050.600079,-0.00030944389,606942158.79412,10
7304,2026-02-02T15:50,HYPE,32.05,32.126,31.978,31.991,1.25e-05,24177955.6,24137677.52,24137677.52,776741001.605599,772188441.54232,-0.00025748699,607255468.67061,10
7305,2026-02-02T16:00,HYPE,31.806,32.276,31.806,32.276,1.25e-05,24175009.04,24108146.96,24172180.86,780181309.437361,780181309.437361,-0.00020208447,608561777.872992,10
7306,2026-02-02T16:10,HYPE,32.35,32.37,31.977,31.977,1.25e-05,24202774.26,24166508.26,24166508.26,783443802.796199,772772434.630019,-4.080597e-05,613633990.11314,10
7307,2026-02-02T16:20,HYPE,31.968,32.086,31.796,31.796,1.25e-05,24152670.82,24127062.24,24127062.24,774777736.29184,767144070.98304,-7.570916e-05,608176259.97108,10
7308,2026-02-02T16:30,HYPE,31.625,32.329,31.625,32.235,1.25e-05,24248194.78,24136211.1,24247406.6,783919889.04262,781615151.750999,0.00043494198,610420420.48002,10
7309,2026-02-02T16:40,HYPE,32.397,32.488,32.278,32.343,1.25e-05,24330096.82,24282188.08,24318849.56,790436185.48816,786544551.31908,5.252057e-05,616119493.939859,10
7310,2026-02-02T16:50,HYPE,32.287,32.626,32.216,32.626,1.25e-05,24395950.32,24305988.26,24395950.32,795942275.14032,795942275.14032,0.00014229366,617727346.80298,10
7311,2026-02-02T17:00,HYPE,32.701,33.057,32.652,32.953,1.25e-05,24477102.64,24292673.48,24294869.2,803593090.74672,800588824.7476,6.196888e-05,627592888.525541,10
7312,2026-02-02T17:10,HYPE,32.864,33.697,32.864,33.697,1.25e-05,24381157.2,24264256.5,24372591.08,821283201.62276,821283201.62276,0.00023475723,641480170.854638,10
7313,2026-02-02T17:20,HYPE,33.563,33.628,33.048,33.159,1.25e-05,24337348.66,24276714.4,24276714.4,817232010.826,804991572.789599,-3.167987e-05,645220675.007409,10
7314,2026-02-02T17:30,HYPE,33.273,33.466,33.135,33.135,1.25e-05,24313228.44,24283615.48,24301851.4,813666502.973039,805241846.138999,9.61144375e-05,645946726.83931,8
50878,2026-02-02T17:40,HYPE,33.183,33.183,32.646,32.664,1.25e-05,24298942.06,23940506.68,23940506.68,806311794.37698,781992710.19552,-0.00033436002,662799634.112659,10
50879,2026-02-02T17:50,HYPE,32.641,32.711,32.527,32.587,1.25e-05,23959356.06,23935528.42,23946840.06,783710536.7226,780355677.03522,6.61927e-06,663694297.553609,10
50880,2026-02-02T18:00,HYPE,32.657,33.283,32.657,33.026,1.25e-05,23977449.36,23952349.66,23970245.24,798041447.04888,791641319.29624,5.904517e-05,665529267.795828,10
50881,2026-02-02T18:10,HYPE,32.998,33.087,32.934,33.087,1.25e-05,23993195.18,23976374.62,23993195.18,793862848.920659,793862848.920659,0.00026586996,668367798.65199,10
50882,2026-02-02T18:20,HYPE,33.108,33.289,33.1,33.206,1.25e-05,24001409.98,23994843.8,23996226.36,798803603.65498,796818692.510161,8.6812e-06,668298794.942511,10
50883,2026-02-02T18:30,HYPE,33.232,33.419,33.064,33.064,1.25e-05,24006249.88,23976953.52,23989909.36,802234507.588501,793202363.079039,-8.904165e-05,669935537.366592,10
50884,2026-02-02T18:40,HYPE,33.149,33.149,32.919,33.02,1.25e-05,23998999.94,23982315.74,23998999.94,795248017.82718,792446978.0188,-8.94954e-05,671978289.599663,10
50885,2026-02-02T18:50,HYPE,32.993,32.993,32.632,32.677,1.25e-05,24028246.46,23933592.64,23938990.2,791829598.76946,782254382.7654,-9.775078e-05,673895727.952082,10
50886,2026-02-02T19:00,HYPE,32.691,32.691,32.234,32.234,1.25e-05,23942879.74,23898559.18,23915973.3,782555898.08886,770907483.3522,-0.00047566846,670987204.84971,10
50887,2026-02-02T19:10,HYPE,32.101,32.101,31.848,31.875,1.25e-05,24002308.6,23938608.9,23940210.64,770440942.907799,763094214.150001,-0.00035673198,680167658.844959,10
50888,2026-02-02T19:20,HYPE,31.726,31.823,31.679,31.68,1.25e-05,23958932.64,23942786.92,23942786.92,762428991.87092,758507489.625599,3.839785e-05,676364885.99967,10
50889,2026-02-02T19:30,HYPE,31.816,32.11,31.813,31.967,1.25e-05,23941004.2,23863148.56,23863148.56,767101068.276399,762833270.017519,3.950716e-05,679796163.848729,10
50890,2026-02-02T19:40,HYPE,31.886,32.06,31.845,32.056,1.25e-05,23881578.26,23849223.34,23881578.26,765547872.702559,765547872.702559,0.0002236821,682702589.086192,10
50891,2026-02-02T19:50,HYPE,32.002,32.167,32.002,32.113,1.25e-05,23925662.74,23882222.9,23908241.8,769521090.706619,767765368.923399,0.00015725653,682214396.840872,10
50892,2026-02-02T20:00,HYPE,32.226,32.347,32.175,32.175,1.25e-05,23975412.42,23965889.54,23966249.92,775224628.950379,771114091.175999,0.00041556318,682300292.994868,10
50893,2026-02-02T20:10,HYPE,32.213,32.432,32.213,32.407,1.25e-05,23968943.6,23960154.62,23960154.62,777137681.70176,776476730.770339,1.509803e-05,683204146.150651,10
50894,2026-02-02T20:20,HYPE,32.227,32.271,31.973,32.072,1.25e-05,23960133.74,23939491.96,23941479.18,773167624.32816,767851120.26096,-9.457656e-05,679642662.22749,10
50895,2026-02-02T20:30,HYPE,32.059,32.315,31.991,32.002,1.25e-05,23945139.64,23934161.78,23939725.8,773748283.4381,766119105.0516,-0.00025779056,680109230.536318,10
50896,2026-02-02T20:40,HYPE,31.983,32.212,31.983,32.165,1.25e-05,23950863.16,23936755.68,23950863.16,771153005.18856,770379513.5414,0.00012180164,681409778.77875,10
50897,2026-02-02T20:50,HYPE,32.165,32.468,32.096,32.468,1.25e-05,23985060.62,23938169.72,23985060.62,778746948.210159,778746948.210159,-0.00010854999,681032900.5434,10
50898,2026-02-02T21:00,HYPE,32.367,32.694,32.367,32.663,1.25e-05,24022374.96,23999494.02,24021743.82,785385594.72684,784622218.39266,-1.771859e-05,676280207.633222,10
50899,2026-02-02T21:10,HYPE,32.739,33.09,32.723,33.09,1.25e-05,24101493.6,24015192.6,24101493.6,797518423.223999,797518423.223999,0.00012893352,683088402.452193,10
50900,2026-02-02T21:20,HYPE,32.975,33.03,32.916,32.941,1.25e-05,24132816.12,24108512.92,24132816.12,796683606.605999,794959095.808919,8.798889e-05,681973001.142578,10
50901,2026-02-02T21:30,HYPE,32.88,32.906,32.676,32.676,1.25e-05,24126940.94,24090522.32,24090522.32,793293818.1072,787181907.32832,0.00028731062,681136383.998599,10
50902,2026-02-02T21:40,HYPE,32.704,32.817,32.516,32.516,1.25e-05,24095162.46,24046950.32,24047669.22,790730946.44982,781934012.357519,0.00011046255,684468655.680531,10
50903,2026-02-02T21:50,HYPE,32.613,32.613,32.271,32.292,1.25e-05,24048076.64,24010300.38,24010300.38,784279923.46032,775340619.87096,0.00052100832,686831503.114369,10
50904,2026-02-02T22:00,HYPE,32.331,32.604,32.331,32.444,2.823004e-05,24018130.62,24008581.78,24010185.58,783034888.693199,778986460.957519,0.00079060318,681740976.540878,10
50905,2026-02-02T22:10,HYPE,32.445,32.511,32.318,32.401,1.41334e-05,24009319.46,23996454.48,23998858.4,780294134.4459,777587011.0184,0.00055294126,683729197.71422,10
50906,2026-02-02T22:20,HYPE,32.33,32.39,32.232,32.251,1.25e-05,24008503.86,23997291.92,23997403.6,777473791.2524,773940263.503599,0.00038463359,679801418.281131,10
50907,2026-02-02T22:30,HYPE,32.298,32.848,32.298,32.838,1.25e-05,24088586.34,23997433.76,24076366.0800001,790942221.156482,790619709.335042,0.00079440135,672790371.615728,10
50908,2026-02-02T22:40,HYPE,32.862,32.908,32.819,32.889,1.25e-05,24094873.42,24076201.02,24094873.42,792585625.936,792456291.91038,0.00059770647,674865674.127913,10
50909,2026-02-02T22:50,HYPE,32.917,33.38,32.917,33.301,1.25e-05,24244994.16,24089864.1,24244433.24,808784935.2404,807363871.32524,0.00036438134,674287621.970479,10
50910,2026-02-02T23:00,HYPE,33.346,33.74,33.346,33.74,1.25e-05,24286894.9200001,24244328.32,24262526.0400001,818617628.589602,818617628.589602,0.00066145426,676012484.1023,10
50911,2026-02-02T23:10,HYPE,33.743,33.743,33.408,33.408,1.25e-05,24255767.46,24193150.28,24199506.48,818462361.402781,808457112.483841,0.00043525088,682128940.403849,10
50912,2026-02-02T23:20,HYPE,33.515,33.732,33.515,33.704,1.25e-05,24265947.74,24203153.0,24265947.74,818044676.86824,817859502.62896,0.0005370265,679648913.539208,10
50913,2026-02-02T23:30,HYPE,33.763,33.903,33.52,33.52,1.25e-05,24340017.0,24268812.24,24296873.98,823956288.583501,814431215.809599,0.00032189257,681656405.656639,10
50914,2026-02-02T23:40,HYPE,33.463,33.764,33.461,33.764,1.25e-05,24308317.4,24249068.24,24308317.4,820746028.693601,820746028.693601,0.00073994609,685577231.964879,10
50915,2026-02-02T23:50,HYPE,33.719,33.969,33.719,33.941,1.25e-05,24361422.2,24294337.44,24348896.8800001,826980861.649021,826425909.004082,0.00028976529,687153645.588321,10
50916,2026-02-03T00:00,HYPE,33.936,33.945,33.778,33.787,1.25e-05,24376369.72,24341556.32,24376369.72,827101447.684801,823604403.729641,0.0005046811,679509846.747311,10
50917,2026-02-03T00:10,HYPE,33.87,33.87,33.67,33.688,1.25e-05,24379916.08,24340326.52,24340326.52,825664081.7946,819976919.80576,0.00049703417,682429254.047138,10
50918,2026-02-03T00:20,HYPE,33.672,33.672,33.308,33.537,1.25e-05,24329543.06,24222102.94,24228693.14,819224373.91632,812557681.83618,0.00033330282,674596336.681631,10
50919,2026-02-03T00:30,HYPE,33.6,33.812,33.574,33.672,1.25e-05,24244576.62,24210847.32,24210847.32,819757624.675441,815227650.959041,0.00055173161,670030943.24546,10
50920,2026-02-03T00:40,HYPE,33.556,33.556,33.287,33.287,1.25e-05,24174511.86,24087532.96,24087532.96,811199919.97416,801801709.639519,0.00010160404,675424531.132919,10
50921,2026-02-03T00:50,HYPE,33.291,33.424,33.269,33.269,1.25e-05,24089389.0,24082958.16,24089389.0,805150145.73216,801429882.641001,0.00053699117,671694786.754599,10
50922,2026-02-03T01:00,HYPE,33.266,33.266,33.203,33.265,1.25e-05,24112315.12,24076199.88,24090468.64,801544335.88916,801369439.309601,7.22212e-05,668816338.209919,9
50923,2026-02-03T01:10,HYPE,33.281,33.4,33.269,33.364,1.25e-05,24085280.86,24070247.74,24085280.86,804253803.68,803581310.613041,6.953283e-05,671019939.602691,10
50924,2026-02-03T01:20,HYPE,33.325,33.767,33.325,33.762,1.25e-05,24145448.46,24085967.24,24145448.46,815218180.736041,815198630.906521,9.594359e-05,665339405.302653,10
50925,2026-02-03T01:30,HYPE,33.784,33.817,33.609,33.765,1.25e-05,24147091.34,24139039.98,24147091.34,816309915.003661,815326539.095099,7.20113e-05,662944659.873459,10
50926,2026-02-03T01:40,HYPE,33.812,33.985,33.726,33.985,1.25e-05,24183064.74,24149621.58,24183064.74,821861455.1889,821861455.1889,0.000281907511111111,665933059.213462,9
50927,2026-02-03T01:50,HYPE,33.996,34.121,33.729,34.121,1.25e-05,24214600.86,24163348.92,24214600.86,826226395.944061,826226395.944061,8.73625181818182e-05,667140325.034297,11
50928,2026-02-03T02:00,HYPE,34.18,34.269,34.09,34.138,1.25e-05,24314183.48,24204385.3,24293235.62,833222753.676119,829322477.595559,-8.565053e-05,670415668.288125,10
50929,2026-02-03T02:10,HYPE,34.161,34.288,33.855,33.855,1.25e-05,24294829.36,24238514.18,24238723.38,831648365.01408,820601980.029899,-9.750602e-05,677026585.66391,10
50930,2026-02-03T02:20,HYPE,33.961,34.43,33.961,34.261,1.25e-05,24279878.64,24235213.9,24275955.54,835448434.8518,831718512.75594,8.982279e-05,675779277.807111,10
50931,2026-02-03T02:30,HYPE,34.185,34.285,34.143,34.143,1.25e-05,24262705.9,24249303.18,24250954.68,831522470.54,828000345.639239,0.00012460058,674327021.799522,10
50932,2026-02-03T02:40,HYPE,34.226,35.024,34.226,35.024,1.25e-05,24386584.32,24251910.22,24350732.14,852860042.47136,852860042.47136,0.00075172082,690037685.843771,10
50933,2026-02-03T02:50,HYPE,35.407,35.484,35.331,35.375,1.25e-05,24365098.72,24278205.74,24278205.74,864010765.709921,858841528.0525,0.00047192668,704576409.694723,10
50934,2026-02-03T03:00,HYPE,35.39,35.62,35.279,35.292,1.25e-05,24312791.42,24247498.2,24247498.2,864413896.746399,855742706.4744,5.734509e-05,707243387.220479,10
50935,2026-02-03T03:10,HYPE,35.275,35.62,35.275,35.357,1.25e-05,24267756.06,24206125.52,24206125.52,864417470.857201,855855980.010641,3.239607e-05,714806059.870819,10
50936,2026-02-03T03:20,HYPE,35.627,35.962,35.627,35.942,1.25e-05,24263197.06,24201280.02,24263197.06,872067828.730521,872067828.730521,-8.38405111111111e-05,723128852.732089,9
50937,2026-02-03T03:30,HYPE,35.977,36.024,35.706,35.817,1.25e-05,24257690.58,24154200.98,24154200.98,872718933.996661,865131016.500661,0.00012694143,732275071.593293,10
50938,2026-02-03T03:40,HYPE,35.862,36.155,35.844,35.844,1.25e-05,24257168.96,24154608.96,24234472.7,876193200.00416,868660439.458801,0.00010869792,742183386.887889,10
50939,2026-02-03T03:50,HYPE,35.762,35.984,35.718,35.85,1.25e-05,24224941.82,24177610.5,24177610.5,871710306.45088,866767336.425001,0.000375927263636364,745144587.034959,11
50940,2026-02-03T04:00,HYPE,35.974,36.007,35.687,35.885,1.25e-05,24193907.16,24050150.66,24050150.66,870834369.10644,863039656.4341,7.06659888888889e-05,746681666.790139,9
50941,2026-02-03T04:10,HYPE,35.813,35.984,35.813,35.935,1.25e-05,24064598.38,23985445.84,23985445.84,865531409.93346,861916996.260398,-1.627378e-05,751966192.855292,10
50942,2026-02-03T04:20,HYPE,35.899,36.642,35.896,36.642,1.25e-05,23976916.24,23825010.5600001,23830946.5000001,873213541.653004,873213541.653004,0.000603717390909091,753034114.135744,11
50943,2026-02-03T04:30,HYPE,36.693,37.655,36.693,37.493,1.25e-05,23828332.06,23574836.82,23574836.82,892577183.982759,883891356.892259,0.000541491666666667,791223087.963438,9
50944,2026-02-03T04:40,HYPE,37.84,37.84,37.339,37.756,1.25e-05,23595931.02,23527119.8,23576715.88,892870029.7968,890162484.765281,0.00125150178,807936702.813285,10
50945,2026-02-03T04:50,HYPE,37.743,38.067,37.679,37.945,1.25e-05,23583434.9,23530705.68,23535885.72,896778661.52472,893069183.6454,0.00074578412,805310581.019841,10
50946,2026-02-03T05:00,HYPE,37.886,37.956,37.725,37.956,2.036662e-05,23526645.38,23469982.42,23469982.42,891821954.60288,890826652.733521,0.00097718438,806127375.214119,10
50947,2026-02-03T05:10,HYPE,38.108,38.373,37.882,37.918,4.263403e-05,23598681.88,23454121.24,23583720.72,902045299.79934,894247522.26096,0.00094545555,826035306.465277,10
50948,2026-02-03T05:20,HYPE,37.906,37.906,37.438,37.438,3.86009181818182e-05,23577558.98,23490845.1,23490845.1,893730950.69588,879450258.8538,0.000609149954545455,829551612.926739,11
50949,2026-02-03T05:30,HYPE,37.487,37.905,37.487,37.905,3.795493e-05,23505359.62,23449730.3,23450623.1,888895868.6055,888895868.6055,0.00102078214,829746744.4863,10
50950,2026-02-03T05:40,HYPE,37.928,38.097,37.736,37.736,2.97968e-05,23496629.48,23427586.56,23428030.86,895151093.29956,884080172.532962,0.00030187946,839566233.583591,10
50951,2026-02-03T05:50,HYPE,37.723,37.895,37.623,37.863,1.92478555555556e-05,23431830.4,23397416.08,23419393.64,887448156.2706,886728501.39132,0.000523762822222222,840554998.13987,9
50952,2026-02-03T06:00,HYPE,37.84,37.84,37.35,37.364,1.25e-05,23418781.58,23382126.98,23383131.34,886166694.9872,873687319.387761,0.00020680902,840683611.560132,10
50953,2026-02-03T06:10,HYPE,37.35,37.367,37.06,37.218,1.25e-05,23407890.28,23377163.72,23377163.72,874542728.06604,870051279.33096,0.000486159145454545,852736462.339027,11
50954,2026-02-03T06:20,HYPE,37.078,37.237,37.001,37.043,1.25e-05,23378463.22,23306733.38,23312311.34,868619631.566642,863557948.967621,0.00058191299,856780604.562307,10
50955,2026-02-03T06:30,HYPE,37.144,37.248,36.931,37.105,1.25e-05,23308342.44,23298256.5,23302301.7,868165479.27552,864631904.578501,0.0004225936,851670916.474382,10
50956,2026-02-03T06:40,HYPE,37.156,37.463,37.044,37.463,1.25e-05,23358197.2000001,23287736.06,23294128.0,872667917.264001,872667917.264001,0.00073886861,862253329.096542,10
50957,2026-02-03T06:50,HYPE,37.402,37.515,37.116,37.221,1.25e-05,23358109.3,23309457.46,23342300.96,875527769.5794,868823784.032161,0.00068195552,864141271.14146,10
50958,2026-02-03T07:00,HYPE,37.152,37.52,37.152,37.497,2.23269222222222e-05,23363811.16,23343861.84,23363811.16,876316224.772801,876072827.066521,0.000739005133333333,861297417.850121,9
50959,2026-02-03T07:10,HYPE,37.521,37.521,37.248,37.35,1.25e-05,23358904.22,23348858.54,23352414.68,876369963.7539,872212688.298001,0.000196584381818182,863418539.22914,11
50960,2026-02-03T07:20,HYPE,37.162,37.162,36.909,36.923,1.25e-05,23364161.52,23351592.2,23352189.54,867791869.3364,862232894.38542,0.0002315017,861401206.618261,10
50961,2026-02-03T07:30,HYPE,36.983,37.0,36.804,36.98,1.25e-05,23348684.08,23294801.7,23294801.7,863565012.78,861441766.866,0.00029325245,853705236.654181,10
50962,2026-02-03T07:40,HYPE,36.987,37.272,36.917,37.272,1.25e-05,23289993.9,23241595.18,23241813.18,866268860.84496,866268860.84496,0.0004182252,857101235.717918,10
50963,2026-02-03T07:50,HYPE,37.245,37.245,36.87,37.054,1.25e-05,23248995.28,23232757.2,23238091.18,865574805.615,861064230.583719,0.00071834104,852420869.057379,10
50964,2026-02-03T08:00,HYPE,37.07,37.226,36.8,37.226,1.590865e-05,23246022.02,23230409.9,23241625.7,865192758.308199,865192758.308199,0.00043068703,850655660.96803,10
50965,2026-02-03T08:10,HYPE,37.287,37.357,37.19,37.19,1.25e-05,23245425.84,23233267.6,23238363.3,868193350.93482,864234731.126999,0.000299011488888889,854163795.993498,9
50966,2026-02-03T08:20,HYPE,37.203,37.262,36.944,36.944,1.25e-05,23268772.88,23241642.26,23268772.88,866830410.23056,859641545.278721,0.000628103054545454,850892115.355377,11
50967,2026-02-03T08:30,HYPE,36.956,37.263,36.956,37.131,1.25e-05,23276161.84,23260173.32,23265706.68,867339618.64392,863878954.735081,0.000424553044444444,843749649.904981,9
50968,2026-02-03T08:40,HYPE,37.176,37.176,37.063,37.135,1.25e-05,23285916.38,23248420.62,23248420.62,864855089.02512,863330099.723699,0.000519073609090909,847056128.645221,11
50969,2026-02-03T08:50,HYPE,37.185,37.267,37.185,37.267,1.25e-05,23260807.98,23218885.26,23218885.26,866010709.575959,865298196.984419,0.00064317084,844864734.935022,10
50970,2026-02-03T09:00,HYPE,37.246,37.434,37.044,37.044,3.719317e-05,23212785.94,23174740.6,23174740.6,868222528.452121,858485090.786399,0.00044460554,844838368.65246,10
50971,2026-02-03T09:10,HYPE,37.06,37.426,36.874,37.426,1.25e-05,23176835.5,23147085.78,23156343.8,866649323.058801,866649323.058801,0.00030812484,852363778.776242,10
50972,2026-02-03T09:20,HYPE,37.318,37.755,37.31,37.626,1.25e-05,23166069.1,23148702.74,23166001.82,873979271.9487,871643984.47932,0.00051318569,853675458.506701,10
50973,2026-02-03T09:30,HYPE,37.585,37.624,37.462,37.531,1.25e-05,23172885.9,23164834.38,23172885.9,871553728.713121,869701580.7129,0.00039492998,854977469.71048,10
50974,2026-02-03T09:40,HYPE,37.583,37.739,37.483,37.483,1.25e-05,23180939.64,23150208.8,23150913.02,874298180.850399,867765672.72866,0.00025007826,858287442.03619,10
50975,2026-02-03T09:50,HYPE,37.457,37.551,37.368,37.551,1.25e-05,23156785.26,23133536.5,23156229.3,869539566.4443,869539566.4443,0.00043054105,860000936.43904,10
50976,2026-02-03T10:00,HYPE,37.533,37.533,37.353,37.486,1.25e-05,23177012.2,23158631.26,23177012.2,869707499.32766,868813479.329201,0.00068807423,861421878.514949,10
50977,2026-02-03T10:10,HYPE,37.375,37.375,37.034,37.034,1.25e-05,23173509.08,23113590.96,23114876.4,866109901.865,856036332.5976,0.00017388406,867562821.53414,10
50978,2026-02-03T10:20,HYPE,37.119,37.151,36.424,36.424,1.25e-05,23108950.3,22926383.46,22936248.08,858453088.42374,835429900.065921,0.000157338744444444,876017723.166609,9
50979,2026-02-03T10:30,HYPE,36.342,36.814,36.342,36.814,1.25e-05,22920277.88,22898443.14,22916402.12,843644427.64568,843644427.64568,0.000184835818181818,877345143.4271,11
50980,2026-02-03T10:40,HYPE,36.825,37.05,36.769,36.769,1.25e-05,22940991.46,22918216.7200001,22918216.7200001,849821994.372,842679910.577682,0.00031958083,881417917.692992,10
50981,2026-02-03T10:50,HYPE,36.849,37.123,36.849,37.049,1.25e-05,22919831.26,22909895.52,22912648.24,850727762.399039,848890704.643758,0.00026993899,879640416.179579,10
50982,2026-02-03T11:00,HYPE,37.027,37.127,36.975,37.074,1.25e-05,22912964.98,22900770.56,22906983.96,850680288.1256,849253523.33304,0.00014529382,880066498.967991,10
50983,2026-02-03T11:10,HYPE,37.002,37.141,36.796,36.796,1.25e-05,22911830.26,22906783.18,22906783.18,850918445.20748,842877993.89128,0.00020267755,881292115.611852,10
50984,2026-02-03T11:20,HYPE,36.764,36.941,36.764,36.787,1.25e-05,22909657.64,22900320.84,22900320.84,846266372.43164,842434102.741081,8.220299e-05,880891480.782092,10
50985,2026-02-03T11:30,HYPE,36.673,36.673,36.16,36.16,1.25e-05,22892761.76,22856324.8,22856324.8,839546252.024479,826484704.768,6.471146e-05,886126719.505019,10
50986,2026-02-03T11:40,HYPE,36.202,36.237,36.007,36.237,1.25e-05,22922644.54,22836740.68,22919390.72,830529961.520641,830529961.520641,4.838233e-05,891998965.576517,10
50987,2026-02-03T11:50,HYPE,36.227,36.227,35.806,36.004,1.25e-05,22915053.66,22869601.42,22869601.42,830143648.94082,823397129.525681,5.535197e-05,902092159.626027,10
50988,2026-02-03T12:00,HYPE,36.01,36.104,35.969,36.034,1.25e-05,22868774.44,22858881.56,22858881.56,825392687.784961,823696938.13304,4.53118888888889e-05,902165417.70268,9
50989,2026-02-03T12:10,HYPE,36.091,36.193,35.98,36.071,1.25e-05,22861475.52,22833950.8,22833950.8,826703865.90632,823643439.3068,-1.02598363636364e-05,903976580.624299,11
50990,2026-02-03T12:20,HYPE,36.095,36.336,36.076,36.336,1.25e-05,22867804.68,22817262.84,22867804.68,830924550.852481,830924550.852481,0.000154217722222222,905556817.230699,9
50991,2026-02-03T12:30,HYPE,36.329,36.455,36.272,36.272,1.25e-05,22871448.64,22846257.08,22871448.64,832860301.8514,829593185.07008,0.00017887966,905572083.264701,10
50992,2026-02-03T12:40,HYPE,36.216,36.381,36.165,36.291,1.25e-05,22885121.02,22854029.52,22854349.3,832583587.82862,829407190.4463,9.25099e-05,908021041.5477,11
50993,2026-02-03T12:50,HYPE,36.287,36.287,36.045,36.045,1.25e-05,22881030.68,22849382.32,22867609.6,829328947.40732,824262988.032001,-7.973749e-05,907377211.235401,10
50994,2026-02-03T13:00,HYPE,36.073,36.344,36.073,36.342,1.25e-05,22914449.18,22867748.8,22912389.7,832738656.3496,832682066.4774,0.00021216357,908084938.617118,10
50995,2026-02-03T13:10,HYPE,36.329,36.338,36.226,36.264,1.25e-05,22923692.74,22909038.08,22923692.74,832887163.927999,831304793.523359,6.5161e-05,909250086.15764,10
50996,2026-02-03T13:20,HYPE,36.258,36.258,35.772,36.179,1.25e-05,22932419.8,22869490.02,22869490.02,831483677.1084,827395279.433579,-6.74948e-06,912049868.978432,10
50997,2026-02-03T13:30,HYPE,36.117,36.291,36.056,36.291,1.25e-05,22873760.14,22864215.38,22873760.14,830111629.240739,830111629.240739,4.086485e-05,909200961.62912,10
50998,2026-02-03T13:40,HYPE,36.294,36.32,36.243,36.243,1.25e-05,22873142.18,22864042.64,22865722.26,830677640.854401,828722371.869181,1.705322e-05,910059133.634528,10
50999,2026-02-03T13:50,HYPE,36.152,36.152,35.913,36.072,1.25e-05,22873840.54,22863392.2,22867736.6,826557354.8144,824884994.635199,5.6589e-05,910142786.719237,10
51000,2026-02-03T14:00,HYPE,36.086,36.245,36.086,36.14,1.25e-05,22864301.36,22860438.84,22863859.48,828716510.006,826299881.6072,5.333067e-05,909117252.91822,10
51001,2026-02-03T14:10,HYPE,36.11,36.11,35.815,35.974,1.25e-05,22882695.32,22863865.76,22881826.74,825614192.5936,823150835.144759,0.00012909591,911075590.136253,10
51002,2026-02-03T14:20,HYPE,35.967,35.967,35.652,35.802,1.25e-05,22923164.86,22875164.26,22923164.86,822892217.80122,820695148.317721,-0.00015691865,913647844.163892,10
51003,2026-02-03T14:30,HYPE,35.891,35.891,35.562,35.742,1.25e-05,22922171.82,22883239.16,22884295.38,822699668.79162,817930485.471959,-6.085433e-05,909483891.235256,10
51004,2026-02-03T14:40,HYPE,35.766,36.031,35.766,35.9,1.25e-05,22896251.26,22888581.0,22892164.58,824739257.02982,821828708.422001,-0.00010096476,911409151.021261,10
51005,2026-02-03T14:50,HYPE,35.887,36.18,35.786,36.174,1.25e-05,22891192.9,22839827.36,22852928.86,826681848.581639,826681848.581639,7.642409e-05,911620794.231861,10
51006,2026-02-03T15:00,HYPE,36.139,36.348,36.018,36.018,1.25e-05,22878512.76,22855320.44,22878512.76,830867651.76168,824038272.589679,1.509021e-05,907668635.71076,10
51007,2026-02-03T15:10,HYPE,35.938,35.984,35.731,35.803,1.25e-05,22932639.38,22876915.18,22932639.38,823705756.9728,821057287.722139,-0.000237995922222222,911145487.998319,9
51008,2026-02-03T15:20,HYPE,35.681,35.891,35.679,35.891,1.25e-05,22973593.6,22947913.54,22973593.6,824545247.8976,824545247.8976,7.82698090909091e-05,866601876.140779,11
51009,2026-02-03T15:30,HYPE,35.842,36.04,35.58,35.58,1.25e-05,22987160.36,22963331.32,22987160.36,827659157.1784,817883165.6088,-0.000341412577777778,823265303.585721,9
51010,2026-02-03T15:40,HYPE,35.521,35.637,35.345,35.353,1.25e-05,23019849.58,22843841.42,22843841.42,820087243.2081,807598325.721261,-0.000341136272727273,835799941.253288,11
51011,2026-02-03T15:50,HYPE,35.222,35.222,34.94,34.94,1.25e-05,22830787.92,22725300.58,22725300.58,804146012.11824,794022002.2652,-0.00109785767777778,837312272.105628,9
51012,2026-02-03T16:00,HYPE,34.895,34.895,34.613,34.613,-2.444029e-05,22724250.12,22661113.1,22693369.94,792962707.9374,785485613.73322,-0.00042409337,840692492.38904,10
51013,2026-02-03T16:10,HYPE,34.718,34.718,34.193,34.471,-2.10320909090909e-05,22836892.42,22710405.96,22836892.42,788459874.11928,787210518.609821,-0.000546913954545455,854848503.16935,11
51014,2026-02-03T16:20,HYPE,34.506,34.837,34.125,34.451,-1.26938666666667e-05,22883371.62,22771748.3,22812026.8,793837852.92086,785897135.286801,-0.000262696677777778,860397613.740029,9
51015,2026-02-03T16:30,HYPE,34.261,34.261,33.763,34.031,-1.104161e-05,22968942.64,22898330.62,22939955.74,784519705.37182,780669633.787941,-0.00063938192,863902098.854029,10
51016,2026-02-03T16:40,HYPE,33.867,33.867,33.61,33.629,-1.666788e-05,23113707.68,22960030.62,23113707.68,778044821.6061,777290875.57072,-0.00046762689,877849878.07748,10
51017,2026-02-03T16:50,HYPE,33.875,34.155,33.828,34.155,-1.48273e-05,23158040.54,23146925.08,23158040.54,790962874.643699,790962874.643699,-0.00016887895,880555301.477121,10
51018,2026-02-03T17:00,HYPE,34.196,34.196,33.431,33.68,-1.750865e-05,23213054.74,23132247.18,23134133.3,791832317.2,779157609.544001,-0.00057386864,879068705.973143,10
51019,2026-02-03T17:10,HYPE,33.708,33.882,33.376,33.532,-2.53891818181818e-06,23431934.86,23134639.16,23431934.86,788314189.221359,785719639.72552,0.000243716972727273,894726187.493862,11
51020,2026-02-03T17:20,HYPE,33.538,33.538,33.282,33.355,1.25e-05,23462185.6,23413169.62,23462185.6,786337416.70628,782581200.687999,0.000149744755555556,885943242.78352,9
51021,2026-02-03T17:30,HYPE,33.338,33.418,33.104,33.135,1.25e-05,23518975.56,23485258.3399999,23485258.3399999,785639685.008639,778184035.095898,6.94143454545455e-05,875495997.646091,11
51022,2026-02-03T17:40,HYPE,33.195,33.195,32.894,32.983,1.25e-05,23600707.46,23496508.48,23600707.46,779966598.9936,778422134.153179,7.66552333333333e-05,885929283.86461,9
51023,2026-02-03T17:50,HYPE,33.045,33.547,33.045,33.547,1.25e-05,23672846.84,23530385.0,23579308.44,791015060.236681,791015060.236681,0.00038566994,899057327.46417,10
51024,2026-02-03T18:00,HYPE,33.593,33.737,33.505,33.651,1.25e-05,23596853.08,23467170.98,23467170.98,794699547.629461,789693770.647981,-0.000159042327272727,901403802.111968,11
51025,2026-02-03T18:10,HYPE,33.575,33.671,33.254,33.671,1.25e-05,23469823.72,23412926.32,23442007.32,789315828.471721,789315828.471721,-6.25132333333333e-05,906351748.463661,9
51026,2026-02-03T18:20,HYPE,33.505,33.505,33.03,33.074,1.25e-05,23381850.32,23255869.0,23257113.54,783394080.4008,769205773.22196,-0.00046362904,912161934.210719,10
51027,2026-02-03T18:30,HYPE,33.131,33.255,33.131,33.171,1.25e-05,23283192.58,23242476.4,23281836.0,773796057.16336,772281781.955999,-7.640247e-05,910513360.343261,10
51028,2026-02-03T18:40,HYPE,33.065,33.065,32.491,32.546,1.25e-05,23263796.66,23125689.18,23130159.68,769217436.5629,752794176.945281,-5.90706727272727e-05,923731503.1198,11
51029,2026-02-03T18:50,HYPE,32.822,32.822,32.447,32.447,1.25e-05,23189545.98,23127511.62,23188746.22,759288457.40076,752405248.60034,-0.000123959722222222,923731246.273629,9
51030,2026-02-03T19:00,HYPE,32.322,33.03,32.322,33.03,-2.42894e-06,23452767.88,23203218.56,23452767.88,774644923.076401,774644923.076401,0.00011224027,924088144.986524,10
51031,2026-02-03T19:10,HYPE,33.027,33.027,32.662,32.808,1.25e-05,23480968.2,23437587.6,23480968.2,774845611.4169,770363604.705599,0.00013707412,929788733.480292,10
51032,2026-02-03T19:20,HYPE,32.789,33.144,32.755,33.144,1.25e-05,23659191.74,23485418.52,23659191.74,784160251.03056,784160251.03056,0.0003449764,932661447.278691,10
51033,2026-02-03T19:30,HYPE,33.185,33.185,32.903,32.965,1.25e-05,23686520.06,23647699.66,23648728.26,785713727.9338,779580327.0909,9.322e-06,932125543.58257,10
51034,2026-02-03T19:40,HYPE,33.114,33.277,33.014,33.147,1.25e-05,23669083.36,23492258.54,23499740.12,786878676.3032,778945885.75764,-0.0004289353,944745689.012221,10
51035,2026-02-03T19:50,HYPE,33.115,33.115,32.459,32.646,1.25e-05,23557164.76,23490601.68,23495643.2,779250044.6771,767038767.9072,-0.00034231102,951128136.298902,10
51036,2026-02-03T20:00,HYPE,32.616,33.14,32.616,33.095,1.25e-05,23584656.4,23502012.56,23584656.4,780550719.583601,780534203.558,-7.225091e-05,954720245.956258,10
51037,2026-02-03T20:10,HYPE,33.09,34.398,33.09,34.398,1.25e-05,24080903.2200001,23587826.0,24080903.2200001,828334908.961562,828334908.961562,-6.054009e-05,984445609.037301,10
51038,2026-02-03T20:20,HYPE,34.384,34.581,33.862,33.862,1.25e-05,24111390.9,23890075.6,23890075.6,833254537.340041,808965739.967201,0.00019198345,1008899134.9034,10
51039,2026-02-03T20:30,HYPE,34.042,34.253,33.994,34.253,1.25e-05,23885919.94,23855528.8,23871476.76,817669693.460281,817669693.460281,-7.626028e-05,1016071971.17302,10
51040,2026-02-03T20:40,HYPE,34.247,34.247,33.46,33.477,1.25e-05,23875441.44,23651829.68,23651829.68,817662242.99568,791792302.197358,-0.00022321233,1030710619.34534,10
51041,2026-02-03T20:50,HYPE,33.544,33.985,33.446,33.926,1.25e-05,23801959.06,23626924.22,23800532.74,808909578.6541,807456873.73724,-0.00022182605,1037699277.74761,10
51042,2026-02-03T21:00,HYPE,33.886,33.886,33.569,33.572,1.25e-05,23807894.48,23770019.32,23770019.32,806678402.96524,798007088.61104,0.00030906484,1036996287.11501,10
51043,2026-02-03T21:10,HYPE,33.643,33.992,33.594,33.992,1.25e-05,23803225.1,23770345.72,23803225.1,809119227.599199,809119227.599199,0.00047374084,1039146565.97807,10
51044,2026-02-03T21:20,HYPE,34.024,34.707,34.019,34.705,1.25e-05,23999388.18,23800317.9,23976356.68,832946765.56326,832099458.579399,0.00078880809,1046326296.4369,10
51045,2026-02-03T21:30,HYPE,34.59,35.161,34.59,35.131,1.25e-05,24192534.34,23946504.86,24192534.34,850154873.91464,849907923.898539,0.00026022788,1063909485.41355,10
51046,2026-02-03T21:40,HYPE,35.217,35.217,34.866,34.866,1.25e-05,24195406.94,24149178.66,24149178.66,851612583.34152,841985263.159559,-8.333487e-05,1071481153.09107,10
51047,2026-02-03T21:50,HYPE,34.922,35.336,34.888,35.332,1.25e-05,24305783.66,24148066.96,24299783.9200001,858559965.461442,858559965.461442,0.00041608548,1075292044.40827,10
51048,2026-02-03T22:00,HYPE,35.36,35.606,35.214,35.267,1.25e-05,24291550.32,24103257.84,24103257.84,861853989.42108,850049594.243281,0.00026749034,1081602696.28646,10
51049,2026-02-03T22:10,HYPE,35.314,35.314,34.768,34.768,1.25e-05,24110807.36,24015462.84,24015462.84,851070679.25804,834969612.021121,4.184107e-05,1088663533.69817,10
51050,2026-02-03T22:20,HYPE,34.741,34.741,34.478,34.488,1.25e-05,24004532.98,23882699.68,23884724.96,833941480.25818,823736394.420481,0.00022030232,1094698918.64498,10
51051,2026-02-03T22:30,HYPE,34.461,34.624,34.143,34.143,1.25e-05,23888968.88,23738679.26,23738679.26,827131658.501121,810509725.97418,9.1951e-06,1098456817.40774,10
51052,2026-02-03T22:40,HYPE,34.107,34.155,33.673,33.673,1.25e-05,23716916.64,23674358.82,23674358.82,809229373.722,797186684.54586,0.00018340309,1103811958.41748,10
51053,2026-02-03T22:50,HYPE,33.575,33.822,33.542,33.822,1.25e-05,23677582.72,23659116.58,23668987.4,800532491.8428,800532491.8428,0.00026242665,1099079939.90931,10
51054,2026-02-03T23:00,HYPE,33.885,33.973,33.565,33.565,1.276075e-05,23685297.74,23675963.56,23676108.96,804656578.01348,794688597.2424,0.00019964541,1091039214.71129,10
51055,2026-02-03T23:10,HYPE,33.635,33.728,33.579,33.726,1.25e-05,23677534.36,23666514.44,23666514.44,798295499.34976,798176866.00344,0.00028553166,1093791077.5562,10
51056,2026-02-03T23:20,HYPE,33.794,33.864,33.511,33.555,1.25e-05,23669757.22,23661922.56,23667270.66,801404269.1592,794155266.996299,0.0004031999,1091422990.61812,10
51057,2026-02-03T23:30,HYPE,33.641,33.703,33.494,33.703,1.25e-05,23693760.04,23667350.02,23693760.04,798550794.628119,798550794.628119,0.00027288154,1085535526.45995,10
51058,2026-02-03T23:40,HYPE,33.709,33.73,33.08,33.08,1.25e-05,23687471.5,23618019.4,23618019.4,798940831.728999,781284081.752,0.00024616469,1093814364.4842,10
51059,2026-02-03T23:50,HYPE,33.013,33.135,32.909,33.094,1.25e-05,23618993.68,23578402.7,23578402.7,781363266.111599,780303658.953799,-3.85736e-05,1092137118.81623,10
51060,2026-02-04T00:00,HYPE,33.058,33.076,32.8,33.037,1.25e-05,23595960.44,23581163.08,23589620.0,780459987.51344,779330275.939999,0.00012111228,1089438593.69285,10
51061,2026-02-04T00:10,HYPE,33.063,33.254,33.063,33.204,1.25e-05,23625892.24,23596038.66,23622508.2,785329385.22412,784361762.272799,0.00024511316,1092300815.11451,10
51062,2026-02-04T00:20,HYPE,33.264,33.359,33.108,33.266,1.25e-05,23638690.3,23628548.72,23638690.3,788460618.22408,786364671.519799,0.00011203207,1087635140.53578,10
51063,2026-02-04T00:30,HYPE,33.178,33.228,33.116,33.184,1.25e-05,23652085.36,23639609.48,23652085.36,785854917.68472,784870800.58624,0.00023014055,1081963053.64171,10
51064,2026-02-04T00:40,HYPE,33.161,33.162,32.543,32.711,1.25e-05,23667431.74,23644333.8999999,23646891.3199999,784637739.10404,773513461.968517,4.378836e-05,1088315365.17773,10
51065,2026-02-04T00:50,HYPE,32.734,32.734,32.494,32.607,1.25e-05,23654479.36,23642622.34,23642622.34,774117210.3002,770914986.64038,0.00032006625,1087397942.26141,10
51066,2026-02-04T01:00,HYPE,32.655,32.655,32.433,32.449,1.25e-05,23647412.76,23628947.16,23635318.92,772206263.6778,766942463.63508,0.0003801986875,1086135192.72987,8
51067,2026-02-04T01:10,HYPE,32.517,32.627,32.408,32.627,1.25e-05,23670384.12,23649909.9,23668702.52,772238757.12004,772238757.12004,0.00017316407,1091782285.80652,10
51068,2026-02-04T01:20,HYPE,32.723,32.995,32.723,32.915,1.25e-05,23705895.96,23668221.0,23703679.12,782176037.200199,780206598.234799,0.00024869561,1091209130.72109,10
51069,2026-02-04T01:30,HYPE,33.003,33.462,33.003,33.462,1.25e-05,23709499.62,23663783.82,23683376.06,792493129.719721,792493129.719721,0.00018673611,1094880019.13333,10
51070,2026-02-04T01:40,HYPE,33.493,33.493,33.234,33.234,1.25e-05,23686663.18,23626637.84,23645560.28,793337409.88774,785836550.34552,-0.00030898572,1101037546.73715,10
51071,2026-02-04T01:50,HYPE,33.248,33.248,32.934,32.934,1.25e-05,23651974.7,23634652.88,23638302.5,786169140.87104,778503854.535,-0.00021767536,1097127726.19964,10
51072,2026-02-04T02:00,HYPE,32.951,33.515,32.951,33.515,1.218231e-05,23627813.8,23551343.24,23555232.22,789474340.7376,789453607.853299,-0.00015163484,1094852175.74785,10
51073,2026-02-04T02:10,HYPE,33.572,33.788,33.4,33.4,1.25e-05,23601664.44,23535693.06,23535693.06,797453038.098718,786092148.204,-1.73579e-05,1102458956.06268,10
51074,2026-02-04T02:20,HYPE,33.36,33.473,33.294,33.294,1.25e-05,23545049.82,23537834.12,23537834.12,788036750.1908,783668649.19128,-5.075879e-05,1097541414.23335,10
51075,2026-02-04T02:30,HYPE,33.348,33.538,33.323,33.344,1.25e-05,23604940.22,23537808.48,23558488.2,791402830.75594,785534230.5408,-0.00025270853,1098855034.0634,10
51076,2026-02-04T02:40,HYPE,33.318,33.318,32.851,32.851,1.25e-05,23561883.06,23535812.7,23535812.7,784910026.55772,773174983.007699,-0.00013414832,1103412160.58798,10
51077,2026-02-04T02:50,HYPE,32.975,33.037,32.914,33.028,1.25e-05,23521136.32,23518397.28,23521136.32,777004261.02468,776856090.37696,0.0001236137,1075925004.69392,10
51078,2026-02-04T03:00,HYPE,32.949,33.323,32.949,33.323,1.25e-05,23525090.42,23520078.34,23523333.16,783868030.89068,783868030.89068,6.112998e-05,1066914178.05863,10
51079,2026-02-04T03:10,HYPE,33.318,33.423,33.258,33.39,1.25e-05,23548095.52,23519521.88,23548095.52,786424918.31436,786270909.412801,-6.5297e-07,1070231965.36799,10
51080,2026-02-04T03:20,HYPE,33.267,33.357,33.246,33.277,1.25e-05,23553801.8,23540018.82,23540018.82,785637059.039,783341206.27314,4.064741e-05,1055117214.16072,10
51081,2026-02-04T03:30,HYPE,33.174,33.174,33.011,33.011,1.25e-05,23548554.96,23538693.26,23540308.1,780987825.2484,777089110.689101,0.00010838399,1041051130.83466,10
51082,2026-02-04T03:40,HYPE,32.99,32.99,32.543,32.682,1.25e-05,23681808.32,23539688.82,23673624.74,776941807.14384,773701403.752679,0.00019987393,1048287247.88848,10
51083,2026-02-04T03:50,HYPE,32.567,32.889,32.567,32.822,1.25e-05,23698414.82,23673807.6,23677335.16,779000826.4296,777137494.62152,0.00046530054,1041585976.65264,10
51084,2026-02-04T04:00,HYPE,32.738,33.044,32.738,33.044,1.25e-05,23691175.92,23684389.6,23691175.92,782851217.100479,782851217.100479,0.00035507997,1032705571.33531,10
51085,2026-02-04T04:10,HYPE,33.092,33.204,33.092,33.139,1.25e-05,23739345.9,23693896.94,23736221.28,788241241.2636,786594636.99792,0.00056761672,1036726257.83641,10
51086,2026-02-04T04:20,HYPE,33.171,33.326,33.163,33.252,1.25e-05,23738269.9,23723423.46,23735563.78,790929689.178959,789254966.812559,0.00037477568,1021549645.56708,10
51087,2026-02-04T04:30,HYPE,33.349,33.556,33.256,33.556,1.25e-05,23748037.18,23732294.56,23732294.56,796360876.25536,796360876.25536,0.00044408907,964302531.676189,10
51088,2026-02-04T04:40,HYPE,33.482,33.6,33.372,33.6,1.25e-05,23768924.54,23732087.6,23768924.54,798635864.543999,798635864.543999,0.00045109739,968128486.82707,10
51089,2026-02-04T04:50,HYPE,33.587,33.705,33.571,33.663,1.25e-05,23779515.92,23765785.58,23775461.66,801203229.89256,800353365.860581,0.00053118657,946935760.542492,10
51090,2026-02-04T05:00,HYPE,33.666,33.857,33.666,33.809,1.25e-05,23783216.98,23772199.58,23782464.9199999,805118673.840459,804061356.480278,0.00038779584,931276418.939759,10
51091,2026-02-04T05:10,HYPE,33.75,33.75,33.513,33.695,1.25e-05,23783819.6,23761040.42,23761040.42,802514677.95,800628256.9519,0.00014589401,934817251.229349,10
51092,2026-02-04T05:20,HYPE,33.729,33.729,33.433,33.433,1.25e-05,23774461.64,23753111.34,23753111.34,801432561.77424,794137771.43022,0.00019416248,912915422.54254,10
51093,2026-02-04T05:30,HYPE,33.436,33.657,33.414,33.657,1.25e-05,23760242.66,23742541.24,23760242.66,799698487.207619,799698487.207619,0.00032002255,903737743.869959,10
51094,2026-02-04T05:40,HYPE,33.672,33.705,33.587,33.587,1.25e-05,23764986.9,23760039.04,23763151.4,800972682.545701,798132966.0718,0.00025413226,905598417.426052,10
51095,2026-02-04T05:50,HYPE,33.646,33.646,33.394,33.46,1.25e-05,23778946.44,23754743.74,23778946.44,799583753.13344,795643547.882401,0.00020076295,897813898.562532,10
51096,2026-02-04T06:00,HYPE,33.482,33.645,33.429,33.609,1.25e-05,23778765.9,23766441.62,23769115.1,799642300.3524,798856189.3959,0.0002639982,885764636.867569,10
51097,2026-02-04T06:10,HYPE,33.699,33.972,33.699,33.819,1.25e-05,23835693.62,23768520.56,23832109.08,809703643.920239,805978096.976519,0.00047251203,890057005.030489,10
51098,2026-02-04T06:20,HYPE,33.789,33.789,33.599,33.599,1.25e-05,23836626.88,23800445.54,23800445.54,805415785.64832,799671169.69846,0.00033475117,880316659.342611,10
51099,2026-02-04T06:30,HYPE,33.58,33.58,33.36,33.36,1.25e-05,23814760.62,23799095.3,23801661.72,799205487.594,794023434.9792,0.00043658361,872700491.806422,10
51100,2026-02-04T06:40,HYPE,33.27,33.27,33.044,33.087,1.25e-05,23792867.98,23742283.78,23756509.1,791588717.6946,786031616.5917,0.00027504034,877612997.097607,10
51101,2026-02-04T06:50,HYPE,33.035,33.079,32.932,33.056,1.25e-05,23755544.44,23735277.34,23735277.34,785314572.38462,784593327.751041,0.00073900655,871112159.540109,10
51102,2026-02-04T07:00,HYPE,33.086,33.335,33.086,33.335,1.680668e-05,23734556.48,23709668.48,23714402.56,790519609.3376,790519609.3376,0.00054105689,869121954.031462,10
51103,2026-02-04T07:10,HYPE,33.356,33.503,33.351,33.46,1.473385e-05,23728823.04,23719239.92,23719239.92,794840273.89,793645767.723201,0.00047889878,871886912.56507,10
51104,2026-02-04T07:20,HYPE,33.443,33.638,33.351,33.537,1.25e-05,23724188.58,23713379.3,23724163.9,798034255.45404,795637284.7143,0.00041904806,868925746.141209,10
51105,2026-02-04T07:30,HYPE,33.461,33.565,33.397,33.565,1.25e-05,23724883.8,23699432.98,23706514.8,795709169.262,795709169.262,0.00040555976,865530106.54107,10
51106,2026-02-04T07:40,HYPE,33.596,33.812,33.596,33.597,1.25e-05,23741392.9,23709932.08,23741392.9,802005217.67056,797639577.2613,0.00051872961,868813456.523209,10
51107,2026-02-04T07:50,HYPE,33.587,33.845,33.549,33.845,1.25e-05,23763658.28,23738956.9,23763658.28,804281014.486599,804281014.486599,0.00059133364,865551945.584001,10
51108,2026-02-04T08:00,HYPE,33.842,33.849,33.548,33.548,1.25e-05,23766064.16,23742402.92,23742402.92,804457505.75184,796510133.16016,0.00032988414,862660185.631468,10
51109,2026-02-04T08:10,HYPE,33.58,33.732,33.58,33.732,1.25e-05,23752909.86,23742279.82,23751717.88,801192947.528159,801192947.528159,0.00033053534,863608366.254112,10
51110,2026-02-04T08:20,HYPE,33.729,33.765,33.415,33.43,1.25e-05,23751602.54,23739234.06,23739234.06,801892364.0031,793602594.6258,0.00020966407,860804245.23689,10
51111,2026-02-04T08:30,HYPE,33.472,33.527,33.437,33.527,1.25e-05,23748225.2,23744093.88,23747972.3,796198267.3021,796198267.3021,0.00083046329,857548324.086649,10
51112,2026-02-04T08:40,HYPE,33.542,33.542,33.336,33.39,1.25e-05,23757072.5,23749468.78,23757072.5,796604681.81876,793248650.775,0.00053772452,858873469.777821,10
51113,2026-02-04T08:50,HYPE,33.371,33.454,33.324,33.351,1.25e-05,23766177.4,23757148.96,23765254.48,794813486.167719,792595002.16248,0.00045332522,852614291.852549,10
51114,2026-02-04T09:00,HYPE,33.362,33.362,33.211,33.245,1.617539e-05,23775555.22,23765225.2,23774670.0,792858782.6586,790388904.15,0.00033045641,846123269.85567,10
51115,2026-02-04T09:10,HYPE,33.251,33.391,33.251,33.367,1.25e-05,23773092.2,23768450.38,23770346.56,793707799.10688,793145153.66752,0.00052731511,847106036.935709,10
51116,2026-02-04T09:20,HYPE,33.382,33.382,33.012,33.062,1.25e-05,23773487.8,23747733.46,23747733.46,793504804.04496,785147563.654519,0.00041016206,838357286.938829,10
51117,2026-02-04T09:30,HYPE,33.039,33.279,33.033,33.155,1.25e-05,23810781.9,23753038.1,23808592.06,790814435.92416,789373869.7493,0.0004862047,839979539.15941,10
51118,2026-02-04T09:40,HYPE,33.133,33.256,33.044,33.182,1.25e-05,23818034.14,23800780.14,23807334.0,791845134.68272,789974956.788001,0.00055999783,842493678.429891,10
51119,2026-02-04T09:50,HYPE,33.198,33.276,33.103,33.103,1.25e-05,23816168.48,23801661.36,23801661.36,792296774.24568,787906396.00008,0.00058348877,839586125.94885,10
51120,2026-02-04T10:00,HYPE,33.161,33.348,33.161,33.185,1.356169e-05,23805967.74,23761296.54,23761296.54,793881412.193521,788518625.6799,0.00046718363,837190316.47395,10
51121,2026-02-04T10:10,HYPE,33.153,33.355,33.097,33.312,1.25e-05,23759671.24,23746182.88,23746182.88,792159376.458099,791032844.098559,0.00029874444,838499653.40609,10
51122,2026-02-04T10:20,HYPE,33.402,33.429,33.096,33.096,1.25e-05,23750046.8,23730036.86,23730036.86,793661073.34866,785369299.918561,0.00043279031,824731748.206019,10
51123,2026-02-04T10:30,HYPE,33.205,33.205,32.861,32.96,1.25e-05,23729866.86,23687327.94,23690164.02,787950229.0863,780827806.099199,0.00019631096,821278362.672918,10
51124,2026-02-04T10:40,HYPE,33.082,33.384,33.082,33.384,1.25e-05,23691209.04,23673947.3,23674331.74,790343890.80816,790343890.80816,0.00053744651,823158572.807401,10
51125,2026-02-04T10:50,HYPE,33.361,33.361,33.262,33.295,1.25e-05,23674233.1,23664848.54,23668080.38,789796090.4491,788028736.2521,0.00026095802,820168029.339741,10
51126,2026-02-04T11:00,HYPE,33.35,33.488,33.248,33.307,1.25e-05,23679603.64,23663658.52,23672284.46,792982566.69632,788452778.50922,0.00048710449,819557914.517289,10
51127,2026-02-04T11:10,HYPE,33.18,33.306,33.155,33.226,1.25e-05,23661866.02,23645258.58,23647296.72,787676442.58212,785705080.818719,-9.4981e-07,821350456.944231,10
51128,2026-02-04T11:20,HYPE,33.18,33.282,33.085,33.282,1.25e-05,23647681.44,23642736.12,23643028.98,786887290.51236,786887290.51236,0.00034442042,819704781.00181,10
51129,2026-02-04T11:30,HYPE,33.278,33.375,33.272,33.285,1.25e-05,23649144.74,23640885.72,23640885.72,789290205.6975,786886881.190199,0.00038667436,812866867.612969,10
51130,2026-02-04T11:40,HYPE,33.382,33.405,33.149,33.172,1.25e-05,23641677.22,23630638.52,23630639.56,789708349.0218,783875575.48432,0.0003497595,813593877.26502,10
51131,2026-02-04T11:50,HYPE,33.161,33.233,33.106,33.106,1.25e-05,23654864.92,23630512.96,23651664.34,786122125.88636,783011999.64004,0.00049584114,799145494.447219,10
51132,2026-02-04T12:00,HYPE,33.12,33.12,32.639,32.639,1.25e-05,23665826.86,23652299.48,23663588.52,783364158.7776,772355865.70428,0.0002816779,801090105.334279,10
51133,2026-02-04T12:10,HYPE,32.665,33.093,32.665,33.018,1.25e-05,23662606.52,23641467.1,23662606.52,782909298.88344,781291942.07736,0.00056515396,803960667.8732,10
51134,2026-02-04T12:20,HYPE,33.114,33.259,33.114,33.223,1.25e-05,23698400.54,23664052.0,23692722.96,788185103.55986,787143334.90008,0.00063895188,801217860.86372,10
51135,2026-02-04T12:30,HYPE,33.178,33.542,33.178,33.466,1.25e-05,23695836.88,23677141.78,23677141.78,794354267.19628,792379226.80948,0.00064015588,798743993.437931,10
51136,2026-02-04T12:40,HYPE,33.433,33.488,33.396,33.396,1.25e-05,23680189.16,23654483.14,23654483.14,792399540.61632,789965118.94344,0.0004225279,800525735.067549,10
51137,2026-02-04T12:50,HYPE,33.399,33.412,33.274,33.355,1.25e-05,23649083.64,23632463.12,23633447.88,789855744.49236,788293654.0374,0.00033423586,799391517.132279,10
51138,2026-02-04T13:00,HYPE,33.307,33.572,33.307,33.572,1.25e-05,23629446.92,23621071.86,23627700.08,793229147.08576,793229147.08576,0.00029423436,797245831.695641,10
51139,2026-02-04T13:10,HYPE,33.588,33.767,33.588,33.767,1.25e-05,23641069.76,23628106.74,23641069.76,798288002.585919,798288002.585919,0.00048215954,798639155.358281,10
51140,2026-02-04T13:20,HYPE,33.767,33.857,33.662,33.669,1.25e-05,23664332.02,23638562.06,23660371.34,801044755.152919,796621042.646459,0.0001738626,796152323.63849,10
51141,2026-02-04T13:30,HYPE,33.606,33.751,33.603,33.66,1.25e-05,23667680.96,23660586.58,23661801.9,798807900.08096,796456251.954,0.00030057255,795854772.79494,10
51142,2026-02-04T13:40,HYPE,33.639,33.773,33.598,33.598,1.25e-05,23665939.52,23635469.34,23635469.34,799127779.77184,794104498.88532,0.00047057858,797595296.690481,10
51143,2026-02-04T13:50,HYPE,33.545,33.704,33.545,33.597,1.25e-05,23627115.22,23611921.86,23611921.86,795952322.5808,793289738.73042,0.00024420951,796878137.308041,10
51144,2026-02-04T14:00,HYPE,33.64,33.791,33.64,33.728,1.25e-05,23611405.14,23603937.56,23603937.56,797611961.9102,796113606.02368,0.0002074422,796229248.27655,10
51145,2026-02-04T14:10,HYPE,33.643,33.674,33.51,33.532,1.25e-05,23604893.28,23594727.28,23596258.02,794804366.42124,791229723.92664,-8.540775e-05,797712222.466501,10
51146,2026-02-04T14:20,HYPE,33.447,33.6,33.443,33.456,1.25e-05,23597155.06,23588524.08,23591151.2,792788058.72,789265554.5472,0.00020266788,792962221.359331,10
51147,2026-02-04T14:30,HYPE,33.468,33.552,33.247,33.249,1.25e-05,23595389.96,23583248.74,23583248.74,791593772.69664,784119437.356259,-0.00015138604,791073296.088489,10
51148,2026-02-04T14:40,HYPE,33.257,33.257,33.012,33.051,1.25e-05,23608929.46,23585897.56,23605832.66,784396195.15292,780196375.245661,-7.437738e-05,795978320.14642,10
51149,2026-02-04T14:50,HYPE,32.953,33.258,32.737,32.737,1.25e-05,23601675.66,23553399.86,23568744.38,783601858.4094,771569984.76806,-0.00012476873,797256905.28922,10
51150,2026-02-04T15:00,HYPE,32.64,32.887,32.5,32.826,1.25e-05,23622479.6,23574287.2,23616042.7,776872486.6052,775220217.6702,-0.000183824,800351606.087328,10
51151,2026-02-04T15:10,HYPE,32.781,33.083,32.781,33.083,1.25e-05,23637525.8,23612574.28,23637525.8,782000266.0414,782000266.0414,0.00017163711,802995710.202118,10
51152,2026-02-04T15:20,HYPE,33.051,33.077,32.883,32.994,1.25e-05,23635025.52,23626145.56,23626888.14,781747149.35086,779545547.29116,-0.00014606523,799358177.66672,10
51153,2026-02-04T15:30,HYPE,33.036,33.495,32.732,33.476,1.25e-05,23679340.46,23629483.68,23679340.46,792825134.0163,792689601.23896,-2.83799000000001e-06,794310846.650748,10
51154,2026-02-04T15:40,HYPE,33.409,33.474,33.23,33.474,1.25e-05,23704491.22,23676627.7,23695296.4,793176351.693601,793176351.693601,-0.00043175268,799778098.472332,10
51155,2026-02-04T15:50,HYPE,33.389,33.389,32.833,32.833,1.25e-05,23693223.9,23675342.08,23675342.08,791093052.7971,777332506.512641,-0.00051759117,789734029.61491,10
51156,2026-02-04T16:00,HYPE,32.984,33.822,32.895,33.82,1.160831e-05,23791963.7,23680578.12,23791963.7,804644212.334,804644212.334,0.00021860209,785344085.380199,10
51157,2026-02-04T16:10,HYPE,33.743,34.082,33.698,33.861,1.25e-05,23872937.52,23816608.78,23856254.84,812844632.892959,807796645.137239,-6.721353e-05,797646275.840214,10
51158,2026-02-04T16:20,HYPE,33.896,34.257,33.896,34.077,1.25e-05,23884187.26,23842267.46,23884187.26,817491905.11206,813901449.25902,-0.00031676528,787038585.536723,10
51159,2026-02-04T16:30,HYPE,34.14,34.166,33.39,33.534,1.25e-05,23888859.38,23837284.24,23859124.78,816186769.577079,800091890.372519,-0.00065831067,775327756.539523,10
51160,2026-02-04T16:40,HYPE,33.523,33.789,33.523,33.641,1.25e-05,23869565.68,23843025.42,23864544.6,805671140.60958,802827144.8886,7.766249e-05,781993628.505521,10
51161,2026-02-04T16:50,HYPE,33.866,34.2,33.828,34.088,1.25e-05,23900142.74,23842316.12,23900142.74,815413913.136,814708065.721119,-0.00025205652,769015955.459201,10
51162,2026-02-04T17:00,HYPE,34.035,34.439,34.004,34.248,1.25e-05,23900423.32,23835571.3,23843874.98,821227930.016819,816605030.315039,-2.564455e-05,754518376.121599,10
51163,2026-02-04T17:10,HYPE,34.197,34.653,34.157,34.337,1.25e-05,23864636.76,23819204.1,23819939.36,826057288.764899,817905257.80432,-0.0005176946,766820403.97507,10
51164,2026-02-04T17:20,HYPE,34.35,34.865,34.196,34.865,1.25e-05,23876797.7,23821535.24,23876797.7,832464551.810499,832464551.810499,-0.0002213535,759789846.561829,10
51165,2026-02-04T17:30,HYPE,34.84,34.84,34.33,34.374,1.183482e-05,23896530.3,23847545.98,23855262.52,832555115.652,820000793.862479,-0.0007096144,758090620.839579,10
51166,2026-02-04T17:40,HYPE,34.446,34.543,34.066,34.237,1.068401e-05,23860387.04,23812811.12,23824687.7999999,824209349.52272,815685836.208598,-0.00033904969,765951489.465622,10
51167,2026-02-04T17:50,HYPE,34.45,34.681,34.449,34.681,1.138796e-05,23874848.78,23802471.58,23874848.78,828003630.53918,828003630.53918,-0.00035193063,745935214.046589,10
51168,2026-02-04T18:00,HYPE,34.536,34.536,34.056,34.056,1.157779e-05,23920298.78,23827649.16,23916150.26,823837361.86992,814488413.254559,-0.00036476526,744145265.779011,10
51169,2026-02-04T18:10,HYPE,34.041,34.196,33.695,33.695,4.63527e-06,23994472.08,23897618.24,23976754.44,820449926.455681,807896740.855802,-0.00070069705,755020524.205349,10
51170,2026-02-04T18:20,HYPE,33.389,33.568,33.214,33.568,-2.04511e-06,23954741.9,23913414.08,23941426.36,803665800.052481,803665800.052481,-0.00082226068,757122541.593892,10
51171,2026-02-04T18:30,HYPE,33.662,34.075,33.662,33.91,4.9516e-06,24062733.42,23950318.68,24062733.42,818145789.692499,815967290.2722,-0.0002409648,756849895.07853,10
51172,2026-02-04T18:40,HYPE,33.773,34.259,33.773,34.035,1.069132e-05,24087447.9799999,24071419.9,24085695.36,825133555.365477,819756641.5776,-0.00012069515,762976413.12853,10
51173,2026-02-04T18:50,HYPE,34.052,34.395,33.931,34.395,1.25e-05,24119990.82,24094803.92,24119990.82,829607084.253901,829607084.253901,-3.0762e-06,754488456.719832,10
51174,2026-02-04T19:00,HYPE,34.374,34.777,34.285,34.6,9.55768e-06,24265813.64,24102393.3200001,24236034.06,843892200.95828,838566778.476001,-0.00028809771,754264633.00451,10
51175,2026-02-04T19:10,HYPE,34.666,34.938,34.283,34.347,5.39005e-06,24226185.28,24002581.92,24002581.92,845058688.03008,824416681.206239,-0.0004630764,770676322.796041,10
51176,2026-02-04T19:20,HYPE,34.347,34.347,33.877,34.097,7.9209e-07,24002602.0,23957777.52,23957777.52,824417370.894,816888340.099441,-0.00049996112,764556407.995429,10
51177,2026-02-04T19:30,HYPE,34.142,34.412,34.142,34.334,6.43357e-06,23976184.94,23959622.88,23976184.94,824670884.03672,823198333.729959,-0.00033012009,756883048.437398,10
51178,2026-02-04T19:40,HYPE,34.463,34.897,34.463,34.532,9.75879e-06,24026149.24,23988967.68,24024270.6,837659727.101781,829606112.359199,-0.00016557905,765633114.348949,10
51179,2026-02-04T19:50,HYPE,34.433,34.541,34.283,34.36,7.67006e-06,24043164.32,24024966.44,24043164.32,830437816.8736,826123126.0352,-0.00026587082,753657080.832159,10
51180,2026-02-04T20:00,HYPE,34.314,34.663,34.314,34.349,9.84311e-06,24071527.86,24037648.82,24060488.72,834286075.109339,826453727.04328,-0.00052314475,735035430.404351,10
51181,2026-02-04T20:10,HYPE,34.15,34.15,33.896,34.136,3.54558e-06,24099526.58,24059520.14,24076061.74,821860443.55664,821860443.55664,-0.0004914247,739427170.971222,10
51182,2026-02-04T20:20,HYPE,33.991,33.998,33.783,33.876,4.7057e-07,24086763.0,24062518.16,24069143.44,818427706.45006,815366303.17344,-0.00026813206,702355777.57774,10
51183,2026-02-04T20:30,HYPE,33.978,34.506,33.978,34.391,6.61209e-06,24079414.38,24072153.62,24073559.92,830710139.447519,827913799.208719,-0.00016581277,690150907.366742,10
51184,2026-02-04T20:40,HYPE,34.329,34.828,34.329,34.767,9.51376e-06,24085727.96,24055335.66,24055335.66,838857733.39088,836331854.89122,-0.00035027318,695810712.446422,10
51185,2026-02-04T20:50,HYPE,34.803,35.288,34.768,35.288,1.25e-05,24060692.02,23991570.66,23991570.66,846614545.45008,846614545.45008,-0.00014311355,688806279.915082,10
51186,2026-02-04T21:00,HYPE,35.196,35.348,34.779,34.779,-5.8977e-07,23999940.5,23966408.66,23966408.66,847830771.117281,833527726.786139,-0.00039556041,693985238.00136,10
51187,2026-02-04T21:10,HYPE,34.889,35.492,34.889,35.484,9.07147e-06,24013673.14,23962706.82,24013673.14,852101177.69976,852101177.69976,-0.00077523756,701614447.06049,10
51188,2026-02-04T21:20,HYPE,35.546,35.671,35.287,35.365,5.52388e-06,23998233.98,23939604.4,23944410.16,854395073.732,846794065.3084,-0.00039469298,693889161.228489,10
51189,2026-02-04T21:30,HYPE,35.316,35.444,35.125,35.444,7.68065e-06,23978850.5,23942749.68,23977363.72,849853679.69168,849853679.69168,-0.00058181337,672700307.27436,10
51190,2026-02-04T21:40,HYPE,35.362,35.743,35.337,35.743,1.148382e-05,23992661.66,23973237.26,23989506.66,857456936.548381,857456936.548381,-0.00018474396,676537059.117759,10
51191,2026-02-04T21:50,HYPE,35.66,35.808,35.559,35.808,1.25e-05,24000627.88,23986030.76,24000627.88,859414483.127041,859414483.127041,-0.00053504904,666407108.67735,10
51192,2026-02-04T22:00,HYPE,35.743,35.802,35.463,35.609,-1.207761e-05,23998143.56,23922679.52,23922679.52,858698345.49876,851862695.027681,-0.00058730535,657830439.30417,10
51193,2026-02-04T22:10,HYPE,35.502,35.718,35.142,35.142,-7.47879e-06,23932570.02,23896336.74,23911386.0,853937563.84284,840293926.812001,-0.00043063625,663120877.093211,10
51194,2026-02-04T22:20,HYPE,35.213,35.308,35.103,35.176,-7.65485e-06,23908514.26,23877416.48,23883198.02,843856508.27296,840115373.55152,-0.0007003356,657583459.188792,10
51195,2026-02-04T22:30,HYPE,35.267,35.493,35.267,35.481,-4.26604e-06,23920374.98,23901871.92,23901871.92,848434760.53032,848062317.59352,-0.000411395,650862051.811299,10
51196,2026-02-04T22:40,HYPE,35.563,35.794,34.908,34.908,-2.52193e-06,24144221.26,23906635.18,24123320.42,857032666.119079,842096869.22136,-0.0004424516,666707480.21885,10
51197,2026-02-04T22:50,HYPE,34.968,35.241,34.963,35.241,-4.14173e-06,24113854.14,24082511.8,24082511.8,848691798.343801,848691798.343801,-0.00010159301,666373754.345499,10
51198,2026-02-04T23:00,HYPE,35.048,35.048,34.514,34.756,-6.5724e-06,24091162.68,23966959.68,23975186.54,844347069.60864,833281583.38424,-0.00034291609,670487452.49301,10
51199,2026-02-04T23:10,HYPE,34.819,35.575,34.819,35.531,1.25e-05,24000626.78,23955788.02,23955788.02,852251763.904501,851173104.138621,-9.485332e-05,677243256.814711,10
51200,2026-02-04T23:20,HYPE,35.553,36.191,35.553,36.04,1.25e-05,23964296.38,23890877.76,23898809.76,864963975.681859,861313103.750398,-0.00027447003,685492017.388108,10
51201,2026-02-04T23:30,HYPE,35.925,36.175,35.578,35.623,1.25e-05,23913695.3,23891272.72,23891272.72,864579215.309999,851078808.10456,-0.00094320535,686630461.82411,10
51202,2026-02-04T23:40,HYPE,35.621,35.621,35.349,35.592,1.25e-05,23889435.66,23853336.08,23858707.48,850965587.64486,849179116.628161,-0.00043954264,690895730.13655,10
51203,2026-02-04T23:50,HYPE,35.383,35.383,34.682,34.876,1.195183e-05,23858960.24,23813826.52,23813826.52,844201590.17192,830531013.711519,-0.00085250201,687125534.552173,10
51204,2026-02-05T00:00,HYPE,34.89,34.89,34.537,34.659,1.235445e-05,23829303.3,23806068.0,23829303.3,831061204.3278,825899823.0747,-0.00033613714,688112357.406299,10
51205,2026-02-05T00:10,HYPE,34.558,35.421,34.558,35.254,1.25e-05,23827750.98,23788849.78,23788953.16,842624848.05738,838655754.702641,-4.13486e-05,694658301.463716,10
51206,2026-02-05T00:20,HYPE,35.282,35.818,35.282,35.76,1.25e-05,23802587.7,23740997.02,23740997.02,851413610.0452,848978053.435201,-0.00025348006,697369550.371008,10
51207,2026-02-05T00:30,HYPE,35.81,35.991,35.575,35.9,1.25e-05,23727390.26,23666246.78,23668104.02,852228697.867921,849684934.317999,-0.00024216534,700750144.699239,10
51208,2026-02-05T00:40,HYPE,35.899,35.899,35.47,35.578,1.25e-05,23670642.8,23667344.18,23670642.8,849700398.9959,842154129.5384,-0.00014902471,703049618.485669,10
51209,2026-02-05T00:50,HYPE,35.582,35.698,35.353,35.427,1.25e-05,23673530.68,23659906.54,23662975.08,844849959.09236,838308218.15916,-0.00015198785,697023132.12219,10
51210,2026-02-05T01:00,HYPE,35.44,35.44,35.055,35.055,1.25e-05,23673266.44,23661996.52,23671852.18,838581156.6688,829816778.169899,-0.000222766471428571,690977727.81155,7
51211,2026-02-05T01:10,HYPE,35.025,35.249,35.016,35.212,1.25e-05,23675815.96,23668479.56,23671187.34,834456626.800002,833509848.616079,-6.390098e-05,694287418.88231,10
51212,2026-02-05T01:20,HYPE,35.255,35.404,35.255,35.301,1.25e-05,23692416.1,23671311.24,23685549.24,838541638.41856,836123573.72124,0.00023238124,692531014.917619,10
51213,2026-02-05T01:30,HYPE,35.294,35.294,35.084,35.084,1.25e-05,23755517.68,23690001.6,23755517.68,836404565.66364,833438582.28512,-0.00034513431,685383248.055699,10
51214,2026-02-05T01:40,HYPE,35.041,35.041,34.638,34.842,1.25e-05,23798209.16,23746853.34,23798209.16,832117258.29854,829177203.55272,3.018522e-05,691319828.638451,10
51215,2026-02-05T01:50,HYPE,34.915,34.995,34.685,34.685,1.25e-05,23798284.54,23695294.4,23718373.36,832701976.0546,822671779.9916,0.00018882749,691974369.315792,10
51216,2026-02-05T02:00,HYPE,34.709,34.98,34.709,34.98,1.25e-05,23729191.9,23706507.8,23729191.9,830047132.661999,830047132.661999,0.0004413513,681256216.08959,10
51217,2026-02-05T02:10,HYPE,34.927,35.09,34.339,34.339,1.25e-05,23714183.8,23703082.78,23703798.06,831785662.554001,813964721.58234,0.00018525231,689233849.599972,10
51218,2026-02-05T02:20,HYPE,34.318,34.85,34.232,34.85,1.25e-05,23700100.32,23680858.24,23687516.32,825509943.752,825509943.752,0.00016588932,689790205.859329,10
51219,2026-02-05T02:30,HYPE,34.96,34.96,34.641,34.641,1.25e-05,23710766.9,23686151.66,23709402.08,828224852.384099,821317397.45328,-0.00013514997,686047046.378422,10
51220,2026-02-05T02:40,HYPE,34.673,34.673,34.005,34.005,1.25e-05,23714622.56,23694513.64,23694513.64,822019740.13218,805731936.3282,0.00019748462,690873884.783411,10
51221,2026-02-05T02:50,HYPE,34.061,34.088,33.794,33.794,1.25e-05,23731753.7,23664105.44,23731753.7,808080078.8576,801990884.537799,0.00013339841,691207861.050341,10
51222,2026-02-05T03:00,HYPE,33.706,33.706,33.41,33.661,1.25e-05,23747115.38,23691037.18,23691037.18,800420270.99828,797464002.51598,-3.861809e-05,696197455.9737,10
51223,2026-02-05T03:10,HYPE,33.749,33.971,33.647,33.971,1.25e-05,23729865.88,23696095.3,23729865.88,806127273.809478,806127273.809478,-0.00015417872,700968407.649658,10
51224,2026-02-05T03:20,HYPE,33.95,33.95,33.781,33.838,1.25e-05,23744820.1,23720120.4,23731457.02,806136642.395,803025042.64276,-0.00018988841,699731378.509219,10
51225,2026-02-05T03:30,HYPE,33.804,33.984,33.728,33.876,1.25e-05,23732233.42,23721682.8,23731001.08,806246208.14976,803911392.58608,-0.0002479104,694982745.123482,10
51226,2026-02-05T03:40,HYPE,33.954,33.957,33.524,33.593,1.25e-05,23728965.44,23717528.88,23717528.88,805693292.54976,796742947.665841,-0.00023155932,697383649.538731,10
51227,2026-02-05T03:50,HYPE,33.529,33.637,33.42,33.42,1.25e-05,23718004.42,23689049.94,23689049.94,797315222.856679,791688048.994799,-2.574615e-05,694612132.333721,10
51228,2026-02-05T04:00,HYPE,33.428,33.679,33.351,33.551,1.25e-05,23691290.22,23670796.26,23673647.6,797535173.538659,794274550.627599,-6.159871e-05,695018984.859609,10
51229,2026-02-05T04:10,HYPE,33.61,33.61,33.243,33.294,1.25e-05,23674447.16,23641808.78,23649397.2,795580674.5374,787383030.3768,-9.67864e-05,698951845.690289,10
51230,2026-02-05T04:20,HYPE,33.454,33.589,33.454,33.555,1.25e-05,23650698.6,23607600.3,23607600.3,793170112.03824,792153028.066499,0.00017029789,697598440.517261,10
51231,2026-02-05T04:30,HYPE,33.546,33.647,33.396,33.427,1.25e-05,23609692.94,23574003.86,23575364.26,793350332.51794,788053701.11902,0.00023890145,694836563.799617,10
51232,2026-02-05T04:40,HYPE,33.397,33.477,33.275,33.275,1.25e-05,23581002.7,23572177.88,23580631.06,789229910.350141,784645498.521499,-1.162437e-05,697394199.19917,10
51233,2026-02-05T04:50,HYPE,33.376,33.644,33.295,33.474,1.25e-05,23578978.8,23544876.68,23544876.68,792690628.11328,788141201.98632,-2.040359e-05,697847564.347201,10
51234,2026-02-05T05:00,HYPE,33.499,33.619,33.493,33.551,1.25e-05,23556827.5,23550298.48,23556827.5,791782586.69274,790355119.4525,7.289844e-05,694135498.90625,10
51235,2026-02-05T05:10,HYPE,33.751,33.753,33.361,33.381,1.25e-05,23566034.6,23555593.1,23566034.6,795243275.39058,786657800.9826,9.888191e-05,698037256.587569,10
51236,2026-02-05T05:20,HYPE,33.518,33.773,33.518,33.723,1.25e-05,23594109.96,23570728.36,23594109.96,796802965.76872,795664170.181079,9.673419e-05,697304610.28579,10
51237,2026-02-05T05:30,HYPE,33.685,33.855,33.642,33.734,1.25e-05,23593849.54,23589324.56,23590631.6,798659122.463399,795806366.3944,-1.36795e-06,695428827.565609,10
51238,2026-02-05T05:40,HYPE,33.743,33.895,33.743,33.895,1.25e-05,23615910.74,23590784.94,23615706.7,800454378.596499,800454378.596499,0.00034088863,697922408.8615,10
51239,2026-02-05T05:50,HYPE,33.899,33.972,33.747,33.756,1.25e-05,23621090.64,23610814.02,23610814.02,802191548.05104,797006638.05912,0.00018162611,696584655.6618,10
51240,2026-02-05T06:00,HYPE,33.754,33.924,33.712,33.712,1.25e-05,23611639.5,23585118.12,23585118.12,801001258.398,795101502.06144,0.00033867623,694442211.29667,10
51241,2026-02-05T06:10,HYPE,33.726,33.89,33.549,33.549,1.25e-05,23583397.66,23566543.44,23566543.44,799036234.250399,790633965.86856,7.60856e-05,695746858.537004,10
51242,2026-02-05T06:20,HYPE,33.571,33.928,33.467,33.928,1.25e-05,23570120.62,23561143.94,23565318.3,799524119.282399,799524119.282399,0.00018443437,693546643.553692,10
51243,2026-02-05T06:30,HYPE,33.845,33.845,33.517,33.616,1.25e-05,23581269.74,23567370.14,23580739.14,797703692.259599,792690126.93024,0.00040818055,690178335.4141,10
51244,2026-02-05T06:40,HYPE,33.67,33.854,33.67,33.755,1.25e-05,23584905.36,23574235.4,23574235.4,798396216.24672,795748315.927001,0.00044190992,691856416.3307,10
51245,2026-02-05T06:50,HYPE,33.742,33.798,33.478,33.478,1.25e-05,23579337.6,23568227.36,23569609.18,796892553.50016,789063376.128041,0.00052661563,689237244.942526,10
51246,2026-02-05T07:00,HYPE,33.586,33.656,33.377,33.433,1.25e-05,23572348.34,23563914.96,23567327.64,793294295.85504,787926464.98812,0.00022070407,688326363.771975,10
51247,2026-02-05T07:10,HYPE,33.469,33.6,33.469,33.552,1.25e-05,23574269.36,23566930.16,23570116.24,791949356.352,790824540.08448,0.00022079669,689601079.31929,10
51248,2026-02-05T07:20,HYPE,33.483,33.62,33.432,33.432,1.25e-05,23591079.18,23571961.8,23586416.56,793029225.676,788541078.43392,0.00014008921,688402180.813548,10
51249,2026-02-05T07:30,HYPE,33.53,33.758,33.53,33.689,1.25e-05,23591357.98,23584037.64,23590390.6,796317180.45828,794736668.9234,0.00027899527,687529961.9691,10
51250,2026-02-05T07:40,HYPE,33.639,33.748,33.527,33.598,1.25e-05,23595136.84,23589684.74,23593102.36,796211636.792,792681053.09128,0.00021667256,688908247.449253,10
51251,2026-02-05T07:50,HYPE,33.61,33.914,33.61,33.823,1.25e-05,23593778.04,23586525.3,23592274.9,799940940.91348,797961513.9427,0.00038069036,686390117.93137,10
51252,2026-02-05T08:00,HYPE,33.853,34.481,33.853,34.311,1.25e-05,23622902.58,23588573.58,23588573.58,813838627.285519,809347548.103379,0.00011322889,690784983.840521,10
51253,2026-02-05T08:10,HYPE,34.249,34.511,34.2,34.347,1.25e-05,23604171.24,23584536.38,23601161.78,814064623.67566,810629103.657659,0.00032314745,694208020.287031,10
51254,2026-02-05T08:20,HYPE,34.353,34.527,34.221,34.527,1.25e-05,23597593.14,23571719.38,23577621.86,814064549.960219,814064549.960219,0.00028030263,695250106.670581,10
51255,2026-02-05T08:30,HYPE,34.488,34.651,34.458,34.458,1.25e-05,23589265.82,23577018.56,23578236.06,817367360.96386,812458858.155478,0.00024062723,696339945.21849,10
51256,2026-02-05T08:40,HYPE,34.464,34.464,34.247,34.247,1.25e-05,23580115.28,23563708.64,23563708.64,812665093.00992,806986329.79408,0.00012234268,698860287.82875,10
51257,2026-02-05T08:50,HYPE,34.207,34.336,34.073,34.138,1.25e-05,23595061.0,23572900.38,23593889.04,809719565.335681,805448184.04752,0.00026990956,699069947.803529,10
51258,2026-02-05T09:00,HYPE,34.228,34.23,34.068,34.23,1.332631e-05,23591530.22,23565678.8,23565678.8,807490896.37016,806653185.324,0.00028314524,699806996.36193,10
51259,2026-02-05T09:10,HYPE,34.297,34.775,34.295,34.775,1.25e-05,23607255.52,23555924.28,23607255.52,820942310.708,820942310.708,7.007711e-05,703515108.02661,10
51260,2026-02-05T09:20,HYPE,34.685,34.833,34.596,34.831,1.25e-05,23606468.5,23588423.06,23603873.4,822179827.258499,822146514.395399,0.00049405786,703186228.37025,10
51261,2026-02-05T09:30,HYPE,34.905,35.208,34.905,35.153,1.25e-05,23602412.84,23527404.72,23527404.72,829470093.68904,827058858.122159,0.00057418641,706399388.173031,10
51262,2026-02-05T09:40,HYPE,35.05,35.05,34.787,34.787,1.25e-05,23525685.08,23508656.0,23512463.08,824575262.054,817928053.16396,0.00026421045,708662141.167767,10
51263,2026-02-05T09:50,HYPE,34.778,34.86,34.672,34.774,1.25e-05,23512392.92,23493287.98,23493287.98,819392887.4124,816955596.21652,0.00032420592,707429663.035218,10
51264,2026-02-05T10:00,HYPE,34.754,35.161,34.677,35.161,1.297421e-05,23490722.54,23459857.7,23486353.34,825803669.78774,825803669.78774,0.00019783144,707878036.563299,10
51265,2026-02-05T10:10,HYPE,35.188,35.188,34.847,34.847,1.25e-05,23541703.82,23481749.86,23541703.82,826381725.02736,820357753.01554,0.00089542825,711086136.366181,10
51266,2026-02-05T10:20,HYPE,34.865,34.865,34.724,34.853,1.25e-05,23529370.66,23518465.88,23521424.9,820351508.0609,819792222.039699,0.00057139861,710638180.23625,10
51267,2026-02-05T10:30,HYPE,34.825,34.825,34.66,34.697,1.25e-05,23517784.64,23481717.36,23490382.72,818995806.384,815045809.23584,0.00018665614,709383773.019668,10
51268,2026-02-05T10:40,HYPE,34.778,34.84,34.621,34.704,1.25e-05,23492448.96,23480455.92,23492448.96,818064354.848,815281948.70784,0.00039489149,710693444.36395,10
51269,2026-02-05T10:50,HYPE,34.754,34.754,34.555,34.73,1.25e-05,23503637.84,23491350.64,23501254.54,816446185.96556,816198570.1742,0.00032600224,710007919.46445,10
51270,2026-02-05T11:00,HYPE,34.777,34.827,34.472,34.502,1.25e-05,23502123.04,23492705.86,23492705.86,818486381.7819,810545337.58172,0.00019588151,708835721.23826,10
51271,2026-02-05T11:10,HYPE,34.568,34.836,34.568,34.836,1.25e-05,23494040.06,23488245.86,23492214.14,818374771.78104,818374771.78104,0.00043826787,710154857.145839,10
51272,2026-02-05T11:20,HYPE,34.8,34.815,34.608,34.681,1.25e-05,23550786.12,23521983.04,23549484.2,819278343.2922,816719661.5402,0.00070282768,710824140.65988,10
51273,2026-02-05T11:30,HYPE,34.715,34.843,34.628,34.645,1.25e-05,23564029.12,23555182.4,23560127.02,821001014.602021,816240600.607901,0.00046351343,709996637.148032,10
51274,2026-02-05T11:40,HYPE,34.629,34.65,34.414,34.44,1.25e-05,23560149.68,23533193.02,23533193.02,816010820.163,810483167.6088,0.00022618568,712096125.59343,10
51275,2026-02-05T11:50,HYPE,34.428,34.43,34.172,34.2,1.25e-05,23529915.88,23485991.46,23487981.74,810109060.054799,803288975.507999,0.00036795196,714090324.22183,10
51276,2026-02-05T12:00,HYPE,34.123,34.314,34.07,34.07,1.25e-05,23496742.98,23489541.04,23489541.04,806201972.015159,800288663.2328,0.00019331069,711297294.77291,10
51277,2026-02-05T12:10,HYPE,34.126,34.18,33.865,33.95,1.25e-05,23522595.9,23483168.42,23483488.04,802778830.836,797264418.958001,0.0001113706,715642058.398968,10
51278,2026-02-05T12:20,HYPE,33.867,33.875,33.404,33.448,1.25e-05,23499906.22,23454255.74,23466593.5,796059323.2025,784910619.387999,-3.173309e-05,720649194.02603,10
51279,2026-02-05T12:30,HYPE,33.412,33.511,33.257,33.481,1.25e-05,23486278.36,23465679.92,23486278.36,786882476.987679,786344085.77116,0.00054978018,721677198.80328,10
51280,2026-02-05T12:40,HYPE,33.375,33.56,33.173,33.388,1.25e-05,23561987.78,23484015.92,23561987.78,788803785.37232,786687647.99864,0.00049617591,727907280.031839,10
51281,2026-02-05T12:50,HYPE,33.368,33.368,32.664,32.798,1.25e-05,23692327.12,23552874.7,23692327.12,786146989.45584,777060944.881759,0.00049528104,742383427.471929,10
51282,2026-02-05T13:00,HYPE,32.857,32.957,32.435,32.435,1.989949e-05,23715609.54,23685305.66,23685305.66,781072706.23066,768232889.082099,0.00033521072,755892468.161022,10
51283,2026-02-05T13:10,HYPE,32.611,32.611,31.097,31.097,1.25e-05,23661690.8,23435951.6,23442372.06,771631398.6788,728987443.94982,0.00036865278,783244086.746919,10
51284,2026-02-05T13:20,HYPE,31.25,31.919,31.25,31.777,1.25e-05,23508713.1,23454611.24,23507272.26,750270710.071721,746990590.606021,0.00054279545,791230079.570828,10
51285,2026-02-05T13:30,HYPE,31.81,32.02,31.786,31.901,1.25e-05,23536328.44,23514077.6,23533668.04,753404473.2014,750747544.14404,0.00052867858,797774374.019119,10
51286,2026-02-05T13:40,HYPE,31.834,32.085,31.834,32.034,1.25e-05,23574698.82,23534553.06,23550823.98,756394211.6397,754427095.375321,0.00050473505,802540056.324551,10
51287,2026-02-05T13:50,HYPE,32.193,32.363,32.135,32.239,1.25e-05,23589941.22,23545058.66,23589941.22,763224770.236279,760516114.991579,0.00070095313,805992769.281591,10
51288,2026-02-05T14:00,HYPE,32.164,32.449,32.137,32.228,2.180509e-05,23637777.88,23587229.28,23627242.46,766320000.3089,761458770.000879,0.00057623884,811244530.55251,10
51289,2026-02-05T14:10,HYPE,32.218,32.218,31.693,31.796,1.270849e-05,23640631.48,23557426.9,23562656.56,761453195.67936,749198227.98176,0.00036526935,818746827.280512,10
51290,2026-02-05T14:20,HYPE,31.744,31.908,31.711,31.852,1.25e-05,23619952.32,23561066.72,23596612.88,753665438.626559,751599313.45376,0.00066024589,820743517.90777,10
51291,2026-02-05T14:30,HYPE,31.903,32.33,31.899,32.258,1.25e-05,23604254.26,23563766.24,23573503.56,761870078.388199,760434077.838479,0.00016795767,822596396.78863,10
51292,2026-02-05T14:40,HYPE,32.155,32.264,32.106,32.204,1.25e-05,23600620.18,23576993.0,23580044.78,760816257.34112,759371762.09512,-5.88617e-05,826618746.18167,10
51293,2026-02-05T14:50,HYPE,32.191,32.543,32.156,32.543,1.25e-05,23671013.14,23574197.6,23671013.14,770325780.615019,770325780.615019,0.00025969484,821521445.434282,10
51294,2026-02-05T15:00,HYPE,32.584,32.764,32.268,32.268,1.25e-05,23684773.32,23563346.64,23580900.8,773780898.60538,760908507.014399,4.210904e-05,824537539.44544,10
51295,2026-02-05T15:10,HYPE,32.346,32.569,32.199,32.199,1.25e-05,23585627.84,23561338.92,23561338.92,767942313.82222,758651551.88508,5.431185e-05,828247128.492922,10
51296,2026-02-05T15:20,HYPE,32.217,32.4,32.183,32.344,1.25e-05,23603675.22,23551213.2,23551213.2,763940237.76,761740439.740801,0.000134972,831858416.311951,10
51297,2026-02-05T15:30,HYPE,32.29,32.694,32.243,32.639,1.25e-05,23589520.52,23540130.06,23583758.14,771235783.88088,769750281.931461,0.00030343546,832582048.04592,10
51298,2026-02-05T15:40,HYPE,32.6,32.6,32.212,32.212,1.25e-05,23617764.4,23572453.74,23581166.6,769868266.1468,759596538.5192,0.00013151385,837345434.860891,10
51299,2026-02-05T15:50,HYPE,32.253,32.253,31.884,31.964,1.25e-05,23638462.96,23573844.74,23618532.4,760440708.1908,754942769.6336,0.00010540359,837096308.482673,10
51300,2026-02-05T16:00,HYPE,32.006,32.006,31.74,31.74,1.25e-05,23622701.44,23598704.78,23608118.86,755945231.87976,749321692.6164,0.00052953435,821187139.66196,10
51301,2026-02-05T16:10,HYPE,31.676,32.225,31.586,32.024,1.25e-05,23673759.32,23602979.6,23643794.5,761863805.764001,757168875.068001,0.0004406112625,831307129.860442,8
51302,2026-02-05T16:20,HYPE,32.194,32.249,31.803,31.813,1.25e-05,23680059.52,23602655.86,23602655.86,762355836.18688,750871290.87418,0.000701132622222222,829911951.600379,9
51303,2026-02-05T16:30,HYPE,31.64,31.906,31.475,31.895,1.25e-05,23692204.8,23627116.84,23680147.44,755278302.5988,755278302.5988,0.0006222717,826454904.672231,9
51304,2026-02-05T16:40,HYPE,32.039,32.308,31.876,31.957,1.725744e-05,23711249.04,23689166.5,23691241.82,765540452.730479,757101014.841739,0.00069531293,833658547.16965,10
51305,2026-02-05T16:50,HYPE,31.947,32.125,31.831,31.831,1.895257e-05,23742409.54,23692796.66,23716016.88,761754523.302499,754904533.30728,0.00060702825,834816037.917212,10
51306,2026-02-05T17:00,HYPE,31.841,31.841,31.154,31.154,3.6445e-05,23759997.6,23714083.28,23759997.6,755666554.15188,740218965.2304,0.00078504589,828628233.291392,10
51307,2026-02-05T17:10,HYPE,31.324,31.416,31.134,31.353,6.257031e-05,23776061.66,23760379.54,23767563.22,746810556.63984,745184409.63666,0.00115643566,836700627.637612,10
51308,2026-02-05T17:20,HYPE,31.358,32.046,31.257,32.045,7.181544e-05,23790371.98,23738586.56,23773096.78,761808886.315099,761808886.315099,0.00130924471,832257750.509614,10
51309,2026-02-05T17:30,HYPE,32.158,32.158,31.894,31.894,7.012719e-05,23712932.22,23697535.22,23699424.84,762230944.87316,755869455.846961,0.00068091541,827692797.776402,10
51310,2026-02-05T17:40,HYPE,31.87,31.978,31.697,31.911,5.509433e-05,23696849.9,23675369.74,23681624.56,757308401.561121,755704321.33416,0.00045759277,830670623.86991,10
51311,2026-02-05T17:50,HYPE,32.181,32.989,32.181,32.924,4.414326e-05,23683625.14,23579365.54,23579365.54,778813421.582461,776327031.038961,0.00040786888,833097221.089379,10
51312,2026-02-05T18:00,HYPE,32.783,32.88,32.566,32.566,1.25e-05,23597400.02,23491225.14,23491225.14,773593564.85566,765015237.909241,-7.730416e-05,828243736.844962,10
51313,2026-02-05T18:10,HYPE,32.529,32.586,32.346,32.346,1.25e-05,23514673.54,23477028.28,23514673.54,765517082.71908,760605630.32484,0.00032359747,835255039.860461,10
51314,2026-02-05T18:20,HYPE,32.246,32.871,32.246,32.794,1.25e-05,23511100.74,23491796.2,23511100.74,772338192.12438,771023037.66756,0.000667054077777778,826380219.51793,9
51315,2026-02-05T18:30,HYPE,32.887,32.887,32.472,32.635,1.25e-05,23692080.32,23523030.06,23690338.4,773601889.58322,773134193.683999,0.00071973049,821122760.058992,10
51316,2026-02-05T18:40,HYPE,32.682,33.288,32.682,33.1,1.25e-05,23836409.68,23701205.04,23836409.68,792594932.665501,788985160.408001,0.0010213086,833640904.398471,10
51317,2026-02-05T18:50,HYPE,33.283,33.283,33.091,33.186,1.25e-05,23832249.4,23736334.24,23736334.24,793208756.7802,787713988.088641,0.00087191555,833260172.12779,10
51318,2026-02-05T19:00,HYPE,33.2,33.2,32.894,32.894,4.586547e-05,23734806.36,23595778.88,23595778.88,787995571.152,776159550.478719,0.00070215916,818460938.474291,10
51319,2026-02-05T19:10,HYPE,33.038,33.08,32.574,32.593,2.784986e-05,23594252.1,23488057.9,23488057.9,780497859.467999,765546271.1347,0.0004595028,825249314.590949,10
51320,2026-02-05T19:20,HYPE,32.455,32.793,32.399,32.793,3.692092e-05,23558018.34,23484071.26,23558018.34,772538095.42362,772538095.42362,0.00126845893,816731144.895548,10
51321,2026-02-05T19:30,HYPE,32.798,32.798,32.155,32.155,4.182187e-05,23577843.46,23500937.5199999,23500937.5199999,772493720.39604,755672645.955597,0.00048212369,812443542.536878,10
51322,2026-02-05T19:40,HYPE,32.146,32.386,32.146,32.168,3.601003e-05,23507332.66,23485600.6,23485600.6,761308475.52676,755484800.100799,0.00053098032,818026364.8098,10
51323,2026-02-05T19:50,HYPE,32.276,32.788,32.11,32.788,3.28354625e-05,23480185.9,23440881.04,23460652.14,769227862.36632,769227862.36632,0.0008706142875,816093820.550771,8
51324,2026-02-05T20:00,HYPE,32.804,32.866,32.587,32.866,1.30488444444444e-05,23476398.28,23442330.62,23476398.28,771575305.87048,771575305.87048,0.0006434081,814895542.766959,9
51325,2026-02-05T20:10,HYPE,32.808,32.941,32.66,32.862,2.882086e-05,23490096.94,23475356.68,23490096.94,773663298.6471,771931565.642279,0.0013886372,818058087.10236,10
51326,2026-02-05T20:20,HYPE,32.916,32.916,32.65,32.682,3.110409e-05,23492624.36,23467749.28,23472199.34,773283223.43376,767118418.829879,0.00107196868,814796398.557531,10
51327,2026-02-05T20:30,HYPE,32.737,32.942,32.679,32.747,3.286028e-05,23473893.52,23463660.62,23470013.64,773071617.50728,768572536.66908,0.00074670314,813489467.33915,10
51328,2026-02-05T20:40,HYPE,32.653,32.653,32.438,32.531,2.88167142857143e-05,23470353.4,23440012.14,23440012.14,766377449.5702,762527034.92634,0.000416900414285714,815477356.59958,7
107382,2026-02-05T20:50,HYPE,32.395,32.485,32.268,32.467,2.183263e-05,23433120.52,23417315.16,23433120.52,760954798.2214,760803123.92284,0.00057746668,801540759.146999,10
107383,2026-02-05T21:00,HYPE,32.489,32.85,32.489,32.85,5.61471e-05,23426380.82,23391496.34,23391496.34,768410654.769,768410654.769,0.00099335454,792093577.809599,10
107384,2026-02-05T21:10,HYPE,32.939,32.939,32.359,32.672,3.619163e-05,23416098.98,23390746.68,23413561.36,770571933.63566,764967876.753919,0.00076502955,796794842.91716,10
107385,2026-02-05T21:20,HYPE,32.608,32.628,32.156,32.435,3.36251125e-05,23658982.52,23404970.86,23658982.52,767379098.036199,767379098.036199,0.000227157775,798459765.78771,8
107386,2026-02-05T21:30,HYPE,32.448,32.448,32.026,32.391,2.23064125e-05,23709861.96,23660705.36,23709861.96,767986138.74636,767986138.74636,0.000294341,803820075.988889,8
107387,2026-02-05T21:40,HYPE,32.345,32.54,32.261,32.261,1.911356e-05,23717515.3,23671123.82,23671123.82,770468701.8056,763654125.557019,0.00050997518,810447312.79281,10
107388,2026-02-05T21:50,HYPE,32.345,32.448,31.941,32.448,1.99072333333333e-05,23721283.88,23638956.54,23638956.54,767036861.80992,767036861.80992,0.000830187988888889,815136363.54483,9
107389,2026-02-05T22:00,HYPE,32.37,33.489,32.37,33.148,5.2089625e-05,23674848.64,23589821.66,23590631.82,791406508.919399,781982263.56936,0.000472590475,827619896.500932,8
107390,2026-02-05T22:10,HYPE,33.041,33.041,32.414,32.414,2.24185444444444e-05,23619645.48,23594592.98,23612712.3799999,779592831.61296,765382459.085318,0.000437526111111111,836990834.244822,9
107391,2026-02-05T22:20,HYPE,32.172,32.811,32.172,32.412,1.99153e-05,23665185.42,23610641.52,23617040.84,775611921.33408,765475527.70608,0.00085945058,838181677.872961,10
107392,2026-02-05T22:30,HYPE,32.684,32.955,32.617,32.955,2.770687e-05,23631610.22,23620795.06,23627459.02,778642912.004099,778642912.004099,0.00061408897,833014831.040319,10
107393,2026-02-05T22:40,HYPE,32.957,33.041,32.69,32.924,2.770431e-05,23635974.32,23603094.46,23607726.12,779869844.05286,777260774.77488,0.00059926412,837761023.09864,10
107394,2026-02-05T22:50,HYPE,32.816,32.984,32.792,32.984,2.540145e-05,23613839.76,23602347.7,23607017.62,778653869.178081,778653869.178081,0.00098180539,823635663.422882,10
107395,2026-02-05T23:00,HYPE,33.05,33.185,32.752,33.185,1.612708e-05,23628300.86,23560173.48,23560173.48,781844356.9338,781844356.9338,0.00084330123,818253451.134571,10
107396,2026-02-05T23:10,HYPE,33.285,33.581,33.141,33.191,2.723064e-05,23567114.78,23442327.96,23442327.96,789238685.59432,778074307.32036,0.00066091478,827451154.079839,10
107397,2026-02-05T23:20,HYPE,33.04,33.321,32.893,33.321,1.825996e-05,23433816.0,23408677.88,23414076.5,780180443.0565,780180443.0565,0.00063465452,813639240.94872,10
107398,2026-02-05T23:30,HYPE,33.392,33.392,33.05,33.05,1.90019888888889e-05,23432499.44,23419292.36,23427065.72,782017010.48512,774264522.046,0.0002347011,809444989.483779,9
107399,2026-02-05T23:40,HYPE,33.076,33.433,33.076,33.433,1.58397545454545e-05,23452954.0,23431165.2,23440793.5599999,783696051.091478,783696051.091478,0.0004827137,813145886.814181,11
107400,2026-02-05T23:50,HYPE,33.608,33.855,33.608,33.653,1.25e-05,23431073.26,23396444.0,23431073.26,792441523.70964,788525908.418779,0.00046055289,812008955.439681,10
119613,2026-02-06T00:00,HYPE,33.658,34.334,33.538,34.141,1.25e-05,23431032.36,23388903.54,23397072.54,803111604.01728,798799453.58814,0.000389841677777778,813120422.019379,9
119614,2026-02-06T00:10,HYPE,34.343,34.38,33.918,33.918,1.25e-05,23433955.64,23403190.66,23429430.18,804601768.463999,794679412.84524,0.000341813118181818,809504338.64122,11
119615,2026-02-06T00:20,HYPE,33.735,33.833,33.654,33.833,1.25e-05,23499720.74,23417357.28,23499720.74,795066051.796421,795066051.796421,0.00094330796,815503708.97062,10
119616,2026-02-06T00:30,HYPE,33.81,33.896,33.141,33.248,1.74959444444444e-05,23515058.22,23449105.4,23449105.4,796739876.30912,779635856.3392,0.000810345911111111,816331410.100198,9
119617,2026-02-06T00:40,HYPE,33.242,33.459,33.223,33.459,2.759443e-05,23507790.78,23448759.72,23492258.26,786027469.12134,786027469.12134,0.00094142527,822483727.059899,10
119618,2026-02-06T00:50,HYPE,33.394,33.394,32.84,32.963,2.912376e-05,23643396.6,23500707.74,23642884.74,784782634.26956,779340409.68462,0.00030465298,829577049.429109,10
119619,2026-02-06T01:00,HYPE,33.044,33.1,32.791,33.063,3.70516e-05,23661382.42,23624065.14,23661382.42,782459586.915379,782316286.952459,0.00113716707142857,835330828.46853,7
119620,2026-02-06T01:10,HYPE,33.141,33.141,32.052,32.052,3.208717e-05,23688196.68,23656326.16,23659800.06,783994305.26856,758343911.52312,0.00041115522,856197871.603409,10
119621,2026-02-06T01:20,HYPE,31.582,32.743,31.582,32.743,1.25e-05,23715178.58,23574473.1399999,23625101.8399999,773556709.547118,773556709.547118,0.000608723777777778,883371530.712212,9
119622,2026-02-06T01:30,HYPE,32.693,33.349,32.693,33.283,1.25e-05,23649175.64,23600774.92,23600774.92,787597136.088819,785504591.66236,0.0001347115875,890076157.385991,8
119623,2026-02-06T01:40,HYPE,33.209,33.482,32.914,33.209,1.25e-05,23613806.28,23559170.68,23603883.7,789307009.73108,783861373.7933,0.00053329023,902580042.04687,10
119624,2026-02-06T01:50,HYPE,33.385,33.542,33.207,33.309,1.25e-05,23647665.16,23602447.8,23602447.8,793189984.79672,786173933.770199,0.00035477846,899573113.018819,10
119625,2026-02-06T02:00,HYPE,33.265,34.115,33.216,34.115,1.385621e-05,23620897.88,23587183.34,23606026.8600001,805319606.328902,805319606.328902,0.00027417536,904661556.924018,10
119626,2026-02-06T02:10,HYPE,34.18,34.18,33.737,33.764,1.25e-05,23596016.58,23546877.44,23557197.9,806511846.7044,795385229.895601,-0.000410640433333333,915702390.562657,9
119627,2026-02-06T02:20,HYPE,33.737,33.973,33.737,33.973,1.25e-05,23545660.36,23532932.54,23539497.96,799707364.19508,799707364.19508,-7.441803e-05,909186172.26332,10
119628,2026-02-06T02:30,HYPE,33.913,34.819,33.913,34.735,1.25e-05,23627741.42,23541204.98,23614339.66,822694328.502979,820244088.090099,0.000381248066666667,921368468.185691,9
119629,2026-02-06T02:40,HYPE,35.124,36.018,35.078,35.907,1.25e-05,23884883.44,23627080.24,23884883.44,857964857.16456,857634509.680079,0.0001457113,949764935.427509,10
119630,2026-02-06T02:50,HYPE,36.164,36.75,36.164,36.436,1.25e-05,23959016.5,23872777.7999999,23883826.1200001,880493856.375002,870231088.508323,-6.286248e-05,959991505.04239,10
119631,2026-02-06T03:00,HYPE,36.303,36.656,36.196,36.196,1.25e-05,23859019.5,23787131.76,23790379.0,873237889.904002,861116558.283999,0.00052691825,963485288.420635,10
119632,2026-02-06T03:10,HYPE,36.015,36.015,35.63,35.816,1.25e-05,23764241.52,23614309.68,23626502.56,855869158.3428,846206815.688959,0.0003392583,976516950.16332,10
119633,2026-02-06T03:20,HYPE,35.477,35.501,35.196,35.363,1.25e-05,23618629.38,23470684.8,23470684.8,837918114.51426,829993826.582398,0.00035255463,980777394.191929,10
119634,2026-02-06T03:30,HYPE,35.426,35.535,35.157,35.397,1.25e-05,23492398.48,23465774.22,23490972.62,834618826.7871,831509957.83014,0.00020895263,980581671.03505,10
119635,2026-02-06T03:40,HYPE,35.531,35.589,35.031,35.23,1.25e-05,23518575.62,23489719.82,23494809.96,837002587.740179,827722154.8908,0.00025203794,987672924.09318,10
119636,2026-02-06T03:50,HYPE,35.343,35.383,34.969,35.033,1.25e-05,23497137.2,23476816.04,23481135.14,831377898.61266,822614607.359619,0.00051368038,987217585.42617,10
119637,2026-02-06T04:00,HYPE,35.126,35.354,35.039,35.35,3.274953e-05,23512564.64,23475339.04,23510128.7,831083049.545,831083049.545,0.00068545298,985554267.03963,10
119638,2026-02-06T04:10,HYPE,35.205,35.205,34.901,34.937,2.879159e-05,23537558.38,23506151.22,23536333.18,827534053.7001,822288872.30966,0.00072298347,988209597.539241,10
119639,2026-02-06T04:20,HYPE,34.946,35.026,34.692,35.026,2.319867e-05,23550703.96,23519048.8,23550703.96,824886956.90296,824886956.90296,0.00094484493,984998959.821895,10
119640,2026-02-06T04:30,HYPE,35.052,35.134,34.883,34.883,2.460567e-05,23632124.38,23583301.46,23626504.34,828741664.72856,824163350.89222,0.00044936543,984308302.956801,10
119641,2026-02-06T04:40,HYPE,34.947,34.947,34.629,34.731,2.225082e-05,23625312.96,23581817.54,23581817.54,825511487.72796,819020104.98174,0.00083509577,988154985.322621,10
119642,2026-02-06T04:50,HYPE,34.789,34.864,34.705,34.803,2.036144e-05,23582206.46,23564505.46,23575855.46,821976204.27328,820510497.57438,0.00066516407,985470667.89162,10
119643,2026-02-06T05:00,HYPE,34.75,34.75,34.535,34.535,1.387193e-05,23586717.46,23534277.4,23536658.44,819446706.95,812838499.2254,0.00049081395,985735134.561519,10
119644,2026-02-06T05:10,HYPE,34.67,35.012,34.67,35.012,1.25e-05,23538290.12,23507978.62,23507978.62,823061347.443439,823061347.443439,0.00054477561,989589321.508517,10
119645,2026-02-06T05:20,HYPE,35.042,35.254,35.008,35.24,1.25e-05,23536782.06,23508598.42,23536782.06,829542688.06812,829436199.7944,0.00021145698,987722387.476159,10
119646,2026-02-06T05:30,HYPE,35.112,35.266,34.904,34.904,1.25e-05,23539747.3,23532318.08,23536408.28,829936673.24876,821514794.60512,0.00022079259,986943092.259688,10
119647,2026-02-06T05:40,HYPE,34.889,35.035,34.849,34.907,1.25e-05,23551081.62,23524391.78,23550499.86,825093566.8976,822077298.61302,0.00034042015,988995612.404532,10
119648,2026-02-06T05:50,HYPE,34.851,34.902,34.705,34.708,1.25e-05,23534179.4,23509908.64,23509908.64,821389929.4188,815981909.077119,0.00012982807,989435220.018172,10
119649,2026-02-06T06:00,HYPE,34.78,35.127,34.733,34.92,1.25e-05,23546823.7,23507911.44,23546823.7,826664673.05964,822255083.604,0.00041343026,989764295.369543,10
119650,2026-02-06T06:10,HYPE,34.897,35.15,34.82,34.987,1.25e-05,23547699.98,23526457.22,23526999.5,827101872.272,823139131.5065,0.0002240697,991695943.512399,10
119651,2026-02-06T06:20,HYPE,34.989,34.989,34.323,34.329,1.25e-05,23528237.8,23465080.84,23465080.84,823226858.81844,805532760.15636,-0.0001298261,992971633.722563,10
119652,2026-02-06T06:30,HYPE,34.252,34.516,34.17,34.516,1.25e-05,23460168.54,23440583.96,23444349.06,809205152.15496,809205152.15496,-3.556538e-05,994211700.347639,10
119653,2026-02-06T06:40,HYPE,34.403,34.621,34.389,34.621,1.25e-05,23464572.76,23441772.26,23453905.4,811997658.8534,811997658.8534,0.00024907744,996393146.5366,10
119654,2026-02-06T06:50,HYPE,34.696,35.245,34.677,35.245,1.25e-05,23648754.46,23460315.22,23648754.46,833500350.9427,833500350.9427,0.00039219558,1002124754.32938,10
119655,2026-02-06T07:00,HYPE,35.095,35.487,35.095,35.304,1.418168e-05,23808833.56,23640462.32,23808833.56,844263469.47816,840547060.002241,0.00041915634,1005577037.52316,10
119656,2026-02-06T07:10,HYPE,35.404,35.404,35.064,35.173,1.25e-05,23812147.48,23723143.82,23723143.82,843030673.0208,834414137.580861,0.0003852278,1008834778.91395,10
119657,2026-02-06T07:20,HYPE,35.055,35.139,34.892,34.985,1.25e-05,23763412.78,23718006.6,23763000.98,833807639.828519,831348589.2853,0.00022932386,1008614303.45245,10
119658,2026-02-06T07:30,HYPE,34.832,34.832,34.298,34.298,1.25e-05,23717186.34,23531933.46,23531933.46,825419336.39872,807098253.811082,-0.00014383591,1016829591.4693,10
119659,2026-02-06T07:40,HYPE,34.294,34.313,34.042,34.094,1.25e-05,23571951.68,23515894.32,23515894.32,808656441.93872,801750900.94608,-0.00020589213,1021954418.59175,10
119660,2026-02-06T07:50,HYPE,33.987,34.116,33.645,33.645,1.25e-05,23487867.78,23249583.86,23249583.86,800875275.91848,782232248.969699,-0.00077480013,1028806094.70059,10
119661,2026-02-06T08:00,HYPE,33.63,33.851,33.52,33.548,-2.583637e-05,23090455.88,23060252.0,23070674.28,780975371.618999,773974980.745439,-0.00055739084,1029187184.12489,10
119662,2026-02-06T08:10,HYPE,33.593,33.906,33.577,33.906,5.7686e-06,23087801.28,23070408.98,23087801.28,782814990.199679,782814990.199679,-0.00029408978,1031446302.21756,10
119663,2026-02-06T08:20,HYPE,33.751,33.751,33.384,33.39,1.25e-05,23107337.78,23087332.1,23107337.78,779220545.7071,771554008.4742,-0.00010853507,1027972797.79229,10
119664,2026-02-06T08:30,HYPE,33.408,33.574,33.408,33.574,1.25e-05,23109411.5,23101289.72,23103271.7,775669244.0558,775669244.0558,5.111315e-05,1026195005.95182,10
119665,2026-02-06T08:40,HYPE,33.59,33.676,33.431,33.476,1.25e-05,23108517.44,23096618.08,23107201.0,777987478.727919,773536660.676,0.00015096893,1027255935.09509,10
119666,2026-02-06T08:50,HYPE,33.291,33.317,32.971,32.971,1.25e-05,23103658.0,23016973.76,23016973.76,769566253.00592,758892641.840959,0.00030170881,1031827722.67665,10
119667,2026-02-06T09:00,HYPE,32.889,32.93,32.651,32.651,1.25e-05,23077361.2,23013638.76,23039652.52,758556878.501599,752267694.43052,4.157924e-05,1038763050.6242,10
119668,2026-02-06T09:10,HYPE,32.967,33.074,32.755,32.794,1.25e-05,23026377.26,22973229.28,22973229.28,761169086.9946,753384081.008321,4.620406e-05,1046192254.36755,10
119669,2026-02-06T09:20,HYPE,32.759,32.99,32.759,32.789,1.25e-05,22964909.24,22913403.6,22913403.6,756445087.1526,751307590.6404,0.00034218389,1045589526.62455,10
119670,2026-02-06T09:30,HYPE,32.693,32.693,32.464,32.588,1.25e-05,22912377.34,22868259.84,22868259.84,749074352.37662,745230851.665919,-2.98946000000001e-06,1041022122.37002,10
119671,2026-02-06T09:40,HYPE,32.545,32.634,32.41,32.61,1.25e-05,22865125.08,22825104.7,22825104.7,745103738.25216,744326664.267,0.00026310381,1044758369.24498,10
119672,2026-02-06T09:50,HYPE,32.712,32.749,32.44,32.44,1.25e-05,22821069.18,22773500.76,22773500.76,746522815.01616,738772364.6544,-0.00051190482,1044444580.40387,10
119673,2026-02-06T10:00,HYPE,32.458,32.48,32.21,32.346,1.25e-05,22771787.52,22733227.44,22733227.44,739460472.3968,735328974.774238,-0.00011331475,1042162969.79642,10
119674,2026-02-06T10:10,HYPE,32.299,32.746,32.299,32.746,1.25e-05,22727775.26,22695273.66,22695273.66,743179431.270359,743179431.270359,-0.00016032219,1045970849.81253,10
119675,2026-02-06T10:20,HYPE,32.85,33.084,32.842,33.084,1.25e-05,22708911.8,22678601.2,22678601.2,750298842.100799,750298842.100799,-0.00033944177,1046911047.33651,10
119676,2026-02-06T10:30,HYPE,33.105,33.287,33.045,33.195,1.25e-05,22681248.12,22662234.6,22669928.62,754538038.920399,752528280.540899,-0.00010315465,1046375493.34326,10
119677,2026-02-06T10:40,HYPE,33.089,33.282,32.97,33.282,1.25e-05,22734666.36,22670614.12,22734666.36,756655165.79352,756655165.79352,-0.00026239784,1051423781.72205,10
119678,2026-02-06T10:50,HYPE,33.314,33.32,33.121,33.169,1.25e-05,22742788.16,22731872.76,22738001.8,757426000.3632,754196781.7042,-0.00040386134,1052138888.0769,10
119679,2026-02-06T11:00,HYPE,33.031,33.278,32.947,33.278,-3.215464e-05,22747358.34,22729782.98,22747358.34,756986590.83852,756986590.83852,0.00017080819,1051829332.89554,10
119680,2026-02-06T11:10,HYPE,33.329,33.329,32.97,33.27,1.25e-05,22753605.78,22740699.08,22751443.68,758111036.0849,756940531.233601,0.00020334124,1053339061.04419,10
119681,2026-02-06T11:20,HYPE,33.36,33.411,33.203,33.411,1.25e-05,22757966.7,22752284.0,22755477.88,760283271.44868,760283271.44868,0.00030114616,1052671346.01074,10
119682,2026-02-06T11:30,HYPE,33.381,33.601,33.381,33.531,1.25e-05,22765688.04,22722516.26,22722516.26,764425368.86194,761908692.71406,0.00012379143,1053159131.38754,10
119683,2026-02-06T11:40,HYPE,33.542,33.597,33.508,33.55,1.25e-05,22719597.38,22707247.86,22707471.7,762918739.468921,761835675.535001,0.00023443266,1054597815.4707,10
119684,2026-02-06T11:50,HYPE,33.573,33.757,33.573,33.707,1.25e-05,22716078.14,22708076.42,22715442.36,766694898.90154,765669415.628521,0.00029853585,1051673841.30092,10
119685,2026-02-06T12:00,HYPE,33.721,33.784,33.475,33.722,1.25e-05,22733892.94,22697061.76,22731504.54,767859967.94144,766551796.097879,0.00017032469,1049773202.53416,10
119686,2026-02-06T12:10,HYPE,33.669,33.858,33.669,33.74,1.25e-05,22731235.32,22718091.98,22729299.12,769600722.56364,766886552.3088,0.00034726266,1051910245.60422,10
119687,2026-02-06T12:20,HYPE,33.755,34.036,33.755,33.919,1.25e-05,22764246.5,22725341.68,22761801.02,774731446.20584,772057528.797379,0.00045879984,1044497485.5792,10
119688,2026-02-06T12:30,HYPE,33.968,34.326,33.928,34.174,1.25e-05,22760003.52,22740666.92,22747324.5399999,780651350.186039,777367068.829958,0.00017301209,1039694062.76794,10
119689,2026-02-06T12:40,HYPE,34.174,34.174,33.969,34.134,1.25e-05,22754388.8,22745568.48,22754388.8,777331438.33408,776698307.2992,0.00025523671,1040924621.30386,10
119690,2026-02-06T12:50,HYPE,34.03,34.277,33.845,33.866,1.25e-05,22771243.22,22758871.28,22765806.38,780529903.85194,770986798.865079,0.00018659349,1022462057.79346,10
119691,2026-02-06T13:00,HYPE,33.889,33.889,33.638,33.693,1.25e-05,22766895.84,22717493.7,22717493.7,771547333.12176,765420515.2341,0.00012188571,1002259461.15267,10
119692,2026-02-06T13:10,HYPE,33.695,33.846,33.655,33.84,1.25e-05,22721405.42,22704365.62,22716834.34,769028687.84532,768737674.065601,0.00041045046,1004359805.76821,10
119693,2026-02-06T13:20,HYPE,34.062,34.384,34.062,34.308,1.25e-05,22791006.58,22710498.52,22791006.58,783495266.550079,781913853.746639,0.00036665259,976849134.301136,10
119694,2026-02-06T13:30,HYPE,34.349,34.349,34.168,34.201,1.25e-05,22782216.06,22774162.64,22774162.64,782546339.44494,778899136.450639,0.00056193294,968551716.193683,10
119695,2026-02-06T13:40,HYPE,34.14,34.402,34.14,34.301,1.25e-05,22783460.86,22772862.54,22781830.54,783598729.88112,781439569.35254,0.00051790828,969623249.315441,10
119696,2026-02-06T13:50,HYPE,34.42,34.462,34.274,34.298,1.25e-05,22798702.24,22780224.46,22792800.18,785062356.0564,781747460.57364,0.00013108418,962695079.60582,10
119697,2026-02-06T14:00,HYPE,34.372,34.708,34.372,34.708,-6.57519999999998e-07,22794712.52,22737765.92,22737765.92,789182379.55136,789182379.55136,2.594594e-05,956897225.876841,10
119698,2026-02-06T14:10,HYPE,34.654,34.654,34.359,34.616,1.25e-05,22734041.94,22703662.72,22703662.72,787825489.38876,785909988.71552,-0.00062734267,959515296.308961,10
119699,2026-02-06T14:20,HYPE,34.723,34.873,34.458,34.458,9.53554e-06,22699392.08,22603761.9,22603761.9,790738341.68328,778880427.5502,-0.00112693628,956667892.86532,10
119700,2026-02-06T14:30,HYPE,34.431,34.459,34.108,34.108,-3.44105e-06,22607959.4,22595574.02,22595574.02,778826213.24176,770689838.67416,-0.00102002218,949901555.97288,10
119701,2026-02-06T14:40,HYPE,34.183,34.183,33.896,33.896,-1.119739e-05,22630417.48,22593954.82,22628187.12,772671158.9667,767005030.619519,-0.00123151419,953242360.7207,10
119702,2026-02-06T14:50,HYPE,33.936,33.993,33.734,33.734,-1.306001e-05,22624611.24,22572135.86,22572135.86,769078409.88132,761448431.10124,-0.00099378001,957051086.510439,10
119703,2026-02-06T15:00,HYPE,33.697,33.77,33.355,33.512,-5.01439e-06,22582130.46,22520954.12,22523283.54,762429615.2616,754800277.99248,-0.00034154652,950061920.772087,10
119704,2026-02-06T15:10,HYPE,33.563,33.563,33.28,33.28,1.21646e-05,22540810.44,22511423.44,22540810.44,755938440.09622,750158171.4432,-0.0002103167,953958078.787349,10
119705,2026-02-06T15:20,HYPE,33.241,33.244,33.018,33.244,1.25e-05,22629170.4,22560752.7,22620284.44,751988735.92336,751988735.92336,-1.530235e-05,950147465.98311,10
119706,2026-02-06T15:30,HYPE,33.27,33.935,33.27,33.679,1.25e-05,22722352.08,22637328.26,22722352.08,768705727.8791,765266095.70232,-0.0002868821625,945923355.065439,8
119707,2026-02-06T15:40,HYPE,33.641,34.003,33.469,33.989,1.25e-05,22795545.9200001,22753877.8,22795545.9200001,774797810.274882,774797810.274882,-0.00021247058,955218782.66702,10
119708,2026-02-06T15:50,HYPE,33.681,33.793,33.283,33.471,1.25e-05,22816791.96,22798465.4,22811833.18,770600207.674621,763534868.36778,6.641387e-05,949187412.91823,10
119709,2026-02-06T16:00,HYPE,33.483,33.739,33.479,33.528,1.25e-05,22919460.08,22832037.54,22918129.64,771429460.73982,768399050.569921,-0.00013964191,943147793.903291,10
119710,2026-02-06T16:10,HYPE,33.469,33.478,32.927,33.212,1.25e-05,22940165.36,22915806.92,22940165.36,767571827.86552,761888771.93632,-0.00027239564,949400436.525969,10
119711,2026-02-06T16:20,HYPE,33.13,33.214,32.743,32.851,1.25e-05,22997598.6,22951958.18,22997598.6,762724580.82904,755494111.6086,-1.963242e-05,936917946.29857,10
119712,2026-02-06T16:30,HYPE,32.729,32.89,32.718,32.89,1.25e-05,23018775.06,23003652.56,23018775.06,757087511.7234,757087511.7234,-0.00035867076,925370645.46191,10
119713,2026-02-06T16:40,HYPE,32.718,32.828,32.718,32.772,1.25e-05,22972550.9,22834060.42,22839241.38,753284606.95692,748487618.505359,-0.00029937059,935930545.901799,10
119714,2026-02-06T16:50,HYPE,32.574,32.574,32.414,32.414,1.25e-05,22881697.4,22829759.4,22881697.4,743887089.15968,741687339.523601,-0.00039497647,930340120.447619,10
119715,2026-02-06T17:00,HYPE,32.448,32.802,32.299,32.74,1.25e-05,23009829.96,22893033.6,23009829.96,754403697.228719,753341832.890399,-7.849194e-05,921363716.137409,10
119716,2026-02-06T17:10,HYPE,32.967,33.309,32.967,33.309,1.25e-05,23133235.68,23043677.14,23087272.24,769013951.042159,769013951.042159,-0.0003644432,933974003.726828,10
119717,2026-02-06T17:20,HYPE,33.338,33.51,33.086,33.393,1.25e-05,23253957.48,23083822.88,23253957.48,777995207.2614,776519402.12964,-0.00021125926,928884380.009559,10
119718,2026-02-06T17:30,HYPE,33.427,33.543,33.154,33.496,1.25e-05,23315588.46,23245688.24,23315588.46,781748493.510419,780978951.056159,-0.0002388376,926827177.650597,10
119719,2026-02-06T17:40,HYPE,33.447,33.767,33.42,33.642,1.25e-05,23395732.46,23317873.92,23395732.46,789264245.249261,787079231.41932,6.599687e-05,933300691.602861,10
119720,2026-02-06T17:50,HYPE,33.671,34.123,33.669,34.123,1.25e-05,23472694.26,23393988.2399999,23472694.26,800958746.23398,800958746.23398,5.758705e-05,925812098.809202,10
119721,2026-02-06T18:00,HYPE,34.19,34.428,34.095,34.424,1.25e-05,23528826.5,23467377.38,23528826.5,809956323.435999,809956323.435999,0.00041301801,919355451.091531,10
119722,2026-02-06T18:10,HYPE,34.428,34.428,33.842,34.147,1.25e-05,23545644.86,23467361.72,23545644.86,810277435.628639,804013135.03442,4.766737e-05,927566629.565152,10
119723,2026-02-06T18:20,HYPE,34.05,34.141,33.951,34.136,1.25e-05,23547330.98,23523604.84,23547330.98,803811690.333279,803811690.333279,0.00017808006,918345660.456461,10
119724,2026-02-06T18:30,HYPE,34.134,34.134,33.455,33.524,1.25e-05,23546896.4,23431835.6,23434079.18,803732429.83776,785604070.43032,5.507159e-05,909457912.463459,10
119725,2026-02-06T18:40,HYPE,33.408,33.587,33.158,33.158,1.25e-05,23419719.14,23390598.18,23390598.18,786233143.69578,775585454.45244,-0.00029517122,915259229.688538,10
119726,2026-02-06T18:50,HYPE,33.103,33.448,33.096,33.354,1.25e-05,23455430.16,23387343.1,23455430.16,784534549.475841,782332417.556641,0.00010382219,909902506.417021,10
119727,2026-02-06T19:00,HYPE,33.338,33.338,33.031,33.076,1.25e-05,23474621.94,23451977.32,23474621.94,782026482.38196,776446595.287439,0.00049715997,904011351.201191,10
119728,2026-02-06T19:10,HYPE,33.153,33.239,32.958,32.958,1.25e-05,23522237.92,23471113.2,23522237.92,781618966.65042,775245917.367359,0.00053687008,906655334.18824,10
119729,2026-02-06T19:20,HYPE,32.981,32.999,32.745,32.999,1.25e-05,23503536.86,23438012.88,23445597.22,775170149.17966,773681262.662779,0.00055196818,900690033.548191,10
119730,2026-02-06T19:30,HYPE,32.975,33.352,32.887,33.352,1.25e-05,23452106.62,23433880.1,23452106.62,782174659.99024,782174659.99024,0.00031551131,894931655.537571,10
119731,2026-02-06T19:40,HYPE,33.434,33.479,33.202,33.202,1.25e-05,23459291.04,23432188.36,23459291.04,784888772.87842,778895381.110081,-1.950465e-05,899852703.604841,10
119732,2026-02-06T19:50,HYPE,33.199,33.214,32.86,32.86,1.25e-05,23459457.46,23440860.5,23442268.08,779019603.0556,770312929.1088,0.00014290962,893377934.561712,10
119733,2026-02-06T20:00,HYPE,32.837,33.099,32.837,32.865,1.25e-05,23441764.18,23392877.02,23405206.1399999,774503970.74556,769212099.791098,0.0001674697,889740891.109531,10
119734,2026-02-06T20:10,HYPE,32.706,32.821,32.613,32.751,1.25e-05,23442474.6999999,23406828.8,23442474.6999999,768941187.42184,767764488.899698,0.00055261167,891777547.200329,10
119735,2026-02-06T20:20,HYPE,32.851,33.108,32.777,33.073,1.25e-05,23505175.88,23451518.62,23505175.88,777669004.05624,777386681.879239,0.00050337688,890746659.718559,10
119736,2026-02-06T20:30,HYPE,33.009,33.158,33.009,33.01,1.25e-05,23518501.22,23507238.48,23518501.22,779453013.519839,776345725.272199,0.00061400243,888071143.376671,10
119737,2026-02-06T20:40,HYPE,32.973,33.185,32.895,33.185,1.25e-05,23541010.3,23509397.98,23541010.3,781208426.8055,781208426.8055,0.0005103179,889753197.266717,10
119738,2026-02-06T20:50,HYPE,33.091,33.281,33.091,33.281,1.25e-05,23601361.1799999,23543109.46,23601361.1799999,785476901.431578,785476901.431578,0.00065383624,887641680.223028,10
119739,2026-02-06T21:00,HYPE,33.181,33.181,32.804,32.904,1.25e-05,23601587.72,23557534.56,23570438.8,783092796.0228,775561718.275199,0.00040504819,886797579.460279,10
119740,2026-02-06T21:10,HYPE,32.891,32.953,32.788,32.863,1.25e-05,23593646.28,23565440.32,23581825.84,777014618.280259,774969542.57992,0.00014900141,889562231.846529,10
119741,2026-02-06T21:20,HYPE,32.501,32.518,32.383,32.518,1.25e-05,23629323.28,23597432.9599999,23617362.36,767989389.22248,767989389.22248,-0.00011448542,883341210.559809,10
119742,2026-02-06T21:30,HYPE,32.377,32.538,32.298,32.381,1.25e-05,23621420.38,23565433.78,23574779.7,766772084.333639,763374941.465699,-0.0003019704,874504920.873711,10
119743,2026-02-06T21:40,HYPE,32.393,32.726,32.393,32.726,1.25e-05,23646071.44,23576621.14,23646071.44,773841333.94544,773841333.94544,-4.788683e-05,878647798.04057,10
119744,2026-02-06T21:50,HYPE,32.798,32.936,32.612,32.612,1.25e-05,23697853.84,23634148.02,23697853.84,778862309.15056,772834409.430081,8.462835e-05,869462723.03841,10
119745,2026-02-06T22:00,HYPE,32.648,32.791,32.424,32.426,1.25e-05,23731886.4,23683577.1,23724533.42,776609271.24968,769291720.676919,-0.00025847785,849621713.59689,10
119746,2026-02-06T22:10,HYPE,32.405,32.479,32.322,32.479,1.25e-05,23712209.12,23690036.7,23691424.46,769473775.03634,769473775.03634,-0.00017232169,851635104.921449,10
119747,2026-02-06T22:20,HYPE,32.409,32.63,32.348,32.609,1.25e-05,23688073.92,23660760.3,23662856.16,772050608.589,771622076.52144,0.00010134371,839641012.152731,10
119748,2026-02-06T22:30,HYPE,32.602,32.768,32.466,32.768,1.25e-05,23713183.82,23663449.42,23710862.8,776957552.2304,776957552.2304,-4.799368e-05,834282395.906549,10
119749,2026-02-06T22:40,HYPE,32.756,32.887,32.661,32.661,1.25e-05,23738310.02,23701364.38,23701364.38,780571325.644119,774110262.01518,-6.632479e-05,836925321.14968,10
119750,2026-02-06T22:50,HYPE,32.696,32.825,32.666,32.784,1.25e-05,23720752.22,23717767.98,23717767.98,778618533.693,777563305.456319,-4.206415e-05,832810962.66184,10
119751,2026-02-06T23:00,HYPE,32.805,33.073,32.765,33.073,1.25e-05,23750071.56,23702991.58,23702991.58,783929040.52534,783929040.52534,6.09724e-06,825971438.884779,10
119752,2026-02-06T23:10,HYPE,33.077,33.077,32.822,32.853,1.25e-05,23707542.5,23695894.84,23700986.64,784137790.1874,778648514.08392,-6.560836e-05,827631911.512089,10
119753,2026-02-06T23:20,HYPE,32.893,32.984,32.893,32.97,1.25e-05,23710844.06,23701043.02,23708613.96,781997140.611679,781673002.261199,0.00012146939,820106561.34376,10
119754,2026-02-06T23:30,HYPE,32.99,32.99,32.801,32.944,1.25e-05,23708042.38,23683600.3,23708042.38,782065440.4958,781037748.16672,1.258927e-05,815874066.528088,10
119755,2026-02-06T23:40,HYPE,32.892,32.892,32.729,32.754,1.25e-05,23709390.8,23690480.72,23690480.72,779849282.1936,775958005.502879,-8.851834e-05,817063008.78825,10
119756,2026-02-06T23:50,HYPE,32.835,32.917,32.822,32.836,1.25e-05,23698060.12,23690152.54,23696527.46,780069044.97004,778099175.676558,-0.00012685853,808615218.599248,10
146837,2026-02-07T00:00,HYPE,32.817,33.118,32.723,33.05,1.25e-05,23690283.98,23669814.26,23669814.26,783990461.713799,782287361.292999,-0.00019406141,798148575.471778,10
146838,2026-02-07T00:10,HYPE,33.081,33.081,32.773,32.773,1.25e-05,23701036.28,23675543.32,23699858.22,783210648.56892,776715453.44406,-0.00032743538,801016314.30174,10
146839,2026-02-07T00:20,HYPE,32.813,32.859,32.76,32.836,1.25e-05,23707017.76,23687617.66,23690522.0,778789217.69028,777901980.392,6.12509e-06,794303475.94229,10
146840,2026-02-07T00:30,HYPE,32.867,32.96,32.799,32.806,1.25e-05,23691547.04,23683248.9,23687220.2,780661829.4272,777082945.8812,-0.00012326211,783926308.92271,10
146841,2026-02-07T00:40,HYPE,32.843,32.933,32.448,32.448,1.25e-05,23686947.18,23647423.16,23649822.3,779793640.2586,767389433.9904,-0.00036431617,785975161.49958,10
146842,2026-02-07T00:50,HYPE,32.382,32.443,32.357,32.374,1.25e-05,23662021.24,23642835.14,23662021.24,767573346.0037,766034275.62376,-0.00014560926,774373994.024599,10
146843,2026-02-07T01:00,HYPE,32.314,32.314,31.967,31.967,1.25e-05,23670134.74,23623128.24,23623128.24,764625683.93724,755160540.448081,-0.00126284483333333,763077257.880561,6
146844,2026-02-07T01:10,HYPE,31.915,32.21,31.913,32.21,-4.4417e-06,23614549.7,23579575.36,23614549.7,760624645.837,760624645.837,-0.00078618464,768756362.4635,10
146845,2026-02-07T01:20,HYPE,32.116,32.287,32.028,32.123,8.19777e-06,23656471.28,23632834.82,23654120.58,763522573.70398,759841315.39134,-0.00023441908,727455330.984541,10
146846,2026-02-07T01:30,HYPE,32.253,32.253,31.888,31.888,1.25e-05,23653546.04,23632435.68,23632435.68,762897820.42812,753591108.96384,-0.00044321649,708444046.51658,10
146847,2026-02-07T01:40,HYPE,31.841,31.959,31.841,31.959,1.16269e-05,23636251.5,23616648.3,23636251.5,755390961.6885,755390961.6885,-0.00069474365,711423321.059858,10
146848,2026-02-07T01:50,HYPE,31.986,32.088,31.902,31.906,7.27169e-06,23664403.56,23638193.74,23660151.04,759282161.37984,754900779.08224,-0.00066658459,701186422.675229,10
146849,2026-02-07T02:00,HYPE,31.841,32.053,31.771,31.976,-1.607094e-05,23668939.88,23658419.46,23665459.66,758583230.95884,756726738.08816,-0.00043210194,684665955.91165,10
146850,2026-02-07T02:10,HYPE,31.903,31.903,31.716,31.716,1.93887e-06,23660629.86,23654747.64,23655246.0,754845074.42358,750249782.136,-0.0005476528,686008407.35459,10
146851,2026-02-07T02:20,HYPE,31.722,31.747,31.661,31.684,-3.23166e-06,23686388.2,23652230.44,23686388.2,751288203.25328,750479523.728801,-0.00079209144,680993364.234921,10
146852,2026-02-07T02:30,HYPE,31.633,31.633,31.559,31.559,-5.7311e-06,23731665.96,23702098.84,23730203.72,750187824.78288,748901499.19948,-0.0006363159,649549127.878242,10
146853,2026-02-07T02:40,HYPE,31.548,32.146,31.527,32.016,-8.53524e-06,23764993.92,23731919.58,23742977.64,763380312.332959,760155172.122239,-0.00060070385,653181695.83385,10
146854,2026-02-07T02:50,HYPE,32.162,32.449,32.162,32.435,-4.43895e-06,23736743.44,23717063.14,23721063.46,769757704.47914,769392693.325101,-0.00043661495,624205357.672429,10
146855,2026-02-07T03:00,HYPE,32.293,32.744,32.293,32.453,1.25e-05,23721379.34,23705320.24,23709618.82,776652259.505439,769448259.565459,-4.32375000000001e-06,606705405.452901,10
146856,2026-02-07T03:10,HYPE,32.429,32.561,32.394,32.561,1.25e-05,23728561.08,23719129.78,23723142.58,772449245.54738,772449245.54738,-0.00028359548,608473903.11949,10
146857,2026-02-07T03:20,HYPE,32.568,32.739,32.522,32.691,1.25e-05,23741689.32,23730898.4,23739043.52,777279166.647479,776053071.71232,-4.565224e-05,596670823.123819,10
146858,2026-02-07T03:30,HYPE,32.635,32.719,32.483,32.483,1.25e-05,23739379.62,23734309.28,23736988.8,776562865.33232,771048607.1904,-0.00021093364,589827027.971729,10
146859,2026-02-07T03:40,HYPE,32.521,32.556,32.232,32.232,1.25e-05,23743441.82,23736067.16,23741449.08,772751402.46096,765234386.746561,-0.00029153756,591251026.204531,10
146860,2026-02-07T03:50,HYPE,32.207,32.241,32.194,32.216,1.25e-05,23747157.28,23737319.12,23747157.28,765341725.10136,765038418.93248,-0.00014961636,584953531.78669,10
146861,2026-02-07T04:00,HYPE,32.259,32.615,32.212,32.615,1.25e-05,23754839.34,23744667.2,23750984.02,774638343.812299,774638343.812299,-7.017815e-05,581888726.94786,10
146862,2026-02-07T04:10,HYPE,32.717,32.901,32.717,32.901,1.25e-05,23769097.54,23748046.64,23757023.72,781629837.41172,781629837.41172,-9.886522e-05,584213673.43848,10
146863,2026-02-07T04:20,HYPE,32.904,32.956,32.64,32.71,1.25e-05,23759087.16,23732272.72,23732685.76,782934673.00048,776296151.2096,-0.00068140814,580946366.447519,10
146864,2026-02-07T04:30,HYPE,32.649,32.988,32.611,32.988,1.25e-05,23739072.7,23727515.26,23731763.44,782863412.358719,782863412.358719,-0.00022226798,578690124.978648,10
146865,2026-02-07T04:40,HYPE,32.988,33.031,32.861,32.876,1.25e-05,23728562.22,23714579.24,23714579.24,783527541.7405,779640507.09424,4.36567e-05,579952861.68882,10
146866,2026-02-07T04:50,HYPE,32.866,33.004,32.842,33.004,1.25e-05,23715657.3,23706778.72,23707320.58,782436408.42232,782436408.42232,2.251442e-05,575947143.227771,10
146867,2026-02-07T05:00,HYPE,33.027,33.114,32.923,32.923,1.25e-05,23701749.2,23694665.96,23701749.2,784644756.19272,780332688.911599,-5.785713e-05,571327297.912522,10
146868,2026-02-07T05:10,HYPE,32.92,33.227,32.92,33.034,1.25e-05,23723432.32,23705918.46,23720021.04,788258485.69664,783567175.03536,-0.00019507045,573366840.735629,10
146869,2026-02-07T05:20,HYPE,33.103,33.215,32.693,32.693,1.25e-05,23730699.8,23718552.8,23723957.74,788109257.936,775607350.39382,-0.00029459541,571150262.368769,10
146870,2026-02-07T05:30,HYPE,32.628,32.789,32.628,32.634,1.25e-05,23778488.98,23720868.28,23778488.98,778608568.005,775987209.37332,-0.00017376595,570425805.294369,10
146871,2026-02-07T05:40,HYPE,32.679,32.679,32.47,32.47,1.25e-05,23785434.28,23773093.5599999,23773093.5599999,777004737.98886,771912347.893198,-0.00028125553,571819055.86165,10
146872,2026-02-07T05:50,HYPE,32.477,32.646,32.477,32.497,1.25e-05,23792743.96,23782111.62,23782111.62,776737919.318159,772847281.315139,-0.00025148185,569077490.22653,10
146873,2026-02-07T06:00,HYPE,32.501,32.839,32.501,32.818,1.23497e-05,23809938.86,23782946.72,23809938.86,781662485.72392,781394573.50748,-0.00011794268,566308954.685729,10
146874,2026-02-07T06:10,HYPE,32.844,33.007,32.844,33.007,1.25e-05,23821508.94,23814429.94,23821145.86,786264561.401019,786264561.401019,-0.00018725103,566999458.503811,10
146875,2026-02-07T06:20,HYPE,33.011,33.196,33.011,33.06,1.25e-05,23820922.86,23789336.02,23789336.02,790382193.5952,786475448.8212,-0.0002273436,562736943.230112,10
146876,2026-02-07T06:30,HYPE,33.054,33.103,32.894,32.894,1.25e-05,23787396.16,23774511.66,23776111.68,787424048.87678,782091417.60192,-0.00036046766,558932893.985368,10
146877,2026-02-07T06:40,HYPE,32.813,32.986,32.797,32.949,1.25e-05,23771696.04,23753169.6,23753169.6,783656063.98808,782643185.1504,-0.00038550288,560055761.150789,10
146878,2026-02-07T06:50,HYPE,32.928,32.928,32.814,32.822,1.25e-05,23753898.92,23750276.2,23750276.2,782144562.20544,779531565.436399,-0.00053262736,550696617.15735,10
146879,2026-02-07T07:00,HYPE,32.868,33.114,32.868,33.022,1.25e-05,23767609.02,23748061.02,23767609.02,786819316.147319,784853985.058439,-0.00017006236,543867850.343319,10
146880,2026-02-07T07:10,HYPE,33.072,33.092,32.892,32.965,1.25e-05,23774235.9,23763685.42,23768922.94,786450190.15464,783542544.717099,-0.0003864032,544729006.716931,10
146881,2026-02-07T07:20,HYPE,32.96,33.094,32.878,33.086,1.25e-05,23768556.14,23759526.62,23760357.0,786406529.45072,786135171.702,-0.00041277701,540251999.788802,10
146882,2026-02-07T07:30,HYPE,33.07,33.204,33.07,33.156,1.25e-05,23764380.92,23758430.16,23760217.12,788874915.03264,787793758.830719,-0.00019633785,528965250.451541,10
146883,2026-02-07T07:40,HYPE,33.164,33.174,33.029,33.062,1.25e-05,23760666.14,23757272.64,23757272.64,788225075.95536,785462948.023679,-0.00040166696,529355543.951241,10
146884,2026-02-07T07:50,HYPE,32.959,33.006,32.746,32.788,1.25e-05,23754274.46,23737553.7,23737553.7,783956417.43924,778306910.715599,-0.00047422242,514170711.837391,10
146885,2026-02-07T08:00,HYPE,32.924,32.996,32.91,32.916,1.25e-05,23744837.14,23735752.38,23736825.14,783216563.67024,781321336.30824,-0.000160180177777778,510907055.023641,9
146886,2026-02-07T08:10,HYPE,32.947,32.947,32.371,32.683,7.42056e-06,23737744.38,23657166.74,23657166.74,782087464.08786,773187180.56342,-0.00070670396,515512013.297271,10
146887,2026-02-07T08:20,HYPE,32.764,32.831,32.683,32.684,2.56792e-06,23655241.34,23638379.08,23638379.08,776160332.937481,772596781.850719,-0.00077602078,514442293.151531,10
146888,2026-02-07T08:30,HYPE,32.728,32.744,32.586,32.721,8.5424e-07,23642956.06,23628442.12,23630239.5,774164953.22864,773205066.6795,-0.00014273571,513714325.222471,10
146889,2026-02-07T08:40,HYPE,32.928,33.197,32.928,33.085,2.06796e-06,23631504.38,23619401.1,23619401.1,784428227.33368,781447885.393499,-0.00057936128,516608697.443829,10
146890,2026-02-07T08:50,HYPE,33.118,33.118,32.972,32.977,-2.2201e-07,23623117.68,23616562.38,23616562.38,782267589.16948,778803377.605259,-0.00059132344,508981838.94919,10
146891,2026-02-07T09:00,HYPE,32.915,32.997,32.767,32.767,-3.4743e-06,23615468.32,23602387.4,23603238.72,778903736.97156,773407323.13824,-0.00049148943,494882626.5576,10
146892,2026-02-07T09:10,HYPE,32.792,32.965,32.792,32.88,-1.38327e-06,23604335.92,23602203.38,23602922.86,778073320.2485,776064103.636799,-0.00035973288,495542885.030319,10
146893,2026-02-07T09:20,HYPE,33.0,33.06,32.89,32.89,3.74094e-06,23607623.28,23591813.9,23602692.58,779945367.534,776292558.956199,-0.00034512639,489182438.482279,10
146894,2026-02-07T09:30,HYPE,32.87,32.895,32.635,32.692,3.68018e-06,23604647.14,23600250.42,23602404.72,776457764.9019,771609815.106239,-0.00056973372,483487587.040441,10
146895,2026-02-07T09:40,HYPE,32.735,32.999,32.735,32.915,4.2467e-06,23604115.82,23599215.4,23599215.4,778828388.60454,776768174.891,-0.00029844579,483972013.276139,10
146896,2026-02-07T09:50,HYPE,32.922,33.189,32.922,33.061,6.64818e-06,23607247.68,23598212.74,23605134.56,783459820.75296,780409353.68816,-0.00036534546,479029753.460339,10
146897,2026-02-07T10:00,HYPE,33.052,33.647,33.052,33.647,1.223226e-05,23607408.14,23511548.74,23511548.74,791093080.45478,791093080.45478,-0.00036222813,479020904.204131,10
146898,2026-02-07T10:10,HYPE,33.725,33.748,33.405,33.405,1.25e-05,23511915.42,23464428.4,23465112.3,793436810.08592,783852076.3815,-0.00031876546,482142247.460973,10
146899,2026-02-07T10:20,HYPE,33.37,33.489,33.37,33.372,1.25e-05,23471944.92,23460288.7,23471944.92,785661608.2743,783305745.870239,-0.00028255271,476355605.752972,10
146900,2026-02-07T10:30,HYPE,33.224,33.381,33.204,33.343,1.25e-05,23474825.1,23467788.12,23469209.6,783418201.6374,782533855.6928,-0.00032333174,471451408.866599,10
146901,2026-02-07T10:40,HYPE,33.289,33.343,33.004,33.004,1.25e-05,23466254.24,23449737.08,23449737.08,782425278.21446,773935122.58832,-0.00017631457,472773019.03232,10
146902,2026-02-07T10:50,HYPE,33.034,33.225,33.034,33.225,1.25e-05,23454653.78,23447257.78,23454653.78,779280871.840499,779280871.840499,-0.00019251847,469187301.58637,10
146903,2026-02-07T11:00,HYPE,33.262,33.309,32.99,33.016,1.25e-05,23469793.82,23459766.4,23469793.82,781518513.376439,774878712.761119,-9.366093e-05,468256791.940549,10
146904,2026-02-07T11:10,HYPE,33.044,33.307,33.044,33.27,1.25e-05,23470308.22,23467462.98,23470308.22,781683220.02198,780857154.4794,-0.00013812078,468734901.587169,10
146905,2026-02-07T11:20,HYPE,33.248,33.321,33.105,33.105,1.25e-05,23470391.84,23467770.24,23467770.24,781998462.80688,776900533.7952,-4.440827e-05,465624671.133969,10
146906,2026-02-07T11:30,HYPE,33.123,33.123,32.54,32.54,1.25e-05,23470708.82,23428828.06,23435629.82,777308115.21798,762595394.3428,-0.0003496136,465544386.64427,10
146907,2026-02-07T11:40,HYPE,32.556,32.6,32.509,32.591,1.25e-05,23442185.66,23430015.38,23438532.26,763890130.108,763885204.885661,-0.00036836689,466925526.189391,10
146908,2026-02-07T11:50,HYPE,32.667,32.84,32.639,32.828,1.25e-05,23443597.34,23435262.6,23440724.98,769628066.8248,769512119.64344,-0.00025795548,466595968.274611,10
146909,2026-02-07T12:00,HYPE,32.927,32.951,32.679,32.713,1.25e-05,23461064.48,23444134.3,23444134.3,773048980.43906,766927965.3559,-0.00018416222,463945771.69358,10
146910,2026-02-07T12:10,HYPE,32.681,32.766,32.611,32.766,1.25e-05,23461066.04,23440434.74,23461066.04,768725289.86664,768725289.86664,-0.00024693187,465282996.42626,10
146911,2026-02-07T12:20,HYPE,32.849,32.849,32.559,32.559,1.25e-05,23458006.8,23453596.66,23454340.16,770572065.3732,763649861.26944,-0.00017540009,463070295.29783,10
146912,2026-02-07T12:30,HYPE,32.525,32.672,32.525,32.567,1.25e-05,23466421.2,23447272.1,23466417.62,766660892.0928,764230822.63054,-0.00038099901,461231671.1693,10
146913,2026-02-07T12:40,HYPE,32.638,32.758,32.613,32.686,1.25e-05,23466917.56,23464974.18,23466702.26,768714159.0964,767032630.07036,-7.621577e-05,461606893.851191,10
146914,2026-02-07T12:50,HYPE,32.711,32.765,32.598,32.741,1.25e-05,23471906.4,23466630.84,23470654.38,769018934.368299,768452695.055579,2.042917e-05,459904829.809271,10
146915,2026-02-07T13:00,HYPE,32.724,33.032,32.724,32.988,1.25e-05,23468968.8,23455780.86,23456780.52,774834970.1416,773792275.79376,6.711884e-05,456630792.921331,10
146916,2026-02-07T13:10,HYPE,32.988,33.055,32.905,33.055,1.25e-05,23462202.0,23456455.9,23461907.6,775533355.718,775533355.718,0.0003210701,457588662.076511,9
146917,2026-02-07T13:20,HYPE,33.143,33.143,32.948,32.948,1.25e-05,23466143.68,23459323.54,23463692.4,777512360.08622,773081737.1952,-3.206089e-05,453985907.15863,10
146918,2026-02-07T13:30,HYPE,33.04,33.048,32.914,33.037,1.25e-05,23474645.58,23459103.32,23474624.2,775790087.12784,775531159.6954,-0.00015926359,452222830.148419,10
146919,2026-02-07T13:40,HYPE,33.019,33.019,32.693,32.693,1.25e-05,23477250.44,23445045.36,23445045.36,775096137.25894,766488867.95448,-0.00016509499,453631946.23953,10
146920,2026-02-07T13:50,HYPE,32.764,32.813,32.654,32.813,1.25e-05,23445088.2,23441248.02,23441959.72,769201024.29236,769201024.29236,-0.00021994503,452009777.05711,10
146921,2026-02-07T14:00,HYPE,32.813,33.037,32.813,33.037,1.25e-05,23444349.98,23440545.7,23440545.7,774484918.87128,774405308.2909,-3.372554e-05,447809701.24915,10
146922,2026-02-07T14:10,HYPE,32.998,32.998,32.677,32.773,1.25e-05,23441632.48,23432015.6,23437864.58,773526988.57504,768129135.88034,-0.00011189773,449028118.57291,10
146923,2026-02-07T14:20,HYPE,32.746,32.794,32.604,32.725,1.25e-05,23490469.04,23439671.46,23490469.04,768743566.08036,768725599.334,-0.000106321,443042063.25141,10
146924,2026-02-07T14:30,HYPE,32.74,32.74,32.43,32.43,1.25e-05,23494114.7,23486128.52,23489339.52,769089571.8668,761759280.633599,-0.00012655694,439311620.0931,10
146925,2026-02-07T14:40,HYPE,32.439,32.523,32.371,32.523,1.25e-05,23493200.6,23488105.64,23493200.6,764069363.1138,764069363.1138,6.092751e-05,439888713.152219,10
146926,2026-02-07T14:50,HYPE,32.536,32.536,32.367,32.453,1.25e-05,23490253.46,23479011.26,23479011.26,764267229.57648,761964352.42078,-1.605939e-05,429755366.073579,10
146927,2026-02-07T15:00,HYPE,32.546,32.624,32.546,32.554,1.25e-05,23487503.88,23472849.92,23474304.48,766038342.14784,764182508.04192,6.527835e-05,424939435.59331,10
146928,2026-02-07T15:10,HYPE,32.538,32.59,32.403,32.483,1.25e-05,23482219.38,23469828.6,23469828.6,765093836.5178,762370442.4138,3.991501e-05,425984366.693169,10
146929,2026-02-07T15:20,HYPE,32.472,32.502,32.413,32.413,1.25e-05,23485428.72,23470063.16,23484966.08,763305199.2372,761218205.551039,0.00011439471,417416197.127409,10
146930,2026-02-07T15:30,HYPE,32.366,32.37,32.113,32.147,1.25e-05,23485411.38,23476531.28,23485411.38,759962379.33348,754985519.632859,-7.321969e-05,404754088.51611,10
146931,2026-02-07T15:40,HYPE,32.323,32.457,32.272,32.273,1.25e-05,23491342.5,23483742.4,23488119.24,762458503.5225,758032072.23252,-0.00021831769,405787833.22981,10
146932,2026-02-07T15:50,HYPE,32.235,32.235,32.125,32.125,1.25e-05,23489585.22,23478239.08,23484400.1,757145863.6812,754436353.2125,-0.00011901935,397395305.14937,10
146933,2026-02-07T16:00,HYPE,32.145,32.377,32.145,32.329,1.25e-05,23519157.84,23487296.04,23519157.84,760662310.47166,760350853.80936,8.03503e-05,389126386.31761,10
146934,2026-02-07T16:10,HYPE,32.322,32.322,32.001,32.1,1.25e-05,23574308.34,23518297.46,23570065.26,760180479.31728,756599094.845999,0.00026362865,390615762.43069,10
146935,2026-02-07T16:20,HYPE,32.178,32.294,32.142,32.193,1.25e-05,23573757.26,23562539.22,23573757.26,760928641.570679,758909967.471179,0.00029508392,378107154.75832,10
146936,2026-02-07T16:30,HYPE,32.098,32.268,32.098,32.17,1.25e-05,23565252.28,23559284.44,23559284.44,760384512.77064,757902180.434801,0.00011632201,370301096.77462,10
146937,2026-02-07T16:40,HYPE,32.06,32.146,31.971,32.026,1.25e-05,23582646.92,23561338.08,23582646.92,757899613.4948,755257850.25992,0.00011475349,371695013.38936,10
146938,2026-02-07T16:50,HYPE,31.938,32.08,31.91,32.029,1.25e-05,23596605.42,23578382.48,23587126.08,756742542.0288,755472061.216321,0.0001292272,361918278.6435,10
146939,2026-02-07T17:00,HYPE,32.012,32.326,31.963,32.288,1.25e-05,23594633.36,23563632.52,23563632.52,762017443.854241,760822566.805761,0.000205382011111111,351703029.809981,9
146940,2026-02-07T17:10,HYPE,32.258,32.258,31.957,31.957,1.25e-05,23561673.2,23510962.56,23521516.74,760052454.0856,751677110.46018,0.000187630988888889,363386568.064751,9
146941,2026-02-07T17:20,HYPE,32.042,32.063,31.901,31.901,1.25e-05,23542347.14,23518317.68,23542347.14,754140369.3652,751024416.11314,-3.793542e-05,351117489.531359,10
146942,2026-02-07T17:30,HYPE,31.942,31.948,31.62,31.624,1.25e-05,23589842.34,23524702.68,23589842.34,751804496.90752,746005174.160159,1.779743e-05,346631946.648641,10
146943,2026-02-07T17:40,HYPE,31.64,31.64,31.327,31.327,1.25e-05,23678927.9,23588363.04,23678927.9,746335806.5856,741789774.3233,5.974201e-05,351963990.270699,10
146944,2026-02-07T17:50,HYPE,31.352,31.637,31.228,31.637,1.25e-05,23753824.76,23680421.66,23753824.76,751499753.93212,751499753.93212,0.00014942226,339106850.82163,10
146945,2026-02-07T18:00,HYPE,31.589,31.715,31.43,31.43,1.25e-05,23786354.4,23754146.58,23778307.92,754384229.796,747352217.9256,-0.00014962646,327932114.017181,10
146946,2026-02-07T18:10,HYPE,31.368,31.46,31.245,31.347,1.25e-05,23781627.5,23759950.98,23764301.52,748164644.7704,744939559.747439,-4.501703e-05,330105510.7155,10
146947,2026-02-07T18:20,HYPE,31.407,31.485,31.237,31.485,1.25e-05,23771083.9,23758091.48,23766034.56,748385034.4237,748273598.1216,2.697415e-05,324760128.807151,10
146948,2026-02-07T18:30,HYPE,31.452,31.633,31.374,31.633,1.25e-05,23766631.66,23762209.56,23765555.14,751775805.74362,751775805.74362,7.929965e-05,314825918.94498,10
146949,2026-02-07T18:40,HYPE,31.565,31.614,31.551,31.575,1.25e-05,23763255.76,23760688.18,23763255.76,751185295.16844,750324800.622,-9.907207e-05,315426527.5837,10
146950,2026-02-07T18:50,HYPE,31.674,31.674,31.535,31.608,1.25e-05,23771010.74,23762001.9,23771010.74,752650791.62364,751354107.469919,-0.00017903746,306362826.621809,10
146951,2026-02-07T19:00,HYPE,31.681,31.76,31.611,31.611,1.25e-05,23781477.64,23771517.06,23773283.84,755299729.846399,751497275.466239,-7.394844e-05,301766684.36512,10
146952,2026-02-07T19:10,HYPE,31.679,31.867,31.555,31.867,1.25e-05,23808790.82,23774950.44,23806556.46,758643534.710819,758643534.710819,-0.00023354645,303129793.33702,10
146953,2026-02-07T19:20,HYPE,31.83,31.936,31.814,31.826,1.25e-05,23810240.9,23793261.68,23793261.68,760089461.98528,757244346.22768,-0.00011338913,296597127.09818,10
146954,2026-02-07T19:30,HYPE,31.857,32.384,31.857,32.234,1.25e-05,23836189.86,23778718.44,23836189.86,771654358.8864,768335743.94724,-0.00010549494,295603113.21383,10
146955,2026-02-07T19:40,HYPE,32.274,32.484,32.274,32.396,1.25e-05,24006036.32,23867842.78,23897630.64,779812083.818879,774187642.21344,0.00015524312,303314761.67157,10
146956,2026-02-07T19:50,HYPE,32.447,32.485,32.339,32.339,1.25e-05,23984688.9,23920293.18,23979241.8,779142618.9165,775464700.570201,1.11571e-05,301109945.93489,10
146957,2026-02-07T20:00,HYPE,32.278,32.278,32.136,32.136,1.25e-05,23977920.64,23968014.72,23972469.52,773959322.41792,770379280.49472,-3.484656e-05,297632358.99776,10
146958,2026-02-07T20:10,HYPE,32.073,32.073,31.75,31.859,1.25e-05,23847775.46,23789092.04,23798393.76,764869702.32858,758193026.79984,-0.00046750835,305996251.092149,10
146959,2026-02-07T20:20,HYPE,31.791,31.791,31.668,31.668,1.25e-05,23801758.08,23796861.98,23798728.34,756590710.36584,753658129.07112,-0.00012448413,303530593.60421,10
146960,2026-02-07T20:30,HYPE,31.678,31.728,31.585,31.722,1.25e-05,23817088.34,23787905.66,23790076.08,754742670.78048,754668793.40976,-6.8622e-05,303488647.58027,10
146961,2026-02-07T20:40,HYPE,31.707,31.716,31.549,31.549,1.25e-05,23800740.12,23791647.34,23800740.12,754656523.06248,750889550.04588,-9.89093e-05,304037681.58599,10
146962,2026-02-07T20:50,HYPE,31.57,31.59,31.467,31.51,1.25e-05,23813541.16,23798018.38,23813541.16,751787559.6894,750364681.9516,-3.692422e-05,301734798.137461,10
146963,2026-02-07T21:00,HYPE,31.535,31.607,31.5,31.532,1.25e-05,23814842.1,23774686.42,23776308.28,752696651.44086,749714552.68496,0.00014719907,298200557.90096,10
146964,2026-02-07T21:10,HYPE,31.591,31.624,31.551,31.551,1.25e-05,23776571.34,23769134.86,23772247.94,751823640.398719,750038194.75494,2.372092e-05,298854397.13938,10
146965,2026-02-07T21:20,HYPE,31.563,31.864,31.554,31.864,1.25e-05,23823584.08,23772337.22,23823584.08,759114683.125119,759114683.125119,-3.834975e-05,287349353.34492,10
146966,2026-02-07T21:30,HYPE,31.793,31.921,31.772,31.903,1.25e-05,23863770.58,23823584.5,23863458.12,761690714.90192,761315904.402359,-0.00017846433,279686740.13424,10
146967,2026-02-07T21:40,HYPE,31.912,31.912,31.745,31.779,1.25e-05,23865170.9,23823826.56,23827800.74,761575037.67312,757223679.71646,9.596174e-05,281505714.007641,10
146968,2026-02-07T21:50,HYPE,31.83,31.925,31.823,31.848,1.25e-05,23830166.94,23827526.1,23830166.94,760738996.9745,758943156.705119,6.314694e-05,275269471.971531,10
146969,2026-02-07T22:00,HYPE,31.991,31.991,31.903,31.933,1.25e-05,23825780.0,23806690.96,23806690.96,762210527.98,760219062.42568,-1.90016e-06,270457714.439511,10
146970,2026-02-07T22:10,HYPE,31.919,32.035,31.87,31.892,1.25e-05,23806728.44,23788264.4,23788264.4,762382550.6413,758655328.2448,-0.00014413005,271119340.71129,10
146971,2026-02-07T22:20,HYPE,31.875,31.943,31.875,31.924,1.25e-05,23814042.64,23787642.98,23811371.06,760691964.04952,760154209.71944,6.58111e-05,268285795.82751,10
146972,2026-02-07T22:30,HYPE,31.903,31.971,31.899,31.971,1.25e-05,23803181.62,23793251.44,23793251.44,760694041.78824,760694041.78824,-3.86075e-05,265733149.13074,6
146973,2026-02-07T23:00,HYPE,31.667,31.804,31.667,31.804,1.25e-05,23759485.32,23757311.1,23759485.32,755646671.11728,755646671.11728,6.179358e-05,261388003.9622,5
146974,2026-02-07T23:10,HYPE,31.768,31.768,31.605,31.641,1.25e-05,23760372.3,23752422.92,23752422.92,754815587.0552,751550413.61172,0.00011951975,261845784.70953,10
146975,2026-02-07T23:20,HYPE,31.623,31.765,31.623,31.722,1.25e-05,23782774.24,23752449.96,23782774.24,755452766.8212,754437164.44128,0.00022974117,260870738.31085,10
146976,2026-02-07T23:30,HYPE,31.782,31.829,31.727,31.727,1.25e-05,23811295.06,23788569.34,23811107.08,757845403.22358,755454994.32716,0.00022751206,258928362.90269,10
146977,2026-02-07T23:40,HYPE,31.765,31.765,31.663,31.663,1.25e-05,23810963.54,23797195.18,23797195.18,756355256.8481,753490590.984339,7.087553e-05,259475087.88644,10
146978,2026-02-07T23:50,HYPE,31.706,31.736,31.565,31.578,1.25e-05,23825713.54,23810051.14,23823384.36,755686564.387359,752294831.32008,7.034906e-05,259005704.76214,10
173953,2026-02-08T00:00,HYPE,31.567,31.567,31.331,31.348,1.25e-05,23825697.42,23803011.74,23803200.22,752105790.45714,746182720.49656,-7.85301000000001e-06,256205458.01736,10
173954,2026-02-08T00:10,HYPE,31.347,31.347,31.209,31.209,1.25e-05,23837120.96,23798341.98,23837120.96,746236448.45838,743932708.04064,0.0003284484,258405904.08896,10
173955,2026-02-08T00:20,HYPE,31.152,31.177,31.065,31.075,1.25e-05,23918911.74,23862332.96,23918911.74,744885464.524838,743280182.320499,0.0004759291,259408045.88745,10
173956,2026-02-08T00:30,HYPE,31.093,31.231,31.03,31.214,1.25e-05,23976624.26,23931264.82,23976624.26,748633391.4868,748406349.651639,-1.632043e-05,260098300.4969,10
173957,2026-02-08T00:40,HYPE,31.185,31.318,31.165,31.318,1.25e-05,23993152.98,23972375.74,23993152.98,751417565.027641,751417565.027641,0.00039224375,260968332.071701,10
173958,2026-02-08T00:50,HYPE,31.283,31.505,31.283,31.461,1.25e-05,23999734.9,23979315.34,23979873.64,755877108.421899,754430804.588039,0.0005481408,259103035.94843,10
173959,2026-02-08T01:00,HYPE,31.401,31.516,31.401,31.41,1.25e-05,23977259.24,23961354.42,23968597.8,755180835.09888,752853656.897999,0.00026373769,248391790.15977,10
173960,2026-02-08T01:10,HYPE,31.488,31.528,31.372,31.372,1.25e-05,23995741.02,23969422.96,23995741.02,756201967.964799,752794387.27944,0.00035134338,249337478.57604,10
173961,2026-02-08T01:20,HYPE,31.348,31.348,31.226,31.226,1.25e-05,23999026.2,23989974.1,23990216.42,752256355.37112,749118497.93092,0.00023430305,246181523.60124,10
173962,2026-02-08T01:30,HYPE,31.254,31.335,31.201,31.325,1.25e-05,24005996.38,23989604.88,23996015.86,751870743.3708,751675196.8145,0.00045032345,243369831.20259,10
173963,2026-02-08T01:40,HYPE,31.25,31.258,31.128,31.258,1.25e-05,24007942.56,23998308.94,23998308.94,750169948.15212,750139140.846519,0.00021555036,244516375.07084,10
173964,2026-02-08T01:50,HYPE,31.264,31.394,31.223,31.394,1.25e-05,24024659.3,23993895.08,24024659.3,754230154.064201,754230154.064201,0.00034024235,242211580.8765,10
173965,2026-02-08T02:00,HYPE,31.452,31.904,31.452,31.869,4.049271e-05,24098261.9,24040123.0,24098261.9,768807599.672319,767987508.491099,0.00065419782,244114001.84916,10
173966,2026-02-08T02:10,HYPE,31.848,31.848,31.607,31.64,2.624575e-05,24135418.06,24088745.48,24134908.38,767509622.19072,763628501.1432,0.00030959125,246169818.37648,10
173967,2026-02-08T02:20,HYPE,31.63,31.654,31.587,31.636,1.300591e-05,24150937.8,24132703.48,24150937.8,764239221.89416,764039068.2408,0.00031632448,243246219.17627,10
173968,2026-02-08T02:30,HYPE,31.657,31.943,31.657,31.935,1.25e-05,24166055.1,24154252.0,24165161.64,771936298.0593,771714436.9734,0.00055077553,240333160.74873,10
173969,2026-02-08T02:40,HYPE,31.945,31.945,31.736,31.736,1.25e-05,24170571.52,24161629.62,24162194.4,771970384.6162,766811401.4784,0.00031267332,241029251.753881,10
173970,2026-02-08T02:50,HYPE,31.767,31.841,31.71,31.757,1.25e-05,24164047.14,24158759.42,24158759.42,769343623.8994,767209722.90094,0.00041426357,236369471.78602,10
173971,2026-02-08T03:00,HYPE,31.754,31.863,31.727,31.727,1.25e-05,24161332.98,24158262.2,24161306.24,769842926.29218,766565763.07648,0.00040927243,231920738.13427,10
173972,2026-02-08T03:10,HYPE,31.74,31.74,31.612,31.679,1.25e-05,24161177.92,24158504.28,24160744.66,766875787.1808,765388230.084139,8.145791e-05,232382156.23059,10
173973,2026-02-08T03:20,HYPE,31.784,31.804,31.659,31.685,1.25e-05,24172559.0,24158722.22,24172559.0,768358298.65504,765907531.914999,0.00041050971,230727536.99226,10
173974,2026-02-08T03:30,HYPE,31.718,31.718,31.324,31.324,1.25e-05,24177872.62,24097834.92,24097834.92,766721700.6912,754840581.03408,0.00019832529,232148783.9538,10
173975,2026-02-08T03:40,HYPE,31.29,31.29,31.188,31.22,1.25e-05,24094673.1,24088510.48,24090325.44,753904591.1334,752099960.2368,8.199505e-05,233496315.41836,10
173976,2026-02-08T03:50,HYPE,31.294,31.294,31.148,31.262,1.25e-05,24097014.08,24089560.76,24093351.52,753915921.1072,753206355.218239,0.00023889552,232132513.129,10
173977,2026-02-08T04:00,HYPE,31.323,31.361,31.251,31.251,1.392325e-05,24101727.64,24091863.78,24101430.1,755577763.68162,753193792.055099,0.00033192239,229807452.40118,10
173978,2026-02-08T04:10,HYPE,31.241,31.293,31.189,31.221,1.25e-05,24105494.84,24098959.54,24098959.54,754254450.49896,752393615.79834,0.00024864516,230289113.3017,10
173979,2026-02-08T04:20,HYPE,31.247,31.247,31.136,31.136,1.25e-05,24098241.78,24086096.38,24086096.38,752957497.89028,749944696.887681,5.604556e-05,227866917.46129,10
173980,2026-02-08T04:30,HYPE,31.183,31.199,31.126,31.127,1.25e-05,24086158.0,24079519.62,24082133.74,751460952.24508,749604576.924979,0.00010092121,226531031.04664,10
173981,2026-02-08T04:40,HYPE,31.076,31.459,31.04,31.385,1.25e-05,24139839.78,24091095.3,24124427.68,758912587.87078,757145162.7368,0.00029794047,230012943.14426,10
173982,2026-02-08T04:50,HYPE,31.375,31.375,31.27,31.357,1.25e-05,24123688.48,24118114.42,24118114.42,756868432.7075,756271713.86794,5.324874e-05,228557077.00059,10
173983,2026-02-08T05:00,HYPE,31.326,31.383,31.254,31.369,1.25e-05,24119403.72,24107534.12,24107534.12,756939246.94476,756229237.810279,0.00012314354,227062782.88934,10
173984,2026-02-08T05:10,HYPE,31.433,31.522,31.38,31.391,1.25e-05,24107915.74,24090267.06,24090727.42,759664947.76508,756232024.44122,0.0004469794,228062377.75701,10
173985,2026-02-08T05:20,HYPE,31.383,31.641,31.359,31.641,1.25e-05,24111380.82,24085797.54,24111380.82,762908200.52562,762908200.52562,0.0002831413,225373899.56876,10
173986,2026-02-08T05:30,HYPE,31.673,31.673,31.458,31.497,1.25e-05,24107749.06,24099225.78,24104940.66,763552193.46938,759233315.968019,-6.792634e-05,223267871.30666,10
173987,2026-02-08T05:40,HYPE,31.458,31.616,31.458,31.616,1.25e-05,24108889.48,24104444.12,24106577.72,762153561.195519,762153561.195519,0.00014164259,223555766.34173,10
173988,2026-02-08T05:50,HYPE,31.591,31.596,31.463,31.488,1.25e-05,24106451.64,24099082.92,24099082.92,761667446.01744,758831922.984959,0.0001650199,221823915.66192,10
173989,2026-02-08T06:00,HYPE,31.534,31.548,31.457,31.532,1.25e-05,24103115.18,24097594.64,24097594.64,760375220.04048,759845354.18848,0.00016516281,220885495.50625,10
173990,2026-02-08T06:10,HYPE,31.619,31.852,31.619,31.852,1.25e-05,24145504.26,24097226.32,24131837.6,768744564.62988,768647291.2352,0.00027598157,223210978.01509,10
173991,2026-02-08T06:20,HYPE,31.737,31.737,31.622,31.644,1.25e-05,24133769.86,24129884.22,24129884.22,765933454.04682,763566056.25768,0.00010360348,221932470.62127,10
173992,2026-02-08T06:30,HYPE,31.608,31.626,31.476,31.626,1.25e-05,24129980.12,24112777.5,24112777.5,762777097.334459,762590701.214999,0.00025166366,221412354.65103,10
173993,2026-02-08T06:40,HYPE,31.633,31.66,31.538,31.538,1.25e-05,24119673.22,24112181.24,24113267.74,763628854.1452,760484237.98412,0.00047839262,222211565.775909,10
173994,2026-02-08T06:50,HYPE,31.536,31.552,31.487,31.487,1.25e-05,24122370.14,24109590.82,24121298.14,761092820.70528,759507314.53418,0.00010194511,221883576.21655,10
173995,2026-02-08T07:00,HYPE,31.503,31.54,31.348,31.371,1.25e-05,24130323.34,24119914.8,24130323.34,760742112.792,756992373.499139,0.00038147777,220653934.786069,10
173996,2026-02-08T07:10,HYPE,31.351,31.429,31.323,31.429,1.25e-05,24150782.6,24130426.06,24150753.92,759034044.95168,759034044.95168,0.00064322599,221281602.68411,10
173997,2026-02-08T07:20,HYPE,31.448,31.455,31.205,31.205,1.25e-05,24160071.0,24149850.02,24160071.0,759791874.9618,753915015.555,0.0003195921,220315321.3716,10
173998,2026-02-08T07:30,HYPE,31.203,31.203,31.048,31.104,1.25e-05,24162160.52,24125189.58,24138185.28,753881764.58982,750794114.949119,0.00022618259,222416270.82552,10
173999,2026-02-08T07:40,HYPE,31.118,31.126,31.03,31.126,1.25e-05,24137138.06,24105586.58,24109610.32,751099462.15108,750435730.82032,0.0001031823,224144742.05424,10
174000,2026-02-08T07:50,HYPE,31.059,31.059,30.527,30.728,1.25e-05,24115908.3,23880026.74,23880026.74,749015995.8897,733785461.666721,-0.00012349945,235736349.6078,10
174001,2026-02-08T08:00,HYPE,30.822,30.924,30.765,30.892,1.25e-05,23899099.64,23871122.4,23886645.5,738190589.0976,737906252.785999,0.00011060339,235949206.89368,10
174002,2026-02-08T08:10,HYPE,30.937,31.171,30.937,31.147,1.25e-05,23881183.46,23869473.76,23877156.84,744040228.00212,743701804.095479,0.00013592134,237630724.98902,10
174003,2026-02-08T08:20,HYPE,31.087,31.141,30.976,30.976,1.25e-05,23877130.42,23860646.0,23869405.46,743295503.71538,739378703.52896,0.0001597947,234391020.19988,10
174004,2026-02-08T08:30,HYPE,30.923,31.027,30.821,31.007,1.25e-05,23861912.04,23853041.12,23855410.84,740142375.721519,739684723.91588,0.00011747741,232247929.0439,10
174005,2026-02-08T08:40,HYPE,31.034,31.079,30.961,31.041,1.25e-05,23855346.4,23852095.5,23852118.18,741322773.01166,740393600.425379,8.083645e-05,232589440.73239,10
174006,2026-02-08T08:50,HYPE,31.044,31.091,30.909,30.978,1.25e-05,23855070.12,23852036.48,23853889.18,741673155.42498,738945779.018039,0.00013368881,231281150.72059,10
174007,2026-02-08T09:00,HYPE,31.018,31.214,31.003,31.085,1.25e-05,23852498.64,23827022.26,23827022.26,744081222.31984,740662986.952099,0.0001286562,230803336.02848,10
174008,2026-02-08T09:10,HYPE,31.011,31.011,30.76,30.76,1.25e-05,23836896.74,23818039.72,23836896.74,738940709.42046,733222943.7224,-5.60073e-05,231930255.11644,10
174009,2026-02-08T09:20,HYPE,30.788,31.589,30.788,31.529,1.25e-05,23961110.4,23833303.94,23961110.4,756496382.431698,755469849.801599,0.00010822126,237214188.739541,10
174010,2026-02-08T09:30,HYPE,31.455,31.606,31.401,31.529,1.25e-05,23966816.42,23944747.28,23959426.14,757495199.770519,755416746.768059,0.00027861522,238163966.69928,10
174011,2026-02-08T09:40,HYPE,31.481,31.481,31.291,31.471,1.25e-05,23962521.8,23933058.18,23937006.94,754282301.96352,753321545.408739,7.00537e-05,239829461.80305,10
174012,2026-02-08T09:50,HYPE,31.387,31.53,31.345,31.47,1.25e-05,23941380.78,23932095.24,23932095.24,754681461.271799,753143037.202799,0.00014754677,239847669.94835,10
174013,2026-02-08T10:00,HYPE,31.512,31.982,31.51,31.937,1.25e-05,24004136.5,23930624.76,24001530.78,767573628.832,766536888.52086,0.00043332649,237433003.90665,10
174014,2026-02-08T10:10,HYPE,31.959,31.959,31.74,31.782,1.25e-05,24005383.96,23942806.78,23942869.1,767188065.97764,760952265.7362,1.906571e-05,239647435.52068,10
174015,2026-02-08T10:20,HYPE,31.716,31.789,31.692,31.739,1.25e-05,23943901.38,23931969.9,23931969.9,760904463.32406,759576792.6561,6.93994e-05,237917148.11089,10
174016,2026-02-08T10:30,HYPE,31.792,31.792,31.612,31.612,1.25e-05,23934554.4,23929111.06,23934554.4,760760467.10336,756619133.692799,3.810117e-05,238250815.84997,10
174017,2026-02-08T10:40,HYPE,31.652,31.652,31.526,31.599,1.25e-05,23934376.02,23898105.12,23898105.12,757570869.78504,755156223.68688,-8.579149e-05,239817670.88603,10
174018,2026-02-08T10:50,HYPE,31.632,31.632,31.545,31.607,1.25e-05,23897292.88,23891430.42,23891441.84,755919168.38016,755136802.236879,-1.291818e-05,238313465.89832,10
174019,2026-02-08T11:00,HYPE,31.622,31.836,31.622,31.782,1.25e-05,23891188.56,23886044.66,23887789.9,760527066.880559,759201738.601799,0.00023952324,237156716.31673,10
174020,2026-02-08T11:10,HYPE,31.801,31.814,31.593,31.593,1.25e-05,23891917.78,23885602.6,23888814.32,759935246.9404,754719310.811759,7.43444e-06,237836046.359241,10
174021,2026-02-08T11:20,HYPE,31.621,31.621,31.392,31.494,1.25e-05,23889185.38,23872576.44,23878464.22,755399930.90098,752028352.14468,3.81520000000001e-06,238241623.10065,10
174022,2026-02-08T11:30,HYPE,31.465,31.579,31.465,31.579,1.25e-05,23878171.12,23871034.76,23871778.48,753846892.619919,753846892.619919,5.92677e-05,234197801.28668,10
174023,2026-02-08T11:40,HYPE,31.537,31.628,31.537,31.628,1.25e-05,23868102.06,23864964.54,23866475.62,754848890.90936,754848890.90936,-7.150383e-05,234587166.22488,10
174024,2026-02-08T11:50,HYPE,31.663,31.803,31.663,31.684,1.25e-05,23865232.04,23848893.56,23848893.56,758614137.70848,755628343.55504,6.693103e-05,234173407.2177,10
174025,2026-02-08T12:00,HYPE,31.669,31.725,31.643,31.671,1.25e-05,23858572.82,23848538.8,23858572.82,756874622.272499,755624859.782219,0.00010006075,232189933.0387,10
174026,2026-02-08T12:10,HYPE,31.658,32.049,31.658,31.955,1.25e-05,23866986.6,23857624.2,23864173.24,764671262.80734,762579655.8842,7.071614e-05,234543841.353739,10
174027,2026-02-08T12:20,HYPE,31.901,32.048,31.852,31.931,1.25e-05,23836359.76,23792522.94,23792522.94,763535482.2416,759719049.997139,-3.128911e-05,237378431.01006,10
174028,2026-02-08T12:30,HYPE,31.956,32.005,31.854,31.882,1.25e-05,23793435.12,23784873.66,23789072.16,761249634.5131,758443198.60512,-2.189981e-05,236701302.23357,10
174029,2026-02-08T12:40,HYPE,31.805,31.846,31.756,31.802,1.25e-05,23801531.02,23789854.46,23801531.02,757950530.01324,756936289.49804,-0.00022797727,237398133.23811,10
174030,2026-02-08T12:50,HYPE,31.804,32.077,31.804,32.074,1.25e-05,23799976.66,23790953.26,23792090.18,763149261.93438,763107500.433319,-5.614848e-05,239263856.86921,10
174031,2026-02-08T13:00,HYPE,32.062,32.139,31.951,31.965,1.25e-05,23792628.44,23780043.14,23791136.14,764649223.29522,760483666.715099,-3.127119e-05,239024897.78617,10
174032,2026-02-08T13:10,HYPE,31.921,31.923,31.8,31.8,1.25e-05,23802920.0,23792679.96,23802920.0,759593758.67226,756932855.999999,4.77014e-05,240005482.14778,10
174033,2026-02-08T13:20,HYPE,31.801,31.872,31.736,31.872,1.25e-05,23810776.74,23802809.78,23810776.74,758897076.25728,758897076.25728,8.563152e-05,239040438.84448,10
174034,2026-02-08T13:30,HYPE,31.844,31.845,31.656,31.656,1.25e-05,23808899.76,23783588.72,23783588.72,758164951.7739,752893284.520321,-0.00016840215,238667621.32244,10
174035,2026-02-08T13:40,HYPE,31.574,31.574,31.302,31.459,1.25e-05,23756273.58,23697136.96,23708933.84,750080582.01492,745859349.67256,-0.00038308104,244128913.70062,10
174036,2026-02-08T13:50,HYPE,31.389,31.535,31.386,31.535,1.25e-05,23705839.98,23701612.1,23705839.98,747563663.769299,747563663.769299,-0.00035191665,243857869.36116,10
174037,2026-02-08T14:00,HYPE,31.506,31.532,31.37,31.37,2.78233e-06,23713019.16,23706318.6,23713019.16,747519070.33712,743877411.049199,-0.00040564086,242937896.79843,10
174038,2026-02-08T14:10,HYPE,31.441,31.576,31.414,31.576,1.27082e-06,23724653.22,23713496.2,23724653.22,749129650.074719,749129650.074719,-0.00044045918,243695491.86634,10
174039,2026-02-08T14:20,HYPE,31.571,31.72,31.567,31.61,6.86673e-06,23729763.14,23692281.18,23692766.94,751923488.159998,748928362.9734,-0.00039855162,244256947.68306,10
174040,2026-02-08T14:30,HYPE,31.596,31.625,31.529,31.529,1.004789e-05,23700442.36,23692626.28,23700442.36,749363666.424999,747251247.168439,-0.00044744926,243343172.23319,10
174041,2026-02-08T14:40,HYPE,31.551,31.627,31.512,31.612,9.16005e-06,23700678.5,23690953.48,23691687.36,749338121.35536,748941620.82432,-0.00046653328,244092800.72184,10
174042,2026-02-08T14:50,HYPE,31.649,31.802,31.631,31.756,1.053924e-05,23718722.16,23691136.76,23712957.08,754236909.024359,753028665.032479,-0.00031300637,244953628.21431,10
174043,2026-02-08T15:00,HYPE,31.728,31.815,31.651,31.651,1.25e-05,23727168.18,23714762.86,23726396.28,754771602.563999,750964168.65828,-0.00023070771,244452536.1317,10
174044,2026-02-08T15:10,HYPE,31.678,31.696,31.589,31.589,1.25e-05,23727894.04,23722682.04,23727894.04,751992535.0672,749540444.829559,-0.00023831205,244903059.81753,10
174045,2026-02-08T15:20,HYPE,31.559,31.635,31.509,31.635,1.25e-05,23723199.24,23710498.54,23710498.54,750081621.3129,750081621.3129,-0.00038563779,244296891.67647,10
174046,2026-02-08T15:30,HYPE,31.619,31.683,31.608,31.667,1.25e-05,23711514.66,23708397.1,23710777.3,751211246.872019,750849184.7591,-0.0003039138,241867791.01045,10
174047,2026-02-08T15:40,HYPE,31.656,31.656,31.446,31.446,1.25e-05,23718214.02,23710306.28,23718214.02,750588365.57568,745842958.07292,-0.00033752997,242603960.72091,10
174048,2026-02-08T15:50,HYPE,31.552,31.552,31.449,31.474,1.25e-05,23722719.52,23718322.52,23722719.52,748364865.696,746648874.17248,-0.00032344953,241669926.22337,10
174049,2026-02-08T16:00,HYPE,31.447,31.688,31.447,31.558,1.181692e-05,23723628.06,23719259.34,23719259.34,751740785.04912,748532386.25172,-0.00042282842,239967193.4883,10
174050,2026-02-08T16:10,HYPE,31.563,31.6,31.43,31.435,3.68823e-06,23720267.64,23708314.56,23708314.56,749486874.928,745270868.193599,-0.00063028119,241135546.89519,10
174051,2026-02-08T16:20,HYPE,31.511,31.511,31.132,31.157,-9.6058e-07,23714977.9,23685158.74,23685158.74,747071604.7778,737958490.862179,-0.0004468786,243630053.78444,10
174052,2026-02-08T16:30,HYPE,31.13,31.365,31.122,31.365,-4.61381e-06,23674035.28,23659264.24,23659357.56,742075749.869399,742075749.869399,-0.00066717319,243395739.30029,10
174053,2026-02-08T16:40,HYPE,31.339,31.493,31.339,31.452,-4.61572e-06,23662303.32,23656895.5,23656895.5,745032695.68882,744056677.266,-0.0005421776,243999507.81075,10
174054,2026-02-08T16:50,HYPE,31.456,31.595,31.456,31.595,-2.86039e-06,23660167.34,23655821.4,23658387.36,747486748.6392,747486748.6392,-0.00046849095,241821500.6476,10
174055,2026-02-08T17:00,HYPE,31.561,31.716,31.457,31.457,7.74454e-06,23657811.48,23641769.98,23641769.98,750054288.517919,743699158.260859,-0.00051646428,231759642.77769,10
174056,2026-02-08T17:10,HYPE,31.426,31.84,31.426,31.84,6.13316e-06,23650496.56,23637310.72,23642548.1,752778731.504,752778731.504,-0.00045026202,233176705.48046,10
174057,2026-02-08T17:20,HYPE,31.92,31.93,31.811,31.864,1.069176e-05,23633215.32,23626619.78,23633215.32,754597514.8332,753048772.95648,-0.00030789122,228905117.03212,10
174058,2026-02-08T17:30,HYPE,31.833,31.833,31.669,31.708,1.25e-05,23631446.82,23612248.62,23615264.68,752258177.29854,748792812.473439,-0.00031602131,223469014.15278,10
174059,2026-02-08T17:40,HYPE,31.624,31.758,31.624,31.638,1.245552e-05,23611176.7,23598019.66,23598019.66,749558979.46356,746594146.00308,-0.0002600853,225012800.16333,10
174060,2026-02-08T17:50,HYPE,31.766,31.837,31.706,31.791,1.25e-05,23595188.06,23583506.7,23586271.32,750893981.20178,749831151.53412,-0.00063000389,221123163.139,10
174061,2026-02-08T18:00,HYPE,31.725,32.218,31.725,32.218,1.25e-05,23629928.7800001,23586536.2,23629928.7800001,761309045.434042,761309045.434042,-0.00043060065,223908519.176641,10
174062,2026-02-08T18:10,HYPE,32.228,32.421,32.174,32.334,1.25e-05,23650955.78,23608849.18,23608849.18,766078812.481439,763368529.386119,-0.00012876001,230137283.32482,10
174063,2026-02-08T18:20,HYPE,32.33,32.4,32.125,32.149,1.25e-05,23597390.38,23517746.54,23517746.54,763649307.792,756072033.514459,-0.00033837645,230815512.36099,10
174064,2026-02-08T18:30,HYPE,32.156,32.298,32.081,32.297,1.25e-05,23518213.26,23468759.22,23472359.76,758134297.488961,758086803.168721,-0.00022659736,233071910.8875,10
174065,2026-02-08T18:40,HYPE,32.234,32.234,32.057,32.057,1.25e-05,23474284.7,23464628.4,23468846.08,756670093.0198,752340798.78656,-0.00034462881,234496000.10545,10
174066,2026-02-08T18:50,HYPE,32.08,32.274,32.08,32.266,1.25e-05,23480542.94,23469123.1,23479934.94,757777242.285359,757603580.77404,-0.00040243586,234950828.26483,10
174067,2026-02-08T19:00,HYPE,32.247,32.459,32.247,32.413,1.25e-05,23496212.62,23478005.16,23496212.62,762424074.491239,761582739.652061,-2.022751e-05,235562183.67711,10
174068,2026-02-08T19:10,HYPE,32.46,32.46,32.295,32.35,1.25e-05,23498478.7,23488065.16,23494603.6,762712001.3124,760050426.46,-0.00010831563,236765400.57982,10
174069,2026-02-08T19:20,HYPE,32.299,32.359,32.299,32.345,1.25e-05,23501259.42,23495180.92,23495561.78,760367810.90352,759963945.7741,-4.642911e-05,235408230.80256,10
174070,2026-02-08T19:30,HYPE,32.396,32.842,32.396,32.655,1.25e-05,23496326.48,23405040.58,23419433.56,769375153.145041,764761602.9018,1.213639e-05,229935945.86596,10
174071,2026-02-08T19:40,HYPE,32.648,32.815,32.648,32.657,1.25e-05,23420169.18,23414076.16,23418982.62,768483591.0763,764793715.42134,-0.00024812251,231164913.08256,10
174072,2026-02-08T19:50,HYPE,32.604,32.648,32.538,32.579,1.25e-05,23424011.28,23404606.04,23409738.38,764263379.42416,762665866.68202,-3.953101e-05,228859443.02718,10
174073,2026-02-08T20:00,HYPE,32.588,32.69,32.588,32.68,1.25e-05,23424357.38,23410706.76,23423462.9,765742242.7522,765478767.571999,0.00021985815,221250523.50321,10
174074,2026-02-08T20:10,HYPE,32.621,32.661,32.581,32.581,1.25e-05,23422908.94,23416476.16,23416476.16,764892051.423299,762932209.768959,-3.498117e-05,221786131.66664,10
174075,2026-02-08T20:20,HYPE,32.627,32.653,32.547,32.57,1.25e-05,23416078.22,23412119.02,23412119.02,764564178.847639,762532716.481398,-6.020651e-05,220601548.5809,10
174076,2026-02-08T20:30,HYPE,32.672,32.679,32.561,32.668,1.25e-05,23418716.78,23392804.96,23393213.2,765136314.63616,764209488.8176,-0.00012279866,219377472.25265,10
174077,2026-02-08T20:40,HYPE,32.671,32.781,32.629,32.781,1.25e-05,23393250.46,23388553.88,23389138.8,766719359.002799,766719359.002799,-0.00010888085,220045459.6097,10
174078,2026-02-08T20:50,HYPE,32.873,32.952,32.739,32.739,1.25e-05,23418877.24,23390935.42,23418877.24,771373890.618719,766710621.960359,-0.00034597252,220471140.89247,10
174079,2026-02-08T21:00,HYPE,32.695,32.72,32.526,32.559,1.25e-05,23419539.62,23391876.14,23396204.12,766154805.3152,761757009.943079,-9.391669e-05,220031426.85808,10
174080,2026-02-08T21:10,HYPE,32.62,32.872,32.62,32.872,1.25e-05,23422825.46,23396156.26,23422825.46,769955118.52112,769955118.52112,2.345185e-05,221196434.40003,10
174081,2026-02-08T21:20,HYPE,32.787,32.788,32.73,32.741,1.25e-05,23409419.54,23404252.38,23409419.54,767417796.891761,766447805.15914,6.13245e-06,219945208.66827,10
174082,2026-02-08T21:30,HYPE,32.74,32.767,32.658,32.658,1.25e-05,23409620.32,23400031.68,23400482.12,766794548.02356,764212945.07496,-0.00023673839,218151580.94193,10
174083,2026-02-08T21:40,HYPE,32.659,32.676,32.503,32.503,1.25e-05,23402221.08,23390473.02,23390473.02,764628611.90352,760260544.56906,-0.00031733005,219112082.44761,10
174084,2026-02-08T21:50,HYPE,32.487,32.487,32.322,32.344,1.25e-05,23390582.4,23349211.02,23371499.08,759889850.4288,755927766.243519,-0.00061333098,221319139.41531,10
174085,2026-02-08T22:00,HYPE,32.313,32.519,32.313,32.512,5.88731e-06,23400881.4,23373589.86,23395428.26,760824621.1495,760632163.58912,-0.00034664494,221894818.69508,10
174086,2026-02-08T22:10,HYPE,32.512,32.576,32.43,32.439,1.25e-05,23399243.22,23394921.32,23398248.2,762112956.92032,759015773.3598,-0.00027991077,222364246.02356,10
174087,2026-02-08T22:20,HYPE,32.407,32.476,32.407,32.426,1.25e-05,23404653.98,23397824.98,23403415.38,759894953.6072,758879147.111881,-9.64505e-05,221712967.6993,10
174088,2026-02-08T22:30,HYPE,32.397,32.397,32.121,32.188,1.25e-05,23403891.62,23394281.96,23401866.76,758215876.81314,753259287.27088,-0.00021649763,221283014.34912,10
174089,2026-02-08T22:40,HYPE,32.216,32.293,32.16,32.245,1.25e-05,23408352.48,23400466.96,23408352.48,755881915.1528,754802325.7176,-0.00026754401,222101136.27166,10
174090,2026-02-08T22:50,HYPE,32.173,32.189,32.073,32.189,1.25e-05,23416254.94,23388111.36,23416254.94,753745830.263659,753745830.263659,-0.00028513618,222836619.46502,10
174091,2026-02-08T23:00,HYPE,32.188,32.188,32.117,32.124,1.25e-05,23427594.98,23408370.02,23408370.02,753737723.90904,751970478.522479,-0.00037427022,223405342.307479,10
174092,2026-02-08T23:10,HYPE,32.136,32.292,32.096,32.292,1.25e-05,23436529.7,23403658.28,23435154.24,756768000.718079,756768000.718079,-0.0001820571,225424049.80334,10
174093,2026-02-08T23:20,HYPE,32.275,32.347,32.243,32.341,1.25e-05,23459757.52,23433473.54,23459757.52,758771513.07216,758712017.95432,-0.00014024075,225375858.253269,10
174094,2026-02-08T23:30,HYPE,32.342,32.398,32.342,32.398,1.25e-05,23468605.24,23457390.08,23458517.18,760009039.59764,760009039.59764,-0.00014697688,225777726.84598,10
174095,2026-02-08T23:40,HYPE,32.383,32.4,32.292,32.33,1.25e-05,23457870.92,23446138.44,23447979.72,759992289.984,758073184.347599,-0.00020617719,226327425.17935,10
174096,2026-02-08T23:50,HYPE,32.322,32.359,32.271,32.332,1.25e-05,23461176.2,23448180.24,23460065.28,759180200.6558,758510830.632959,-0.00015498661,225288802.8899,10
201313,2026-02-09T00:00,HYPE,32.418,33.007,32.418,32.936,1.25e-05,23480225.2,23420404.16,23480225.2,774464697.530419,773344697.187199,-0.00013423398,227752146.34461,10
201314,2026-02-09T00:10,HYPE,32.788,32.788,32.519,32.519,1.25e-05,23512512.36,23490093.72,23510491.14,770193192.89136,764537661.381659,-9.88701e-06,231094805.573071,10
201315,2026-02-09T00:20,HYPE,32.617,32.617,32.349,32.511,1.25e-05,23517515.38,23509011.72,23514460.48,766793435.27124,764478624.665279,-0.00018345531,227327603.50801,10
201316,2026-02-09T00:30,HYPE,32.407,32.474,32.156,32.156,1.25e-05,23551105.58,23514341.8,23542992.78,763680945.596399,757048475.833678,-0.00011913054,227000496.09857,10
201317,2026-02-09T00:40,HYPE,32.149,32.506,32.149,32.506,1.25e-05,23538210.48,23530156.64,23538210.48,765133069.86288,765133069.86288,-0.00037820139,228979518.27867,10
201318,2026-02-09T00:50,HYPE,32.493,32.515,32.341,32.445,1.25e-05,23539419.78,23502374.62,23505283.3,765010427.4001,762628916.6685,-9.916004e-05,229180801.58313,10
201319,2026-02-09T01:00,HYPE,32.451,32.511,32.285,32.324,1.25e-05,23506306.42,23498072.36,23498401.18,764213528.02062,759562319.742319,-0.00019857617,228353260.47255,10
201320,2026-02-09T01:10,HYPE,32.358,32.566,32.358,32.397,1.25e-05,23500872.2,23497514.88,23499587.24,765301498.259799,761316127.814279,-7.057098e-05,229302659.19751,10
201321,2026-02-09T01:20,HYPE,32.451,32.627,32.423,32.441,1.25e-05,23503928.7,23499232.5,23503747.72,766834007.78222,762485079.78452,-0.00010083756,228106610.31264,10
201322,2026-02-09T01:30,HYPE,32.467,32.733,32.467,32.73,1.25e-05,23521174.04,23504575.14,23508143.44,769823343.367918,769421534.7912,-0.00017755767,227887956.788479,10
201323,2026-02-09T01:40,HYPE,32.73,32.978,32.71,32.978,1.25e-05,23508014.98,23499722.3,23506530.34,775198357.552519,775198357.552519,-0.00044302019,229513844.60216,10
201324,2026-02-09T01:50,HYPE,32.952,32.993,32.892,32.957,1.25e-05,23517861.54,23506378.54,23517407.82,775796982.329039,775063209.523739,-0.00032862694,228534198.17194,10
201325,2026-02-09T02:00,HYPE,32.939,33.024,32.729,32.808,7.23607e-06,23521229.32,23517224.96,23519968.42,776700655.165439,771643123.92336,-0.00051169999,224535836.47085,10
201326,2026-02-09T02:10,HYPE,32.834,32.879,32.675,32.879,1.248554e-05,23519415.74,23514097.4,23516106.42,773186062.983178,773186062.983178,-0.00031227638,225236210.2111,10
201327,2026-02-09T02:20,HYPE,32.942,33.206,32.942,33.111,1.25e-05,23551694.38,23511293.92,23549945.46,782057563.58228,779762244.126059,-0.00047867094,226336400.19657,10
201328,2026-02-09T02:30,HYPE,33.163,33.294,32.965,33.066,1.25e-05,23585083.22,23539240.94,23539982.32,785177042.517719,778373055.393119,-0.00042751268,228712465.649369,10
201329,2026-02-09T02:40,HYPE,33.102,33.102,32.771,32.834,1.027551e-05,23538145.2,23507375.72,23527523.14,779156582.73912,772502694.778759,-0.0009137187,231645976.78167,10
201330,2026-02-09T02:50,HYPE,33.042,33.09,32.948,33.09,7.81056e-06,23554201.56,23524838.72,23554201.56,779408529.6204,779408529.6204,-0.00045674424,232950682.46324,10
201331,2026-02-09T03:00,HYPE,33.051,33.255,33.047,33.25,1.25e-05,23606200.46,23551568.92,23606200.46,784985522.727599,784906165.294999,-2.109914e-05,235559615.198711,10
201332,2026-02-09T03:10,HYPE,33.197,33.197,32.909,32.95,1.25e-05,23609887.2799999,23595087.46,23609887.2799999,783576324.5918,777945785.875998,-0.00031674379,237891119.81343,10
201333,2026-02-09T03:20,HYPE,32.937,32.964,32.827,32.872,1.25e-05,23610794.5,23600515.26,23603272.3,778003968.477839,775886767.045599,-0.00047545895,238545540.23031,10
201334,2026-02-09T03:30,HYPE,32.915,32.981,32.853,32.981,1.25e-05,23608469.38,23606304.94,23608469.38,778630928.621779,778630928.621779,-0.00040890989,235750571.202151,10
201335,2026-02-09T03:40,HYPE,33.064,33.127,33.042,33.073,1.25e-05,23624537.84,23609069.88,23624537.84,782270825.99456,781334339.982319,-0.00011322568,237313059.31075,10
201336,2026-02-09T03:50,HYPE,33.062,33.081,32.94,32.94,1.25e-05,23628025.3,23624733.52,23626951.74,781585583.4795,778271790.315599,-0.00024360213,236404907.96235,10
201337,2026-02-09T04:00,HYPE,32.893,32.929,32.816,32.861,1.068429e-05,23629841.32,23626083.48,23628755.8,778105636.78224,776464544.343799,-0.00031834341,235980972.103449,10
201338,2026-02-09T04:10,HYPE,32.889,33.02,32.794,32.99,1.25e-05,23659568.74,23629513.5,23654617.2,781238959.794799,780365821.427999,-6.148554e-05,237574570.55808,10
201339,2026-02-09T04:20,HYPE,32.9,32.92,32.803,32.836,1.25e-05,23653089.14,23650464.94,23652968.1,778649203.543199,776668860.531599,-0.00018392868,236947721.16398,10
201340,2026-02-09T04:30,HYPE,32.899,33.134,32.899,33.134,1.25e-05,23663461.12,23652973.66,23663461.12,784065120.750079,784065120.750079,-0.0001059918,234254526.7438,10
201341,2026-02-09T04:40,HYPE,33.265,33.465,33.265,33.31,1.25e-05,23667509.32,23636310.04,23637945.9,792033199.3938,787379977.929,-0.00049281201,241097338.669099,10
201342,2026-02-09T04:50,HYPE,33.224,33.226,33.098,33.112,1.25e-05,23647303.88,23630929.96,23642306.54,785435071.7992,782844054.152479,-0.00027589832,243680337.39818,10
201343,2026-02-09T05:00,HYPE,33.09,33.207,33.035,33.119,1.084808e-05,23643145.18,23632439.06,23632439.06,784809398.41182,782682749.228139,-0.00024838539,243417916.70354,10
201344,2026-02-09T05:10,HYPE,33.018,33.127,32.938,33.127,1.25e-05,23677940.12,23638225.16,23677940.12,784379122.35524,784379122.35524,-0.00052084872,245299762.67086,10
201345,2026-02-09T05:20,HYPE,33.106,33.155,33.03,33.03,1.25e-05,23681492.1,23679170.84,23680652.46,785140600.889499,782171950.7538,-0.00029933508,244159552.837001,10
201346,2026-02-09T05:30,HYPE,33.006,33.029,32.739,32.739,1.25e-05,23681362.38,23669297.78,23669297.78,782066979.78712,774909140.01942,-0.00039012034,244556889.81436,10
201347,2026-02-09T05:40,HYPE,32.731,32.855,32.731,32.852,1.25e-05,23666996.74,23658397.6,23660164.34,777555510.895959,777283718.89768,-0.00012195414,246698045.638221,10
201348,2026-02-09T05:50,HYPE,32.793,32.846,32.71,32.807,1.25e-05,23661156.68,23653679.94,23657301.32,777087349.82648,776125084.405239,-0.00021874765,247557764.251251,10
201349,2026-02-09T06:00,HYPE,32.84,32.84,32.603,32.624,1.25e-05,23657627.8,23651844.58,23653163.06,776888708.4008,771660791.669439,-0.00035920634,246587713.99376,10
201350,2026-02-09T06:10,HYPE,32.699,32.699,32.532,32.643,1.25e-05,23660450.16,23652669.34,23659934.0,773458090.67002,772331225.561999,-0.00023011901,247488108.71192,10
201351,2026-02-09T06:20,HYPE,32.673,32.697,32.559,32.696,1.25e-05,23666571.86,23660008.82,23666571.86,773802233.534559,773802233.534559,-0.00014597517,246634871.50038,10
201352,2026-02-09T06:30,HYPE,32.717,32.74,32.635,32.677,1.25e-05,23668241.06,23660305.64,23660788.1,774892362.321199,773163572.7437,-0.00018458457,245678628.664439,10
201353,2026-02-09T06:40,HYPE,32.685,32.719,32.661,32.677,1.25e-05,23660762.96,23659257.82,23659282.18,774126668.1409,773114363.79586,-0.00034523425,246166186.506212,10
201354,2026-02-09T06:50,HYPE,32.707,32.769,32.698,32.698,1.25e-05,23662190.16,23659505.02,23661995.84,775339905.172139,773699939.976319,-0.000316796,245904171.425052,10
201355,2026-02-09T07:00,HYPE,32.67,32.704,32.623,32.623,4.42464e-06,23671866.82,23661729.0,23666088.38,773975731.493159,772058801.220739,-0.00043466875,246209604.733249,10
201356,2026-02-09T07:10,HYPE,32.571,32.729,32.571,32.586,5.87456e-06,23666679.72,23664527.7,23664527.7,774573958.93482,771132299.6322,-0.00059643638,246750600.655679,10
201357,2026-02-09T07:20,HYPE,32.539,32.682,32.532,32.532,1.010583e-05,23659891.48,23650177.18,23655448.7,772950706.05636,769559057.108399,-0.00040230573,247112283.01888,10
201358,2026-02-09T07:30,HYPE,32.59,32.667,32.523,32.528,1.078088e-05,23660172.3,23655716.88,23657653.04,772764612.48606,769536138.085119,-0.00035222108,243540306.40467,10
201359,2026-02-09T07:40,HYPE,32.511,32.568,32.511,32.568,8.82587e-06,23656849.32,23651073.28,23651155.14,770270820.599519,770270820.599519,-0.00042751642,244086139.2608,10
201360,2026-02-09T07:50,HYPE,32.563,32.659,32.529,32.561,1.032033e-05,23653151.54,23648428.78,23648428.78,772404699.15114,770016489.50558,-0.00041438368,229628986.96018,10
201361,2026-02-09T08:00,HYPE,32.528,32.648,32.478,32.642,6.18919e-06,23654158.6,23648437.62,23651277.22,772149336.6664,772024991.015239,-0.00038533635,226870012.388819,10
201362,2026-02-09T08:10,HYPE,32.642,32.689,32.604,32.689,1.25e-05,23651260.82,23648552.94,23648771.26,773054683.718139,773054683.718139,-0.00050242879,227418891.734009,10
201363,2026-02-09T08:20,HYPE,32.665,32.665,32.506,32.53,1.135751e-05,23649537.26,23646221.5,23646221.5,772498208.2018,769211585.395,-0.00051662491,225951267.71205,10
201364,2026-02-09T08:30,HYPE,32.529,32.539,32.47,32.486,8.56765e-06,23646356.7,23643961.56,23646341.38,769382882.27528,768175046.07068,-0.00054481033,225400159.270979,10
201365,2026-02-09T08:40,HYPE,32.506,32.534,32.316,32.382,8.13847e-06,23647564.28,23638942.4,23638991.94,769288315.6218,765477837.00108,-0.00034499631,226579762.7189,10
201366,2026-02-09T08:50,HYPE,32.386,32.417,32.33,32.406,1.022343e-05,23637690.72,23630462.64,23630462.64,766192509.85354,765768772.311839,-0.00034948704,226859334.3867,10
201367,2026-02-09T09:00,HYPE,32.425,32.433,32.303,32.433,8.69138e-06,23630429.48,23621845.54,23621978.02,766204391.3535,766131613.122659,-0.0003490714,226319889.97339,10
201368,2026-02-09T09:10,HYPE,32.494,32.494,32.359,32.359,1.25e-05,23623641.54,23619858.66,23619858.66,767611570.62744,764315006.378939,-0.00044295625,226639361.76663,10
201369,2026-02-09T09:20,HYPE,32.36,32.382,32.098,32.13,1.25e-05,23620117.78,23584857.96,23584857.96,764822874.783239,757781486.254801,-0.00045861933,222391146.41108,10
201370,2026-02-09T09:30,HYPE,32.122,32.332,32.004,32.332,1.004049e-05,23585819.08,23558381.14,23570815.56,762091608.685919,762091608.685919,-0.00036744117,224872754.948549,10
201371,2026-02-09T09:40,HYPE,32.268,32.345,32.267,32.267,1.245606e-05,23597872.58,23568810.3,23597872.58,762407347.8827,761432554.53886,-0.00011736792,226205506.23071,10
201372,2026-02-09T09:50,HYPE,32.338,32.398,32.291,32.291,1.25e-05,23571964.56,23567763.48,23570890.62,763557825.80324,761127629.01042,-0.00024362779,224825611.96673,10
201373,2026-02-09T10:00,HYPE,32.297,32.403,32.253,32.389,1.25e-05,23582925.32,23565906.04,23582925.32,763827368.189481,763827368.189481,-0.00033011652,219712866.91663,10
201374,2026-02-09T10:10,HYPE,32.359,32.359,32.172,32.192,1.25e-05,23583625.68,23578937.86,23581210.24,763119670.09638,759126320.04608,-0.0002874433,220998528.10543,10
201375,2026-02-09T10:20,HYPE,32.246,32.298,32.225,32.273,1.25e-05,23572747.88,23564253.34,23564253.34,761336459.4444,760489148.04182,-0.00019368106,220558219.41318,10
201376,2026-02-09T10:30,HYPE,32.285,32.285,32.018,32.018,1.25e-05,23564247.14,23541643.02,23541643.02,760771718.9149,753756326.21436,-0.00033504495,220082087.70854,10
201377,2026-02-09T10:40,HYPE,31.992,32.075,31.984,32.062,1.25e-05,23531676.04,23523362.5,23525237.4,754578986.4455,754266161.518799,-0.00039063768,221130504.70595,10
201378,2026-02-09T10:50,HYPE,31.968,31.968,31.674,31.723,1.22742e-05,23526975.92,23505546.3,23509184.72,752110366.21056,745781866.87256,-0.00044109487,223559729.69675,10
201379,2026-02-09T11:00,HYPE,31.805,31.819,31.65,31.79,1.240799e-05,23509379.98,23498037.5,23509335.88,748044961.58362,747361787.6252,-0.00050385771,224556823.21026,10
201380,2026-02-09T11:10,HYPE,31.801,31.801,31.553,31.642,1.25e-05,23509231.46,23502969.52,23504583.6,747617069.65946,743732034.2712,-0.00023797859,225617371.1025,10
201381,2026-02-09T11:20,HYPE,31.64,31.677,31.443,31.453,1.25e-05,23504210.02,23494595.68,23496736.4599999,744492128.82096,739042851.876378,-0.00026547564,226311965.296,10
201382,2026-02-09T11:30,HYPE,31.454,31.548,31.32,31.548,1.25e-05,23507429.36,23489733.22,23499952.32,741377307.155681,741376495.791361,-0.00022673079,229085459.030369,10
201383,2026-02-09T11:40,HYPE,31.506,31.718,31.495,31.635,1.25e-05,23508315.42,23499138.7,23508315.42,745439832.36344,743685558.311699,-0.00033072292,230818716.707149,10
201384,2026-02-09T11:50,HYPE,31.76,31.76,31.617,31.647,1.25e-05,23486026.38,23481588.64,23484376.32,745834422.1808,743210057.39904,-0.00020453518,230464600.48811,10
201385,2026-02-09T12:00,HYPE,31.671,31.72,31.599,31.628,1.057912e-05,23488774.7,23477769.04,23488774.7,744793239.4448,742902966.2116,-0.00039382313,229222847.24471,10
201386,2026-02-09T12:10,HYPE,31.588,31.687,31.535,31.642,9.73223e-06,23489589.68,23479153.22,23480664.82,743983928.08214,742975196.23444,-0.00036690226,230346051.10944,10
201387,2026-02-09T12:20,HYPE,31.64,31.701,31.583,31.646,1.25e-05,23487392.22,23479991.26,23483241.48,744503611.29348,743150659.87608,-0.00023507926,225574833.69343,10
201388,2026-02-09T12:30,HYPE,31.741,31.741,31.438,31.438,1.25e-05,23483742.18,23481041.84,23481563.04,745380114.07888,738213378.851519,-0.00028116449,225007645.48369,10
201389,2026-02-09T12:40,HYPE,31.414,31.46,31.347,31.367,1.25e-05,23485638.92,23482618.26,23485638.92,738777043.6904,736674036.003639,-2.930542e-05,225601990.9027,10
201390,2026-02-09T12:50,HYPE,31.375,31.375,31.301,31.34,1.25e-05,23489422.12,23477041.38,23477041.38,736898088.3325,735770476.8492,-0.00018375677,224844565.89294,10
201391,2026-02-09T13:00,HYPE,31.405,31.541,31.37,31.541,1.25e-05,23483061.46,23471014.84,23483061.46,740679241.509858,740679241.509858,0.00019376669,223647014.93362,10
201392,2026-02-09T13:10,HYPE,31.529,31.567,31.445,31.455,1.25e-05,23484214.14,23469340.9,23469340.9,741324891.616359,738228118.009499,-7.054809e-05,225174018.4515,10
201393,2026-02-09T13:20,HYPE,31.498,31.528,31.448,31.513,1.25e-05,23471575.12,23469608.66,23471575.12,740001168.96384,739659746.756559,-0.00015651125,224225415.74933,10
201394,2026-02-09T13:30,HYPE,31.476,31.56,31.456,31.558,1.25e-05,23469924.44,23465871.26,23465871.26,740585000.123999,740535965.223079,-0.00026890724,218961381.00253,10
201395,2026-02-09T13:40,HYPE,31.565,31.584,31.475,31.477,1.25e-05,23469123.72,23465271.68,23469123.72,741159926.82816,738737607.33444,-0.00025212255,219645999.38025,10
201396,2026-02-09T13:50,HYPE,31.486,31.486,31.332,31.384,1.25e-05,23476512.76,23469841.02,23470036.96,739037731.42836,736583639.952639,-8.763814e-05,219224154.853,10
201397,2026-02-09T14:00,HYPE,31.393,31.48,31.355,31.48,1.25e-05,23475417.6,23472523.24,23474481.62,738976681.3976,738976681.3976,-2.124551e-05,218890631.81365,10
201398,2026-02-09T14:10,HYPE,31.439,31.535,31.406,31.451,1.25e-05,23479534.78,23474007.62,23479233.66,740370240.1473,738445377.84066,-0.00012738993,219536994.26069,10
201399,2026-02-09T14:20,HYPE,31.433,31.552,31.433,31.537,1.25e-05,23480835.12,23479146.56,23480444.56,740829564.67968,740502780.08872,-1.477058e-05,216739113.77889,10
201400,2026-02-09T14:30,HYPE,31.534,31.574,31.472,31.574,1.25e-05,23496624.32,23484409.5,23496624.32,741882416.279679,741882416.279679,-2.638298e-05,216919416.49869,10
201401,2026-02-09T14:40,HYPE,31.547,31.578,31.385,31.385,1.25e-05,23502204.58,23488776.8,23492800.22,742121728.522319,737321534.904699,-0.00013507764,217940236.58436,10
201402,2026-02-09T14:50,HYPE,31.375,31.38,31.319,31.319,1.25e-05,23497180.34,23491720.18,23495175.78,737328348.2556,735845410.253819,-0.00022419137,216761424.63879,10
201403,2026-02-09T15:00,HYPE,31.315,31.336,31.245,31.275,1.25e-05,23497122.26,23492626.44,23493929.98,736258921.29472,734772660.1245,-0.00021019722,217096947.54156,10
201404,2026-02-09T15:10,HYPE,31.301,31.346,31.287,31.317,1.25e-05,23495671.98,23484953.64,23487373.14,736495333.885079,735554064.625379,-0.00031784333,217906596.39282,10
201405,2026-02-09T15:20,HYPE,31.323,31.501,31.315,31.398,1.25e-05,23489186.6,23484520.08,23486584.82,739785867.04008,737431790.178359,-0.00021273574,217697071.93562,10
201406,2026-02-09T15:30,HYPE,31.332,31.872,31.328,31.872,1.25e-05,23546018.62,23482594.16,23546018.62,750458705.456639,750458705.456639,-0.0001704063,221688876.106139,10
201407,2026-02-09T15:40,HYPE,31.966,31.966,31.776,31.886,1.25e-05,23566359.8,23544031.32,23544153.1,753322257.3668,750728865.7466,-0.00029420852,224900345.10297,10
201408,2026-02-09T15:50,HYPE,31.902,32.014,31.902,31.925,1.25e-05,23557107.86,23543536.02,23549039.2,754142782.62288,751803076.46,-5.145732e-05,225750883.7199,10
201409,2026-02-09T16:00,HYPE,31.968,32.104,31.968,31.979,1.25e-05,23548553.34,23536216.82,23537029.38,755606704.78928,752690662.543019,-0.00018354482,225999760.49813,10
201410,2026-02-09T16:10,HYPE,31.954,32.008,31.878,31.926,1.25e-05,23545869.62,23514529.8,23515812.8,753630928.96208,750765839.4528,-0.00015531216,228261731.11224,10
201411,2026-02-09T16:20,HYPE,31.854,31.854,31.677,31.698,1.25e-05,23515002.4,23499719.94,23502346.16,749046886.4496,744977368.57968,-0.0006150835,225141215.71268,10
201412,2026-02-09T16:30,HYPE,31.704,31.71,31.597,31.616,1.25e-05,23507370.62,23491383.58,23507370.62,745222158.4122,743209029.52192,-0.00066443569,224650178.1067,10
201413,2026-02-09T16:40,HYPE,31.657,31.657,31.505,31.505,1.25e-05,23510803.68,23505782.3,23510803.68,744203263.59144,740707869.9384,-0.00095577809,226139640.82015,10
201414,2026-02-09T16:50,HYPE,31.511,31.511,31.273,31.285,1.131471e-05,23512850.04,23501183.76,23502171.48,740736235.03876,735265434.7518,-0.00049509707,227771111.00445,10
201415,2026-02-09T17:00,HYPE,31.28,31.34,30.947,30.947,1.13075e-06,23541552.08,23504003.9,23532445.92,737138457.28332,728258603.88624,-0.00040359668,230129264.27614,10
201416,2026-02-09T17:10,HYPE,30.983,31.11,30.917,31.053,1.009583e-05,23551176.42,23529898.58,23533183.08,732677098.4262,730775934.18324,-0.0002134889,234363347.1135,10
201417,2026-02-09T17:20,HYPE,31.091,31.215,31.091,31.2,1.25e-05,23532744.06,23520807.26,23532744.06,734296658.7327,734221614.671999,-7.151824e-05,233656739.28692,10
201418,2026-02-09T17:30,HYPE,31.215,31.244,30.942,30.957,1.25e-05,23548324.14,23534884.18,23541483.18,735415207.5396,728773694.80326,-0.00017510385,232948834.83638,10
201419,2026-02-09T17:40,HYPE,30.926,31.512,30.926,31.378,1.25e-05,23551961.16,23475644.5,23529863.46,741305923.37568,738320055.64788,0.00016613649,238918145.7944,10
201420,2026-02-09T17:50,HYPE,31.39,31.539,31.305,31.539,1.25e-05,23537414.06,23529566.96,23530394.2,742125102.673799,742125102.673799,-0.00014466828,238728804.45164,10
201421,2026-02-09T18:00,HYPE,31.612,31.612,31.384,31.444,1.25e-05,23525472.3799999,23516575.16,23518149.54,743660434.75192,739504694.135759,-6.317769e-05,231973994.51711,10
201422,2026-02-09T18:10,HYPE,31.469,31.574,31.339,31.574,1.25e-05,23520842.54,23516698.94,23519746.12,742612463.99288,742612463.99288,-2.924243e-05,232734543.99646,10
201423,2026-02-09T18:20,HYPE,31.527,31.527,31.301,31.413,1.25e-05,23522325.02,23518226.16,23522325.02,741516723.5418,738906795.853259,3.817416e-05,225401492.39096,10
201424,2026-02-09T18:30,HYPE,31.527,31.836,31.527,31.829,1.25e-05,23526606.64,23491629.16,23492594.08,748407262.134,747745776.97232,-0.000385506322222222,223778810.86273,9
201425,2026-02-09T18:40,HYPE,31.81,31.926,31.63,31.722,1.25e-05,23513484.32,23437057.86,23437057.86,750386485.781519,743470349.43492,-0.00019447957,227749271.15344,10
201426,2026-02-09T18:50,HYPE,31.73,31.964,31.693,31.915,1.25e-05,23501880.0,23437818.26,23498428.84,751202692.679039,749952356.428599,-0.00013865381,227856771.80385,10
201427,2026-02-09T19:00,HYPE,31.891,32.131,31.834,31.834,1.25e-05,23502260.2,23434415.78,23442929.42,754377893.826919,746282215.15628,-0.00025936395,230157726.51894,10
201428,2026-02-09T19:10,HYPE,31.81,31.847,31.697,31.765,1.25e-05,23442428.18,23381545.98,23381694.06,746443915.8778,742719511.8159,-0.00032175559,233009315.5331,10
201429,2026-02-09T19:20,HYPE,31.79,31.79,31.661,31.728,1.25e-05,23390309.3,23376283.54,23377456.84,743577932.647,741719950.61952,-6.536689e-05,232485385.32334,10
201430,2026-02-09T19:30,HYPE,31.719,31.988,31.719,31.945,1.25e-05,23398717.48,23365824.84,23397816.96,748457130.4848,747443262.7872,-0.00019522717,226677777.71557,10
201431,2026-02-09T19:40,HYPE,31.915,31.964,31.801,31.801,1.25e-05,23400457.66,23380570.48,23380570.48,747801038.41016,743525521.834479,-0.00025995644,227920672.24542,10
201432,2026-02-09T19:50,HYPE,31.693,31.693,31.552,31.581,1.25e-05,23401162.5,23352336.36,23394659.7,740581699.2791,738826747.9857,-0.00028664889,229208152.85726,10
201433,2026-02-09T20:00,HYPE,31.538,31.703,31.379,31.703,2.85337e-06,23415773.22,23393235.76,23411765.38,742223197.842139,742223197.842139,-0.00048596274,230873592.88827,10
201434,2026-02-09T20:10,HYPE,31.74,31.852,31.727,31.852,1.25e-05,23389711.16,23387471.6,23387530.62,744939625.308239,744939625.308239,-0.00022630488,232185536.34195,10
201435,2026-02-09T20:20,HYPE,31.776,31.831,31.66,31.68,1.25e-05,23387043.96,23366020.92,23366020.92,744431413.65344,740235542.7456,-0.0005307796,232933379.38229,10
201436,2026-02-09T20:30,HYPE,31.697,32.029,31.697,32.029,1.25e-05,23372374.98,23364150.62,23369865.92,748513435.55168,748513435.55168,-0.00022660674,233713235.14869,10
201437,2026-02-09T20:40,HYPE,31.97,31.984,31.899,31.93,1.25e-05,23369062.0,23363836.0,23366236.54,747436079.008,746083932.7222,-0.0004369921,234635259.97845,10
201438,2026-02-09T20:50,HYPE,32.011,32.037,31.955,32.037,1.25e-05,23369585.26,23361075.84,23366718.66,748599565.71042,748599565.71042,-2.529013e-05,233653464.03312,10
201439,2026-02-09T21:00,HYPE,31.983,32.084,31.908,32.067,1.196656e-05,23367920.04,23360910.6,23360910.6,749547971.13248,749114320.2102,-0.00029796463,233159412.36177,10
201440,2026-02-09T21:10,HYPE,31.995,32.082,31.898,31.911,1.25e-05,23369454.54,23359142.38,23367807.94,749557572.7608,745690119.17334,-0.00032857995,234581498.57826,10
201441,2026-02-09T21:20,HYPE,31.836,31.927,31.802,31.821,1.25e-05,23390691.84,23374213.4,23390665.28,746298800.3667,744314359.874879,-0.00039486178,234022846.18482,10
201442,2026-02-09T21:30,HYPE,31.768,31.82,31.762,31.808,1.25e-05,23390404.72,23380969.04,23380969.04,744062924.1792,743701863.224319,-0.00044537713,233934936.11275,10
201443,2026-02-09T21:40,HYPE,31.846,31.937,31.834,31.937,1.25e-05,23383663.28,23375015.3,23380902.92,746715896.55604,746715896.55604,-0.00025609749,235048473.81013,10
201444,2026-02-09T21:50,HYPE,31.953,31.997,31.82,31.874,1.25e-05,23379690.76,23372099.28,23372099.28,747973692.33174,744962292.45072,-0.00013532153,231651897.13405,10
201445,2026-02-09T22:00,HYPE,31.851,31.851,31.728,31.728,1.221556e-05,23372031.28,23369374.74,23370750.86,744422568.29928,741507183.28608,-0.00038504163,229923093.77735,10
201446,2026-02-09T22:10,HYPE,31.649,31.69,31.554,31.683,1.25e-05,23377996.6,23370511.62,23377411.56,740848712.254,740666530.45548,-0.00027989775,230805976.12595,10
201447,2026-02-09T22:20,HYPE,31.679,31.699,31.615,31.62,1.25e-05,23378349.74,23375584.3,23375584.3,741070308.40826,739135975.566,-0.00022013583,230305734.92681,10
201448,2026-02-09T22:30,HYPE,31.633,31.633,31.406,31.457,1.25e-05,23390674.84,23375725.54,23381132.98,739444326.00682,735500300.151861,-0.00036594635,230448262.65935,10
201449,2026-02-09T22:40,HYPE,31.489,31.506,31.279,31.405,1.25e-05,23395619.52,23381808.26,23395619.52,736728783.74436,734739431.025599,-0.0001783744,232143244.31143,10
201450,2026-02-09T22:50,HYPE,31.484,31.654,31.484,31.603,1.25e-05,23402746.88,23384637.12,23391985.16,740467078.1466,739256907.011479,-0.00019167473,231020841.77794,10
201451,2026-02-09T23:00,HYPE,31.579,31.662,31.535,31.647,1.25e-05,23392180.44,23388149.68,23388149.68,740638709.688959,740164772.922958,-0.00010057468,229412307.03123,10
201452,2026-02-09T23:10,HYPE,31.685,31.694,31.499,31.534,1.25e-05,23391993.82,23387473.74,23388044.44,741385852.131079,737518593.37096,-0.00024457065,229885263.99702,10
201453,2026-02-09T23:20,HYPE,31.535,31.535,31.417,31.474,1.25e-05,23398299.54,23387667.12,23398299.54,737542106.9247,736438079.721959,-0.0003019151,228022568.97862,10
201454,2026-02-09T23:30,HYPE,31.458,31.458,31.296,31.382,1.25e-05,23399018.12,23383157.7,23395360.06,736075944.09132,734193189.402919,-0.00033148702,227822341.75188,10
201455,2026-02-09T23:40,HYPE,31.367,31.443,31.274,31.439,1.25e-05,23413363.42,23386861.16,23413363.42,736092732.561379,736092732.561379,-0.00027106365,229252769.80447,10
201456,2026-02-09T23:50,HYPE,31.44,31.442,31.334,31.408,1.25e-05,23419763.5,23410242.4,23419763.5,736271866.987919,735567932.008,-0.00029907116,229355976.65586,10
228401,2026-02-10T00:00,HYPE,31.418,31.427,31.323,31.421,6.49761e-06,23420615.12,23416917.94,23419382.5,736038374.69822,735860417.5325,-0.0004624299,221015167.12028,10
228402,2026-02-10T00:10,HYPE,31.419,31.419,31.291,31.384,1.17725e-05,23420369.52,23417468.64,23420369.52,735812956.6713,735024877.015679,-0.00020121687,221794332.65968,10
228403,2026-02-10T00:20,HYPE,31.393,31.393,31.287,31.296,1.25e-05,23419491.62,23414834.38,23415857.8,735201167.59654,732822685.708799,-0.00032553562,219979464.364509,10
228404,2026-02-10T00:30,HYPE,31.287,31.312,31.276,31.305,1.25e-05,23417139.06,23411283.5,23412419.8,733096955.412359,732925801.839,-0.00033530158,217206321.85446,10
228405,2026-02-10T00:40,HYPE,31.351,31.411,31.298,31.371,1.25e-05,23414323.22,23411047.04,23412737.98,735364398.57344,734481003.170579,-0.00049988034,217713552.8107,10
228406,2026-02-10T00:50,HYPE,31.38,31.385,31.235,31.32,1.25e-05,23419765.3,23399515.82,23400558.34,735029333.940499,732905487.2088,-0.00039850115,216263011.73166,10
228407,2026-02-10T01:00,HYPE,31.331,31.377,31.244,31.244,2.24896e-06,23403954.96,23399352.86,23400784.6399999,734334005.40708,731134115.292158,-0.00058494132,215784253.431239,10
228408,2026-02-10T01:10,HYPE,31.245,31.316,31.185,31.185,-8.45822e-06,23405650.4,23399803.44,23400706.24,732814435.9768,729751024.0944,-0.00057383407,216656258.35516,10
228409,2026-02-10T01:20,HYPE,31.18,31.18,31.031,31.031,-7.15315e-06,23406552.82,23400161.1,23403174.68,729617023.098,726223913.49508,-0.00037399113,217386844.78943,10
228410,2026-02-10T01:30,HYPE,31.047,31.059,30.976,30.976,4.33521e-06,23411548.8,23403215.14,23411548.8,727021497.95226,725196135.628799,-0.00021640308,216427157.59287,10
228411,2026-02-10T01:40,HYPE,30.978,31.106,30.931,31.065,1.156142e-05,23455775.9199999,23415530.28,23451201.56,729582740.55048,728511576.461399,-0.00051414378,218591433.09136,10
228412,2026-02-10T01:50,HYPE,31.088,31.133,31.044,31.133,1.25e-05,23481330.44,23447848.94,23481330.44,731044260.588519,731044260.588519,-0.00014084089,217897420.49884,10
228413,2026-02-10T02:00,HYPE,31.128,31.314,31.101,31.297,1.25e-05,23491767.68,23472679.54,23473041.04,735023487.11556,734635765.42888,-4.228611e-05,218037272.45642,10
228414,2026-02-10T02:10,HYPE,31.287,31.463,31.268,31.378,1.25e-05,23503048.24,23472607.54,23500252.74,739476406.77512,737390930.475718,-0.00018382512,219194044.29499,10
228415,2026-02-10T02:20,HYPE,31.421,31.478,31.377,31.409,1.25e-05,23507259.34,23498931.58,23499882.34,739757318.014119,738107804.417059,-0.00011618534,216594843.10606,10
228416,2026-02-10T02:30,HYPE,31.32,31.489,31.301,31.489,1.25e-05,23514664.04,23496008.32,23514664.04,740453255.955559,740453255.955559,-9.176751e-05,211544156.27908,10
228417,2026-02-10T02:40,HYPE,31.485,31.487,31.43,31.43,1.25e-05,23515588.02,23512573.36,23513213.82,740342857.780499,739020310.362599,-0.0001503388,211916626.6419,10
228418,2026-02-10T02:50,HYPE,31.402,31.466,31.387,31.466,1.25e-05,23515975.54,23509855.62,23514680.36,739912932.20776,739912932.20776,-0.00012783158,209350190.79577,10
228419,2026-02-10T03:00,HYPE,31.473,31.529,31.473,31.474,1.25e-05,23519967.1,23514233.36,23519156.94,741533927.12532,740241945.529559,-0.00013329533,204591093.15233,10
228420,2026-02-10T03:10,HYPE,31.425,31.468,31.374,31.374,1.25e-05,23518517.86,23515123.06,23515123.06,740067808.06872,737763470.884439,-0.000203894,204902362.7773,10
228421,2026-02-10T03:20,HYPE,31.37,31.37,31.246,31.246,1.25e-05,23517979.46,23492114.86,23492114.86,737670228.5218,734034620.915559,-0.00030966203,203876181.41547,10
228422,2026-02-10T03:30,HYPE,31.271,31.272,31.099,31.099,1.25e-05,23498207.48,23491028.48,23498207.48,734624900.78626,730770754.420519,-0.0004196849,202520931.95982,10
228423,2026-02-10T03:40,HYPE,31.082,31.099,30.958,31.007,1.25e-05,23515260.46,23498988.58,23515131.76,730795045.849419,729133690.482319,-0.00011797926,203663649.72106,10
228424,2026-02-10T03:50,HYPE,30.966,31.013,30.823,31.003,1.25e-05,23545067.26,23498174.54,23541996.12,730106834.63222,729872505.70836,-0.00011894972,206312848.7242,10
228425,2026-02-10T04:00,HYPE,30.985,30.985,30.737,30.759,1.25e-05,23556169.4199999,23541049.12,23552833.5199999,729419406.9832,724461606.241677,-0.00016045697,206471718.21969,10
228426,2026-02-10T04:10,HYPE,30.845,30.878,30.735,30.735,1.25e-05,23558771.88,23552909.76,23552909.76,727400640.56688,723898681.473599,-0.00015455264,207411795.25833,10
228427,2026-02-10T04:20,HYPE,30.719,30.771,30.682,30.732,1.25e-05,23569593.3,23549686.28,23549686.28,725242484.27592,723728958.756959,-0.00017757008,208649616.37585,10
228428,2026-02-10T04:30,HYPE,30.659,30.878,30.605,30.878,1.25e-05,23555333.46,23521741.42,23555333.46,727341586.577879,727341586.577879,-0.00013330504,206183987.05675,10
228429,2026-02-10T04:40,HYPE,30.892,30.958,30.88,30.943,1.25e-05,23570822.24,23554988.16,23561403.8,729274586.35668,729060517.7834,0.00013649567,207526163.91247,10
228430,2026-02-10T04:50,HYPE,30.951,30.951,30.784,30.79,1.25e-05,23560984.48,23531066.38,23532041.12,729236030.64048,724551546.0848,-2.452691e-05,202638895.63541,10
228431,2026-02-10T05:00,HYPE,30.782,30.872,30.782,30.856,1.25e-05,23537089.16,23531515.72,23537089.16,726627876.5832,726260423.12096,-9.27873e-05,201334730.48434,10
228432,2026-02-10T05:10,HYPE,30.851,30.983,30.609,30.609,1.25e-05,23578849.9,23536973.1,23548417.54,730458631.00184,720793512.481859,2.07637000000001e-06,203917787.887771,10
228433,2026-02-10T05:20,HYPE,30.541,30.761,30.541,30.761,1.25e-05,23588763.1,23570435.46,23587578.54,725577503.46894,725577503.46894,1.208196e-05,205123821.44033,10
228434,2026-02-10T05:30,HYPE,30.714,30.744,30.663,30.697,1.25e-05,23587874.36,23578617.38,23578617.38,725082231.394079,723792817.713859,4.789016e-05,202910362.24918,10
228435,2026-02-10T05:40,HYPE,30.673,30.854,30.652,30.854,1.25e-05,23577408.68,23573744.98,23573744.98,727344327.612919,727344327.612919,-0.00010055511,203604896.44412,10
228436,2026-02-10T05:50,HYPE,30.849,30.866,30.809,30.866,1.25e-05,23575002.16,23572956.12,23575002.16,727666016.670558,727666016.670558,-8.949231e-05,202321944.80633,10
228437,2026-02-10T06:00,HYPE,30.81,30.83,30.759,30.815,1.25e-05,23578898.22,23572753.36,23578754.16,726800421.7528,726579309.4404,-6.108264e-05,201442898.79437,10
228438,2026-02-10T06:10,HYPE,30.806,30.828,30.559,30.588,1.25e-05,23592565.18,23579095.74,23591683.58,726909862.43736,721622417.34504,-4.85614999999999e-06,202559703.11812,10
228439,2026-02-10T06:20,HYPE,30.593,30.648,30.537,30.549,1.25e-05,23595877.36,23577694.38,23577694.38,722803587.4296,720274985.61462,0.00010896627,202833509.689081,10
228440,2026-02-10T06:30,HYPE,30.503,30.522,30.324,30.465,1.25e-05,23603162.08,23557830.66,23557830.66,719967252.92624,717689311.0569,-0.00011302145,206376724.998139,10
228441,2026-02-10T06:40,HYPE,30.504,30.504,30.298,30.339,1.25e-05,23557431.26,23505646.26,23505646.26,718595883.15504,713137801.88214,-0.0002526396,209023672.877169,10
228442,2026-02-10T06:50,HYPE,30.304,30.391,30.304,30.384,1.25e-05,23507581.8,23505538.46,23507548.34,714407475.66448,714253348.76256,-9.153795e-05,209123371.577949,10
228443,2026-02-10T07:00,HYPE,30.392,30.45,30.209,30.235,1.25e-05,23507260.78,23499850.6,23499850.6,715749996.15,710517982.891,-5.643558e-05,209060470.283721,10
228444,2026-02-10T07:10,HYPE,30.176,30.237,30.176,30.214,1.25e-05,23505941.36,23499467.32,23503476.34,710633691.33678,710134034.13676,0.00012144336,210217091.24215,10
228445,2026-02-10T07:20,HYPE,30.163,30.163,30.102,30.156,1.25e-05,23511899.62,23503741.7,23504705.58,708943360.8971,708807901.470479,9.460101e-05,210955808.37395,10
228446,2026-02-10T07:30,HYPE,30.154,30.154,30.0,30.0,1.25e-05,23521965.96,23506601.68,23521965.96,708818067.05872,705658978.8,2.110724e-05,211570169.636031,10
228447,2026-02-10T07:40,HYPE,29.973,30.003,29.827,29.827,1.25e-05,23583017.5,23528636.58,23583017.5,706785958.72872,703410662.9725,2.103841e-05,216811589.227612,10
228448,2026-02-10T07:50,HYPE,29.806,30.002,29.758,29.983,1.25e-05,23644007.9,23584273.0,23616185.98,708672391.87668,708084104.238341,4.85699e-06,220211068.497651,10
228449,2026-02-10T08:00,HYPE,29.992,30.121,29.992,29.995,1.25e-05,23647450.04,23616350.48,23647096.88,712159596.16848,709294670.9156,-7.591119e-05,221331314.176569,10
228450,2026-02-10T08:10,HYPE,29.962,30.036,29.918,29.918,1.25e-05,23648472.86,23643900.98,23646973.48,710234987.67264,707470152.574641,-8.76815e-05,222607687.62814,10
228451,2026-02-10T08:20,HYPE,29.971,30.092,29.89,29.994,1.25e-05,23644765.64,23634978.72,23634978.72,711374230.614641,708907551.727681,-0.00015641739,223595178.5857,10
228452,2026-02-10T08:30,HYPE,30.006,30.041,29.97,29.97,1.25e-05,23636105.38,23622765.26,23622765.26,709975611.93614,707974274.842201,-9.663678e-05,223541294.184949,10
228453,2026-02-10T08:40,HYPE,29.983,29.983,29.893,29.909,1.25e-05,23620105.5,23604083.0,23604531.88,708201623.2065,705987943.998919,-2.237681e-05,224646613.60619,10
228454,2026-02-10T08:50,HYPE,29.922,30.049,29.873,29.996,1.25e-05,23605799.04,23598314.94,23598314.94,709203808.90828,707855054.94024,-6.715095e-05,223974604.10521,10
228455,2026-02-10T09:00,HYPE,30.006,30.029,29.969,30.014,1.25e-05,23617041.72,23598259.12,23617041.72,709180879.066279,708841890.184079,-0.0002129466,224620923.89013,10
228456,2026-02-10T09:10,HYPE,30.011,30.011,29.791,29.813,1.25e-05,23620432.72,23614160.66,23619345.8,708778324.62904,704163556.335399,-0.0001747016,225800259.25714,10
228457,2026-02-10T09:20,HYPE,29.81,29.908,29.79,29.903,1.25e-05,23618141.46,23606435.14,23612778.9,706092927.446699,706092927.446699,-9.125354e-05,224218105.91971,10
228458,2026-02-10T09:30,HYPE,29.877,29.975,29.877,29.948,1.25e-05,23612870.98,23571234.7,23574681.78,706603593.9655,706014569.94744,-0.0001024968,220514034.49192,10
228459,2026-02-10T09:40,HYPE,29.947,29.947,29.821,29.921,1.25e-05,23563528.78,23558167.28,23563523.7,705542685.08202,705044192.627701,-0.00011719896,222095644.03151,10
228460,2026-02-10T09:50,HYPE,29.899,29.922,29.871,29.875,1.25e-05,23568868.7,23563710.74,23566285.0,705208853.3424,704042764.375,-0.00019064954,220275678.09215,10
228461,2026-02-10T10:00,HYPE,29.942,30.053,29.942,29.979,1.25e-05,23571040.0,23565643.8,23571040.0,708268931.82534,706636208.16,-6.551851e-05,218849648.7378,10
228462,2026-02-10T10:10,HYPE,30.017,30.117,29.976,30.117,1.25e-05,23576160.8,23570600.24,23574611.46,709996573.34082,709996573.34082,-7.605481e-05,219340490.69598,10
228463,2026-02-10T10:20,HYPE,30.099,30.161,30.09,30.13,1.25e-05,23568114.38,23563158.58,23563158.58,710722417.9816,709957968.015399,-0.00018938464,219084622.57508,10
228464,2026-02-10T10:30,HYPE,30.151,30.225,30.11,30.121,1.25e-05,23562840.08,23551670.42,23551670.42,712175765.1645,709399864.72082,-0.00026890249,217344120.93318,10
228465,2026-02-10T10:40,HYPE,30.14,30.253,30.096,30.108,1.25e-05,23555012.34,23549528.48,23549528.48,712512331.30782,709029203.475839,-0.00038399839,218071305.75264,10
228466,2026-02-10T10:50,HYPE,30.028,30.06,30.028,30.036,1.25e-05,23552426.84,23549049.36,23549561.9,707896819.3032,707334641.2284,-0.00026879789,215092237.86865,10
228467,2026-02-10T11:00,HYPE,30.076,30.161,30.076,30.161,1.25e-05,23552371.06,23549655.94,23552371.06,710363063.54066,710363063.54066,-0.00031105127,213233473.64003,10
228468,2026-02-10T11:10,HYPE,30.165,30.165,29.958,29.965,1.25e-05,23552171.7,23536826.3,23537016.9,710451259.3305,705286711.4085,-0.0003349706,213938814.05437,10
228469,2026-02-10T11:20,HYPE,29.963,30.11,29.963,30.068,1.25e-05,23566610.08,23537378.28,23566610.08,709460991.506,708600831.88544,-8.089213e-05,211973192.4369,10
228470,2026-02-10T11:30,HYPE,30.039,30.045,29.721,29.721,1.25e-05,23566276.26,23542900.1,23548730.22,707990043.0729,699891810.86862,-0.00015186654,209541550.3041,10
228471,2026-02-10T11:40,HYPE,29.735,29.782,29.633,29.665,1.25e-05,23593480.62,23551217.36,23593480.62,702012562.38736,699900602.5923,1.31459999999993e-07,212451880.09748,10
228472,2026-02-10T11:50,HYPE,29.672,29.672,29.56,29.56,1.25e-05,23590140.42,23579898.74,23579898.74,699966646.54224,697021806.7544,-0.00030412471,212499047.94152,10
228473,2026-02-10T12:00,HYPE,29.581,29.698,29.563,29.698,1.25e-05,23582515.86,23578249.2,23578249.2,700283298.26376,700226844.741599,-0.00010320994,211547199.25283,10
228474,2026-02-10T12:10,HYPE,29.678,29.724,29.658,29.705,1.25e-05,23591727.3,23578408.36,23591727.3,700850735.02008,700792259.4465,-0.00012350702,212060295.33524,10
228475,2026-02-10T12:20,HYPE,29.669,29.728,29.669,29.725,1.25e-05,23595276.46,23580455.78,23580463.5,701377890.30324,700929277.537499,-3.098437e-05,211644311.59949,10
228476,2026-02-10T12:30,HYPE,29.781,29.831,29.644,29.689,1.25e-05,23582521.26,23563378.06,23568576.58,703114421.33922,699727470.08362,-0.0001901592,211934304.83475,10
228477,2026-02-10T12:40,HYPE,29.672,29.72,29.576,29.72,1.25e-05,23572336.04,23568230.8,23572123.64,700563514.580799,700563514.580799,-0.00022602332,212398970.17254,10
228478,2026-02-10T12:50,HYPE,29.715,29.715,29.535,29.539,1.25e-05,23576279.32,23570269.66,23575806.58,700460394.3855,696405750.566621,-0.00028441339,210836095.79205,10
228479,2026-02-10T13:00,HYPE,29.548,29.562,29.303,29.358,1.25e-05,23655594.0,23598913.24,23651188.36,697754035.1574,694351587.87288,-0.00029205392,214115271.00958,10
228480,2026-02-10T13:10,HYPE,29.39,29.471,29.39,29.408,1.25e-05,23650165.22,23627401.26,23628421.68,696507749.5628,694864624.76544,-0.00011954203,215824089.68251,10
228481,2026-02-10T13:20,HYPE,29.459,29.586,29.416,29.578,1.25e-05,23629952.74,23569107.26,23590511.76,697760156.837281,697760156.837281,0.00017076978,217772483.46912,10
228482,2026-02-10T13:30,HYPE,29.582,29.629,29.506,29.506,1.25e-05,23624210.0,23592819.86,23622722.7,699301274.050659,697012055.986199,-0.00012611127,218656365.78709,10
228483,2026-02-10T13:40,HYPE,29.491,29.504,29.427,29.467,1.25e-05,23652144.78,23623359.12,23652144.78,697492288.84104,696957750.23226,-0.00031033583,219773808.09252,10
228484,2026-02-10T13:50,HYPE,29.456,29.456,29.352,29.402,1.25e-05,23658134.12,23648287.48,23652074.6,696736773.14976,695418297.3892,-0.00019993577,218898855.78298,10
228485,2026-02-10T14:00,HYPE,29.371,29.45,29.314,29.45,1.135389e-05,23648528.48,23638692.58,23645044.22,696346552.279,696346552.279,-0.00027874495,219110815.52864,10
228486,2026-02-10T14:10,HYPE,29.427,29.595,29.399,29.595,1.25e-05,23646324.36,23627639.94,23627639.94,699260004.024301,699260004.024301,-0.00025293379,220355036.14192,10
228487,2026-02-10T14:20,HYPE,29.661,29.702,29.64,29.646,1.25e-05,23659166.86,23638162.94,23655701.22,702563408.647561,701296918.36812,-0.00042718652,221961065.36816,10
228488,2026-02-10T14:30,HYPE,29.687,29.835,29.687,29.766,1.25e-05,23661225.4,23650304.7,23661225.4,705606840.7245,704300035.2564,-0.00035328081,221667785.609541,10
228489,2026-02-10T14:40,HYPE,29.804,29.859,29.728,29.728,1.25e-05,23672932.78,23663202.44,23668159.46,706761459.3929,703607044.426879,-0.00018500087,223259356.13906,10
228490,2026-02-10T14:50,HYPE,29.745,29.929,29.745,29.929,1.25e-05,23706851.2,23670517.94,23703852.4199999,709432599.078178,709432599.078178,-0.00026569253,223840708.08667,10
228491,2026-02-10T15:00,HYPE,29.944,29.944,29.828,29.866,1.25e-05,23714773.08,23704152.66,23714773.08,709797147.25104,708265412.80728,-0.00011882007,223312757.6579,10
228492,2026-02-10T15:10,HYPE,29.915,30.032,29.84,30.009,1.25e-05,23717050.9,23714458.16,23714458.16,712221804.57152,711647174.92344,-8.408228e-05,224337175.90997,10
228493,2026-02-10T15:20,HYPE,29.922,29.922,29.733,29.733,1.25e-05,23714610.3,23693761.58,23714610.3,709441417.78812,705106508.049899,-0.00036267917,225170536.24627,10
228494,2026-02-10T15:30,HYPE,29.803,29.815,29.599,29.611,1.25e-05,23717336.34,23708976.58,23708976.58,707076528.7487,702046505.51038,-0.00066817466,220629099.02993,10
228495,2026-02-10T15:40,HYPE,29.526,29.55,29.247,29.247,1.25e-05,23714870.46,23678680.42,23678680.42,700614889.917,692530366.24374,-0.00054586884,225025899.16329,10
228496,2026-02-10T15:50,HYPE,29.265,29.615,29.265,29.615,1.25e-05,23662725.82,23647214.88,23647214.88,700312268.6712,700312268.6712,-9.863935e-05,224804351.00787,10
228497,2026-02-10T16:00,HYPE,29.53,29.785,29.53,29.699,1.25e-05,23665795.68,23649957.94,23664270.22,704844002.6922,702805161.26378,-0.00024502359,225135583.22757,10
228498,2026-02-10T16:10,HYPE,29.786,29.786,29.532,29.663,1.25e-05,23664394.92,23644704.18,23644704.18,704764959.59764,701372860.091339,-5.916463e-05,226359952.41183,10
228499,2026-02-10T16:20,HYPE,29.681,29.8,29.681,29.72,1.25e-05,23655169.7,23645175.64,23655169.7,704859807.068001,703031643.484,-6.889528e-05,223838589.99389,10
228500,2026-02-10T16:30,HYPE,29.759,29.786,29.677,29.749,1.25e-05,23662664.02,23653355.4,23662356.18,704548438.015,703931433.99882,-0.00012360849,222266551.09398,10
228501,2026-02-10T16:40,HYPE,29.784,29.894,29.758,29.894,1.25e-05,23682299.66,23661295.06,23680511.3,707905204.8022,707905204.8022,9.792079e-05,223478668.45212,10
228502,2026-02-10T16:50,HYPE,29.841,29.874,29.705,29.776,1.25e-05,23683854.06,23677413.4,23680903.94,707385646.57176,705122595.71744,-2.355154e-05,221092867.46052,10
228503,2026-02-10T17:00,HYPE,29.787,29.886,29.784,29.886,1.25e-05,23684262.16,23676209.86,23682634.58,707779217.057879,707779217.057879,0.00038880632,216451066.14806,10
228504,2026-02-10T17:10,HYPE,29.941,30.236,29.941,30.038,1.25e-05,23685328.0,23654855.98,23655026.6,715228225.41128,710549689.0108,0.00011015197,219213648.50235,10
228505,2026-02-10T17:20,HYPE,30.027,30.058,29.988,30.013,1.25e-05,23660270.78,23652265.0,23660270.78,711032388.86568,710115706.920141,-6.131234e-05,215534967.93294,10
228506,2026-02-10T17:30,HYPE,29.982,30.271,29.954,30.271,1.25e-05,23734395.1,23659836.12,23734395.1,718463874.072101,718463874.072101,9.533089e-05,215273117.59527,10
228507,2026-02-10T17:40,HYPE,30.25,30.297,30.14,30.14,1.25e-05,23740003.68,23734847.3,23736518.42,719094668.6481,715418665.1788,-1.8602e-05,216241911.9084,10
228508,2026-02-10T17:50,HYPE,30.165,30.204,30.059,30.204,1.25e-05,23756066.9,23741936.88,23741936.88,717101461.52352,717101461.52352,0.00013846006,212384387.49714,10
228509,2026-02-10T18:00,HYPE,30.188,30.223,30.018,30.189,1.25e-05,23747470.04,23742625.76,23747470.04,717636998.36394,716912373.03756,4.705548e-05,211154255.97264,10
228510,2026-02-10T18:10,HYPE,30.203,30.321,30.146,30.321,1.25e-05,23759294.44,23752855.84,23753152.22,720219328.462621,720219328.462621,0.00016183427,212653558.996119,10
228511,2026-02-10T18:20,HYPE,30.314,30.386,30.288,30.343,1.25e-05,23786892.8,23751780.78,23783241.76,722578769.45508,721654904.72368,5.473963e-05,213565968.182419,10
228512,2026-02-10T18:30,HYPE,30.348,30.513,30.348,30.505,1.25e-05,23789427.2,23781711.78,23784194.36,725828932.792741,725536848.951801,0.00013443382,211997679.21405,10
228513,2026-02-10T18:40,HYPE,30.484,30.491,30.326,30.326,1.25e-05,23775926.32,23757510.76,23757518.42,724951769.42312,720470503.604921,-5.704714e-05,213562088.68749,10
228514,2026-02-10T18:50,HYPE,30.323,30.368,30.316,30.368,1.25e-05,23761947.06,23756941.26,23761912.12,721601747.26016,721601747.26016,6.856289e-05,208736521.96925,10
228515,2026-02-10T19:00,HYPE,30.322,30.363,30.24,30.32,1.25e-05,23766776.82,23763112.66,23763977.56,721601585.98014,720523799.6192,-1.612805e-05,203671680.52583,10
228516,2026-02-10T19:10,HYPE,30.293,30.316,30.161,30.164,1.25e-05,23764430.6,23749679.66,23749679.66,720436056.53448,716385337.26424,0.00013839461,205121223.97556,10
228517,2026-02-10T19:20,HYPE,30.171,30.171,29.897,29.953,1.25e-05,23747440.76,23736321.4,23741331.54,716473728.75636,711124103.61762,-9.959026e-05,204959890.77167,10
228518,2026-02-10T19:30,HYPE,29.861,29.962,29.791,29.962,1.25e-05,23742245.34,23719433.28,23741528.68,711343682.31016,711343682.31016,-0.00023778353,206115069.41729,10
228519,2026-02-10T19:40,HYPE,30.001,30.013,29.676,29.697,1.25e-05,23754473.94,23711487.38,23751135.98,712377843.15458,705337485.19806,-0.00029776668,209421146.26157,10
228520,2026-02-10T19:50,HYPE,29.743,29.951,29.738,29.917,1.25e-05,23751059.36,23729650.54,23729650.54,710745822.9419,709919955.20518,4.610673e-05,207623810.63271,10
228521,2026-02-10T20:00,HYPE,29.86,29.901,29.711,29.723,1.25e-05,23741992.06,23720875.04,23720875.04,709525275.2787,705055568.81392,-6.216222e-05,205537187.84829,10
228522,2026-02-10T20:10,HYPE,29.785,29.817,29.706,29.706,1.25e-05,23726414.26,23713740.4,23726414.26,707374158.89238,704816862.00756,0.0001166478,206837851.18539,10
228523,2026-02-10T20:20,HYPE,29.664,29.664,29.611,29.661,1.25e-05,23740578.94,23728734.16,23737079.96,704065528.69356,704065528.69356,0.00014579278,205758233.80159,10
228524,2026-02-10T20:30,HYPE,29.658,29.818,29.658,29.786,1.25e-05,23739203.28,23737043.28,23737828.0,707791156.52304,707054944.808,1.953418e-05,204201154.40408,10
228525,2026-02-10T20:40,HYPE,29.81,29.885,29.808,29.885,1.25e-05,23751757.12,23737460.58,23751757.12,709821261.531199,709821261.531199,9.111308e-05,204928403.79604,10
228526,2026-02-10T20:50,HYPE,29.86,29.86,29.799,29.836,1.25e-05,23770959.28,23752982.64,23768544.92,709407170.80008,709158306.233119,0.00020354619,204087713.84552,10
228527,2026-02-10T21:00,HYPE,29.757,29.829,29.748,29.748,1.25e-05,23768861.46,23762193.52,23762193.52,708879619.040521,706877732.832961,-2.34832777777778e-05,202801244.204389,9
228528,2026-02-10T21:20,HYPE,29.654,29.654,29.654,29.654,1.25e-05,23746087.1,23746087.1,23746087.1,704166466.8634,704166466.8634,0.0,201676842.14229,1
228529,2026-02-10T21:30,HYPE,29.726,29.726,29.726,29.726,1.25e-05,23750635.32,23750635.32,23750635.32,706011385.52232,706011385.52232,0.0008480565,201909495.17892,1
228530,2026-02-10T21:40,HYPE,29.751,29.751,29.751,29.751,1.25e-05,23757486.64,23757486.64,23757486.64,706808985.02664,706808985.02664,0.0004338176,202135000.54104,1
228531,2026-02-10T22:00,HYPE,29.528,29.528,29.414,29.414,1.25e-05,23773575.04,23769566.56,23773575.04,701867761.38368,699275936.226559,0.00035984835,203874483.659691,2
228532,2026-02-10T22:30,HYPE,29.439,29.439,29.439,29.439,1.25e-05,23829395.2,23829395.2,23829395.2,701513565.2928,701513565.2928,-0.0006523069,207056206.3228,1
228533,2026-02-10T22:40,HYPE,29.414,29.46,29.414,29.46,1.25e-05,23829126.9,23824037.5,23824037.5,701856144.75,701856144.75,0.0,207784081.2671,2
228534,2026-02-10T22:50,HYPE,29.43,29.43,29.43,29.43,1.25e-05,23821871.84,23821871.84,23821871.84,701077688.2512,701077688.2512,0.0001495429,205459571.43964,1
228535,2026-02-10T23:00,HYPE,29.493,29.493,29.461,29.461,1.25e-05,23828087.38,23827546.58,23828087.38,702745831.28394,701999282.30218,0.00010515605,205648224.49924,2
228536,2026-02-10T23:10,HYPE,29.472,29.536,29.41,29.41,1.25e-05,23828201.0,23816538.84,23816538.84,703705990.09152,700444407.2844,0.00014929209,206130286.557749,10
228537,2026-02-10T23:20,HYPE,29.418,29.418,29.407,29.41,1.25e-05,23816325.84,23813182.52,23813705.04,700628673.56112,700361065.2264,0.000143670125,205607199.65721,4
228538,2026-02-10T23:30,HYPE,29.438,29.46,29.421,29.421,1.25e-05,23796417.66,23794094.38,23794094.38,701039958.9852,700046050.75398,0.000144369075,204486714.21379,4
228539,2026-02-10T23:40,HYPE,29.401,29.401,29.27,29.27,1.25e-05,23792791.26,23762357.98,23762357.98,699531855.83526,695524218.0746,6.47707666666667e-05,205511543.17939,3
228540,2026-02-10T23:50,HYPE,29.247,29.3,29.247,29.288,1.25e-05,23755733.8,23754887.76,23755733.8,696039019.642,695757931.5344,9.90689e-05,204168124.22257,3
