id,snapshot_time,coin,bid_volume,ask_volume,book_imbalance,best_bid,best_ask,spread_avg,buy_aggressor_vol,sell_aggressor_vol,net_aggressor_flow,num_trades,total_volume,whale_buy_vol,whale_sell_vol,whale_net_flow,whale_trade_count,large_trade_count,book_updates
1,2026-02-16T20:43:00,HYPE,12738.49,2398.25,0.830677,30.077,30.078,0.001952,1530.69,1007.9,522.79,82,2538.59,11.78,1.43,10.35,12,0,42
2,2026-02-16T20:43:00,BTC,59.86,51.94,0.584347,68224.0,68225.0,1.238095,6.82,0.42,6.4,345,7.24,0.0,0.58,-0.58,43,1,42
3,2026-02-16T20:44:00,HYPE,3489.69,2668.77,0.618463,30.011,30.014,0.001546,238.61,1139.29,-900.68,95,1377.9,77.28,14.44,62.84,19,0,108
4,2026-02-16T20:44:00,BTC,70.85,44.55,0.62317,68204.0,68205.0,1.055556,2.41,1.21,1.2,156,3.61,0.0,0.07,-0.07,9,1,108
5,2026-02-16T20:45:00,HYPE,3034.75,3383.27,0.481791,30.014,30.021,0.001364,275.86,46.36,229.5,39,322.22,66.09,115.8,-49.71,17,0,110
6,2026-02-16T20:45:00,BTC,115.53,30.21,0.67266,68210.0,68211.0,1.027273,4.28,0.23,4.05,95,4.51,0.0,0.07,-0.07,6,1,110
7,2026-02-16T20:46:00,HYPE,1333.5,3277.05,0.461023,30.006,30.007,0.00189,573.16,499.4,73.76,47,1072.56,66.33,2.86,63.47,20,0,109
8,2026-02-16T20:46:00,BTC,50.45,97.2,0.689149,68207.0,68208.0,1.165138,2.23,1.37,0.86,164,3.6,0.1,0.44,-0.34,13,0,109
9,2026-02-16T20:47:00,HYPE,2825.36,3035.52,0.425124,30.005,30.008,0.0015,182.04,64.93,117.11,51,246.97,66.25,9.63,56.62,18,0,106
10,2026-02-16T20:47:00,BTC,54.64,45.63,0.531292,68192.0,68193.0,1.0,1.65,2.99,-1.34,72,4.64,0.0,0.07,-0.07,5,1,106
11,2026-02-16T20:48:00,HYPE,2586.3,3496.0,0.450635,30.001,30.002,0.002046,77.73,203.98,-126.25,50,281.71,65.58,5.87,59.71,23,0,109
12,2026-02-16T20:48:00,BTC,38.29,63.88,0.583072,68192.0,68193.0,1.009174,0.65,6.0,-5.35,62,6.65,0.0,0.07,-0.07,6,3,109
13,2026-02-16T20:49:00,HYPE,2331.94,2656.95,0.461923,29.996,29.997,0.001,87.18,19.99,67.19,33,107.17,66.13,27.44,38.69,18,0,18
14,2026-02-16T20:49:00,BTC,37.09,62.16,0.387048,68192.0,68193.0,1.0,0.55,0.35,0.2,46,0.9,0.06,0.04,0.02,6,0,18
15,2026-02-16T20:50:00,HYPE,3612.84,5526.4,0.433061,30.017,30.018,0.00162,210.43,9.59,200.84,43,220.02,65.59,32.89,32.7,25,0,108
16,2026-02-16T20:50:00,BTC,107.9,25.93,0.467234,68213.0,68215.0,1.009259,4.62,0.51,4.11,82,5.13,0.12,0.07,0.05,9,2,108
17,2026-02-16T20:52:00,HYPE,4107.5,3242.72,0.467625,30.09,30.093,0.001564,2775.27,18.54,2756.73,136,2793.81,36.96,453.12,-416.16,15,0,39
18,2026-02-16T20:52:00,BTC,118.0,20.38,0.632856,68242.0,68243.0,1.179487,2.1,2.31,-0.21,73,4.41,0.07,0.04,0.03,8,2,39
19,2026-02-16T20:53:00,HYPE,1887.18,2671.1,0.507953,30.147,30.154,0.002718,10782.27,897.99,9884.28,660,11680.26,5090.25,911.14,4179.11,139,0,110
20,2026-02-16T20:53:00,BTC,57.34,44.12,0.655379,68434.0,68435.0,2.681818,186.9,13.66,173.24,1361,200.56,0.73,136.05,-135.32,222,54,110
21,2026-02-16T20:54:00,HYPE,10424.1,1737.31,0.816409,30.282,30.287,0.002639,38508.36,6799.12,31709.24,1530,45307.48,30436.68,4013.36,26423.32,888,4,108
22,2026-02-16T20:54:00,BTC,57.11,70.77,0.624467,68428.0,68429.0,1.231481,7.8,9.55,-1.76,260,17.35,1.43,0.0,1.43,25,5,108
23,2026-02-16T20:55:00,HYPE,3932.91,4082.7,0.660666,30.311,30.318,0.004072,7704.57,7755.71,-51.14,869,15460.28,2691.08,506.06,2185.02,56,2,111
24,2026-02-16T20:55:00,BTC,80.31,40.97,0.604815,68371.0,68372.0,1.468468,5.86,38.67,-32.81,478,44.52,3.79,32.94,-29.15,142,19,111
25,2026-02-16T20:56:00,HYPE,3635.64,2620.79,0.525845,30.288,30.289,0.003367,4645.37,15751.86,-11106.49,306,20397.23,8103.76,41.5,8062.26,98,2,109
26,2026-02-16T20:56:00,BTC,104.3,31.37,0.610549,68380.0,68381.0,1.165138,10.78,4.64,6.14,184,15.43,0.12,0.0,0.12,7,4,109
27,2026-02-16T20:57:00,HYPE,2719.42,4781.92,0.414653,30.221,30.222,0.001528,329.25,2678.31,-2349.06,113,3007.56,134.12,15.9,118.22,29,0,108
28,2026-02-16T20:57:00,BTC,76.29,45.01,0.596998,68376.0,68377.0,1.046296,0.94,1.66,-0.72,98,2.59,0.1,0.0,0.1,10,0,108
29,2026-02-16T20:58:00,HYPE,2263.77,4059.46,0.458326,30.273,30.274,0.002028,1395.2,116.66,1278.54,86,1511.86,66.3,33.88,32.42,26,0,109
30,2026-02-16T20:58:00,BTC,62.4,55.11,0.669804,68423.0,68424.0,1.247706,2.79,6.12,-3.33,158,8.91,0.21,0.0,0.2,14,1,109
31,2026-02-16T20:59:00,HYPE,4149.68,4007.6,0.512717,30.268,30.269,0.001128,80.54,543.84,-463.3,47,624.38,65.34,7.82,57.52,18,0,109
32,2026-02-16T20:59:00,BTC,99.62,18.28,0.70242,68451.0,68452.0,1.266055,8.01,0.58,7.43,144,8.59,0.12,0.0,0.12,8,4,109
33,2026-02-16T21:00:00,HYPE,2528.69,3128.79,0.453365,30.27,30.272,0.001287,93.29,226.32,-133.03,60,319.61,66.92,2.86,64.06,19,0,108
34,2026-02-16T21:00:00,BTC,79.1,10.58,0.692901,68493.0,68494.0,1.37037,70.44,35.0,35.44,725,105.44,1.27,24.11,-22.83,95,59,108
35,2026-02-16T21:01:00,HYPE,3331.41,3486.71,0.421132,30.202,30.203,0.002593,2590.08,921.41,1668.67,153,3511.49,67.99,558.63,-490.64,24,0,108
36,2026-02-16T21:01:00,BTC,65.1,32.53,0.640548,68488.0,68489.0,1.75,2.31,5.08,-2.76,291,7.39,0.12,1.02,-0.9,27,1,108
37,2026-02-16T21:02:00,HYPE,2334.17,3539.68,0.426717,30.187,30.193,0.00338,592.74,396.27,196.47,63,989.01,63.93,186.54,-122.61,16,0,108
38,2026-02-16T21:02:00,BTC,58.38,21.62,0.546264,68401.0,68402.0,1.277778,3.11,202.06,-198.95,538,205.18,11.61,0.0,11.6,42,87,108
39,2026-02-16T21:03:00,HYPE,4553.01,3668.58,0.398249,30.197,30.198,0.001907,180.55,181.01,-0.46,49,361.56,65.97,8.05,57.92,20,0,108
40,2026-02-16T21:03:00,BTC,64.65,41.33,0.629882,68427.0,68428.0,1.074074,0.62,2.27,-1.64,129,2.89,0.11,0.02,0.09,14,1,108
41,2026-02-16T21:04:00,HYPE,3012.98,3855.8,0.439069,30.198,30.199,0.003073,174.25,8.1,166.15,45,182.35,66.42,4.66,61.76,25,0,109
42,2026-02-16T21:04:00,BTC,29.88,44.85,0.508397,68426.0,68427.0,1.0,0.81,1.4,-0.59,95,2.2,0.13,0.0,0.13,7,0,109
43,2026-02-16T21:05:00,HYPE,3763.42,3729.65,0.456799,30.202,30.203,0.002185,135.35,191.59,-56.24,43,326.94,67.07,2.86,64.21,19,0,108
44,2026-02-16T21:05:00,BTC,53.96,33.05,0.457601,68422.0,68423.0,1.064815,1.89,1.3,0.59,123,3.2,0.78,0.0,0.78,26,0,108
45,2026-02-16T21:06:00,HYPE,3471.36,3135.54,0.459058,30.191,30.192,0.002467,144.99,163.28,-18.29,40,308.27,82.24,2.85,79.39,16,0,107
46,2026-02-16T21:06:00,BTC,51.68,40.86,0.589471,68426.0,68427.0,1.018692,1.21,4.11,-2.9,125,5.32,0.28,0.0,0.28,14,1,107
47,2026-02-16T21:07:00,HYPE,3032.69,3538.85,0.420795,30.205,30.206,0.001486,97.57,142.4,-44.83,44,239.97,66.07,2.86,63.21,18,0,109
48,2026-02-16T21:07:00,BTC,47.31,42.12,0.617484,68447.0,68448.0,1.018349,1.41,1.16,0.25,87,2.57,0.11,0.0,0.11,8,1,109
49,2026-02-16T21:08:00,HYPE,6997.23,2641.31,0.457482,30.234,30.235,0.002083,173.98,2.85,171.13,39,176.83,65.86,2.85,63.01,19,0,108
50,2026-02-16T21:08:00,BTC,147.11,1.31,0.583874,68481.0,68486.0,1.157407,1.28,3.04,-1.76,144,4.32,0.11,0.1,0.01,9,1,108
51,2026-02-16T21:09:00,HYPE,3662.38,3398.91,0.480184,30.2,30.201,0.001352,111.05,13.19,97.86,40,124.24,66.06,2.86,63.2,18,0,108
52,2026-02-16T21:09:00,BTC,75.37,29.65,0.516026,68494.0,68495.0,1.296296,8.65,3.28,5.37,232,11.93,0.18,0.09,0.09,32,2,108
53,2026-02-16T21:10:00,HYPE,3141.34,2971.47,0.454591,30.217,30.218,0.002271,825.93,247.82,578.11,59,1073.75,65.89,356.08,-290.19,26,0,107
54,2026-02-16T21:10:00,BTC,32.86,54.46,0.526348,68494.0,68495.0,1.130841,18.97,19.17,-0.2,294,38.14,0.11,0.13,-0.02,15,11,107
55,2026-02-16T21:11:00,HYPE,3107.58,4224.26,0.388183,30.182,30.183,0.002224,482.51,335.36,147.15,65,817.87,65.84,2.85,62.99,17,0,107
56,2026-02-16T21:11:00,BTC,49.18,50.31,0.531865,68468.0,68469.0,1.028037,1.91,0.53,1.38,154,2.44,0.12,0.0,0.12,9,0,107
57,2026-02-16T21:12:00,HYPE,6706.77,3333.52,0.444557,30.124,30.13,0.002569,458.33,3215.38,-2757.05,202,3673.71,412.53,1526.07,-1113.54,59,0,109
58,2026-02-16T21:12:00,BTC,55.61,46.23,0.570663,68485.0,68486.0,1.100917,0.59,12.66,-12.08,164,13.25,0.12,12.07,-11.95,66,6,109
59,2026-02-16T21:13:00,HYPE,3158.01,4527.66,0.490907,30.157,30.158,0.001664,484.43,137.18,347.25,49,621.61,315.33,103.74,211.59,26,0,110
60,2026-02-16T21:13:00,BTC,56.81,48.36,0.534138,68486.0,68487.0,1.072727,0.9,0.67,0.23,86,1.58,0.12,0.0,0.12,7,0,110
61,2026-02-16T21:14:00,HYPE,2771.44,3939.08,0.470137,30.187,30.188,0.002,510.05,272.39,237.66,55,782.44,349.33,3.24,346.09,28,0,108
62,2026-02-16T21:14:00,BTC,52.98,50.94,0.589948,68475.0,68476.0,1.0,5.46,13.27,-7.81,148,18.74,0.14,12.0,-11.86,50,8,108
63,2026-02-16T21:15:00,HYPE,2944.83,2118.58,0.611588,30.235,30.236,0.002324,1747.8,83.41,1664.39,101,1831.21,1324.45,141.48,1182.97,67,0,111
64,2026-02-16T21:15:00,BTC,183.12,15.15,0.672921,68534.0,68535.0,1.171171,2.46,0.41,2.05,132,2.87,0.11,0.07,0.04,10,0,111
65,2026-02-16T21:16:00,HYPE,15203.45,3226.79,0.486256,30.265,30.266,0.003191,638.54,36.72,601.82,63,675.26,225.16,231.79,-6.63,47,0,110
66,2026-02-16T21:16:00,BTC,62.68,33.53,0.59564,68550.0,68551.0,1.272727,10.72,13.06,-2.34,330,23.79,0.45,12.01,-11.57,65,9,110
67,2026-02-16T21:17:00,HYPE,3964.47,4038.5,0.666478,30.287,30.288,0.00238,448.89,140.34,308.55,79,589.23,74.03,3.51,70.52,21,0,108
68,2026-02-16T21:17:00,BTC,47.85,36.84,0.597248,68582.0,68583.0,1.083333,2.54,0.95,1.59,187,3.49,0.0,0.34,-0.34,7,0,108
69,2026-02-16T21:18:00,HYPE,3392.4,3406.48,0.48186,30.277,30.278,0.001972,201.36,345.12,-143.76,78,546.48,73.99,29.5,44.49,28,0,108
70,2026-02-16T21:18:00,BTC,48.71,49.02,0.56141,68577.0,68578.0,1.12963,5.57,11.28,-5.71,242,16.85,0.25,9.05,-8.8,32,7,108
71,2026-02-16T21:19:00,HYPE,4253.57,2857.46,0.555355,30.306,30.313,0.002367,10539.75,287.3,10252.45,176,10827.05,104.46,2434.48,-2330.02,28,0,109
72,2026-02-16T21:19:00,BTC,73.02,30.86,0.687445,68587.0,68588.0,1.091743,1.06,6.65,-5.59,139,7.71,2.93,0.1,2.83,15,4,109
73,2026-02-16T21:20:00,HYPE,2220.15,3047.87,0.540396,30.282,30.283,0.003649,310.1,237.63,72.47,56,547.73,75.18,123.61,-48.43,28,0,111
74,2026-02-16T21:20:00,BTC,44.02,38.34,0.298507,68475.0,68476.0,1.162162,4.47,10.71,-6.24,216,15.17,7.06,0.01,7.05,60,10,111
75,2026-02-16T21:21:00,HYPE,4100.12,3192.0,0.544451,30.316,30.317,0.002583,140.55,291.3,-150.75,64,431.85,85.18,5.01,80.17,27,0,108
76,2026-02-16T21:21:00,BTC,42.61,42.36,0.494941,68497.0,68498.0,1.064815,0.29,1.32,-1.03,77,1.62,0.0,0.0,0.0,4,0,108
77,2026-02-16T21:22:00,HYPE,2985.62,2599.37,0.56385,30.327,30.328,0.00188,114.25,410.39,-296.14,40,524.64,86.93,6.53,80.4,20,0,108
78,2026-02-16T21:22:00,BTC,35.44,61.53,0.536495,68526.0,68529.0,1.388889,23.68,4.45,19.23,192,28.13,22.35,1.48,20.87,51,19,108
79,2026-02-16T21:23:00,HYPE,2499.31,2888.31,0.498522,30.274,30.281,0.001872,84.18,78.41,5.77,45,162.59,75.89,3.24,72.65,23,0,109
80,2026-02-16T21:23:00,BTC,55.72,24.09,0.603207,68560.0,68561.0,1.201835,0.2,1.57,-1.37,115,1.78,0.25,0.0,0.25,7,0,109
81,2026-02-16T21:24:00,HYPE,4358.93,3574.35,0.555038,30.277,30.278,0.00186,1269.53,2.86,1266.67,63,1272.39,174.74,2.86,171.88,22,0,107
82,2026-02-16T21:24:00,BTC,38.7,46.76,0.554807,68541.0,68542.0,1.158879,0.28,1.31,-1.02,92,1.59,0.0,0.0,0.0,4,0,107
83,2026-02-16T21:25:00,HYPE,3522.57,3342.11,0.591933,30.366,30.367,0.002092,2064.9,367.7,1697.2,184,2432.6,113.31,3.37,109.94,46,0,109
84,2026-02-16T21:25:00,BTC,34.57,59.3,0.509994,68475.0,68476.0,1.174312,0.57,2.66,-2.1,157,3.23,1.62,0.0,1.62,33,0,109
85,2026-02-16T21:26:00,HYPE,4564.33,3685.56,0.493377,30.362,30.364,0.002243,11066.32,6930.83,4135.49,505,17997.15,777.51,1609.43,-831.92,35,1,111
86,2026-02-16T21:26:00,BTC,43.9,36.1,0.541499,68481.0,68482.0,1.072072,1.57,2.14,-0.57,122,3.71,1.56,0.02,1.54,18,1,111
87,2026-02-16T21:27:00,HYPE,3553.31,4055.3,0.522345,30.363,30.364,0.002218,177.61,766.17,-588.56,54,943.78,104.1,2.85,101.25,23,0,110
88,2026-02-16T21:27:00,BTC,36.31,42.88,0.513372,68471.0,68472.0,1.090909,0.39,1.61,-1.22,92,2.0,0.0,0.0,0.0,7,0,110
89,2026-02-16T21:28:00,HYPE,2726.89,3743.57,0.465828,30.359,30.36,0.001843,988.15,81.2,906.95,58,1069.35,574.09,288.12,285.97,33,0,108
90,2026-02-16T21:28:00,BTC,38.77,33.15,0.575745,68474.0,68475.0,1.157407,0.62,3.76,-3.14,114,4.37,0.01,0.0,0.01,5,0,108
91,2026-02-16T21:29:00,HYPE,3951.14,4082.04,0.518378,30.351,30.352,0.002766,193.61,1025.55,-831.94,67,1219.16,112.21,2.85,109.36,24,0,107
92,2026-02-16T21:29:00,BTC,62.75,46.35,0.611823,68467.0,68468.0,1.140187,0.05,1.17,-1.12,54,1.23,0.0,0.0,0.0,2,0,107
93,2026-02-16T21:30:00,HYPE,2691.7,3801.68,0.507493,30.369,30.37,0.002196,102.77,1484.63,-1381.86,78,1587.4,408.45,29.5,378.95,22,0,107
94,2026-02-16T21:30:00,BTC,88.54,15.64,0.485533,68491.0,68492.0,1.224299,4.19,25.92,-21.73,221,30.1,1.69,2.91,-1.22,36,11,107
95,2026-02-16T21:31:00,HYPE,3497.83,2704.03,0.453547,30.388,30.391,0.001836,768.15,472.02,296.13,83,1240.17,146.85,45.72,101.13,29,0,110
96,2026-02-16T21:31:00,BTC,69.55,31.21,0.507977,68481.0,68482.0,1.054545,3.9,0.73,3.18,113,4.63,0.0,0.0,0.0,5,1,110
97,2026-02-16T21:32:00,HYPE,4096.81,3336.73,0.304246,30.383,30.385,0.001664,2921.41,2787.5,133.91,160,5708.91,2973.15,572.67,2400.48,68,0,107
98,2026-02-16T21:32:00,BTC,52.4,35.44,0.608588,68521.0,68522.0,1.158879,0.75,0.38,0.38,128,1.13,0.0,0.0,0.0,2,0,107
99,2026-02-16T21:33:00,HYPE,3399.87,7252.32,0.347213,30.376,30.377,0.002514,81.3,1826.76,-1745.46,79,1908.06,284.11,27.53,256.58,33,0,107
100,2026-02-16T21:33:00,BTC,89.75,33.36,0.536196,68493.0,68498.0,1.327103,0.3,4.82,-4.53,145,5.12,0.11,3.33,-3.22,27,0,107
101,2026-02-16T21:34:00,HYPE,3907.26,6156.24,0.330777,30.377,30.385,0.001759,1730.5,141.25,1589.25,70,1871.75,1725.47,377.44,1348.03,54,0,108
102,2026-02-16T21:34:00,BTC,103.73,24.04,0.479778,68469.0,68470.0,1.166667,0.75,0.67,0.09,87,1.42,0.0,0.0,0.0,5,0,108
103,2026-02-16T21:35:00,HYPE,3232.21,4061.23,0.427386,30.359,30.362,0.002321,187.59,1173.38,-985.79,125,1360.97,73.87,111.73,-37.86,27,0,109
104,2026-02-16T21:35:00,BTC,68.68,18.32,0.559442,68499.0,68500.0,1.311927,0.59,4.36,-3.77,164,4.96,0.0,1.0,-1.0,13,2,109
105,2026-02-16T21:36:00,HYPE,4087.16,6449.49,0.390092,30.36,30.361,0.002037,935.44,105.14,830.3,58,1040.58,74.31,411.18,-336.87,32,0,109
106,2026-02-16T21:36:00,BTC,80.48,24.58,0.504271,68458.0,68459.0,1.119266,3.69,0.63,3.07,104,4.32,0.0,0.0,0.0,4,1,109
107,2026-02-16T21:37:00,HYPE,3451.94,3751.75,0.436342,30.351,30.352,0.00233,125.59,73.62,51.97,46,199.21,71.73,5.46,66.27,22,0,109
108,2026-02-16T21:37:00,BTC,35.52,47.82,0.508005,68438.0,68439.0,1.119266,0.27,0.72,-0.45,69,0.99,0.19,0.5,-0.31,18,0,109
109,2026-02-16T21:38:00,HYPE,3212.85,9983.95,0.273725,30.399,30.4,0.00378,4118.3,1056.19,3062.11,84,5174.49,222.63,20.76,201.87,25,1,109
110,2026-02-16T21:38:00,BTC,61.36,26.31,0.551791,68434.0,68435.0,1.12844,0.38,1.14,-0.76,68,1.52,0.44,0.25,0.19,15,0,109
111,2026-02-16T21:39:00,HYPE,3176.56,10330.59,0.253623,30.414,30.415,0.001944,586.23,2261.01,-1674.78,106,2847.24,632.83,69.73,563.1,24,0,108
112,2026-02-16T21:39:00,BTC,63.77,25.19,0.676207,68449.0,68450.0,1.055556,0.69,0.49,0.2,60,1.18,0.0,0.4,-0.4,8,1,108
113,2026-02-16T21:40:00,HYPE,4599.04,1822.0,0.335237,30.441,30.443,0.001445,7653.85,386.91,7266.94,316,8040.76,154.58,64.98,89.6,25,1,110
114,2026-02-16T21:40:00,BTC,33.27,46.26,0.583346,68504.0,68505.0,1.154545,4.27,1.08,3.19,129,5.35,0.0,0.0,0.0,5,1,110
115,2026-02-16T21:41:00,HYPE,3039.27,7218.74,0.48169,30.462,30.463,0.002853,13077.09,752.1,12324.99,399,13829.19,331.86,243.66,88.2,26,1,109
116,2026-02-16T21:41:00,BTC,28.31,96.05,0.504006,68485.0,68489.0,1.12844,1.07,0.55,0.52,101,1.62,0.03,0.22,-0.2,10,0,109
117,2026-02-16T21:42:00,HYPE,6082.44,6684.37,0.407719,30.489,30.491,0.002155,6527.69,677.41,5850.28,263,7205.1,146.65,468.98,-322.33,36,1,110
118,2026-02-16T21:42:00,BTC,36.01,41.2,0.640324,68505.0,68506.0,1.090909,0.35,2.87,-2.52,76,3.21,0.0,0.0,0.0,2,0,110
119,2026-02-16T21:43:00,HYPE,3315.64,5503.93,0.404407,30.424,30.433,0.003703,456.35,20831.51,-20375.16,224,21287.86,4309.97,101.35,4208.62,46,3,111
120,2026-02-16T21:43:00,BTC,49.81,33.68,0.50063,68477.0,68478.0,1.117117,0.65,1.16,-0.5,80,1.81,0.54,0.0,0.54,15,1,111
121,2026-02-16T21:44:00,HYPE,2794.17,3429.37,0.444421,30.445,30.447,0.003962,265.03,2339.88,-2074.85,88,2604.91,779.28,1067.34,-288.06,51,0,106
122,2026-02-16T21:44:00,BTC,50.21,31.29,0.588219,68504.0,68505.0,1.216981,0.18,1.3,-1.12,80,1.48,0.75,0.0,0.75,14,1,106
123,2026-02-16T21:45:00,HYPE,2195.83,3433.78,0.452005,30.414,30.416,0.003352,2527.42,3322.54,-795.12,164,5849.96,795.93,1648.29,-852.36,73,0,108
124,2026-02-16T21:45:00,BTC,118.16,18.55,0.409859,68510.0,68511.0,1.166667,0.17,1.37,-1.2,119,1.54,0.78,0.0,0.78,28,1,108
125,2026-02-16T21:46:00,HYPE,1959.09,3623.25,0.432004,30.48,30.481,0.003312,3488.98,133.19,3355.79,132,3622.17,65.85,645.85,-580.0,32,0,109
126,2026-02-16T21:46:00,BTC,45.96,31.85,0.330613,68442.0,68443.0,1.238532,0.71,4.59,-3.88,102,5.3,3.59,0.75,2.84,35,2,109
127,2026-02-16T21:47:00,HYPE,3363.2,3169.39,0.471525,30.524,30.525,0.002486,5318.72,1979.39,3339.33,411,7298.11,241.7,573.88,-332.18,45,0,109
128,2026-02-16T21:47:00,BTC,31.65,47.98,0.511233,68467.0,68468.0,1.137615,1.78,2.31,-0.53,111,4.09,1.37,0.25,1.12,19,0,109
129,2026-02-16T21:48:00,HYPE,2624.17,3116.31,0.527308,30.545,30.549,0.001631,1388.9,3826.53,-2437.63,265,5215.43,110.25,171.63,-61.38,38,1,111
130,2026-02-16T21:48:01,BTC,36.43,37.95,0.560704,68487.0,68488.0,1.207207,0.13,1.23,-1.1,68,1.36,0.0,0.0,0.0,3,0,111
131,2026-02-16T21:49:00,HYPE,2584.18,3825.98,0.408906,30.498,30.506,0.001713,1452.79,3752.68,-2299.89,267,5205.47,750.21,412.15,338.06,32,0,108
132,2026-02-16T21:49:00,BTC,36.72,42.08,0.515904,68477.0,68478.0,1.111111,0.14,0.5,-0.36,61,0.64,0.0,0.0,0.0,3,0,108
133,2026-02-16T21:50:00,HYPE,3282.17,3561.61,0.491804,30.485,30.486,0.002206,842.28,7812.61,-6970.33,175,8654.89,1440.83,21.76,1419.07,34,0,107
134,2026-02-16T21:50:00,BTC,41.61,36.86,0.661042,68497.0,68498.0,1.158879,2.34,0.26,2.08,115,2.6,0.0,0.0,0.0,4,1,107
135,2026-02-16T21:51:00,HYPE,2973.53,3786.47,0.499622,30.505,30.506,0.001391,716.98,648.71,68.27,68,1365.69,66.06,184.85,-118.79,21,0,110
136,2026-02-16T21:51:00,BTC,17.67,85.84,0.528977,68491.0,68492.0,1.172727,9.01,0.31,8.7,104,9.32,0.0,0.0,0.0,3,6,110
137,2026-02-16T21:52:00,HYPE,3597.12,3594.26,0.44901,30.472,30.478,0.001495,104.03,510.1,-406.07,58,614.13,66.72,8.5,58.22,20,0,109
138,2026-02-16T21:52:00,BTC,35.72,39.41,0.500543,68459.0,68460.0,1.009174,2.15,3.32,-1.16,106,5.47,0.0,0.0,0.0,3,2,109
139,2026-02-16T21:53:00,HYPE,2514.04,3636.86,0.443561,30.49,30.493,0.001491,115.49,494.11,-378.62,55,609.6,65.21,24.45,40.76,27,0,108
140,2026-02-16T21:53:00,BTC,88.19,24.25,0.598732,68465.0,68466.0,1.009259,0.31,0.26,0.05,52,0.57,0.0,0.0,0.0,4,0,108
141,2026-02-16T21:54:00,HYPE,2354.8,3932.59,0.429158,30.488,30.489,0.001299,92.39,703.12,-610.73,62,795.51,65.87,36.72,29.15,29,0,107
142,2026-02-16T21:54:00,BTC,38.97,41.12,0.653839,68489.0,68490.0,1.102804,0.34,0.28,0.07,58,0.62,0.0,0.0,0.0,3,0,107
143,2026-02-16T21:55:00,HYPE,3209.82,4185.8,0.421632,30.48,30.481,0.001505,266.57,210.01,56.56,56,476.58,67.03,14.03,53.0,22,0,105
144,2026-02-16T21:55:00,BTC,37.9,39.55,0.544408,68484.0,68485.0,1.028571,0.29,1.89,-1.6,77,2.18,0.0,0.0,0.0,3,1,105
145,2026-02-16T21:56:00,HYPE,2852.3,3310.3,0.438251,30.466,30.467,0.001427,123.71,58.91,64.8,43,182.62,64.96,40.79,24.17,25,0,110
146,2026-02-16T21:56:00,BTC,35.08,51.98,0.565181,68495.0,68496.0,1.045455,0.29,0.11,0.18,67,0.4,0.0,0.0,0.0,6,0,110
147,2026-02-16T21:57:00,HYPE,2931.28,3749.82,0.449832,30.479,30.48,0.001385,339.38,2162.41,-1823.03,100,2501.79,347.08,32.09,314.99,24,0,109
148,2026-02-16T21:57:00,BTC,111.01,15.69,0.6626,68516.0,68518.0,1.073394,0.68,0.45,0.23,68,1.13,0.0,0.37,-0.37,6,0,109
149,2026-02-16T21:58:00,HYPE,3318.93,5293.7,0.492468,30.547,30.554,0.001741,1436.05,53.6,1382.45,134,1489.65,66.41,96.14,-29.73,24,0,108
150,2026-02-16T21:58:00,BTC,29.18,61.12,0.635704,68747.0,68752.0,2.212963,55.61,3.18,52.43,1398,58.79,0.82,2.17,-1.35,136,15,108
151,2026-02-16T21:59:00,HYPE,3542.76,2866.28,0.496729,30.576,30.577,0.002345,9468.77,488.06,8980.71,378,9956.83,98.73,1487.93,-1389.2,40,0,110
152,2026-02-16T21:59:00,BTC,59.97,25.19,0.656898,68863.0,68864.0,1.363636,83.02,104.02,-21.0,1341,187.04,0.0,43.76,-43.76,202,92,110
153,2026-02-16T22:00:00,HYPE,4803.48,2505.23,0.518281,30.588,30.593,0.003284,5725.73,529.2,5196.53,228,6254.93,1695.57,1452.68,242.89,84,0,109
154,2026-02-16T22:00:00,BTC,32.75,31.89,0.525412,68833.0,68834.0,1.110092,3.36,66.33,-62.97,351,69.69,2.92,12.11,-9.19,35,41,109
155,2026-02-16T22:01:00,HYPE,4726.18,3333.38,0.529144,30.608,30.61,0.002019,602.66,878.86,-276.2,85,1481.52,65.18,159.75,-94.57,34,0,108
156,2026-02-16T22:01:00,BTC,130.05,29.59,0.445996,68797.0,68808.0,1.314815,12.12,15.92,-3.8,474,28.03,7.36,1.27,6.08,73,12,108
157,2026-02-16T22:02:00,HYPE,3220.23,3560.81,0.512124,30.545,30.546,0.003135,1019.84,9861.74,-8841.9,230,10881.58,3203.64,74.46,3129.18,42,1,111
158,2026-02-16T22:02:00,BTC,29.66,39.94,0.421505,68768.0,68769.0,1.189189,8.04,5.41,2.63,440,13.45,0.0,0.03,-0.03,6,5,111
159,2026-02-16T22:03:00,HYPE,2643.17,3375.2,0.43827,30.565,30.566,0.002481,676.76,460.59,216.17,65,1137.35,652.37,47.38,604.99,27,0,108
160,2026-02-16T22:03:00,BTC,69.29,26.02,0.551638,68829.0,68830.0,1.148148,3.73,1.64,2.09,145,5.37,2.88,0.0,2.88,25,3,108
161,2026-02-16T22:04:00,HYPE,2177.55,3805.97,0.406574,30.559,30.563,0.001815,133.97,352.67,-218.7,70,486.64,100.03,29.89,70.14,25,0,108
162,2026-02-16T22:04:00,BTC,20.37,52.78,0.446013,68805.0,68806.0,1.138889,6.14,3.06,3.08,176,9.2,2.59,0.0,2.59,24,4,108
163,2026-02-16T22:05:00,HYPE,2560.84,4548.13,0.388042,30.539,30.54,0.002872,156.28,444.32,-288.04,70,600.6,65.86,6.47,59.39,20,0,109
164,2026-02-16T22:05:00,BTC,49.02,41.26,0.472186,68761.0,68762.0,1.100917,8.8,6.81,1.99,219,15.61,5.27,0.0,5.27,52,5,109
165,2026-02-16T22:06:00,HYPE,1841.45,3953.05,0.383168,30.547,30.548,0.001417,1015.62,167.59,848.03,57,1183.21,65.85,270.87,-205.02,19,0,108
166,2026-02-16T22:06:00,BTC,17.16,69.98,0.506223,68751.0,68752.0,1.12037,3.06,3.19,-0.13,122,6.25,1.3,0.0,1.3,12,2,108
167,2026-02-16T22:07:00,HYPE,2212.13,3523.63,0.401646,30.524,30.525,0.002073,214.77,102.17,112.6,78,316.94,65.63,20.37,45.26,21,0,110
168,2026-02-16T22:07:00,BTC,46.23,47.93,0.328716,68676.0,68677.0,1.009091,0.42,105.74,-105.32,447,106.16,13.66,0.0,13.66,54,53,110
169,2026-02-16T22:08:00,HYPE,2786.63,3336.28,0.41087,30.525,30.53,0.001556,116.31,114.42,1.89,64,230.73,65.66,7.09,58.57,21,0,108
170,2026-02-16T22:08:00,BTC,29.67,37.19,0.43007,68678.0,68679.0,1.212963,4.32,20.46,-16.13,237,24.78,3.17,15.75,-12.58,108,16,108
171,2026-02-16T22:09:00,HYPE,2060.42,3063.67,0.449246,30.549,30.555,0.001771,352.23,142.84,209.39,71,495.07,66.36,69.46,-3.1,21,0,109
172,2026-02-16T22:09:00,BTC,46.62,38.37,0.48094,68700.0,68701.0,1.211009,3.76,0.73,3.03,142,4.49,0.17,0.27,-0.1,11,1,109
173,2026-02-16T22:10:00,HYPE,3199.29,1647.97,0.447592,30.619,30.622,0.00187,1217.6,210.33,1007.27,166,1427.93,85.17,53.38,31.79,23,0,108
174,2026-02-16T22:10:00,BTC,182.63,11.35,0.422151,68696.0,68697.0,1.203704,1.28,3.43,-2.15,156,4.7,2.65,0.0,2.65,25,2,108
175,2026-02-16T22:11:00,HYPE,18352.58,3727.74,0.544862,30.75,30.757,0.0028,13375.4,3370.47,10004.93,1463,16745.87,592.92,571.44,21.48,67,1,110
176,2026-02-16T22:11:00,BTC,129.87,40.8,0.438191,68790.0,68791.0,1.263636,8.55,0.47,8.08,181,9.02,0.03,0.29,-0.26,13,3,110
177,2026-02-16T22:12:00,HYPE,5092.68,2546.61,0.586897,30.787,30.788,0.002455,5983.81,1853.72,4130.09,317,7837.53,1600.94,1153.44,447.5,52,0,110
178,2026-02-16T22:12:00,BTC,200.23,0.53,0.360344,68786.0,68787.0,1.054545,0.43,6.65,-6.22,128,7.08,5.03,0.0,5.03,35,3,110
179,2026-02-16T22:13:00,HYPE,15917.19,4467.67,0.440427,30.752,30.759,0.002364,571.04,19557.79,-18986.75,288,20128.83,2837.62,10294.42,-7456.8,112,1,110
180,2026-02-16T22:13:00,BTC,35.31,25.53,0.33581,68777.0,68778.0,1.154545,3.4,1.84,1.56,177,5.25,0.02,0.11,-0.09,8,1,110
181,2026-02-16T22:14:00,HYPE,2833.35,4314.0,0.477135,30.798,30.799,0.002973,1123.78,4918.54,-3794.76,185,6042.32,760.84,197.9,562.94,34,0,111
182,2026-02-16T22:14:00,BTC,69.95,25.46,0.275445,68717.0,68719.0,1.09009,1.38,7.39,-6.01,169,8.77,4.12,0.0,4.11,41,8,111
183,2026-02-16T22:15:00,HYPE,4850.49,3102.32,0.506636,30.781,30.785,0.001518,4261.23,1969.97,2291.26,461,6231.2,1456.03,718.2,737.83,84,0,110
184,2026-02-16T22:15:00,BTC,117.51,48.71,0.461965,68727.0,68728.0,1.063636,1.14,3.74,-2.6,89,4.88,0.88,0.0,0.88,11,0,110
185,2026-02-16T22:16:00,HYPE,4606.92,14270.7,0.414685,30.823,30.824,0.002109,3472.14,1378.32,2093.82,198,4850.46,3060.17,705.31,2354.86,97,0,110
186,2026-02-16T22:16:00,BTC,19.41,73.64,0.44158,68764.0,68765.0,1.227273,1.97,1.72,0.25,139,3.7,0.02,0.0,0.02,6,0,110
187,2026-02-16T22:17:00,HYPE,3850.97,5007.49,0.413101,30.764,30.765,0.001734,137.32,1223.98,-1086.66,100,1361.3,66.76,653.09,-586.33,41,0,109
188,2026-02-16T22:17:00,BTC,25.05,77.54,0.363258,68754.0,68755.0,1.165138,3.57,2.89,0.68,141,6.46,0.03,0.0,0.02,8,3,109
189,2026-02-16T22:18:00,HYPE,17172.18,3795.45,0.701337,30.751,30.752,0.002673,531.95,2512.88,-1980.93,106,3044.83,96.26,1576.21,-1479.95,44,0,110
190,2026-02-16T22:18:00,BTC,19.91,96.19,0.286073,68700.0,68701.0,1.154545,1.02,3.96,-2.94,146,4.98,2.57,0.0,2.57,19,2,110
191,2026-02-16T22:19:00,HYPE,2898.26,3048.58,0.581829,30.759,30.76,0.001318,115.48,221.64,-106.16,62,337.12,65.88,19.77,46.11,24,0,107
192,2026-02-16T22:19:00,BTC,32.25,56.26,0.441376,68720.0,68721.0,1.233645,1.04,1.4,-0.35,135,2.44,0.82,0.0,0.82,22,1,107
193,2026-02-16T22:20:00,HYPE,16820.16,5178.49,0.518212,30.75,30.751,0.001482,194.34,274.49,-80.15,72,468.83,66.8,32.57,34.23,27,0,110
194,2026-02-16T22:20:00,BTC,56.33,30.56,0.42146,68742.0,68743.0,1.154545,49.18,0.5,48.68,204,49.68,0.02,0.46,-0.43,10,29,110
195,2026-02-16T22:21:00,HYPE,2975.15,3295.08,0.610871,30.77,30.771,0.001564,333.09,2240.03,-1906.94,93,2573.12,125.13,81.62,43.51,44,0,110
196,2026-02-16T22:21:00,BTC,31.62,60.95,0.503177,68763.0,68764.0,1.1,9.02,0.92,8.11,125,9.94,0.03,0.31,-0.28,9,4,110
197,2026-02-16T22:22:00,HYPE,2639.04,5234.74,0.454148,30.774,30.775,0.001642,415.96,154.74,261.22,74,570.7,67.35,13.4,53.95,20,0,106
198,2026-02-16T22:22:00,BTC,25.45,60.75,0.415127,68764.0,68765.0,1.103774,3.34,0.83,2.51,110,4.18,0.02,0.0,0.02,7,2,106
199,2026-02-16T22:23:00,HYPE,16821.32,3798.03,0.620803,30.744,30.746,0.001615,596.59,373.44,223.15,74,970.03,65.34,57.15,8.19,26,0,109
200,2026-02-16T22:23:00,BTC,21.5,54.77,0.23975,68721.0,68722.0,1.06422,0.78,2.36,-1.59,134,3.14,0.03,0.01,0.02,11,1,109
201,2026-02-16T22:24:00,HYPE,17232.77,3989.26,0.797777,30.753,30.754,0.001327,213.82,224.06,-10.24,50,437.88,66.39,5.6,60.79,19,0,110
202,2026-02-16T22:24:00,BTC,32.22,78.58,0.281387,68703.0,68704.0,1.072727,0.17,0.63,-0.46,76,0.8,0.02,0.0,0.02,5,0,110
203,2026-02-16T22:25:00,HYPE,3459.41,3750.0,0.687426,30.768,30.769,0.001627,152.21,300.93,-148.72,57,453.14,65.83,3.23,62.6,18,0,110
204,2026-02-16T22:25:00,BTC,38.79,49.24,0.426402,68652.0,68653.0,1.127273,1.87,53.02,-51.14,405,54.89,7.67,0.26,7.41,37,38,110
205,2026-02-16T22:26:00,HYPE,2568.8,3856.22,0.492253,30.761,30.768,0.00178,419.32,327.92,91.4,75,747.24,65.69,125.44,-59.75,36,0,109
206,2026-02-16T22:26:00,BTC,18.58,59.4,0.283921,68618.0,68619.0,1.110092,1.17,11.8,-10.63,157,12.97,3.19,5.22,-2.03,49,8,109
207,2026-02-16T22:27:00,HYPE,3508.34,3812.05,0.417224,30.789,30.79,0.001802,926.18,422.18,504.0,69,1348.36,66.43,20.8,45.63,22,0,111
208,2026-02-16T22:27:00,BTC,23.45,77.45,0.281953,68613.0,68614.0,1.036036,0.29,6.11,-5.83,90,6.4,0.59,0.03,0.56,15,1,111
209,2026-02-16T22:28:00,HYPE,2497.34,4892.91,0.399072,30.809,30.81,0.001817,380.14,2637.39,-2257.25,100,3017.53,164.14,50.96,113.18,27,0,109
210,2026-02-16T22:28:00,BTC,27.09,85.29,0.400677,68611.0,68612.0,1.018349,0.41,0.32,0.09,61,0.72,0.18,0.05,0.13,16,0,109
211,2026-02-16T22:29:00,HYPE,2976.34,4237.96,0.413196,30.793,30.796,0.001545,210.57,490.53,-279.96,75,701.1,66.21,2.85,63.36,16,0,110
212,2026-02-16T22:29:00,BTC,48.31,53.66,0.477212,68630.0,68631.0,1.0,48.91,0.35,48.55,180,49.26,1.58,3.2,-1.62,29,26,110
213,2026-02-16T22:30:00,HYPE,2681.12,3008.61,0.381386,30.785,30.786,0.001369,498.34,96.42,401.92,51,594.76,65.98,213.2,-147.22,26,0,111
214,2026-02-16T22:30:00,BTC,130.08,14.52,0.309074,68568.0,68569.0,1.351351,50.16,177.55,-127.39,732,227.71,18.77,1.62,17.15,66,117,111
215,2026-02-16T22:31:00,HYPE,2293.4,4021.88,0.410643,30.719,30.72,0.001891,544.75,6726.26,-6181.51,208,7271.01,1579.68,5.08,1574.6,25,0,110
216,2026-02-16T22:31:00,BTC,53.75,37.71,0.400049,68532.0,68533.0,1.209091,2.24,13.86,-11.62,262,16.1,3.57,0.02,3.54,39,9,110
217,2026-02-16T22:32:00,HYPE,4328.23,5036.44,0.386298,30.748,30.749,0.001234,142.07,207.94,-65.87,49,350.01,65.42,55.6,9.82,20,0,111
218,2026-02-16T22:32:00,BTC,63.83,47.22,0.479675,68506.0,68507.0,1.279279,9.58,7.18,2.4,250,16.76,2.93,0.02,2.9,47,11,111
219,2026-02-16T22:33:00,HYPE,3333.9,4380.7,0.471632,30.737,30.738,0.001209,1479.95,167.83,1312.12,64,1647.78,64.68,105.12,-40.44,18,0,110
220,2026-02-16T22:33:00,BTC,39.83,76.35,0.527457,68573.0,68574.0,1.118182,4.8,0.63,4.18,169,5.43,1.0,0.05,0.95,37,1,110
221,2026-02-16T22:34:00,HYPE,2139.63,3434.38,0.466168,30.735,30.736,0.001435,745.75,1239.72,-493.97,82,1985.47,65.66,326.73,-261.07,30,0,108
222,2026-02-16T22:34:00,BTC,19.59,112.63,0.541738,68655.0,68656.0,1.111111,3.28,3.3,-0.01,283,6.58,0.22,0.62,-0.41,29,2,108
223,2026-02-16T22:35:00,HYPE,2398.25,3695.41,0.420019,30.701,30.702,0.001431,287.96,135.19,152.77,49,423.15,64.21,15.45,48.76,26,0,109
224,2026-02-16T22:35:00,BTC,27.35,77.49,0.489132,68656.0,68657.0,1.174312,0.66,1.04,-0.38,117,1.69,0.0,0.0,0.0,4,0,109
225,2026-02-16T22:36:00,HYPE,2740.57,3937.81,0.434776,30.682,30.683,0.002164,487.2,21043.26,-20556.06,328,21530.46,3679.4,5.98,3673.42,33,3,110
226,2026-02-16T22:36:00,BTC,33.37,39.03,0.517832,68695.0,68696.0,1.118182,5.68,0.8,4.88,147,6.47,0.0,1.33,-1.33,10,3,110
227,2026-02-16T22:37:00,HYPE,2923.13,5306.71,0.447876,30.689,30.695,0.001486,191.72,507.66,-315.94,52,699.38,65.52,3.24,62.28,15,0,109
228,2026-02-16T22:37:00,BTC,20.11,114.16,0.403151,68645.0,68646.0,1.201835,3.22,4.4,-1.18,162,7.62,2.14,0.0,2.14,11,2,109
229,2026-02-16T22:38:00,HYPE,3868.55,4040.83,0.463386,30.691,30.692,0.001587,297.59,124.35,173.24,45,421.94,66.21,4.61,61.6,16,0,109
230,2026-02-16T22:38:00,BTC,64.7,26.2,0.394699,68637.0,68638.0,1.266055,0.74,4.97,-4.23,165,5.71,2.14,0.01,2.13,23,2,109
231,2026-02-16T22:39:00,HYPE,3699.78,3711.76,0.514327,30.732,30.733,0.001455,5468.14,468.41,4999.73,118,5936.55,64.39,401.19,-336.8,19,0,110
232,2026-02-16T22:39:00,BTC,63.12,31.55,0.582661,68689.0,68690.0,1.063636,1.99,1.4,0.59,80,3.4,1.06,0.0,1.06,10,2,110
233,2026-02-16T22:40:00,HYPE,3982.5,5734.39,0.502667,30.783,30.784,0.001164,564.19,1285.36,-721.17,106,1849.55,117.47,2.86,114.61,22,0,110
234,2026-02-16T22:40:00,BTC,20.39,50.48,0.351511,68639.0,68640.0,1.036364,0.93,2.18,-1.26,95,3.11,2.02,0.0,2.01,23,0,110
235,2026-02-16T22:41:00,HYPE,2813.35,3127.09,0.522073,30.727,30.728,0.001909,110.12,1628.81,-1518.69,116,1738.93,369.68,159.28,210.4,28,0,110
236,2026-02-16T22:41:00,BTC,41.8,48.95,0.373393,68589.0,68590.0,1.172727,0.26,10.84,-10.57,138,11.1,5.86,0.05,5.81,38,8,110
237,2026-02-16T22:42:00,HYPE,3242.67,3171.96,0.456919,30.715,30.716,0.001472,538.53,180.15,358.38,63,718.68,64.25,33.76,30.49,15,0,108
238,2026-02-16T22:42:00,BTC,16.64,141.94,0.534645,68610.0,68611.0,1.064815,5.35,0.36,4.99,102,5.71,5.16,0.03,5.13,30,4,108
239,2026-02-16T22:43:00,HYPE,4287.71,2885.2,0.531636,30.694,30.695,0.001585,187.16,1280.6,-1093.44,80,1467.76,65.68,1.81,63.87,13,0,106
240,2026-02-16T22:43:00,BTC,41.46,48.17,0.293609,68599.0,68600.0,1.132075,0.13,2.4,-2.28,61,2.53,0.83,0.0,0.83,6,2,106
241,2026-02-16T22:44:00,HYPE,4843.77,3397.74,0.532779,30.67,30.671,0.001117,1198.54,1366.19,-167.65,75,2564.73,65.42,3.72,61.7,16,0,111
242,2026-02-16T22:44:00,BTC,19.8,75.35,0.375245,68577.0,68578.0,1.117117,0.18,0.32,-0.14,59,0.5,0.0,0.05,-0.05,5,0,111
243,2026-02-16T22:45:00,HYPE,3267.32,2296.52,0.487553,30.644,30.645,0.00111,69.12,2267.63,-2198.51,55,2336.75,65.15,0.0,65.15,13,0,109
244,2026-02-16T22:45:00,BTC,29.49,68.9,0.33382,68571.0,68572.0,1.0,1.28,0.22,1.06,44,1.5,0.22,0.0,0.22,25,0,109
245,2026-02-16T22:46:00,HYPE,2803.5,3291.8,0.507902,30.651,30.652,0.001018,69.06,1.9,67.16,24,70.96,65.08,0.0,65.08,17,0,109
246,2026-02-16T22:46:00,BTC,22.28,79.77,0.299406,68544.0,68545.0,1.201835,0.12,2.37,-2.25,81,2.48,2.0,0.0,2.0,27,1,109
247,2026-02-16T22:47:00,HYPE,2968.22,3508.49,0.510193,30.651,30.652,0.0011,2277.7,140.0,2137.7,38,2417.7,65.66,2192.93,-2127.27,19,0,110
248,2026-02-16T22:47:00,BTC,16.86,149.83,0.223731,68540.0,68541.0,1.218182,0.54,2.36,-1.82,147,2.9,2.14,0.0,2.14,28,2,110
249,2026-02-16T22:48:00,HYPE,3195.14,3148.56,0.469585,30.678,30.679,0.001081,368.59,2.75,365.84,28,371.34,64.7,0.68,64.02,15,0,111
250,2026-02-16T22:48:00,BTC,31.35,75.52,0.243233,68532.0,68533.0,1.099099,0.42,0.55,-0.13,73,0.98,0.0,0.01,-0.01,7,0,111
251,2026-02-16T22:49:00,HYPE,2332.1,3036.69,0.494532,30.696,30.697,0.001128,149.28,34.72,114.56,32,184.0,65.85,2.74,63.11,16,0,109
252,2026-02-16T22:49:00,BTC,56.88,90.43,0.359652,68599.0,68600.0,1.174312,1.34,0.22,1.11,112,1.56,0.0,0.02,-0.02,16,0,109
253,2026-02-16T22:50:00,HYPE,2599.56,2233.26,0.442471,30.698,30.699,0.001009,69.5,283.62,-214.12,23,353.12,65.53,0.0,65.53,14,0,110
254,2026-02-16T22:50:00,BTC,115.26,31.41,0.55239,68609.0,68610.0,1.036364,50.03,1.15,48.88,134,51.18,0.0,0.0,0.0,5,18,110
255,2026-02-16T22:51:00,HYPE,3627.83,4009.16,0.448314,30.675,30.676,0.00166,84.2,305.26,-221.06,77,389.46,65.44,0.62,64.82,16,0,106
256,2026-02-16T22:51:00,BTC,25.66,46.14,0.456975,68564.0,68565.0,1.377358,4.83,3.46,1.37,186,8.3,0.0,0.0,0.0,4,2,106
257,2026-02-16T22:52:00,HYPE,2594.93,3232.08,0.43732,30.642,30.643,0.001346,146.64,5816.87,-5670.23,101,5963.51,1650.47,5386.37,-3735.9,78,0,107
258,2026-02-16T22:52:00,BTC,23.61,95.42,0.358494,68525.0,68526.0,1.046729,0.16,1.1,-0.94,87,1.26,0.21,0.0,0.2,3,0,107
259,2026-02-16T22:53:00,HYPE,3177.94,3271.25,0.413095,30.622,30.623,0.001327,248.73,1117.99,-869.26,59,1366.72,65.5,0.0,65.5,14,0,107
260,2026-02-16T22:53:00,BTC,75.04,32.18,0.497056,68487.0,68488.0,1.037383,1.08,5.97,-4.88,242,7.05,1.44,0.61,0.83,46,1,107
261,2026-02-16T22:54:00,HYPE,3231.64,3680.08,0.449351,30.667,30.668,0.001864,2351.12,35.16,2315.96,94,2386.28,2065.09,141.85,1923.24,69,0,110
262,2026-02-16T22:54:00,BTC,53.47,41.85,0.562259,68558.0,68559.0,1.181818,3.29,0.53,2.76,158,3.82,0.0,2.23,-2.23,13,2,110
263,2026-02-16T22:55:00,HYPE,3682.89,5835.82,0.358742,30.691,30.692,0.001297,1360.74,236.68,1124.06,51,1597.42,564.96,299.71,265.25,25,0,111
264,2026-02-16T22:55:00,BTC,33.25,57.31,0.643325,68645.0,68646.0,1.018018,0.84,0.27,0.57,161,1.11,0.0,0.0,0.0,3,0,111
265,2026-02-16T22:56:00,HYPE,3455.49,4017.64,0.350459,30.707,30.708,0.001664,663.49,12.27,651.22,47,675.76,565.63,65.22,500.41,28,0,110
266,2026-02-16T22:56:00,BTC,64.12,23.99,0.356956,68597.0,68598.0,1.018182,0.53,1.52,-1.0,149,2.05,0.6,0.29,0.3,13,1,110
267,2026-02-16T22:57:00,HYPE,2794.67,3840.57,0.444551,30.699,30.7,0.001065,93.91,1510.84,-1416.93,47,1604.75,99.01,0.38,98.63,15,0,108
268,2026-02-16T22:57:00,BTC,26.49,43.39,0.487885,68597.0,68598.0,1.018519,0.64,0.14,0.5,109,0.78,0.0,0.22,-0.22,19,0,108
269,2026-02-16T22:58:00,HYPE,3170.71,3732.49,0.44113,30.699,30.7,0.001036,107.93,58.57,49.36,34,166.5,64.51,25.73,38.78,16,0,110
270,2026-02-16T22:58:00,BTC,72.31,101.59,0.329005,68599.0,68600.0,1.081818,26.0,0.1,25.91,105,26.1,0.0,0.32,-0.32,18,1,110
271,2026-02-16T22:59:00,HYPE,2769.13,4584.84,0.434427,30.699,30.701,0.001162,170.97,26.22,144.75,31,197.19,64.83,0.39,64.44,12,0,111
272,2026-02-16T22:59:00,BTC,56.4,27.28,0.415306,68568.0,68569.0,1.081081,38.63,0.51,38.12,82,39.14,0.0,0.0,0.0,2,4,111
273,2026-02-16T23:00:00,HYPE,2313.79,4189.93,0.363341,30.711,30.712,0.001624,144.15,72.48,71.67,33,216.63,65.73,0.38,65.35,16,0,109
274,2026-02-16T23:00:00,BTC,38.17,62.4,0.479279,68555.0,68556.0,1.073394,1.86,1.93,-0.06,124,3.79,0.6,0.15,0.45,10,2,109
275,2026-02-16T23:01:00,HYPE,2737.66,4291.8,0.389649,30.713,30.714,0.001118,1026.94,282.97,743.97,66,1309.91,64.81,0.0,64.81,13,0,110
276,2026-02-16T23:01:00,BTC,36.51,41.26,0.401293,68554.0,68555.0,1.2,35.45,3.69,31.76,200,39.14,0.0,0.29,-0.29,13,15,110
277,2026-02-16T23:02:00,HYPE,1884.17,3444.37,0.386941,30.694,30.695,0.001421,149.39,3277.86,-3128.47,91,3427.25,752.15,1.76,750.39,23,0,107
278,2026-02-16T23:02:00,BTC,28.75,57.84,0.510659,68582.0,68583.0,1.084112,1.08,0.37,0.71,89,1.45,0.0,0.22,-0.22,3,0,107
279,2026-02-16T23:03:00,HYPE,2628.89,3668.83,0.409088,30.654,30.664,0.001509,105.23,1693.28,-1588.05,98,1798.51,68.85,0.37,68.48,16,0,112
280,2026-02-16T23:03:00,BTC,46.57,28.55,0.286358,68512.0,68513.0,1.169643,0.85,2.57,-1.72,151,3.42,1.79,0.0,1.79,11,3,112
281,2026-02-16T23:04:00,HYPE,2191.01,3721.01,0.403602,30.709,30.71,0.001925,825.37,6.77,818.6,51,832.14,66.27,67.63,-1.36,22,0,107
282,2026-02-16T23:04:00,BTC,57.29,25.43,0.53569,68527.0,68528.0,1.214953,2.69,1.68,1.01,116,4.37,0.02,0.15,-0.13,12,2,107
283,2026-02-16T23:05:00,HYPE,2315.38,3913.66,0.408945,30.727,30.73,0.001734,403.07,218.62,184.45,62,621.69,65.06,29.63,35.43,18,0,109
284,2026-02-16T23:05:00,BTC,96.78,35.51,0.687554,68634.0,68645.0,1.541284,3.17,0.36,2.8,150,3.53,0.0,0.34,-0.34,6,0,109
285,2026-02-16T23:06:00,HYPE,2087.47,3178.58,0.422246,30.726,30.727,0.001778,118.28,215.88,-97.6,48,334.16,65.08,27.26,37.82,17,0,108
286,2026-02-16T23:06:00,BTC,48.75,28.99,0.515961,68647.0,68648.0,1.435185,0.3,1.17,-0.87,164,1.46,0.0,0.0,0.0,5,0,108
287,2026-02-16T23:07:00,HYPE,2485.87,4048.82,0.400679,30.734,30.735,0.001945,300.39,118.66,181.73,38,419.05,65.69,0.0,65.69,14,0,109
288,2026-02-16T23:07:00,BTC,12.17,105.69,0.437783,68616.0,68617.0,1.110092,0.36,0.26,0.1,101,0.62,0.0,0.15,-0.15,9,0,109
289,2026-02-16T23:08:00,HYPE,2358.39,3352.37,0.429895,30.769,30.77,0.001435,507.45,745.17,-237.72,76,1252.62,237.72,20.55,217.17,23,0,108
290,2026-02-16T23:08:00,BTC,22.46,83.88,0.603314,68691.0,68692.0,1.25,1.02,0.26,0.77,181,1.28,0.0,0.27,-0.27,4,0,108
291,2026-02-16T23:09:00,HYPE,2798.5,3276.55,0.435492,30.766,30.767,0.001481,409.78,384.83,24.95,56,794.61,128.54,8.07,120.47,19,0,108
292,2026-02-16T23:09:00,BTC,42.43,61.8,0.695325,68703.0,68704.0,1.111111,1.42,0.73,0.69,110,2.15,0.0,0.58,-0.58,7,0,108
293,2026-02-16T23:10:00,HYPE,1299.05,5094.11,0.339883,30.72,30.721,0.00137,351.43,255.98,95.45,48,607.41,65.84,80.32,-14.48,17,0,108
294,2026-02-16T23:10:00,BTC,20.53,119.49,0.417852,68634.0,68637.0,1.12037,0.62,2.92,-2.29,167,3.54,0.0,0.0,0.0,4,1,108
295,2026-02-16T23:11:00,HYPE,2358.82,5844.17,0.347905,30.717,30.718,0.001266,470.23,337.32,132.91,56,807.55,65.35,17.11,48.24,17,0,109
296,2026-02-16T23:11:00,BTC,23.97,138.89,0.57874,68649.0,68650.0,1.119266,0.18,1.33,-1.15,71,1.51,0.0,0.0,0.0,2,0,109
297,2026-02-16T23:12:00,HYPE,1567.34,3949.72,0.3776,30.682,30.683,0.001523,241.95,180.53,61.42,42,422.48,64.49,0.38,64.11,14,0,109
298,2026-02-16T23:12:00,BTC,28.54,78.73,0.408249,68670.0,68671.0,1.018349,0.77,0.21,0.55,67,0.98,0.0,0.0,0.0,4,0,109
299,2026-02-16T23:13:00,HYPE,2603.11,3371.27,0.384026,30.682,30.683,0.002045,8022.05,543.15,7478.9,124,8565.2,64.66,611.16,-546.5,14,1,110
300,2026-02-16T23:13:00,BTC,58.98,26.6,0.595897,68691.0,68692.0,1.181818,6.02,0.66,5.37,176,6.68,0.0,0.01,-0.01,5,1,110
301,2026-02-16T23:14:00,HYPE,2891.51,6667.3,0.299811,30.681,30.682,0.001545,72.28,378.65,-306.37,48,450.93,65.81,1.76,64.05,14,0,110
302,2026-02-16T23:14:00,BTC,33.18,49.42,0.481451,68701.0,68702.0,1.009091,0.84,0.24,0.6,77,1.08,0.0,0.04,-0.04,5,0,110
303,2026-02-16T23:15:00,HYPE,2780.06,3392.96,0.309788,30.699,30.7,0.00225,1585.11,2455.01,-869.9,148,4040.12,406.32,433.68,-27.36,33,0,108
304,2026-02-16T23:15:00,BTC,53.46,62.19,0.457089,68701.0,68702.0,1.009259,0.43,2.05,-1.61,85,2.48,0.0,0.0,0.0,3,0,108
305,2026-02-16T23:16:00,HYPE,2808.82,3577.07,0.40651,30.758,30.763,0.001833,569.79,17.38,552.41,61,587.17,65.45,500.01,-434.56,31,0,108
306,2026-02-16T23:16:00,BTC,29.83,85.99,0.530001,68773.0,68774.0,1.388889,8.46,0.22,8.24,294,8.68,0.0,1.62,-1.62,10,4,108
307,2026-02-16T23:17:00,HYPE,2546.21,4093.71,0.411952,30.739,30.742,0.002422,1864.12,294.84,1569.28,78,2158.96,565.72,486.29,79.43,37,0,109
308,2026-02-16T23:17:00,BTC,41.99,46.13,0.426618,68701.0,68702.0,1.284404,12.04,1.43,10.6,274,13.47,5.0,0.0,5.0,27,2,109
309,2026-02-16T23:18:00,HYPE,1727.25,3693.24,0.397977,30.776,30.777,0.002764,753.05,211.0,542.05,56,964.05,65.32,336.99,-271.67,20,0,110
310,2026-02-16T23:18:00,BTC,19.86,75.19,0.462567,68685.0,68686.0,1.063636,1.36,1.16,0.2,108,2.53,0.0,0.0,0.0,5,0,110
311,2026-02-16T23:19:00,HYPE,1911.12,3145.76,0.46891,30.79,30.791,0.001266,183.37,1987.37,-1804.0,56,2170.74,64.34,177.95,-113.61,34,0,109
312,2026-02-16T23:19:00,BTC,60.59,35.33,0.317116,68677.0,68678.0,1.009174,0.16,1.15,-0.99,66,1.31,0.0,0.0,0.0,3,1,109
313,2026-02-16T23:20:00,HYPE,2999.99,5024.48,0.368992,30.788,30.799,0.001698,232.99,220.32,12.67,44,453.31,65.38,16.67,48.71,16,0,106
314,2026-02-16T23:20:00,BTC,19.33,66.17,0.544874,68728.0,68729.0,1.056604,0.4,1.85,-1.45,133,2.25,0.0,0.0,0.0,6,0,106
315,2026-02-16T23:21:00,HYPE,2713.89,14573.65,0.29944,30.792,30.793,0.00178,72.33,7029.78,-6957.45,117,7102.11,2020.37,28.65,1991.72,21,0,109
316,2026-02-16T23:21:00,BTC,44.35,50.65,0.284214,68675.0,68676.0,1.165138,1.4,0.33,1.07,83,1.73,0.0,0.0,0.0,5,0,109
317,2026-02-16T23:22:00,HYPE,2184.2,11964.17,0.155829,30.796,30.797,0.001327,163.42,220.85,-57.43,40,384.27,92.09,0.0,92.09,16,0,107
318,2026-02-16T23:22:00,BTC,41.71,70.71,0.513193,68698.0,68699.0,1.102804,1.05,3.14,-2.09,87,4.18,0.0,0.0,0.0,7,1,107
319,2026-02-16T23:23:00,HYPE,2707.81,2863.62,0.499483,30.889,30.891,0.002,25228.22,1068.93,24159.29,969,26297.15,190.52,2223.09,-2032.57,54,2,110
320,2026-02-16T23:23:00,BTC,26.73,76.22,0.496469,68699.0,68700.0,1.0,0.11,0.09,0.03,55,0.2,0.0,0.0,0.0,5,0,110
321,2026-02-16T23:24:00,HYPE,2282.75,3066.44,0.428558,30.894,30.895,0.002351,10396.33,3022.44,7373.89,286,13418.77,361.06,487.46,-126.4,20,2,111
322,2026-02-16T23:24:00,BTC,25.82,92.9,0.370373,68683.0,68684.0,1.036036,0.1,0.3,-0.2,75,0.4,0.0,0.0,0.0,6,0,111
323,2026-02-16T23:25:00,HYPE,3492.05,3314.48,0.481687,30.932,30.937,0.002427,6129.74,877.64,5252.1,414,7007.38,156.14,826.71,-670.57,31,0,110
324,2026-02-16T23:25:00,BTC,97.6,50.93,0.514858,68731.0,68732.0,1.2,0.64,0.11,0.52,110,0.75,0.0,0.12,-0.12,8,0,110
325,2026-02-16T23:26:00,HYPE,2551.26,4010.02,0.49613,30.951,30.955,0.003102,8529.88,433.18,8096.7,614,8963.06,1126.33,1206.92,-80.59,120,0,108
326,2026-02-16T23:26:00,BTC,28.0,67.13,0.334008,68677.0,68678.0,1.101852,1.49,0.61,0.88,81,2.11,0.0,0.0,0.0,6,0,108
327,2026-02-16T23:27:00,HYPE,3799.45,4514.35,0.453177,30.964,30.975,0.003171,2305.63,2173.8,131.83,193,4479.43,118.05,378.85,-260.8,28,0,111
328,2026-02-16T23:27:00,BTC,62.09,37.15,0.473207,68688.0,68689.0,1.054054,0.34,1.38,-1.04,69,1.72,0.06,0.0,0.06,7,0,111
329,2026-02-16T23:28:00,HYPE,3262.67,3190.51,0.396387,30.956,30.958,0.003111,7475.6,178.52,7297.08,198,7654.12,65.56,1131.52,-1065.96,31,0,108
330,2026-02-16T23:28:01,BTC,157.6,41.69,0.284797,68616.0,68618.0,1.074074,0.31,0.67,-0.37,200,0.98,0.13,0.0,0.13,15,0,108
331,2026-02-16T23:29:00,HYPE,3094.51,4459.34,0.443673,30.964,30.965,0.001944,4529.24,223.4,4305.84,145,4752.64,65.74,1614.99,-1549.25,45,0,107
332,2026-02-16T23:29:00,BTC,40.3,50.34,0.393782,68615.0,68616.0,1.065421,0.36,1.27,-0.91,86,1.62,0.13,0.0,0.13,8,0,107
333,2026-02-16T23:30:00,HYPE,7754.36,4873.63,0.556858,30.98,30.981,0.002697,9983.92,317.33,9666.59,257,10301.25,64.67,2092.92,-2028.25,37,0,109
334,2026-02-16T23:30:00,BTC,40.64,53.52,0.369435,68616.0,68617.0,1.027523,0.2,5.32,-5.13,68,5.52,0.13,0.0,0.13,7,3,109
335,2026-02-16T23:31:00,HYPE,3890.25,3765.74,0.568711,30.946,30.947,0.001426,391.87,5078.58,-4686.71,106,5470.45,66.13,1.27,64.86,14,0,108
336,2026-02-16T23:31:00,BTC,59.87,54.23,0.41492,68642.0,68643.0,1.101852,0.36,1.44,-1.08,112,1.8,0.13,0.0,0.13,17,0,108
337,2026-02-16T23:32:00,HYPE,7046.66,4559.8,0.481935,30.901,30.902,0.001908,312.74,800.52,-487.78,93,1113.26,65.11,0.4,64.71,15,0,109
338,2026-02-16T23:32:00,BTC,49.57,52.94,0.462706,68656.0,68657.0,1.018349,0.34,0.04,0.3,102,0.38,0.13,0.0,0.13,20,0,109
339,2026-02-16T23:33:00,HYPE,3663.11,3896.06,0.484962,30.914,30.918,0.001981,748.22,992.95,-244.73,86,1741.17,97.06,500.0,-402.94,25,0,108
340,2026-02-16T23:33:00,BTC,28.73,63.97,0.396034,68691.0,68692.0,1.287037,3.78,1.6,2.18,128,5.39,0.13,1.63,-1.5,15,3,108
341,2026-02-16T23:34:00,HYPE,3502.21,3238.26,0.498877,30.908,30.909,0.002112,285.41,514.13,-228.72,83,799.54,98.36,8.37,89.99,17,0,107
342,2026-02-16T23:34:00,BTC,32.78,71.79,0.378355,68672.0,68673.0,1.037383,0.37,0.32,0.05,94,0.69,0.13,0.0,0.13,13,0,107
343,2026-02-16T23:35:00,HYPE,3004.21,5070.92,0.471482,30.889,30.897,0.001991,434.93,5664.22,-5229.29,136,6099.15,253.91,5026.63,-4772.72,89,0,109
344,2026-02-16T23:35:00,BTC,5.31,181.06,0.220081,68622.0,68630.0,1.211009,0.34,13.22,-12.87,162,13.56,7.03,0.0,7.03,31,8,109
345,2026-02-16T23:36:00,HYPE,3424.82,3961.02,0.451702,30.873,30.874,0.002645,168.85,693.7,-524.85,77,862.55,118.67,14.87,103.8,21,0,110
346,2026-02-16T23:36:00,BTC,21.31,89.37,0.386692,68628.0,68629.0,1.090909,1.38,0.24,1.14,86,1.63,1.29,0.0,1.29,16,0,110
347,2026-02-16T23:37:00,HYPE,2672.53,3686.68,0.482387,30.863,30.864,0.002389,276.61,2716.96,-2440.35,156,2993.57,260.73,0.0,260.73,24,0,108
348,2026-02-16T23:37:00,BTC,51.58,43.58,0.347783,68596.0,68597.0,1.046296,0.29,7.04,-6.75,148,7.34,0.64,0.0,0.64,15,4,108
349,2026-02-16T23:38:00,HYPE,3151.35,2831.32,0.489361,30.898,30.899,0.001606,118.87,560.09,-441.22,56,678.96,412.29,0.93,411.36,20,0,109
350,2026-02-16T23:38:00,BTC,47.38,64.39,0.461804,68620.0,68621.0,1.009174,0.29,0.8,-0.51,94,1.09,0.13,0.0,0.13,7,0,109
351,2026-02-16T23:39:00,HYPE,3515.63,3586.73,0.499576,30.947,30.948,0.001615,209.07,1537.89,-1328.82,87,1746.96,75.77,1500.0,-1424.23,42,0,109
352,2026-02-16T23:39:00,BTC,36.44,67.26,0.441246,68652.0,68653.0,1.100917,0.4,1.15,-0.75,86,1.54,0.13,1.05,-0.92,27,1,109
353,2026-02-16T23:40:00,HYPE,3049.91,3851.44,0.481677,30.985,30.986,0.0021,510.21,5340.33,-4830.12,154,5850.54,1267.83,5017.23,-3749.4,87,0,110
354,2026-02-16T23:40:00,BTC,42.47,70.14,0.359417,68680.0,68681.0,1.127273,5.65,1.62,4.03,115,7.27,5.36,0.0,5.36,35,3,110
355,2026-02-16T23:41:00,HYPE,3200.41,4698.82,0.390569,30.959,30.964,0.001991,673.21,3443.67,-2770.46,114,4116.88,492.08,250.44,241.64,17,0,110
356,2026-02-16T23:41:00,BTC,91.05,52.7,0.324933,68680.0,68681.0,1.054545,0.62,0.45,0.17,77,1.07,0.13,0.0,0.13,17,0,110
357,2026-02-16T23:42:00,HYPE,4985.24,4067.3,0.456998,30.968,30.969,0.001789,2430.52,691.79,1738.73,108,3122.31,65.4,8.43,56.97,15,0,109
358,2026-02-16T23:42:00,BTC,18.74,86.05,0.538455,68699.0,68700.0,1.174312,0.55,0.24,0.32,72,0.79,0.13,0.0,0.13,8,0,109
359,2026-02-16T23:43:00,HYPE,3033.14,4627.37,0.457056,30.977,30.978,0.001743,273.04,3519.85,-3246.81,86,3792.89,232.35,17.47,214.88,22,0,109
360,2026-02-16T23:43:00,BTC,27.62,63.78,0.410915,68685.0,68686.0,1.06422,0.95,0.83,0.12,68,1.79,0.0,0.0,0.0,6,1,109
361,2026-02-16T23:44:00,HYPE,7762.79,3282.6,0.40797,30.944,30.945,0.002111,355.04,237.04,118.0,69,592.08,65.84,32.7,33.14,17,0,108
362,2026-02-16T23:44:00,BTC,34.11,79.55,0.474953,68704.0,68705.0,1.166667,2.77,0.31,2.46,113,3.08,1.05,0.06,0.99,28,1,108
363,2026-02-16T23:45:00,HYPE,1817.13,4085.9,0.398173,30.884,30.885,0.001716,114.04,337.82,-223.78,86,451.86,64.69,18.09,46.6,18,0,109
364,2026-02-16T23:45:00,BTC,11.78,108.7,0.271083,68658.0,68659.0,1.055046,0.14,0.41,-0.27,93,0.55,0.0,0.0,0.0,6,0,109
365,2026-02-16T23:46:00,HYPE,3319.6,4848.23,0.395426,30.93,30.931,0.002132,952.61,983.66,-31.05,155,1936.27,98.03,85.52,12.51,35,0,106
366,2026-02-16T23:46:00,BTC,57.95,35.51,0.432597,68712.0,68713.0,1.132075,1.28,0.13,1.16,137,1.41,0.0,0.0,0.0,7,0,106
367,2026-02-16T23:47:00,HYPE,2158.49,4158.88,0.468833,30.959,30.962,0.002291,3438.78,3677.39,-238.61,317,7116.17,965.84,107.38,858.46,28,0,110
368,2026-02-16T23:47:00,BTC,25.17,83.19,0.50279,68791.0,68792.0,1.345455,1.97,0.71,1.26,328,2.68,0.0,0.13,-0.13,8,0,110
369,2026-02-16T23:48:00,HYPE,2909.72,5235.28,0.398639,30.982,30.994,0.003889,5295.96,10317.27,-5021.31,196,15613.23,1528.84,18.47,1510.37,24,2,108
370,2026-02-16T23:48:00,BTC,32.35,84.3,0.377759,68806.0,68807.0,1.027778,2.59,0.46,2.13,140,3.04,0.0,0.0,0.0,7,0,108
371,2026-02-16T23:49:00,HYPE,2852.63,3976.62,0.430827,31.012,31.013,0.002835,1168.56,175.36,993.2,68,1343.92,87.38,47.46,39.92,20,0,109
372,2026-02-16T23:49:00,BTC,44.71,37.37,0.421756,68814.0,68815.0,1.119266,1.79,0.72,1.07,138,2.51,0.0,0.0,0.0,6,0,109
373,2026-02-16T23:50:00,HYPE,4355.62,3863.28,0.435496,30.994,30.995,0.002204,1186.25,817.72,368.53,89,2003.97,756.86,16.1,740.76,26,0,108
374,2026-02-16T23:50:00,BTC,46.07,71.22,0.394222,68846.0,68847.0,1.277778,12.46,4.01,8.46,269,16.47,0.0,0.21,-0.21,8,6,108
375,2026-02-16T23:51:00,HYPE,2543.38,4261.15,0.436708,30.999,31.0,0.002287,1567.36,151.37,1415.99,75,1718.73,65.55,16.1,49.45,15,0,108
376,2026-02-16T23:51:00,BTC,25.08,64.24,0.414298,68837.0,68840.0,1.148148,5.86,18.35,-12.49,156,24.22,0.0,0.0,0.0,8,6,108
377,2026-02-16T23:52:00,HYPE,2217.95,4979.37,0.564871,31.086,31.087,0.001827,2632.23,729.66,1902.57,604,3361.89,76.36,288.8,-212.44,31,0,110
378,2026-02-16T23:52:00,BTC,33.85,64.43,0.495618,68921.0,68922.0,1.272727,11.13,0.65,10.48,374,11.78,0.0,0.89,-0.89,16,4,110
379,2026-02-16T23:53:00,HYPE,3568.15,2670.14,0.53483,31.104,31.105,0.001376,1591.01,834.39,756.62,277,2425.4,89.17,171.3,-82.13,40,0,109
380,2026-02-16T23:53:00,BTC,44.61,70.71,0.396172,68893.0,68894.0,1.082569,4.31,3.53,0.78,221,7.84,2.0,1.0,1.0,25,2,109
381,2026-02-16T23:54:00,HYPE,3574.99,1590.1,0.43579,31.117,31.119,0.001981,2643.56,487.9,2155.66,194,3131.46,71.91,327.82,-255.91,23,0,107
382,2026-02-16T23:54:00,BTC,64.68,39.18,0.382247,68907.0,68908.0,1.158879,6.18,0.66,5.52,103,6.84,0.0,0.0,0.0,5,2,107
383,2026-02-16T23:55:00,HYPE,3058.07,10622.45,0.405121,31.149,31.15,0.002027,7890.75,822.14,7068.61,553,8712.89,137.24,770.68,-633.44,42,0,110
384,2026-02-16T23:55:00,BTC,53.91,28.38,0.438316,68949.0,68950.0,1.181818,3.45,0.56,2.89,223,4.01,0.0,0.0,0.0,6,1,110
385,2026-02-16T23:56:00,HYPE,6302.75,10118.01,0.412659,31.157,31.158,0.001752,495.87,536.38,-40.51,95,1032.25,65.39,43.93,21.46,17,0,109
386,2026-02-16T23:56:00,BTC,42.74,43.54,0.343053,68872.0,68873.0,1.394495,0.37,20.24,-19.87,239,20.6,0.47,16.0,-15.53,84,8,109
387,2026-02-16T23:57:00,HYPE,3469.53,9451.68,0.341367,31.147,31.15,0.002243,507.77,9304.8,-8797.03,164,9812.57,135.81,5079.08,-4943.27,42,2,111
388,2026-02-16T23:57:00,BTC,33.78,66.94,0.340622,68817.0,68818.0,1.135135,0.34,3.08,-2.73,159,3.42,0.21,0.0,0.21,9,2,111
389,2026-02-16T23:58:00,HYPE,3646.4,4885.43,0.367646,31.19,31.191,0.002045,8689.52,923.79,7765.73,450,9613.31,2595.63,203.09,2392.54,39,1,110
390,2026-02-16T23:58:00,BTC,37.07,64.8,0.413451,68832.0,68833.0,1.0,0.39,1.07,-0.68,75,1.46,0.0,0.0,0.0,6,1,110
391,2026-02-16T23:59:00,HYPE,3861.98,3822.92,0.454014,31.182,31.183,0.002818,2738.03,1240.67,1497.36,242,3978.7,108.92,568.86,-459.94,46,0,110
392,2026-02-16T23:59:00,BTC,42.27,71.19,0.443951,68845.0,68846.0,1.009091,1.18,0.49,0.69,78,1.66,0.0,0.07,-0.07,6,0,110
393,2026-02-17T00:00:00,HYPE,3644.54,3489.28,0.491465,31.223,31.224,0.001624,1500.19,679.27,820.92,357,2179.46,98.46,148.89,-50.43,50,0,109
394,2026-02-17T00:00:00,BTC,27.03,46.82,0.379374,68869.0,68870.0,1.119266,102.53,2.8,99.73,302,105.33,101.36,3.05,98.31,197,52,109
395,2026-02-17T00:01:00,HYPE,4268.02,3811.63,0.5243,31.21,31.224,0.003351,3437.17,6916.84,-3479.67,408,10354.01,1494.58,5323.14,-3828.56,87,0,111
396,2026-02-17T00:01:00,BTC,23.38,76.6,0.432695,68841.0,68842.0,1.18018,16.89,5.21,11.68,266,22.11,3.89,0.0,3.88,27,11,111
397,2026-02-17T00:02:00,HYPE,2986.39,4086.78,0.463401,31.252,31.253,0.00267,5650.24,1542.93,4107.31,402,7193.17,1256.52,991.16,265.36,85,0,109
398,2026-02-17T00:02:00,BTC,43.18,65.81,0.401616,68791.0,68792.0,1.146789,4.97,9.03,-4.06,231,14.0,3.28,0.0,3.28,26,4,109
399,2026-02-17T00:03:00,HYPE,2548.02,3037.45,0.450853,31.316,31.319,0.004211,18990.3,21420.49,-2430.19,990,40410.79,3879.78,3479.59,400.19,166,4,109
400,2026-02-17T00:03:00,BTC,31.18,59.05,0.575006,68845.0,68846.0,1.192661,4.24,3.34,0.9,161,7.58,3.69,0.0,3.69,22,3,109
401,2026-02-17T00:04:00,HYPE,4291.82,3558.13,0.453232,31.334,31.336,0.002865,3125.59,6146.71,-3021.12,261,9272.3,1640.26,5640.97,-4000.71,104,0,111
402,2026-02-17T00:04:00,BTC,41.89,57.07,0.453678,68801.0,68802.0,1.135135,4.68,6.01,-1.33,167,10.69,3.28,1.06,2.22,40,3,111
403,2026-02-17T00:05:00,HYPE,3490.54,4873.16,0.411002,31.331,31.333,0.004092,11484.41,17049.01,-5564.6,453,28533.42,4398.57,5695.23,-1296.66,144,0,109
404,2026-02-17T00:05:00,BTC,21.07,59.84,0.398651,68801.0,68802.0,1.091743,3.7,0.54,3.15,122,4.24,3.28,0.0,3.27,25,1,109
405,2026-02-17T00:06:00,HYPE,3733.23,2840.26,0.387261,31.179,31.18,0.003727,8103.53,2205.97,5897.56,376,10309.5,1014.66,986.45,28.21,73,0,110
406,2026-02-17T00:06:00,BTC,33.84,54.05,0.353332,68773.0,68774.0,1.1,3.63,1.16,2.46,149,4.79,4.07,0.0,4.07,40,1,110
407,2026-02-17T00:07:00,HYPE,5835.09,5212.43,0.466378,31.159,31.16,0.004083,8021.51,2677.29,5344.22,272,10698.8,928.07,2101.61,-1173.54,96,0,108
408,2026-02-17T00:07:00,BTC,54.83,49.29,0.349562,68743.0,68744.0,1.083333,4.36,5.38,-1.02,227,9.73,5.77,0.0,5.76,43,5,108
409,2026-02-17T00:08:00,HYPE,4655.63,4732.0,0.471865,31.172,31.173,0.002418,1934.55,1535.19,399.36,147,3469.74,894.75,994.83,-100.08,63,0,110
410,2026-02-17T00:08:00,BTC,42.78,53.76,0.465373,68765.0,68766.0,1.181818,5.38,0.78,4.6,134,6.16,3.28,0.0,3.28,19,1,110
411,2026-02-17T00:09:00,HYPE,3223.85,3945.34,0.459018,31.174,31.177,0.002691,3100.21,2558.81,541.4,198,5659.02,1001.63,1202.22,-200.59,60,0,110
412,2026-02-17T00:09:00,BTC,45.09,47.75,0.408114,68799.0,68800.0,1.018182,5.2,0.9,4.3,120,6.1,3.28,0.13,3.15,39,2,110
413,2026-02-17T00:10:00,HYPE,4715.74,3897.59,0.481439,31.195,31.196,0.003194,2141.67,1550.96,590.71,174,3692.63,896.25,950.23,-53.98,72,0,108
414,2026-02-17T00:10:00,BTC,214.45,24.49,0.416872,68807.0,68808.0,1.046296,4.84,0.12,4.72,108,4.96,3.28,0.0,3.27,32,1,108
415,2026-02-17T00:11:00,HYPE,3771.89,4814.65,0.473481,31.151,31.158,0.003204,1051.5,2275.79,-1224.29,150,3327.29,895.47,896.0,-0.53,65,0,108
416,2026-02-17T00:11:00,BTC,68.96,44.38,0.409057,68784.0,68785.0,1.175926,5.63,1.48,4.15,162,7.12,3.45,0.0,3.45,26,5,108
417,2026-02-17T00:12:00,HYPE,4816.16,4459.9,0.494647,31.138,31.139,0.002218,1159.04,1055.31,103.73,122,2214.35,902.25,755.92,146.33,72,0,110
418,2026-02-17T00:12:00,BTC,37.28,53.65,0.409357,68776.0,68777.0,1.172727,3.93,0.89,3.04,113,4.82,3.28,0.0,3.28,34,0,110
419,2026-02-17T00:13:00,HYPE,3184.26,5230.21,0.45097,31.136,31.137,0.002495,1207.33,1055.45,151.88,105,2262.78,919.31,689.6,229.71,49,0,105
420,2026-02-17T00:13:00,BTC,133.59,25.46,0.511447,68796.0,68797.0,1.133333,5.28,1.39,3.89,94,6.66,3.31,0.22,3.09,28,5,105
421,2026-02-17T00:14:00,HYPE,4571.45,4519.27,0.473645,31.157,31.158,0.002417,999.82,1078.99,-79.17,99,2078.81,986.41,976.4,10.01,62,0,108
422,2026-02-17T00:14:00,BTC,53.92,42.27,0.485651,68813.0,68814.0,1.037037,5.62,0.52,5.1,123,6.15,3.28,0.0,3.28,42,4,108
423,2026-02-17T00:15:00,HYPE,5460.3,3735.14,0.541661,31.154,31.155,0.002629,12351.51,1238.26,11113.25,207,13589.77,895.51,2310.3,-1414.79,68,0,105
424,2026-02-17T00:15:00,BTC,78.52,26.85,0.473951,68871.0,68875.0,1.152381,14.07,0.26,13.8,262,14.33,3.28,0.0,3.28,28,8,105
425,2026-02-17T00:16:00,HYPE,5638.85,3513.02,0.557868,31.152,31.153,0.00213,996.87,1560.44,-563.57,89,2557.31,895.76,456.8,438.96,47,0,108
426,2026-02-17T00:16:00,BTC,69.37,18.02,0.397857,68824.0,68825.0,1.157407,3.73,1.09,2.64,123,4.81,3.41,0.0,3.41,36,1,108
427,2026-02-17T00:17:00,HYPE,2786.82,5295.98,0.510176,31.232,31.233,0.001982,2339.97,381.85,1958.12,146,2721.82,915.06,408.82,506.24,61,0,110
428,2026-02-17T00:17:00,BTC,26.15,87.07,0.360625,68813.0,68816.0,1.054545,3.25,0.11,3.14,136,3.36,1.76,0.0,1.76,26,0,110
429,2026-02-17T00:18:00,HYPE,2268.6,5997.55,0.460895,31.109,31.11,0.002891,1822.66,10753.68,-8931.02,252,12576.34,2280.28,251.95,2028.33,42,0,110
430,2026-02-17T00:18:00,BTC,38.33,37.22,0.359191,68704.0,68705.0,1.236364,1.13,2.93,-1.8,307,4.05,2.45,0.0,2.44,41,0,110
431,2026-02-17T00:19:00,HYPE,3108.92,3649.76,0.42632,31.149,31.15,0.002697,1081.86,2379.93,-1298.07,156,3461.79,1432.13,631.32,800.81,64,0,109
432,2026-02-17T00:19:00,BTC,23.42,68.79,0.332313,68684.0,68685.0,1.055046,16.04,12.83,3.2,222,28.87,10.95,6.67,4.28,77,11,109
433,2026-02-17T00:20:00,HYPE,4644.49,6189.58,0.452029,31.211,31.216,0.002222,1648.02,308.04,1339.98,101,1956.06,912.34,690.19,222.15,55,0,108
434,2026-02-17T00:20:00,BTC,63.4,15.34,0.500065,68709.0,68710.0,1.018519,1.96,3.38,-1.42,99,5.34,0.14,3.14,-3.0,22,4,108
435,2026-02-17T00:21:00,HYPE,3181.5,4646.69,0.410737,31.188,31.189,0.003945,924.83,8915.72,-7990.89,158,9840.55,2239.88,227.6,2012.28,53,0,109
436,2026-02-17T00:21:00,BTC,37.21,69.33,0.427765,68702.0,68703.0,1.082569,0.96,0.49,0.47,82,1.46,0.12,0.0,0.11,7,1,109
437,2026-02-17T00:22:00,HYPE,5955.53,4127.27,0.473239,31.295,31.296,0.003164,6997.71,834.73,6162.98,170,7832.44,978.79,697.82,280.97,60,0,110
438,2026-02-17T00:22:00,BTC,38.64,52.39,0.571331,68739.0,68740.0,1.027273,2.19,0.88,1.31,114,3.07,0.14,0.0,0.13,19,0,110
439,2026-02-17T00:23:00,HYPE,3469.0,4548.38,0.46667,31.226,31.234,0.003398,2466.11,7739.26,-5273.15,214,10205.37,2824.86,780.36,2044.5,54,0,108
440,2026-02-17T00:23:00,BTC,27.7,72.0,0.36431,68727.0,68728.0,1.074074,1.53,0.02,1.51,65,1.55,0.8,0.0,0.8,12,0,108
441,2026-02-17T00:24:00,HYPE,2617.92,4433.47,0.415999,31.235,31.238,0.00388,1381.51,789.79,591.72,110,2171.3,895.02,436.06,458.96,49,0,108
442,2026-02-17T00:24:00,BTC,68.97,37.52,0.399487,68750.0,68751.0,1.12963,1.67,1.36,0.31,99,3.03,0.79,0.0,0.79,16,1,108
443,2026-02-17T00:25:00,HYPE,2371.71,7619.3,0.391639,31.239,31.24,0.00388,1942.86,399.91,1542.95,94,2342.77,895.2,211.45,683.75,52,0,108
444,2026-02-17T00:25:00,BTC,34.46,55.35,0.44517,68754.0,68755.0,1.055556,5.82,0.67,5.15,133,6.48,0.14,0.0,0.13,9,4,108
445,2026-02-17T00:26:00,HYPE,2136.94,4816.01,0.379411,31.206,31.207,0.002593,957.58,684.47,273.11,112,1642.05,994.74,538.11,456.63,62,0,108
446,2026-02-17T00:26:00,BTC,46.0,43.99,0.40399,68748.0,68749.0,1.064815,0.35,0.62,-0.27,56,0.98,0.13,0.0,0.13,8,0,108
447,2026-02-17T00:27:00,HYPE,2967.77,4646.8,0.404649,31.207,31.208,0.002144,1163.4,1934.88,-771.48,112,3098.28,895.81,525.58,370.23,46,0,111
448,2026-02-17T00:27:00,BTC,36.79,49.99,0.337851,68758.0,68759.0,1.09009,4.23,5.44,-1.21,140,9.67,0.12,0.0,0.12,9,4,111
449,2026-02-17T00:28:00,HYPE,5157.47,4603.78,0.470364,31.245,31.25,0.002869,944.1,1174.25,-230.15,95,2118.35,934.79,243.5,691.29,43,0,107
450,2026-02-17T00:28:00,BTC,215.68,22.48,0.618762,68848.0,68849.0,1.242991,2.17,1.3,0.87,170,3.47,0.14,0.0,0.14,8,0,107
451,2026-02-17T00:29:00,HYPE,3136.46,4268.2,0.459793,31.223,31.224,0.002439,1083.67,905.43,178.24,89,1989.1,895.04,417.27,477.77,56,0,107
452,2026-02-17T00:29:00,BTC,46.75,50.68,0.536586,68887.0,68888.0,1.242991,3.46,1.48,1.97,195,4.94,1.13,0.73,0.4,27,4,107
453,2026-02-17T00:30:00,HYPE,3079.44,2901.58,0.430847,31.237,31.238,0.002074,931.85,270.15,661.7,76,1202.0,895.13,183.22,711.91,41,0,108
454,2026-02-17T00:30:00,BTC,23.98,35.13,0.351935,68850.0,68851.0,1.074074,7.86,4.99,2.88,199,12.85,2.2,0.06,2.14,45,4,108
455,2026-02-17T00:31:00,HYPE,2027.76,4554.55,0.398272,31.203,31.204,0.002436,1272.07,144.02,1128.05,82,1416.09,892.72,261.08,631.64,29,0,110
456,2026-02-17T00:31:00,BTC,47.55,50.07,0.464606,68869.0,68870.0,1.081818,4.8,3.66,1.14,153,8.46,0.12,0.11,0.01,13,3,110
457,2026-02-17T00:32:00,HYPE,3877.1,3677.07,0.372307,31.169,31.17,0.002342,807.1,1068.79,-261.69,121,1875.89,554.58,0.0,554.58,26,0,111
458,2026-02-17T00:32:00,BTC,65.36,21.57,0.388158,68827.0,68828.0,1.225225,4.07,3.85,0.22,158,7.92,0.55,0.15,0.4,15,3,111
459,2026-02-17T00:33:00,HYPE,3674.76,4376.04,0.443471,31.169,31.176,0.00228,354.52,24.11,330.41,47,378.63,61.68,0.38,61.3,13,0,107
460,2026-02-17T00:33:00,BTC,17.07,98.74,0.434952,68830.0,68831.0,1.037383,1.62,9.8,-8.18,147,11.42,0.11,9.0,-8.89,45,4,107
461,2026-02-17T00:34:00,HYPE,3081.9,4025.24,0.421765,31.161,31.162,0.001694,130.01,727.52,-597.51,71,857.53,79.39,0.0,79.39,13,0,108
462,2026-02-17T00:34:00,BTC,46.86,39.27,0.534662,68863.0,68864.0,1.175926,1.82,0.99,0.83,123,2.81,0.14,0.0,0.14,18,1,108
463,2026-02-17T00:35:00,HYPE,2984.12,3511.18,0.44417,31.2,31.201,0.001296,167.23,183.35,-16.12,71,350.58,96.31,0.0,96.31,24,0,108
464,2026-02-17T00:35:00,BTC,15.01,119.4,0.471678,68847.0,68848.0,1.240741,5.56,0.94,4.62,98,6.51,0.13,0.0,0.13,8,2,108
465,2026-02-17T00:36:00,HYPE,3752.78,4080.47,0.495413,31.217,31.218,0.001482,361.81,67.97,293.84,81,429.78,63.02,0.0,63.02,15,0,110
466,2026-02-17T00:36:00,BTC,35.94,63.75,0.502477,68850.0,68851.0,1.0,5.24,0.34,4.89,108,5.58,0.14,0.0,0.14,8,1,110
467,2026-02-17T00:37:00,HYPE,2857.9,3158.95,0.453921,31.198,31.199,0.0018,174.85,567.77,-392.92,89,742.62,61.53,31.39,30.14,12,0,110
468,2026-02-17T00:37:00,BTC,32.01,75.54,0.420758,68869.0,68870.0,1.127273,1.09,0.19,0.9,89,1.28,0.12,0.01,0.12,13,0,110
469,2026-02-17T00:38:00,HYPE,2773.91,5354.91,0.464874,31.233,31.235,0.001802,400.37,1545.08,-1144.71,82,1945.45,62.25,0.37,61.88,14,0,111
470,2026-02-17T00:38:00,BTC,50.54,55.81,0.416356,68879.0,68880.0,1.198198,7.26,2.6,4.65,131,9.86,0.13,0.0,0.13,8,3,111
471,2026-02-17T00:39:00,HYPE,3790.01,3317.41,0.446293,31.187,31.188,0.001491,133.24,634.26,-501.02,76,767.5,144.8,0.31,144.49,22,0,108
472,2026-02-17T00:39:00,BTC,49.21,64.58,0.442227,68882.0,68883.0,1.166667,2.36,0.79,1.56,102,3.15,0.21,0.0,0.2,15,1,108
473,2026-02-17T00:40:00,HYPE,2870.89,3200.55,0.454291,31.171,31.172,0.001899,133.41,668.9,-535.49,80,802.31,98.57,20.71,77.86,14,0,109
474,2026-02-17T00:40:00,BTC,41.03,95.86,0.437223,68887.0,68888.0,1.009174,2.38,1.26,1.12,90,3.63,0.13,0.23,-0.1,9,2,109
475,2026-02-17T00:41:00,HYPE,2651.07,3348.17,0.495703,31.193,31.194,0.001926,382.05,1000.81,-618.76,106,1382.86,192.53,103.85,88.68,22,0,108
476,2026-02-17T00:41:00,BTC,55.58,43.69,0.436626,68922.0,68923.0,1.111111,4.42,1.1,3.32,254,5.52,0.14,0.0,0.14,8,3,108
477,2026-02-17T00:42:00,HYPE,3158.91,3817.26,0.458895,31.16,31.163,0.001864,179.93,2218.51,-2038.58,153,2398.44,133.69,0.0,133.69,17,0,110
478,2026-02-17T00:42:00,BTC,15.95,95.44,0.458176,68922.0,68923.0,1.181818,6.4,5.93,0.47,158,12.33,0.14,0.0,0.13,14,5,110
479,2026-02-17T00:43:00,HYPE,3813.33,3927.19,0.444767,31.147,31.148,0.001385,177.85,3388.84,-3210.99,129,3566.69,567.21,0.0,567.21,22,0,109
480,2026-02-17T00:43:00,BTC,18.76,69.31,0.370106,68886.0,68887.0,1.100917,0.83,1.0,-0.17,107,1.82,0.12,0.0,0.12,8,1,109
481,2026-02-17T00:44:00,HYPE,2510.63,2348.16,0.44572,31.099,31.1,0.002518,2328.54,15693.25,-13364.71,701,18021.79,2313.33,12656.3,-10342.97,446,0,110
482,2026-02-17T00:44:00,BTC,54.81,27.96,0.468964,68849.0,68850.0,1.572727,15.04,101.96,-86.92,507,117.01,22.92,92.48,-69.56,349,83,110
483,2026-02-17T00:45:00,HYPE,2586.72,4115.9,0.39302,31.072,31.073,0.00225,196.95,13631.77,-13434.82,218,13828.72,3392.08,13157.97,-9765.89,152,0,108
484,2026-02-17T00:45:00,BTC,78.17,27.17,0.530313,68829.0,68830.0,1.212963,4.11,112.92,-108.81,481,117.03,8.12,112.82,-104.7,427,74,108
485,2026-02-17T00:46:00,HYPE,2808.57,5416.2,0.416738,31.18,31.184,0.0015,887.77,2661.01,-1773.24,160,3548.78,408.68,0.0,408.68,14,0,108
486,2026-02-17T00:46:00,BTC,16.48,58.28,0.537194,68861.0,68863.0,1.074074,0.4,0.35,0.05,87,0.74,0.15,0.0,0.15,10,0,108
487,2026-02-17T00:47:00,HYPE,3431.71,4339.17,0.42985,31.212,31.217,0.001609,1788.05,148.56,1639.49,94,1936.61,69.11,0.0,69.11,12,0,110
488,2026-02-17T00:47:00,BTC,32.27,41.65,0.466834,68848.0,68849.0,1.009091,1.67,0.87,0.8,71,2.54,0.13,0.0,0.13,9,1,110
489,2026-02-17T00:48:00,HYPE,3377.96,3949.12,0.47779,31.249,31.25,0.002147,1405.49,2117.06,-711.57,150,3522.55,61.6,16.6,45.0,11,0,109
490,2026-02-17T00:48:00,BTC,28.24,40.98,0.499345,68856.0,68857.0,1.302752,2.76,1.59,1.16,147,4.35,0.12,0.4,-0.29,11,2,109
491,2026-02-17T00:49:00,HYPE,3969.83,3624.59,0.508406,31.247,31.248,0.001734,3070.84,2669.61,401.23,186,5740.45,96.84,527.19,-430.35,23,0,109
492,2026-02-17T00:49:00,BTC,91.15,27.03,0.647702,68949.0,68950.0,1.146789,2.82,0.35,2.47,167,3.18,0.13,0.03,0.1,11,1,109
493,2026-02-17T00:50:00,HYPE,3067.42,3252.96,0.483164,31.275,31.277,0.00289,974.22,1663.92,-689.7,126,2638.14,196.9,48.93,147.97,23,0,109
494,2026-02-17T00:50:00,BTC,20.05,107.12,0.45212,69001.0,69002.0,1.412844,22.98,4.95,18.04,605,27.93,3.15,0.41,2.74,30,11,109
495,2026-02-17T00:51:00,HYPE,3883.05,3736.42,0.53534,31.344,31.345,0.003227,12845.51,381.32,12464.19,445,13226.83,6588.62,1023.9,5564.72,250,0,110
496,2026-02-17T00:51:00,BTC,22.09,69.06,0.466461,68982.0,68983.0,1.327273,6.37,4.92,1.45,197,11.3,0.13,3.07,-2.94,23,5,110
497,2026-02-17T00:52:00,HYPE,4373.68,11852.64,0.293671,31.357,31.358,0.002627,13934.41,1142.99,12791.42,334,15077.4,63.77,670.91,-607.14,28,2,110
498,2026-02-17T00:52:00,BTC,52.99,29.59,0.465033,68972.0,68973.0,1.063636,0.71,0.73,-0.02,95,1.44,0.13,0.0,0.13,22,0,110
499,2026-02-17T00:53:00,HYPE,4870.63,3038.63,0.491356,31.298,31.299,0.002234,300.88,2854.27,-2553.39,128,3155.15,145.96,220.51,-74.55,27,0,111
500,2026-02-17T00:53:00,BTC,32.7,47.69,0.508171,68988.0,68989.0,1.099099,2.39,0.37,2.02,96,2.75,0.11,0.0,0.11,11,3,111
501,2026-02-17T00:54:00,HYPE,3774.08,3826.41,0.475786,31.26,31.261,0.001582,550.55,4565.5,-4014.95,141,5116.05,104.85,304.23,-199.38,26,0,110
502,2026-02-17T00:54:00,BTC,19.61,79.75,0.394881,68951.0,68952.0,1.072727,2.37,0.9,1.47,103,3.26,0.15,0.0,0.15,10,1,110
503,2026-02-17T00:55:00,HYPE,3192.25,4109.06,0.495054,31.255,31.256,0.001648,197.82,238.1,-40.28,69,435.92,59.82,0.0,59.82,12,0,108
504,2026-02-17T00:55:00,BTC,53.08,27.68,0.416788,68915.0,68916.0,1.083333,2.17,3.46,-1.29,145,5.64,0.13,0.0,0.13,10,3,108
505,2026-02-17T00:56:00,HYPE,4035.47,4493.63,0.471915,31.254,31.255,0.002222,209.65,589.38,-379.73,67,799.03,87.13,0.0,87.13,12,0,108
506,2026-02-17T00:56:00,BTC,55.44,26.88,0.405956,68838.0,68839.0,1.268519,0.65,13.04,-12.39,231,13.69,4.49,0.0,4.48,27,11,108
507,2026-02-17T00:57:00,HYPE,3295.26,4559.51,0.415743,31.209,31.21,0.001926,236.65,7502.54,-7265.89,157,7739.19,1136.71,19.58,1117.13,26,0,108
508,2026-02-17T00:57:00,BTC,66.37,23.15,0.514151,68831.0,68832.0,1.203704,2.57,4.67,-2.1,177,7.24,1.98,0.29,1.7,33,4,108
509,2026-02-17T00:58:00,HYPE,3287.13,5199.66,0.408542,31.237,31.242,0.001982,2539.51,1765.6,773.91,120,4305.11,504.56,84.11,420.45,26,0,109
510,2026-02-17T00:58:00,BTC,62.98,26.97,0.528198,68827.0,68828.0,1.0,7.08,14.95,-7.87,157,22.02,0.94,0.0,0.93,13,13,109
511,2026-02-17T00:59:00,HYPE,2325.24,4806.71,0.445396,31.237,31.241,0.002127,1133.75,2775.53,-1641.78,122,3909.28,424.71,394.55,30.16,37,0,110
512,2026-02-17T00:59:00,BTC,20.68,59.18,0.353571,68849.0,68850.0,1.0,3.7,2.88,0.82,107,6.58,0.64,0.0,0.64,18,2,110
513,2026-02-17T01:00:00,HYPE,3264.63,5336.91,0.435684,31.257,31.258,0.001421,248.35,167.24,81.11,50,415.59,222.5,17.37,205.13,24,0,107
514,2026-02-17T01:00:00,BTC,31.64,41.14,0.289909,68849.0,68850.0,1.018692,0.7,0.61,0.09,65,1.31,0.63,0.0,0.62,13,0,107
515,2026-02-17T01:01:00,HYPE,2635.5,5072.91,0.403468,31.267,31.269,0.002732,699.38,3884.21,-3184.83,159,4583.59,1218.49,54.78,1163.71,37,0,112
516,2026-02-17T01:01:00,BTC,51.67,32.88,0.434329,68880.0,68881.0,1.133929,5.27,1.76,3.5,185,7.03,0.62,0.12,0.51,21,1,112
517,2026-02-17T01:02:00,HYPE,3169.35,3369.76,0.417345,31.329,31.33,0.001829,1710.23,92.3,1617.93,123,1802.53,389.62,448.85,-59.23,46,0,111
518,2026-02-17T01:02:00,BTC,15.41,79.45,0.412754,68906.0,68908.0,1.171171,3.97,1.76,2.21,165,5.73,0.63,0.09,0.54,21,0,111
519,2026-02-17T01:03:00,HYPE,8060.2,2560.33,0.370508,31.34,31.343,0.00356,6087.97,3558.75,2529.22,157,9646.72,389.64,396.54,-6.9,28,0,109
520,2026-02-17T01:03:00,BTC,21.02,159.5,0.323506,68849.0,68862.0,1.229358,2.58,0.3,2.27,134,2.88,0.63,0.54,0.1,12,2,109
521,2026-02-17T01:04:00,HYPE,2652.75,3860.61,0.449124,31.288,31.289,0.003685,643.93,13422.86,-12778.93,155,14066.79,2378.6,17.29,2361.31,32,3,108
522,2026-02-17T01:04:01,BTC,23.09,69.07,0.343672,68794.0,68795.0,1.194444,2.58,15.28,-12.7,252,17.87,4.97,1.5,3.47,56,8,108
523,2026-02-17T01:05:00,HYPE,3916.54,2655.38,0.420682,31.219,31.225,0.003056,721.13,2101.47,-1380.34,124,2822.6,568.59,101.86,466.73,20,0,107
524,2026-02-17T01:05:00,BTC,41.51,40.77,0.397089,68779.0,68780.0,1.056075,3.61,5.09,-1.49,179,8.7,1.71,5.04,-3.34,52,2,107
525,2026-02-17T01:06:00,HYPE,4331.95,4255.94,0.449838,31.174,31.175,0.003673,5446.49,11648.67,-6202.18,387,17095.16,1842.36,4213.04,-2370.68,99,0,110
526,2026-02-17T01:06:00,BTC,19.85,74.16,0.486279,68793.0,68794.0,1.036364,3.59,3.2,0.39,131,6.8,0.63,0.0,0.63,10,1,110
527,2026-02-17T01:07:00,HYPE,3495.25,3496.46,0.487672,31.168,31.175,0.002473,1287.07,4115.17,-2828.1,211,5402.24,997.04,3637.2,-2640.16,69,0,110
528,2026-02-17T01:07:00,BTC,21.72,64.39,0.296819,68778.0,68779.0,1.109091,2.52,2.41,0.1,171,4.93,1.61,0.06,1.55,32,1,110
529,2026-02-17T01:08:00,HYPE,2870.46,2975.45,0.473574,31.163,31.164,0.002917,1293.68,5214.2,-3920.52,224,6507.88,1584.66,3671.68,-2087.02,100,0,108
530,2026-02-17T01:08:00,BTC,36.27,44.7,0.47959,68785.0,68786.0,1.083333,1.67,2.55,-0.88,131,4.22,0.79,0.01,0.78,20,0,108
531,2026-02-17T01:09:00,HYPE,3734.58,2856.18,0.487961,31.228,31.229,0.002505,3433.72,3743.44,-309.72,220,7177.16,3025.9,3859.09,-833.19,116,0,107
532,2026-02-17T01:09:00,BTC,27.91,50.1,0.457699,68815.0,68816.0,1.168224,1.43,1.42,0.01,95,2.85,0.62,1.32,-0.69,30,1,107
533,2026-02-17T01:10:00,HYPE,3146.92,2946.12,0.482197,31.272,31.273,0.002955,3673.7,3826.29,-152.59,227,7499.99,3734.87,3847.52,-112.65,126,0,110
534,2026-02-17T01:10:00,BTC,56.54,45.36,0.524572,68884.0,68885.0,1.036364,4.14,1.42,2.72,162,5.56,0.63,0.11,0.52,25,1,110
535,2026-02-17T01:11:00,HYPE,3314.62,3515.39,0.472759,31.299,31.309,0.002536,997.06,2338.51,-1341.45,133,3335.57,781.65,1835.9,-1054.25,59,0,110
536,2026-02-17T01:11:00,BTC,65.3,24.86,0.532939,68941.0,68942.0,1.327273,12.38,1.56,10.81,277,13.94,0.62,1.41,-0.79,26,9,110
537,2026-02-17T01:12:00,HYPE,5731.3,3731.27,0.367389,31.249,31.25,0.002481,750.86,3395.83,-2644.97,138,4146.69,1102.77,30.8,1071.97,35,0,108
538,2026-02-17T01:12:00,BTC,18.94,63.76,0.406711,68908.0,68909.0,1.203704,6.0,0.44,5.56,146,6.44,0.64,0.0,0.64,12,3,108
539,2026-02-17T01:13:00,HYPE,4021.95,1998.58,0.450177,31.254,31.255,0.001925,402.63,606.59,-203.96,62,1009.22,405.2,19.12,386.08,18,0,106
540,2026-02-17T01:13:00,BTC,47.86,25.21,0.338978,68841.0,68842.0,1.235849,0.84,5.7,-4.86,139,6.55,3.5,0.0,3.5,28,2,106
541,2026-02-17T01:14:00,HYPE,3233.1,3471.24,0.467208,31.298,31.299,0.002099,610.93,280.05,330.88,69,890.98,388.87,47.81,341.06,23,0,111
542,2026-02-17T01:14:00,BTC,72.81,37.49,0.464767,68858.0,68859.0,1.198198,2.15,1.44,0.71,116,3.6,0.84,0.0,0.84,19,1,111
543,2026-02-17T01:15:00,HYPE,2112.27,5528.66,0.43779,31.32,31.321,0.001789,784.27,1803.06,-1018.79,89,2587.33,388.89,79.5,309.39,33,0,109
544,2026-02-17T01:15:00,BTC,45.79,39.74,0.430765,68904.0,68907.0,1.082569,1.9,0.15,1.75,138,2.05,0.62,0.21,0.41,20,0,109
545,2026-02-17T01:16:00,HYPE,2780.31,3100.3,0.357398,31.229,31.23,0.001937,468.3,135.94,332.36,79,604.24,388.9,24.3,364.6,26,0,111
546,2026-02-17T01:16:00,BTC,24.79,60.26,0.37951,68882.0,68883.0,1.054054,1.68,1.12,0.57,95,2.8,0.58,0.13,0.44,11,0,111
547,2026-02-17T01:17:00,HYPE,3404.66,3891.57,0.395079,31.184,31.185,0.001827,483.37,214.11,269.26,61,697.48,388.13,29.98,358.15,23,0,110
548,2026-02-17T01:17:00,BTC,37.76,32.76,0.289686,68815.0,68816.0,1.027273,0.94,4.1,-3.16,153,5.04,1.85,0.0,1.84,32,0,110
549,2026-02-17T01:18:00,HYPE,4103.25,3353.76,0.396174,31.188,31.194,0.001807,3824.42,897.7,2926.72,100,4722.12,388.14,713.83,-325.69,20,0,109
550,2026-02-17T01:18:00,BTC,113.74,33.87,0.475135,68807.0,68808.0,1.110092,1.47,9.27,-7.8,153,10.74,1.39,0.0,1.39,22,3,109
551,2026-02-17T01:19:00,HYPE,2937.93,4100.61,0.448829,31.203,31.204,0.002274,818.45,1437.6,-619.15,79,2256.05,554.52,53.99,500.53,18,0,106
552,2026-02-17T01:19:00,BTC,86.45,20.6,0.548832,68856.0,68858.0,1.169811,1.29,0.8,0.49,105,2.08,0.62,0.0,0.62,17,0,106
553,2026-02-17T01:20:00,HYPE,2634.8,3171.33,0.42903,31.223,31.224,0.001873,389.19,123.59,265.6,47,512.78,221.39,18.33,203.06,15,0,110
554,2026-02-17T01:20:00,BTC,88.94,15.61,0.421531,68897.0,68898.0,1.018182,1.01,0.3,0.72,133,1.31,0.51,0.21,0.3,39,0,110
555,2026-02-17T01:21:00,HYPE,2844.6,4544.43,0.392017,31.222,31.223,0.002082,484.05,336.9,147.15,61,820.95,388.13,18.92,369.21,20,0,110
556,2026-02-17T01:21:00,BTC,30.64,56.28,0.376003,68875.0,68876.0,1.036364,7.59,0.27,7.32,115,7.87,0.5,1.27,-0.77,8,6,110
557,2026-02-17T01:22:00,HYPE,1936.96,3590.74,0.412333,31.232,31.235,0.002294,1175.9,607.48,568.42,74,1783.38,388.12,51.09,337.03,14,0,109
558,2026-02-17T01:22:00,BTC,94.37,41.84,0.492351,68894.0,68895.0,1.146789,1.41,0.46,0.95,105,1.88,0.5,0.0,0.5,7,1,109
559,2026-02-17T01:23:00,HYPE,1839.12,3804.55,0.396704,31.262,31.263,0.002284,1312.78,243.44,1069.34,79,1556.22,388.14,306.96,81.18,19,0,109
560,2026-02-17T01:23:00,BTC,78.21,23.97,0.517131,68910.0,68911.0,1.12844,7.21,1.03,6.19,100,8.24,6.96,0.0,6.95,26,2,109
561,2026-02-17T01:24:00,HYPE,2681.23,3270.34,0.421525,31.245,31.246,0.001455,410.26,146.61,263.65,49,556.87,388.14,18.71,369.43,19,0,110
562,2026-02-17T01:24:00,BTC,43.79,23.66,0.487266,68893.0,68894.0,1.027273,1.25,0.08,1.17,75,1.33,0.5,0.0,0.5,8,1,110
563,2026-02-17T01:25:00,HYPE,3667.46,3621.96,0.361238,31.267,31.268,0.001626,443.48,191.19,252.29,48,634.67,387.76,130.5,257.26,21,0,107
564,2026-02-17T01:25:00,BTC,169.29,10.7,0.43353,68913.0,68915.0,1.093458,1.14,0.13,1.01,98,1.28,0.5,0.0,0.5,20,1,107
565,2026-02-17T01:26:00,HYPE,2768.41,3387.19,0.3623,31.313,31.315,0.002509,1320.26,557.55,762.71,84,1877.81,461.22,176.39,284.83,23,0,110
566,2026-02-17T01:26:00,BTC,49.19,29.21,0.487788,68909.0,68910.0,1.0,1.79,0.28,1.5,105,2.07,0.5,0.0,0.5,27,2,110
567,2026-02-17T01:27:00,HYPE,2721.94,4425.11,0.370308,31.218,31.219,0.002266,505.27,5154.86,-4649.59,163,5660.13,1476.37,17.7,1458.67,36,0,109
568,2026-02-17T01:27:00,BTC,33.77,56.47,0.466863,68887.0,68888.0,1.018349,0.62,1.12,-0.5,72,1.74,0.5,0.0,0.5,5,0,109
569,2026-02-17T01:28:00,HYPE,2332.72,3958.4,0.3644,31.186,31.187,0.001991,1180.24,778.54,401.7,88,1958.78,388.15,18.77,369.38,20,0,108
570,2026-02-17T01:28:00,BTC,42.57,41.07,0.315334,68832.0,68833.0,1.046296,1.11,0.59,0.53,102,1.7,0.5,0.0,0.5,6,0,108
571,2026-02-17T01:29:00,HYPE,2857.56,4604.65,0.312785,31.12,31.125,0.002569,620.29,1417.87,-797.58,116,2038.16,388.12,18.32,369.8,22,0,109
572,2026-02-17T01:29:00,BTC,67.48,42.39,0.45459,68838.0,68839.0,1.091743,2.25,1.72,0.54,108,3.97,0.5,0.0,0.5,4,1,109
573,2026-02-17T01:30:00,HYPE,2181.41,3097.37,0.376222,31.153,31.156,0.00178,5308.28,208.64,5099.64,108,5516.92,398.48,655.96,-257.48,26,0,109
574,2026-02-17T01:30:00,BTC,21.28,59.48,0.467526,68838.0,68839.0,1.045872,0.63,1.11,-0.49,61,1.74,0.5,0.0,0.5,4,0,109
575,2026-02-17T01:31:00,HYPE,2626.96,2760.37,0.387599,31.151,31.152,0.001752,694.9,5525.84,-4830.94,208,6220.74,1821.81,28.99,1792.82,32,0,109
576,2026-02-17T01:31:00,BTC,45.55,43.16,0.323479,68809.0,68810.0,1.073394,1.44,10.87,-9.44,165,12.31,2.21,0.0,2.21,18,4,109
577,2026-02-17T01:32:00,HYPE,2275.76,3832.46,0.410206,31.144,31.145,0.002291,839.2,2756.59,-1917.39,118,3595.79,535.9,274.45,261.45,26,0,110
578,2026-02-17T01:32:00,BTC,52.51,36.29,0.509014,68834.0,68835.0,1.045455,1.7,0.71,0.98,85,2.41,0.55,0.26,0.29,13,0,110
579,2026-02-17T01:33:00,HYPE,2503.3,3861.73,0.438374,31.158,31.159,0.002486,738.13,1373.04,-634.91,73,2111.17,641.7,17.92,623.78,19,0,109
580,2026-02-17T01:33:00,BTC,33.04,40.42,0.495115,68848.0,68849.0,1.073394,1.27,2.01,-0.74,122,3.27,0.5,0.58,-0.08,19,1,109
581,2026-02-17T01:34:00,HYPE,3548.33,4015.23,0.426548,31.174,31.18,0.003919,1436.12,64.1,1372.02,69,1500.22,1105.99,49.85,1056.14,31,0,111
582,2026-02-17T01:34:00,BTC,27.85,55.11,0.503321,68858.0,68859.0,1.162162,1.46,0.57,0.88,98,2.03,0.5,0.52,-0.02,19,0,111
583,2026-02-17T01:35:00,HYPE,4300.31,3481.21,0.448673,31.249,31.25,0.002121,1489.67,281.88,1207.79,98,1771.55,391.58,255.89,135.69,25,0,107
584,2026-02-17T01:35:00,BTC,58.24,39.04,0.566167,68944.0,68945.0,1.233645,2.18,1.32,0.86,220,3.5,0.5,0.52,-0.01,19,0,107
585,2026-02-17T01:36:00,HYPE,2440.98,3715.85,0.400407,31.205,31.207,0.003845,668.3,1411.41,-743.11,97,2079.71,891.04,1096.13,-205.09,54,0,110
586,2026-02-17T01:36:00,BTC,44.12,45.99,0.464405,68926.0,68927.0,1.090909,4.25,1.81,2.44,134,6.06,0.5,0.77,-0.27,23,1,110
587,2026-02-17T01:37:00,HYPE,2819.22,5129.36,0.370968,31.172,31.173,0.001972,255.69,422.31,-166.62,68,678.0,287.49,18.62,268.87,25,0,108
588,2026-02-17T01:37:00,BTC,30.25,56.65,0.48484,68904.0,68905.0,1.092593,0.58,15.63,-15.05,148,16.21,0.5,15.26,-14.75,72,6,108
589,2026-02-17T01:38:00,HYPE,2838.65,6560.43,0.441213,31.135,31.136,0.001858,605.58,220.6,384.98,76,826.18,388.14,19.97,368.17,24,0,106
590,2026-02-17T01:38:00,BTC,54.74,31.01,0.574318,68896.0,68897.0,1.018868,0.58,0.22,0.37,78,0.8,0.5,0.0,0.5,6,0,106
591,2026-02-17T01:39:00,HYPE,3175.35,4970.92,0.382358,31.161,31.164,0.002806,4633.35,876.22,3757.13,119,5509.57,404.75,3485.59,-3080.84,68,0,108
592,2026-02-17T01:39:00,BTC,28.45,62.73,0.585174,68917.0,68918.0,1.074074,0.75,0.06,0.69,72,0.81,0.5,0.0,0.5,9,0,108
593,2026-02-17T01:40:00,HYPE,3556.58,4019.43,0.40583,31.188,31.189,0.003439,1286.85,25.24,1261.61,59,1312.09,404.16,39.1,365.06,21,0,107
594,2026-02-17T01:40:00,BTC,215.91,19.87,0.514794,68929.0,68930.0,1.11215,74.3,0.19,74.12,170,74.49,0.5,0.0,0.5,9,34,107
595,2026-02-17T01:41:00,HYPE,2418.38,4345.71,0.414465,31.176,31.182,0.003606,697.71,32.06,665.65,50,729.77,554.52,259.01,295.51,31,0,109
596,2026-02-17T01:41:00,BTC,24.12,65.63,0.43243,68935.0,68936.0,1.06422,1.41,1.62,-0.22,125,3.03,1.05,0.17,0.89,19,1,109
597,2026-02-17T01:42:00,HYPE,2600.94,3918.33,0.405844,31.184,31.186,0.003709,615.09,1.12,613.97,34,616.21,221.74,16.6,205.14,11,0,110
598,2026-02-17T01:42:00,BTC,25.86,79.84,0.306414,68891.0,68892.0,1.118182,1.35,11.02,-9.67,113,12.38,5.0,0.0,5.0,12,8,110
599,2026-02-17T01:43:00,HYPE,2877.83,4074.71,0.370307,31.157,31.161,0.002866,1634.37,223.75,1410.62,61,1858.12,554.54,323.57,230.97,28,0,112
600,2026-02-17T01:43:00,BTC,20.57,76.19,0.279879,68858.0,68859.0,1.053571,0.59,8.6,-8.01,86,9.2,2.18,0.0,2.18,15,6,112
601,2026-02-17T01:44:00,HYPE,2220.73,5734.2,0.363209,31.141,31.142,0.003918,440.18,414.05,26.13,52,854.23,221.74,0.0,221.74,9,0,110
602,2026-02-17T01:44:00,BTC,40.97,45.92,0.344249,68821.0,68822.0,1.1,1.09,13.71,-12.62,139,14.81,2.05,0.0,2.05,16,8,110
603,2026-02-17T01:45:00,HYPE,3027.37,3695.44,0.34449,31.094,31.095,0.002145,540.69,3886.6,-3345.91,304,4427.29,1125.9,17.82,1108.08,24,0,110
604,2026-02-17T01:45:00,BTC,11.85,120.88,0.426431,68828.0,68829.0,1.009091,1.3,2.79,-1.49,91,4.09,0.5,0.0,0.5,17,2,110
605,2026-02-17T01:46:00,HYPE,2780.42,6630.54,0.396273,31.1,31.105,0.003532,6242.59,971.99,5270.6,165,7214.58,633.26,546.6,86.66,28,0,109
606,2026-02-17T01:46:00,BTC,12.81,130.75,0.431145,68841.0,68842.0,1.018349,3.49,1.82,1.67,96,5.31,1.65,0.0,1.65,8,2,109
607,2026-02-17T01:47:00,HYPE,2841.17,7733.0,0.294278,31.104,31.105,0.002139,360.02,792.36,-432.34,48,1152.38,221.38,68.93,152.45,14,0,108
608,2026-02-17T01:47:00,BTC,23.11,62.92,0.318771,68836.0,68837.0,1.018519,0.56,3.68,-3.12,70,4.24,0.5,0.0,0.5,12,2,108
609,2026-02-17T01:48:00,HYPE,6103.4,4991.71,0.259608,31.083,31.084,0.002741,1825.3,1782.59,42.71,106,3607.89,584.89,362.05,222.84,28,0,112
610,2026-02-17T01:48:00,BTC,21.37,68.6,0.309562,68837.0,68838.0,1.0,0.81,0.07,0.74,48,0.88,0.5,0.0,0.5,9,0,112
611,2026-02-17T01:49:00,HYPE,3139.04,3892.66,0.427931,31.083,31.084,0.002318,928.4,1128.0,-199.6,72,2056.4,434.98,0.0,434.98,16,0,110
612,2026-02-17T01:49:00,BTC,21.35,55.1,0.397859,68851.0,68852.0,1.0,1.28,0.01,1.27,64,1.29,0.5,0.0,0.5,8,0,110
613,2026-02-17T01:50:00,HYPE,6430.0,4984.17,0.412352,31.041,31.042,0.001773,294.38,2200.05,-1905.67,291,2494.43,486.07,13.49,472.58,22,0,110
614,2026-02-17T01:50:00,BTC,22.08,61.47,0.245207,68800.0,68801.0,1.045455,5.71,19.48,-13.77,153,25.19,1.62,0.0,1.62,10,15,110
615,2026-02-17T01:51:00,HYPE,3441.48,3679.91,0.434711,31.061,31.062,0.001759,779.94,75.34,704.6,53,855.28,554.53,32.79,521.74,25,0,108
616,2026-02-17T01:51:00,BTC,24.84,51.95,0.319472,68785.0,68786.0,1.138889,0.66,13.19,-12.53,162,13.84,1.06,4.05,-2.99,36,8,108
617,2026-02-17T01:52:00,HYPE,6689.92,5830.78,0.471736,31.014,31.026,0.002427,880.04,3827.32,-2947.28,348,4707.36,704.6,1053.61,-349.01,138,0,110
618,2026-02-17T01:52:00,BTC,56.57,41.0,0.211876,68715.0,68716.0,1.118182,5.22,21.35,-16.14,343,26.57,3.3,1.0,2.3,37,13,110
619,2026-02-17T01:53:00,HYPE,2878.17,2848.95,0.520521,31.067,31.071,0.002509,21311.32,1600.91,19710.41,246,22912.23,610.99,1608.34,-997.35,41,3,110
620,2026-02-17T01:53:00,BTC,16.48,83.06,0.323454,68695.0,68696.0,1.163636,1.56,20.21,-18.65,266,21.77,1.11,5.31,-4.2,34,7,110
621,2026-02-17T01:54:00,HYPE,6744.72,3329.13,0.58735,31.009,31.01,0.001972,278.14,683.26,-405.12,73,961.4,221.37,13.5,207.87,13,0,109
622,2026-02-17T01:54:00,BTC,32.09,62.06,0.294649,68609.0,68610.0,1.394495,3.05,22.1,-19.05,393,25.16,4.68,0.0,4.67,45,9,109
623,2026-02-17T01:55:00,HYPE,2616.2,3875.02,0.41396,31.039,31.045,0.002964,584.81,666.52,-81.71,84,1251.33,579.74,68.78,510.96,33,0,110
624,2026-02-17T01:55:00,BTC,31.51,64.44,0.380267,68605.0,68606.0,1.145455,2.0,3.0,-1.0,195,5.0,1.07,0.04,1.02,35,1,110
625,2026-02-17T01:56:00,HYPE,6841.28,3105.27,0.547576,31.002,31.01,0.002844,1244.79,2385.63,-1140.84,115,3630.42,588.13,382.15,205.98,29,0,109
626,2026-02-17T01:56:00,BTC,59.25,146.27,0.414231,68586.0,68603.0,1.220183,2.18,10.11,-7.94,211,12.29,1.06,0.04,1.03,32,9,109
627,2026-02-17T01:57:00,HYPE,6349.15,3934.68,0.486827,30.974,30.975,0.003633,867.2,9794.33,-8927.13,554,10661.53,2055.83,252.92,1802.91,25,0,109
628,2026-02-17T01:57:00,BTC,135.52,41.06,0.391579,68567.0,68568.0,1.12844,1.9,7.03,-5.12,332,8.93,2.84,0.04,2.8,48,1,109
629,2026-02-17T01:58:00,HYPE,3184.8,6436.45,0.453176,31.011,31.017,0.003073,2072.68,1650.79,421.89,137,3723.47,909.05,42.0,867.05,41,0,110
630,2026-02-17T01:58:00,BTC,83.76,36.27,0.516347,68575.0,68576.0,1.154545,3.85,2.55,1.3,151,6.4,1.96,0.04,1.93,39,2,110
631,2026-02-17T01:59:00,HYPE,2209.43,2634.26,0.453086,31.035,31.036,0.002898,1883.07,176.02,1707.05,70,2059.09,1388.13,94.28,1293.85,36,0,108
632,2026-02-17T01:59:00,BTC,70.01,45.33,0.566673,68591.0,68592.0,1.268519,59.38,10.59,48.79,314,69.98,0.72,0.37,0.35,27,40,108
633,2026-02-17T02:00:00,HYPE,1916.07,4124.25,0.453771,31.012,31.017,0.00289,464.92,107.68,357.24,42,572.6,221.73,12.45,209.28,15,0,109
634,2026-02-17T02:00:00,BTC,27.26,80.17,0.568377,68582.0,68583.0,1.036697,7.11,3.42,3.69,154,10.52,2.02,0.03,1.99,35,4,109
635,2026-02-17T02:01:00,HYPE,2797.24,4195.87,0.424599,31.023,31.027,0.002509,1047.08,132.16,914.92,89,1179.24,574.15,63.8,510.35,36,0,108
636,2026-02-17T02:01:00,BTC,25.94,80.64,0.602777,68573.0,68574.0,1.194444,16.18,4.54,11.64,176,20.72,0.5,0.03,0.47,32,9,108
637,2026-02-17T02:02:00,HYPE,3368.23,3531.66,0.425617,31.022,31.025,0.002164,488.82,1255.7,-766.88,66,1744.52,455.02,174.55,280.47,36,0,110
638,2026-02-17T02:02:00,BTC,71.96,26.25,0.578561,68580.0,68581.0,1.127273,2.58,1.51,1.07,148,4.09,0.5,0.03,0.47,29,1,110
639,2026-02-17T02:03:00,HYPE,2551.66,4221.79,0.430836,30.971,30.972,0.002,533.06,2721.75,-2188.69,137,3254.81,388.14,2024.11,-1635.97,57,0,108
640,2026-02-17T02:03:00,BTC,32.41,58.82,0.396035,68462.0,68463.0,1.37963,1.86,68.26,-66.39,678,70.12,7.38,0.03,7.35,63,37,108
641,2026-02-17T02:04:00,HYPE,1789.58,3356.11,0.484284,30.917,30.918,0.003527,597.12,10766.15,-10169.03,567,11363.27,2402.25,5080.35,-2678.1,184,0,110
642,2026-02-17T02:04:00,BTC,42.92,63.96,0.542449,68390.0,68392.0,1.854545,3.71,49.12,-45.41,776,52.82,5.54,3.03,2.51,83,16,110
643,2026-02-17T02:05:00,HYPE,5586.59,3462.23,0.522155,30.957,30.964,0.003441,539.78,3479.46,-2939.68,126,4019.24,906.93,12.46,894.47,27,0,111
644,2026-02-17T02:05:00,BTC,38.05,34.52,0.682417,68513.0,68514.0,1.198198,33.99,2.44,31.56,314,36.43,9.35,2.3,7.05,56,21,111
645,2026-02-17T02:06:00,HYPE,2531.35,4175.44,0.496544,30.947,30.951,0.004255,3335.26,1106.76,2228.5,129,4442.02,2888.14,599.34,2288.8,66,0,110
646,2026-02-17T02:06:00,BTC,32.94,56.97,0.501998,68485.0,68486.0,1.681818,48.96,20.31,28.64,409,69.27,2.4,0.33,2.07,29,49,110
647,2026-02-17T02:07:00,HYPE,2891.08,2462.19,0.496615,30.953,30.954,0.003495,1981.76,1038.84,942.92,107,3020.6,252.4,73.53,178.87,16,0,107
648,2026-02-17T02:07:00,BTC,42.37,23.91,0.64869,68530.0,68531.0,1.130841,5.46,1.85,3.61,138,7.31,0.5,0.02,0.48,18,2,107
649,2026-02-17T02:08:00,HYPE,3415.09,4554.35,0.497524,31.022,31.037,0.004198,18014.71,532.08,17482.63,227,18546.79,554.52,2292.76,-1738.24,40,2,111
650,2026-02-17T02:08:00,BTC,73.2,14.38,0.648987,68645.0,68646.0,1.243243,38.1,0.69,37.42,466,38.79,0.5,2.36,-1.86,32,17,111
651,2026-02-17T02:09:00,HYPE,2963.29,4352.68,0.496809,31.042,31.052,0.002651,4837.06,1436.12,3400.94,157,6273.18,2888.13,758.28,2129.85,69,0,109
652,2026-02-17T02:09:00,BTC,44.86,12.64,0.600688,68702.0,68703.0,1.688073,26.49,7.47,19.02,375,33.95,0.5,9.17,-8.67,41,16,109
653,2026-02-17T02:10:00,HYPE,3349.66,4168.9,0.485553,31.043,31.047,0.002202,870.73,2087.96,-1217.23,101,2958.69,415.81,12.45,403.36,17,0,109
654,2026-02-17T02:10:00,BTC,20.65,37.25,0.614902,68757.0,68758.0,1.394495,15.98,35.25,-19.27,446,51.22,12.43,34.09,-21.67,226,24,109
655,2026-02-17T02:11:00,HYPE,2541.77,3054.15,0.480161,31.063,31.064,0.002164,939.97,1435.37,-495.4,69,2375.34,388.13,59.12,329.01,20,0,110
656,2026-02-17T02:11:00,BTC,44.93,30.84,0.679572,68897.0,68898.0,1.518182,8.46,38.04,-29.57,639,46.5,0.61,35.27,-34.66,155,21,110
657,2026-02-17T02:12:00,HYPE,2699.52,4118.27,0.464165,31.073,31.074,0.002273,1617.4,1484.92,132.48,111,3102.32,388.13,315.21,72.92,28,0,110
658,2026-02-17T02:12:00,BTC,42.18,111.17,0.662472,68956.0,68957.0,1.372727,32.21,20.67,11.55,571,52.88,2.9,16.02,-13.11,100,23,110
659,2026-02-17T02:13:00,HYPE,3672.97,2611.89,0.51781,31.175,31.182,0.001964,3202.1,172.72,3029.38,219,3374.82,388.14,117.1,271.04,63,0,110
660,2026-02-17T02:13:00,BTC,20.71,19.92,0.579301,69171.0,69172.0,2.236364,42.34,18.03,24.31,1237,60.37,1.13,12.23,-11.1,83,26,110
661,2026-02-17T02:14:00,HYPE,2903.92,3169.14,0.564656,31.118,31.123,0.002714,2047.07,2578.46,-531.39,105,4625.53,2908.57,15.79,2892.78,36,0,105
662,2026-02-17T02:14:00,BTC,38.58,21.92,0.565732,69052.0,69053.0,1.590476,17.61,15.03,2.58,353,32.65,1.18,9.0,-7.82,33,20,105
663,2026-02-17T02:15:00,HYPE,2400.97,3813.74,0.462603,31.144,31.145,0.001734,540.85,82.02,458.83,42,622.87,388.12,52.79,335.33,27,0,109
664,2026-02-17T02:15:00,BTC,112.86,12.61,0.527309,69081.0,69082.0,1.366972,32.96,0.86,32.11,215,33.82,0.51,1.96,-1.46,25,25,109
665,2026-02-17T02:16:00,HYPE,2464.01,4116.25,0.507448,31.194,31.195,0.001873,7029.55,594.84,6434.71,240,7624.39,2938.27,990.68,1947.59,58,0,110
666,2026-02-17T02:16:00,BTC,57.86,26.59,0.552681,69144.0,69145.0,1.727273,6.85,7.19,-0.34,242,14.05,0.5,6.64,-6.15,33,6,110
667,2026-02-17T02:17:00,HYPE,4521.91,4070.51,0.498368,31.187,31.191,0.002417,610.5,103.7,506.8,53,714.2,388.13,221.54,166.59,29,0,108
668,2026-02-17T02:17:00,BTC,38.16,54.41,0.418017,69059.0,69060.0,1.277778,7.59,25.79,-18.2,243,33.38,8.57,7.23,1.33,63,14,108
669,2026-02-17T02:18:00,HYPE,2845.36,3681.4,0.528396,31.203,31.209,0.002444,2880.6,902.7,1977.9,220,3783.3,1424.4,80.13,1344.27,68,0,108
670,2026-02-17T02:18:00,BTC,49.56,45.13,0.42301,69039.0,69040.0,1.37963,4.05,24.56,-20.52,264,28.61,3.63,0.16,3.47,28,13,108
671,2026-02-17T02:19:00,HYPE,2823.13,3759.49,0.49689,31.212,31.215,0.002872,723.16,63.92,659.24,50,787.08,388.13,323.26,64.87,32,0,109
672,2026-02-17T02:19:00,BTC,39.12,27.01,0.4581,69030.0,69031.0,1.266055,4.27,1.42,2.85,107,5.69,1.87,0.06,1.81,15,2,109
673,2026-02-17T02:20:00,HYPE,4819.16,3579.84,0.549764,31.189,31.19,0.0021,649.56,940.2,-290.64,68,1589.76,456.03,291.37,164.66,29,0,110
674,2026-02-17T02:20:00,BTC,17.07,68.91,0.276889,68979.0,68980.0,1.190909,1.39,60.25,-58.86,412,61.65,10.43,0.0,10.43,21,36,110
675,2026-02-17T02:21:00,HYPE,2306.46,7211.31,0.463788,31.131,31.136,0.002202,469.31,1739.95,-1270.64,101,2209.26,1357.3,53.46,1303.84,41,0,109
676,2026-02-17T02:21:00,BTC,25.24,49.3,0.450907,68997.0,68998.0,1.431193,3.61,3.13,0.47,172,6.74,0.62,0.0,0.62,10,1,109
677,2026-02-17T02:22:00,HYPE,2781.93,2907.99,0.427326,31.12,31.121,0.003074,405.55,206.26,199.29,61,611.81,398.12,51.47,346.65,27,0,108
678,2026-02-17T02:22:00,BTC,41.18,30.98,0.433383,69002.0,69003.0,1.185185,4.17,2.55,1.62,118,6.72,1.04,0.19,0.85,13,1,108
679,2026-02-17T02:23:00,HYPE,2151.27,4770.07,0.461383,31.136,31.137,0.001736,550.99,336.17,214.82,55,887.16,388.37,10.36,378.01,26,0,110
680,2026-02-17T02:23:00,BTC,7.66,131.67,0.431371,69017.0,69018.0,1.045455,3.57,0.67,2.9,109,4.23,0.5,0.13,0.37,16,1,110
681,2026-02-17T02:24:00,HYPE,2336.37,3878.63,0.459572,31.159,31.16,0.001764,509.44,985.57,-476.13,77,1495.01,418.6,35.92,382.68,31,0,110
682,2026-02-17T02:24:00,BTC,37.57,38.75,0.376075,69016.0,69017.0,1.118182,1.43,0.08,1.35,92,1.51,0.73,0.0,0.73,18,0,110
683,2026-02-17T02:25:00,HYPE,4612.48,2907.75,0.488581,31.215,31.231,0.001936,3200.77,75.6,3125.17,123,3276.37,2887.4,437.89,2449.51,99,0,109
684,2026-02-17T02:25:00,BTC,99.69,29.74,0.496086,69075.0,69076.0,1.211009,10.1,1.49,8.62,158,11.59,0.66,0.23,0.43,20,6,109
685,2026-02-17T02:26:00,HYPE,3119.52,3781.5,0.413983,31.189,31.19,0.002766,480.42,10.95,469.47,40,491.37,387.39,49.43,337.96,22,0,111
686,2026-02-17T02:26:00,BTC,30.33,55.88,0.322456,69004.0,69005.0,1.144144,5.16,1.85,3.31,139,7.01,0.66,0.0,0.66,12,1,111
687,2026-02-17T02:27:00,HYPE,2337.51,5902.1,0.42479,31.185,31.186,0.002806,10701.83,234.65,10467.18,321,10936.48,387.39,1153.92,-766.53,21,1,108
688,2026-02-17T02:27:00,BTC,14.91,131.94,0.383064,69023.0,69024.0,1.203704,3.24,2.65,0.59,133,5.88,1.96,0.2,1.75,31,1,108
689,2026-02-17T02:28:00,HYPE,16454.59,3468.77,0.61878,31.168,31.169,0.002037,1107.55,167.85,939.7,60,1275.4,387.4,145.98,241.42,24,0,109
690,2026-02-17T02:28:00,BTC,17.07,70.79,0.240656,68996.0,68997.0,1.027523,0.94,5.67,-4.73,94,6.6,3.25,0.07,3.18,25,3,109
691,2026-02-17T02:29:00,HYPE,16396.59,2619.5,0.825507,31.168,31.169,0.001607,522.58,105.56,417.02,54,628.14,387.4,41.03,346.37,24,0,107
692,2026-02-17T02:29:00,BTC,28.64,59.81,0.413189,68996.0,68997.0,1.018692,1.62,0.9,0.73,85,2.52,0.66,0.0,0.66,14,1,107
693,2026-02-17T02:30:00,HYPE,16853.42,3438.98,0.831438,31.172,31.173,0.001578,708.94,458.71,250.23,56,1167.65,387.38,238.61,148.77,21,0,109
694,2026-02-17T02:30:00,BTC,48.71,36.96,0.408705,69010.0,69011.0,1.027523,1.53,0.93,0.59,82,2.46,0.66,0.0,0.66,15,0,109
695,2026-02-17T02:31:00,HYPE,15536.54,3750.39,0.80851,31.173,31.174,0.001514,449.05,1438.0,-988.95,52,1887.05,387.39,76.79,310.6,18,0,109
696,2026-02-17T02:31:00,BTC,10.85,84.92,0.339249,69013.0,69014.0,1.165138,2.19,1.37,0.81,112,3.56,0.66,0.0,0.66,22,1,109
697,2026-02-17T02:32:00,HYPE,11266.19,3830.25,0.738352,31.166,31.167,0.001873,538.44,2755.33,-2216.89,82,3293.77,427.38,418.85,8.53,25,0,110
698,2026-02-17T02:32:00,BTC,38.98,31.42,0.227599,68963.0,68964.0,1.3,3.01,6.94,-3.93,164,9.95,5.69,0.0,5.69,14,4,110
699,2026-02-17T02:33:00,HYPE,13389.12,4619.1,0.544011,31.182,31.186,0.00233,860.78,1962.68,-1101.9,83,2823.46,418.05,1052.46,-634.41,40,0,109
700,2026-02-17T02:33:00,BTC,9.12,100.34,0.378704,68972.0,68977.0,1.073394,0.85,0.45,0.4,111,1.31,0.79,0.0,0.79,24,0,109
701,2026-02-17T02:34:00,HYPE,13036.45,3033.64,0.718323,31.181,31.182,0.001982,448.78,1086.11,-637.33,65,1534.89,746.0,857.83,-111.83,42,0,110
702,2026-02-17T02:34:00,BTC,45.97,36.97,0.470073,69002.0,69003.0,1.018182,0.89,0.16,0.73,76,1.05,0.66,0.0,0.66,12,0,110
703,2026-02-17T02:35:00,HYPE,4548.55,2642.63,0.748893,31.191,31.197,0.002333,588.06,2205.5,-1617.44,100,2793.56,419.46,1070.93,-651.47,37,0,111
704,2026-02-17T02:35:00,BTC,101.66,35.81,0.407477,69026.0,69027.0,1.081081,73.46,1.28,72.19,161,74.74,0.69,0.0,0.69,13,26,111
705,2026-02-17T02:36:00,HYPE,3221.33,4101.03,0.599925,31.123,31.124,0.001759,768.75,9150.11,-8381.36,238,9918.86,539.07,822.73,-283.66,28,0,108
706,2026-02-17T02:36:00,BTC,24.74,69.61,0.226162,68949.0,68950.0,1.25,1.45,11.54,-10.1,127,12.99,3.07,0.0,3.07,16,7,108
707,2026-02-17T02:37:00,HYPE,3667.32,3981.12,0.498232,31.095,31.102,0.001964,1003.03,2257.03,-1254.0,198,3260.06,404.23,1653.93,-1249.7,56,0,110
708,2026-02-17T02:37:00,BTC,38.06,43.53,0.406464,68961.0,68962.0,1.045455,1.09,4.93,-3.84,91,6.02,1.16,0.11,1.05,20,4,110
709,2026-02-17T02:38:00,HYPE,3802.35,3443.97,0.501743,31.034,31.035,0.002028,2201.87,12519.55,-10317.68,291,14721.42,1931.09,746.0,1185.09,45,1,106
710,2026-02-17T02:38:00,BTC,22.46,54.74,0.298327,68915.0,68916.0,1.40566,1.59,14.73,-13.15,255,16.32,2.82,0.0,2.82,30,7,106
711,2026-02-17T02:39:00,HYPE,2231.02,3799.36,0.476896,31.057,31.065,0.00209,2988.0,1223.71,1764.29,150,4211.71,415.29,296.58,118.71,23,0,111
712,2026-02-17T02:39:00,BTC,43.04,43.25,0.356106,68909.0,68910.0,1.0,1.56,5.55,-3.99,86,7.1,1.26,0.0,1.26,14,3,111
713,2026-02-17T02:40:00,HYPE,2610.86,3580.17,0.44192,31.031,31.034,0.002468,626.56,5344.26,-4717.7,231,5970.82,1904.25,5027.4,-3123.15,131,0,109
714,2026-02-17T02:40:00,BTC,30.46,56.75,0.332913,68890.0,68891.0,1.027523,2.95,10.28,-7.33,170,13.24,3.07,0.0,3.07,20,8,109
715,2026-02-17T02:41:00,HYPE,2640.39,4276.4,0.463217,31.068,31.071,0.001741,918.77,303.53,615.24,93,1222.3,387.4,262.15,125.25,32,0,108
716,2026-02-17T02:41:00,BTC,33.99,47.48,0.431804,68917.0,68918.0,1.018519,17.67,6.18,11.48,118,23.85,0.66,0.0,0.66,9,11,108
717,2026-02-17T02:42:00,HYPE,3338.83,4720.21,0.43779,31.071,31.077,0.001713,465.7,149.6,316.1,47,615.3,387.39,1.04,386.35,19,0,108
718,2026-02-17T02:42:00,BTC,31.58,52.84,0.495232,68930.0,68931.0,1.018519,7.38,2.21,5.16,94,9.59,0.66,0.0,0.66,14,3,108
719,2026-02-17T02:43:00,HYPE,2587.93,3874.5,0.426399,31.074,31.075,0.002167,674.97,491.85,183.12,82,1166.82,387.4,0.26,387.14,14,0,108
720,2026-02-17T02:43:00,BTC,34.11,50.84,0.360523,68940.0,68941.0,1.037037,0.92,2.87,-1.94,81,3.79,0.66,0.0,0.66,9,1,108
721,2026-02-17T02:44:00,HYPE,2372.79,4322.11,0.395001,31.024,31.026,0.002284,1344.65,841.17,503.48,142,2185.82,560.07,33.89,526.18,22,0,109
722,2026-02-17T02:44:00,BTC,37.43,43.0,0.39706,68913.0,68914.0,1.137615,0.86,7.56,-6.7,117,8.41,2.91,0.07,2.85,38,5,109
723,2026-02-17T02:45:00,HYPE,2681.22,4129.81,0.412597,31.037,31.039,0.002128,895.42,39.99,855.43,57,935.41,387.39,50.25,337.14,16,0,109
724,2026-02-17T02:45:00,BTC,178.03,48.76,0.550526,68915.0,68916.0,1.119266,2.95,2.31,0.63,123,5.26,2.87,0.0,2.87,27,3,109
725,2026-02-17T02:46:00,HYPE,4203.45,3609.67,0.450435,31.078,31.079,0.001757,1023.66,134.32,889.34,72,1157.98,387.38,38.05,349.33,15,0,107
726,2026-02-17T02:46:00,BTC,62.28,34.96,0.463323,68946.0,68947.0,1.102804,0.96,2.49,-1.53,80,3.45,0.66,0.0,0.66,6,0,107
727,2026-02-17T02:47:00,HYPE,3659.92,4318.14,0.420733,31.04,31.048,0.002018,994.66,281.87,712.79,85,1276.53,387.39,33.78,353.61,17,0,109
728,2026-02-17T02:47:00,BTC,17.35,61.77,0.412554,68917.0,68918.0,1.201835,1.31,33.0,-31.69,215,34.31,0.66,0.0,0.66,12,11,109
729,2026-02-17T02:48:00,HYPE,1960.38,7025.44,0.386938,31.04,31.042,0.002136,763.54,953.98,-190.44,74,1717.52,423.79,0.0,423.79,19,0,110
730,2026-02-17T02:48:01,BTC,60.06,27.46,0.457789,68937.0,68938.0,1.145455,1.84,6.61,-4.78,90,8.45,1.74,0.1,1.65,17,5,110
731,2026-02-17T02:49:00,HYPE,4090.24,3371.71,0.466244,31.041,31.042,0.002065,369.9,573.81,-203.91,54,943.71,303.37,15.6,287.77,16,0,108
732,2026-02-17T02:49:00,BTC,70.85,29.33,0.417419,68913.0,68914.0,1.018519,1.0,13.73,-12.73,115,14.72,2.82,0.02,2.8,17,6,108
733,2026-02-17T02:50:00,HYPE,2589.18,5970.81,0.427146,31.015,31.023,0.002731,800.7,577.9,222.8,68,1378.6,387.39,104.01,283.38,20,0,108
734,2026-02-17T02:50:00,BTC,74.54,26.11,0.534054,68935.0,68936.0,1.018519,1.07,5.82,-4.75,111,6.88,0.66,0.0,0.66,12,1,108
735,2026-02-17T02:51:00,HYPE,2538.67,3792.76,0.428305,30.994,30.995,0.002422,1238.71,1765.88,-527.17,214,3004.59,1395.63,57.4,1338.23,41,0,109
736,2026-02-17T02:51:00,BTC,58.89,37.78,0.481694,68959.0,68960.0,1.220183,44.47,8.26,36.21,221,52.73,0.89,6.34,-5.45,57,29,109
737,2026-02-17T02:52:00,HYPE,3481.41,3075.34,0.449198,31.01,31.011,0.002164,1309.29,1221.57,87.72,122,2530.86,422.97,114.12,308.85,25,0,110
738,2026-02-17T02:52:00,BTC,64.35,29.49,0.445368,68988.0,68989.0,1.072727,9.86,1.11,8.75,109,10.97,0.66,0.75,-0.09,16,3,110
739,2026-02-17T02:53:00,HYPE,3232.71,4446.24,0.444251,30.996,30.997,0.002954,1430.86,577.69,853.17,129,2008.55,392.0,17.05,374.95,21,0,108
740,2026-02-17T02:53:00,BTC,42.17,43.55,0.49017,68984.0,68985.0,1.277778,4.58,0.11,4.47,117,4.68,0.67,0.0,0.67,8,0,108
741,2026-02-17T02:54:00,HYPE,3084.7,3745.52,0.464622,30.988,30.992,0.002806,404.5,96.12,308.38,54,500.62,387.38,62.61,324.77,25,0,108
742,2026-02-17T02:54:00,BTC,31.41,41.99,0.331513,68947.0,68948.0,1.046296,0.99,0.87,0.12,73,1.86,0.58,0.0,0.58,7,0,108
743,2026-02-17T02:55:00,HYPE,2124.97,2557.58,0.412839,31.019,31.023,0.002418,2362.39,1435.7,926.69,87,3798.09,387.39,509.54,-122.15,18,0,110
744,2026-02-17T02:55:00,BTC,14.34,140.49,0.425458,68936.0,68937.0,1.027273,0.77,5.34,-4.57,107,6.1,4.04,0.0,4.04,27,3,110
745,2026-02-17T02:56:00,HYPE,1427.57,3776.75,0.454826,31.014,31.016,0.002294,448.42,44.65,403.77,37,493.07,387.4,5.26,382.14,22,0,109
746,2026-02-17T02:56:00,BTC,38.72,52.73,0.591406,68946.0,68947.0,1.027523,2.75,0.54,2.21,65,3.29,1.57,0.0,1.57,4,1,109
747,2026-02-17T02:57:00,HYPE,2698.93,3575.24,0.443015,31.029,31.03,0.002284,409.35,588.76,-179.41,44,998.11,387.39,1.0,386.39,19,0,109
748,2026-02-17T02:57:00,BTC,27.28,66.21,0.516875,68967.0,68968.0,1.12844,2.77,1.11,1.66,80,3.87,1.57,0.0,1.57,11,2,109
749,2026-02-17T02:58:00,HYPE,2426.19,4300.27,0.439936,31.04,31.041,0.002667,1393.68,104.6,1289.08,61,1498.28,388.07,243.68,144.39,18,0,108
750,2026-02-17T02:58:00,BTC,40.93,46.71,0.352094,68938.0,68939.0,1.083333,3.78,0.18,3.6,74,3.95,1.68,0.0,1.68,20,2,108
751,2026-02-17T02:59:00,HYPE,2736.68,4404.96,0.415988,31.051,31.052,0.002073,808.46,39.89,768.57,35,848.35,387.39,30.62,356.77,17,0,109
752,2026-02-17T02:59:00,BTC,91.47,46.89,0.408138,68921.0,68922.0,1.0,0.51,2.34,-1.83,52,2.86,2.5,0.0,2.5,11,2,109
753,2026-02-17T03:00:00,HYPE,2460.93,2772.16,0.42775,30.993,30.994,0.002193,408.62,3684.79,-3276.17,160,4093.41,1028.13,51.33,976.8,27,0,109
754,2026-02-17T03:00:00,BTC,24.75,65.41,0.271597,68808.0,68809.0,1.311927,2.32,17.55,-15.23,359,19.87,10.32,0.0,10.32,38,11,109
755,2026-02-17T03:01:00,HYPE,2629.07,3768.46,0.450609,31.011,31.013,0.002321,451.33,150.16,301.17,43,601.49,387.39,122.92,264.47,15,0,109
756,2026-02-17T03:01:00,BTC,32.55,60.88,0.391133,68801.0,68802.0,1.192661,1.31,30.34,-29.04,232,31.65,1.75,0.0,1.75,20,20,109
757,2026-02-17T03:02:00,HYPE,2502.05,3667.6,0.44874,31.006,31.013,0.003278,394.7,76.9,317.8,30,471.6,387.38,0.0,387.38,16,0,108
758,2026-02-17T03:02:00,BTC,37.99,35.81,0.566862,68788.0,68789.0,1.046296,1.33,24.8,-23.47,230,26.12,2.35,0.14,2.21,48,18,108
759,2026-02-17T03:03:00,HYPE,1813.99,2733.26,0.435949,31.0,31.001,0.002481,391.55,289.12,102.43,47,680.67,387.4,0.0,387.4,22,0,108
760,2026-02-17T03:03:00,BTC,63.51,14.68,0.53045,68772.0,68773.0,1.101852,0.63,5.81,-5.18,121,6.45,1.42,0.0,1.42,3,2,108
761,2026-02-17T03:04:00,HYPE,2126.61,3720.98,0.430062,30.999,31.001,0.001945,394.44,89.72,304.72,45,484.16,387.4,19.65,367.75,19,0,110
762,2026-02-17T03:04:00,BTC,32.87,48.53,0.502996,68742.0,68743.0,1.036364,0.87,4.75,-3.88,173,5.61,1.85,0.03,1.82,18,2,110
763,2026-02-17T03:05:00,HYPE,2698.54,3328.02,0.412824,30.972,30.973,0.002239,395.34,194.2,201.14,43,589.54,387.39,58.59,328.8,19,0,109
764,2026-02-17T03:05:00,BTC,35.05,31.45,0.334488,68619.0,68620.0,1.220183,2.13,131.15,-129.02,712,133.29,13.14,0.01,13.13,73,60,109
765,2026-02-17T03:06:00,HYPE,3255.42,5247.33,0.4179,30.923,30.924,0.003018,395.29,2589.49,-2194.2,392,2984.78,1029.21,0.0,1029.21,19,0,110
766,2026-02-17T03:06:00,BTC,22.11,96.59,0.324862,68610.0,68611.0,1.281818,4.29,55.73,-51.44,343,60.03,2.61,0.0,2.61,12,27,110
767,2026-02-17T03:07:00,HYPE,2428.32,3497.54,0.414349,30.844,30.848,0.003523,2339.12,6844.9,-4505.78,685,9184.02,1040.45,309.82,730.63,22,0,109
768,2026-02-17T03:07:00,BTC,15.64,126.23,0.398683,68645.0,68646.0,1.366972,2.49,52.56,-50.07,434,55.04,1.72,0.37,1.36,26,18,109
769,2026-02-17T03:08:00,HYPE,2978.76,5618.62,0.381652,30.801,30.806,0.002382,1286.74,7718.66,-6431.92,440,9005.4,1198.94,5425.49,-4226.55,273,0,110
770,2026-02-17T03:08:00,BTC,23.49,54.51,0.416864,68637.0,68638.0,1.218182,4.46,2.58,1.88,135,7.03,2.19,0.12,2.07,21,2,110
771,2026-02-17T03:09:00,HYPE,3039.03,4366.92,0.412101,30.8,30.801,0.001673,2809.3,2766.49,42.81,182,5575.79,2242.65,727.27,1515.38,57,1,110
772,2026-02-17T03:09:00,BTC,52.58,25.3,0.446318,68633.0,68634.0,1.2,4.72,2.4,2.33,128,7.12,0.64,0.31,0.33,8,3,110
773,2026-02-17T03:10:00,HYPE,2655.68,4985.62,0.400951,30.839,30.84,0.002093,4449.47,1040.73,3408.74,142,5490.2,387.39,1283.87,-896.48,49,0,108
774,2026-02-17T03:10:00,BTC,9.0,135.3,0.427702,68682.0,68683.0,1.092593,3.31,1.68,1.63,137,5.0,0.9,0.16,0.74,24,0,108
775,2026-02-17T03:11:00,HYPE,2832.28,4478.88,0.426924,30.841,30.842,0.001991,1554.72,409.13,1145.59,117,1963.85,387.4,978.78,-591.38,59,0,109
776,2026-02-17T03:11:00,BTC,22.44,56.11,0.231546,68646.0,68647.0,1.183486,1.62,0.43,1.18,94,2.05,1.52,0.0,1.52,24,0,109
777,2026-02-17T03:12:00,HYPE,1622.95,2730.07,0.409461,30.814,30.815,0.002037,719.88,5031.0,-4311.12,123,5750.88,480.93,5199.77,-4718.84,95,0,109
778,2026-02-17T03:12:00,BTC,22.43,75.97,0.2672,68606.0,68607.0,1.321101,3.71,15.35,-11.64,263,19.06,5.01,11.59,-6.58,138,8,109
779,2026-02-17T03:13:00,HYPE,2600.37,4586.89,0.416412,30.839,30.84,0.002294,475.4,304.54,170.86,60,779.94,387.4,42.88,344.52,20,0,109
780,2026-02-17T03:13:00,BTC,18.93,83.71,0.301338,68622.0,68623.0,1.174312,1.73,6.35,-4.62,147,8.08,1.26,0.64,0.62,46,2,109
781,2026-02-17T03:14:00,HYPE,2515.41,3629.07,0.427558,30.829,30.83,0.001714,392.69,9.02,383.67,31,401.71,387.39,0.0,387.39,15,0,105
782,2026-02-17T03:14:00,BTC,16.66,59.3,0.387244,68647.0,68648.0,1.2,2.31,0.17,2.15,93,2.48,1.66,0.74,0.91,31,0,105
783,2026-02-17T03:15:00,HYPE,2936.97,4397.71,0.387332,30.833,30.836,0.001701,610.01,555.12,54.89,64,1165.13,387.4,31.03,356.37,20,0,107
784,2026-02-17T03:15:00,BTC,15.89,46.96,0.331438,68693.0,68696.0,1.093458,90.28,2.33,87.95,222,92.61,2.04,0.86,1.17,20,40,107
785,2026-02-17T03:16:00,HYPE,2409.54,3516.91,0.393153,30.799,30.8,0.001759,565.8,768.35,-202.55,77,1334.15,630.09,0.0,630.09,14,0,108
786,2026-02-17T03:16:00,BTC,14.71,86.8,0.211961,68639.0,68640.0,1.074074,7.88,5.95,1.93,123,13.83,6.62,0.0,6.62,25,7,108
787,2026-02-17T03:17:00,HYPE,2675.94,3496.7,0.447248,30.793,30.8,0.002321,529.75,605.18,-75.43,64,1134.93,663.24,17.62,645.62,23,0,109
788,2026-02-17T03:17:00,BTC,28.36,40.56,0.426833,68683.0,68684.0,1.091743,6.41,4.2,2.22,133,10.61,1.26,0.12,1.13,25,3,109
789,2026-02-17T03:18:00,HYPE,2726.51,2797.77,0.522718,30.788,30.789,0.002491,1089.46,4865.01,-3775.55,294,5954.47,1213.98,17.03,1196.95,38,0,110
790,2026-02-17T03:18:00,BTC,26.87,77.64,0.453026,68721.0,68722.0,1.018182,2.38,0.34,2.03,85,2.72,1.29,0.0,1.29,16,0,110
791,2026-02-17T03:19:00,HYPE,2806.42,3459.88,0.485913,30.788,30.789,0.0017,782.05,159.52,622.53,57,941.57,387.4,279.71,107.69,22,0,110
792,2026-02-17T03:19:00,BTC,17.98,94.43,0.291449,68705.0,68706.0,1.045455,2.24,8.47,-6.23,113,10.71,1.03,0.03,1.0,15,5,110
793,2026-02-17T03:20:00,HYPE,2286.49,3298.22,0.455358,30.762,30.763,0.00138,418.09,2462.61,-2044.52,196,2880.7,476.88,34.1,442.78,20,0,108
794,2026-02-17T03:20:00,BTC,20.52,122.68,0.210171,68642.0,68643.0,1.138889,1.17,18.23,-17.06,173,19.4,4.84,0.0,4.84,33,11,108
795,2026-02-17T03:21:00,HYPE,3179.28,3908.18,0.448674,30.845,30.846,0.002542,2879.01,1236.62,1642.39,100,4115.63,1355.13,407.1,948.03,34,0,107
796,2026-02-17T03:21:00,BTC,45.59,28.37,0.453477,68681.0,68682.0,1.037383,1.78,0.06,1.72,78,1.84,1.66,0.0,1.66,21,1,107
797,2026-02-17T03:22:00,HYPE,3310.78,3306.38,0.449521,30.878,30.879,0.002791,6271.76,544.11,5727.65,141,6815.87,3355.89,1927.16,1428.73,80,0,110
798,2026-02-17T03:22:00,BTC,31.17,44.63,0.393147,68707.0,68708.0,1.072727,43.54,5.28,38.25,225,48.82,37.03,1.59,35.44,106,22,110
799,2026-02-17T03:23:00,HYPE,4002.27,3159.04,0.440561,30.856,30.857,0.002193,1397.85,1078.92,318.93,98,2476.77,1355.89,406.3,949.59,35,0,109
800,2026-02-17T03:23:00,BTC,38.51,53.02,0.271892,68666.0,68667.0,1.082569,25.22,11.86,13.36,195,37.08,25.03,0.91,24.12,72,21,109
801,2026-02-17T03:24:00,HYPE,3951.96,3480.1,0.482414,30.826,30.832,0.002349,1540.94,152.49,1388.45,53,1693.43,1522.25,187.82,1334.43,40,0,109
802,2026-02-17T03:24:00,BTC,34.32,67.67,0.185913,68616.0,68617.0,1.06422,15.1,5.02,10.08,140,20.12,13.47,0.59,12.88,43,11,109
803,2026-02-17T03:25:00,HYPE,2670.13,3810.49,0.437731,30.816,30.817,0.001741,1228.76,354.06,874.7,74,1582.82,1189.48,100.01,1089.47,44,0,108
804,2026-02-17T03:25:00,BTC,27.26,59.53,0.276452,68577.0,68578.0,1.296296,1.73,23.97,-22.24,273,25.7,1.03,8.96,-7.93,90,15,108
805,2026-02-17T03:26:00,HYPE,3608.91,3762.5,0.437511,30.844,30.845,0.002826,1403.68,313.72,1089.96,75,1717.4,1355.51,111.72,1243.79,42,0,109
806,2026-02-17T03:26:00,BTC,71.34,32.86,0.412079,68608.0,68611.0,1.165138,6.34,3.39,2.95,137,9.74,0.95,0.0,0.95,24,4,109
807,2026-02-17T03:27:00,HYPE,3040.78,4063.68,0.454439,30.864,30.865,0.00181,1758.29,55.09,1703.2,82,1813.38,1537.72,308.32,1229.4,40,0,105
808,2026-02-17T03:27:00,BTC,40.85,32.15,0.445963,68600.0,68601.0,1.0,1.1,1.56,-0.46,51,2.66,0.72,0.0,0.71,10,1,105
809,2026-02-17T03:28:00,HYPE,3387.52,2929.18,0.43559,30.887,30.888,0.001804,1925.72,428.52,1497.2,123,2354.24,1735.02,752.73,982.29,73,0,107
810,2026-02-17T03:28:00,BTC,34.3,41.0,0.365288,68621.0,68622.0,1.009346,3.24,2.06,1.18,109,5.3,0.56,1.15,-0.58,21,4,107
811,2026-02-17T03:29:00,HYPE,2209.4,5170.77,0.467126,30.872,30.877,0.002339,4553.36,219.82,4333.54,133,4773.18,4385.9,846.9,3539.0,98,0,109
812,2026-02-17T03:29:00,BTC,25.99,64.47,0.291471,68598.0,68599.0,1.055046,0.87,0.13,0.75,74,1.0,0.56,0.0,0.56,9,0,109
813,2026-02-17T03:30:00,HYPE,3270.24,3281.22,0.410363,30.871,30.872,0.002176,1792.79,86.57,1706.22,76,1879.36,1719.51,667.77,1051.74,52,0,108
814,2026-02-17T03:30:00,BTC,22.19,75.69,0.459953,68616.0,68617.0,1.018519,0.67,1.09,-0.42,64,1.76,0.56,0.0,0.56,14,0,108
815,2026-02-17T03:31:00,HYPE,3092.85,5655.39,0.409784,30.84,30.846,0.002436,1978.7,901.42,1077.28,131,2880.12,1736.52,590.16,1146.36,51,0,110
816,2026-02-17T03:31:00,BTC,23.62,89.66,0.356087,68586.0,68587.0,1.045455,0.65,5.01,-4.36,99,5.67,0.56,0.01,0.56,10,2,110
817,2026-02-17T03:32:00,HYPE,4000.26,5410.79,0.44129,30.787,30.788,0.002,2435.52,4160.69,-1725.17,166,6596.21,2505.11,2500.0,5.11,74,0,109
818,2026-02-17T03:32:00,BTC,21.44,88.38,0.29355,68550.0,68551.0,1.036697,1.05,9.46,-8.42,176,10.51,0.64,0.01,0.64,14,6,109
819,2026-02-17T03:33:00,HYPE,3229.96,3440.54,0.47017,30.837,30.842,0.003073,1571.35,118.03,1453.32,85,1689.38,1537.6,368.13,1169.47,56,0,110
820,2026-02-17T03:33:00,BTC,47.17,21.95,0.407451,68559.0,68560.0,1.090909,2.34,4.64,-2.3,116,6.98,0.56,0.01,0.56,12,3,110
821,2026-02-17T03:34:00,HYPE,4476.12,2914.05,0.464086,30.836,30.837,0.002321,1214.13,302.05,912.08,69,1516.18,1191.07,353.62,837.45,34,0,109
822,2026-02-17T03:34:00,BTC,60.45,18.96,0.375301,68583.0,68592.0,1.155963,11.82,1.66,10.16,131,13.48,0.56,0.01,0.56,13,4,109
823,2026-02-17T03:35:00,HYPE,7006.83,3626.18,0.451249,30.839,30.845,0.00262,1407.99,209.65,1198.34,73,1617.64,1355.87,285.16,1070.71,40,0,108
824,2026-02-17T03:35:00,BTC,173.71,165.47,0.382007,68602.0,68603.0,1.074074,130.36,1.14,129.22,159,131.51,0.56,0.01,0.56,17,50,108
825,2026-02-17T03:36:00,HYPE,1758.42,4034.88,0.411216,30.807,30.812,0.002093,1459.42,362.29,1097.13,90,1821.71,1218.4,483.08,735.32,46,0,108
826,2026-02-17T03:36:00,BTC,27.86,50.51,0.302944,68541.0,68542.0,1.361111,1.82,9.96,-8.13,188,11.78,0.63,0.01,0.63,19,6,108
827,2026-02-17T03:37:00,HYPE,2084.84,4055.01,0.428157,30.811,30.813,0.00238,1953.35,141.48,1811.87,174,2094.83,1412.78,640.61,772.17,108,0,108
828,2026-02-17T03:37:00,BTC,109.06,35.14,0.30333,68492.0,68493.0,1.138889,0.9,17.49,-16.59,264,18.39,0.56,0.01,0.56,12,11,108
829,2026-02-17T03:38:00,HYPE,2242.43,3616.98,0.412494,30.796,30.8,0.002473,2343.59,737.34,1606.25,205,3080.93,1735.06,365.61,1369.45,107,0,110
830,2026-02-17T03:38:00,BTC,30.84,69.13,0.405243,68485.0,68486.0,1.081818,1.24,7.19,-5.94,196,8.43,0.56,0.01,0.56,14,5,110
831,2026-02-17T03:39:00,HYPE,3057.31,4256.62,0.427963,30.831,30.832,0.001849,1421.58,190.96,1230.62,126,1612.54,1402.2,28.43,1373.77,87,0,106
832,2026-02-17T03:39:00,BTC,16.39,83.65,0.493591,68531.0,68532.0,1.066038,7.46,0.39,7.07,178,7.85,0.56,1.4,-0.84,30,2,106
833,2026-02-17T03:40:00,HYPE,3748.41,4191.28,0.418199,30.825,30.826,0.002422,2119.57,364.93,1754.64,106,2484.5,1870.93,126.96,1743.97,81,0,109
834,2026-02-17T03:40:00,BTC,21.17,79.57,0.262613,68503.0,68504.0,1.018349,2.74,5.87,-3.12,112,8.61,0.56,0.01,0.56,14,3,109
835,2026-02-17T03:41:00,HYPE,2413.37,4341.66,0.399596,30.872,30.873,0.001865,2412.93,292.76,2120.17,160,2705.69,1663.83,655.37,1008.46,104,0,111
836,2026-02-17T03:41:00,BTC,55.34,45.37,0.332258,68499.0,68500.0,1.027027,1.07,7.24,-6.17,88,8.3,0.56,3.86,-3.29,26,4,111
837,2026-02-17T03:42:00,HYPE,3181.79,4494.3,0.414257,30.886,30.887,0.002174,2890.92,408.65,2482.27,141,3299.57,2026.02,455.13,1570.89,70,0,109
838,2026-02-17T03:42:00,BTC,62.06,36.09,0.458496,68510.0,68511.0,1.018349,1.8,3.81,-2.01,127,5.61,0.56,0.01,0.56,12,2,109
839,2026-02-17T03:43:00,HYPE,4540.61,2952.47,0.393627,30.907,30.908,0.00162,1688.74,549.65,1139.09,125,2238.39,1435.39,80.44,1354.95,48,0,108
840,2026-02-17T03:43:00,BTC,52.28,23.19,0.477939,68544.0,68545.0,1.148148,9.05,2.51,6.55,163,11.56,0.56,0.01,0.56,15,3,108
841,2026-02-17T03:44:00,HYPE,2517.45,5038.35,0.379348,30.91,30.911,0.001722,1344.05,196.84,1147.21,74,1540.89,1308.15,293.98,1014.17,42,0,108
842,2026-02-17T03:44:00,BTC,60.32,32.74,0.49608,68523.0,68524.0,1.25,10.69,5.21,5.48,113,15.9,0.56,0.01,0.56,22,7,108
843,2026-02-17T03:45:00,HYPE,2343.57,4205.19,0.387775,30.903,30.904,0.0017,1631.96,251.44,1380.52,128,1883.4,1602.13,277.69,1324.44,79,0,110
844,2026-02-17T03:45:00,BTC,62.77,44.53,0.537634,68529.0,68530.0,1.009091,1.11,1.92,-0.81,73,3.03,0.56,0.01,0.56,23,1,110
845,2026-02-17T03:46:00,HYPE,2825.33,4322.16,0.403751,30.866,30.87,0.002245,1517.26,639.46,877.8,152,2156.72,1457.36,258.87,1198.49,66,0,110
846,2026-02-17T03:46:00,BTC,25.96,81.56,0.394932,68542.0,68543.0,1.127273,2.46,6.78,-4.31,120,9.24,0.56,0.01,0.56,17,4,110
847,2026-02-17T03:47:00,HYPE,3015.07,4503.66,0.437651,30.859,30.86,0.002648,1458.09,396.59,1061.5,113,1854.68,1518.81,257.1,1261.71,53,0,108
848,2026-02-17T03:47:00,BTC,18.56,113.2,0.238712,68501.0,68502.0,1.064815,1.89,9.32,-7.43,111,11.21,0.56,0.01,0.56,15,6,108
849,2026-02-17T03:48:00,HYPE,2952.01,4237.89,0.420065,30.836,30.837,0.002667,1460.92,904.03,556.89,117,2364.95,1478.06,585.02,893.04,53,0,108
850,2026-02-17T03:48:00,BTC,47.16,47.9,0.357701,68501.0,68502.0,1.027778,1.53,6.08,-4.55,110,7.61,0.56,0.01,0.56,13,3,108
851,2026-02-17T03:49:00,HYPE,3523.72,3884.18,0.415083,30.872,30.877,0.002101,1456.25,380.96,1075.29,97,1837.21,1453.98,58.89,1395.09,57,0,109
852,2026-02-17T03:49:00,BTC,50.31,31.43,0.435942,68504.0,68505.0,1.0,3.31,0.2,3.11,59,3.52,0.5,0.01,0.49,10,1,109
853,2026-02-17T03:50:00,HYPE,2621.87,4222.18,0.360698,30.864,30.865,0.002241,1412.14,469.73,942.41,105,1881.87,1388.14,239.73,1148.41,41,0,108
854,2026-02-17T03:50:00,BTC,49.34,49.55,0.297985,68468.0,68469.0,1.055556,1.49,2.69,-1.2,111,4.18,0.5,0.01,0.49,11,1,108
855,2026-02-17T03:51:00,HYPE,3511.4,4094.96,0.43936,30.856,30.863,0.001691,1588.61,300.39,1288.22,72,1889.0,1361.99,1151.94,210.05,35,0,110
856,2026-02-17T03:51:00,BTC,41.9,52.26,0.537533,68517.0,68518.0,1.090909,3.8,0.15,3.65,108,3.95,0.5,0.01,0.49,11,2,110
857,2026-02-17T03:52:00,HYPE,3130.1,4073.53,0.412049,30.864,30.873,0.002514,905.37,264.91,640.46,69,1170.28,882.59,111.52,771.07,32,0,109
858,2026-02-17T03:52:00,BTC,33.96,75.8,0.457191,68529.0,68530.0,1.0,2.09,2.25,-0.16,83,4.35,0.7,0.01,0.69,13,1,109
859,2026-02-17T03:53:00,HYPE,6488.5,2109.59,0.406478,30.855,30.862,0.001373,423.99,286.43,137.56,55,710.42,405.66,12.25,393.41,28,0,110
860,2026-02-17T03:53:00,BTC,40.38,73.74,0.289305,68515.0,68516.0,1.0,1.42,5.53,-4.11,100,6.95,0.5,0.01,0.49,13,3,110
861,2026-02-17T03:54:00,HYPE,3818.95,3739.62,0.42421,30.844,30.848,0.001852,428.07,568.56,-140.49,61,996.63,391.53,0.0,391.53,20,0,108
862,2026-02-17T03:54:00,BTC,48.61,24.9,0.494135,68539.0,68540.0,1.0,0.68,1.68,-0.99,86,2.36,0.5,0.01,0.49,15,0,108
863,2026-02-17T03:55:00,HYPE,3551.8,4327.4,0.450257,30.851,30.852,0.002211,503.09,482.21,20.88,55,985.3,560.82,0.0,560.82,24,0,109
864,2026-02-17T03:55:00,BTC,60.97,29.37,0.477176,68541.0,68542.0,1.045872,5.71,2.63,3.08,88,8.34,0.5,0.01,0.49,14,3,109
865,2026-02-17T03:56:00,HYPE,3540.44,3783.82,0.425696,30.846,30.853,0.001991,588.8,182.05,406.75,49,770.85,555.25,27.35,527.9,29,0,112
866,2026-02-17T03:56:00,BTC,41.12,71.95,0.277494,68494.0,68495.0,1.080357,0.55,6.4,-5.85,100,6.96,0.5,0.01,0.49,12,4,112
867,2026-02-17T03:57:00,HYPE,3362.75,3983.14,0.43175,30.854,30.855,0.002393,457.18,149.87,307.31,49,607.05,407.55,0.0,407.55,20,0,107
868,2026-02-17T03:57:00,BTC,16.52,90.82,0.242332,68440.0,68441.0,1.158879,3.11,20.1,-16.98,232,23.21,1.03,0.17,0.87,22,12,107
869,2026-02-17T03:58:00,HYPE,2741.64,2861.99,0.429125,30.863,30.864,0.002899,446.9,69.61,377.29,35,516.51,389.55,90.64,298.91,19,0,109
870,2026-02-17T03:58:00,BTC,15.7,103.92,0.381296,68450.0,68451.0,1.055046,1.14,3.84,-2.7,124,4.98,0.54,0.01,0.53,21,1,109
871,2026-02-17T03:59:00,HYPE,3098.47,3486.91,0.447816,30.868,30.87,0.002,892.62,54.71,837.91,35,947.33,888.5,306.09,582.41,28,0,105
872,2026-02-17T03:59:00,BTC,47.91,55.44,0.530925,68470.0,68471.0,1.057143,2.13,0.16,1.97,75,2.29,0.54,0.01,0.53,20,1,105
873,2026-02-17T04:00:00,HYPE,3142.45,3586.21,0.456727,30.859,30.86,0.002248,258.6,12.11,246.49,27,270.71,222.11,27.02,195.09,20,0,105
874,2026-02-17T04:00:00,BTC,14.77,94.29,0.230339,68448.0,68449.0,1.0,1.14,1.92,-0.78,91,3.06,0.54,0.01,0.53,16,1,105
875,2026-02-17T04:01:00,HYPE,6474.95,3912.97,0.433587,30.881,30.883,0.002018,712.73,79.36,633.37,58,792.09,557.13,151.18,405.95,32,0,111
876,2026-02-17T04:01:00,BTC,45.08,60.98,0.295145,68450.0,68451.0,1.099099,3.11,12.84,-9.74,206,15.95,0.63,0.01,0.62,21,8,111
877,2026-02-17T04:02:00,HYPE,3097.28,3637.95,0.462054,30.909,30.91,0.001427,557.12,39.29,517.83,55,596.41,388.87,0.0,388.87,25,0,110
878,2026-02-17T04:02:00,BTC,44.22,68.22,0.450901,68482.0,68483.0,1.118182,6.06,0.24,5.82,113,6.31,0.54,0.01,0.53,12,2,110
879,2026-02-17T04:03:00,HYPE,2712.51,2947.87,0.39931,30.89,30.891,0.001798,413.97,237.13,176.84,62,651.1,388.87,0.0,388.87,19,0,109
880,2026-02-17T04:03:00,BTC,129.81,18.9,0.294095,68465.0,68466.0,1.027523,0.77,3.43,-2.66,82,4.2,0.54,0.01,0.53,16,2,109
881,2026-02-17T04:04:00,HYPE,1831.94,3464.91,0.422399,30.901,30.902,0.001853,1905.26,182.15,1723.11,80,2087.41,444.0,386.75,57.25,30,0,109
882,2026-02-17T04:04:00,BTC,16.93,108.9,0.32003,68480.0,68481.0,1.110092,0.96,5.97,-5.01,107,6.93,0.54,0.01,0.53,27,4,109
883,2026-02-17T04:05:00,HYPE,2801.42,4551.65,0.439661,30.886,30.892,0.001815,423.05,76.97,346.08,50,500.02,388.55,6.98,381.57,29,0,108
884,2026-02-17T04:05:00,BTC,36.34,62.06,0.271356,68491.0,68492.0,1.018519,1.15,1.16,-0.01,68,2.31,0.54,0.02,0.52,15,0,108
885,2026-02-17T04:06:00,HYPE,2307.77,4080.34,0.396547,30.895,30.898,0.00175,395.5,612.09,-216.59,51,1007.59,405.82,0.0,405.82,19,0,108
886,2026-02-17T04:06:00,BTC,42.17,69.89,0.264966,68477.0,68478.0,1.046296,1.11,11.25,-10.14,115,12.36,2.27,0.23,2.04,26,7,108
887,2026-02-17T04:07:00,HYPE,2434.69,4299.78,0.443089,30.917,30.921,0.001602,424.52,125.3,299.22,40,549.82,389.54,0.0,389.54,23,0,108
888,2026-02-17T04:07:00,BTC,26.0,83.96,0.269945,68476.0,68477.0,1.046296,4.18,6.05,-1.87,95,10.23,0.54,0.01,0.53,20,5,108
889,2026-02-17T04:08:00,HYPE,2482.33,4493.99,0.454534,30.857,30.859,0.002709,3782.37,1107.61,2674.76,126,4889.98,516.25,556.75,-40.5,30,0,110
890,2026-02-17T04:08:00,BTC,13.8,88.94,0.277759,68382.0,68383.0,1.127273,5.3,12.26,-6.96,329,17.56,0.54,0.01,0.53,14,12,110
891,2026-02-17T04:09:00,HYPE,2405.63,4457.98,0.453695,30.862,30.871,0.001849,582.81,504.54,78.27,71,1087.35,413.48,0.0,413.48,20,0,106
892,2026-02-17T04:09:00,BTC,44.35,46.2,0.491586,68418.0,68419.0,1.018868,9.94,4.09,5.84,143,14.03,0.54,0.01,0.53,15,5,106
893,2026-02-17T04:10:00,HYPE,2310.64,4479.82,0.472076,30.901,30.907,0.001981,400.03,66.87,333.16,44,466.9,389.54,33.91,355.63,27,0,108
894,2026-02-17T04:10:00,BTC,32.51,41.53,0.472134,68460.0,68461.0,1.064815,9.62,0.29,9.33,121,9.9,0.54,0.17,0.37,40,4,108
895,2026-02-17T04:11:00,HYPE,2290.36,3747.34,0.430049,30.901,30.902,0.00164,517.65,118.49,399.16,43,636.14,388.12,92.81,295.31,28,0,111
896,2026-02-17T04:11:00,BTC,33.67,91.0,0.500316,68529.0,68530.0,1.063063,4.22,0.63,3.59,218,4.86,0.54,0.33,0.21,39,2,111
897,2026-02-17T04:12:00,HYPE,3194.94,4041.78,0.442627,30.929,30.936,0.002136,1724.69,260.14,1464.55,76,1984.83,421.95,68.1,353.85,34,0,110
898,2026-02-17T04:12:00,BTC,33.31,64.25,0.364422,68566.0,68567.0,1.036364,4.1,0.64,3.46,167,4.74,0.54,1.22,-0.68,33,2,110
899,2026-02-17T04:13:00,HYPE,2230.65,4230.64,0.41513,30.904,30.905,0.001391,406.16,445.62,-39.46,58,851.78,388.89,0.0,388.89,24,0,110
900,2026-02-17T04:13:00,BTC,41.96,36.2,0.330902,68588.0,68589.0,1.136364,3.15,0.11,3.04,148,3.26,0.54,0.58,-0.04,36,0,110
901,2026-02-17T04:14:00,HYPE,2369.37,3970.19,0.400352,30.883,30.892,0.001602,396.44,203.03,193.41,38,599.47,414.41,35.77,378.64,19,0,108
902,2026-02-17T04:14:00,BTC,26.71,53.4,0.230068,68548.0,68549.0,1.074074,5.37,2.21,3.16,121,7.57,0.54,0.01,0.53,20,1,108
903,2026-02-17T04:15:00,HYPE,2763.74,2806.8,0.427738,30.895,30.896,0.002,513.42,4711.58,-4198.16,123,5225.0,1502.71,35.96,1466.75,33,0,110
904,2026-02-17T04:15:00,BTC,34.15,62.38,0.316387,68554.0,68555.0,1.009091,0.63,0.66,-0.02,63,1.29,0.54,0.01,0.53,22,0,110
905,2026-02-17T04:16:00,HYPE,1845.22,4054.36,0.381922,30.846,30.851,0.001642,518.68,236.82,281.86,76,755.5,400.17,85.93,314.24,30,0,109
906,2026-02-17T04:16:00,BTC,127.35,39.04,0.294655,68477.0,68478.0,1.100917,0.74,2.96,-2.22,151,3.7,0.54,0.29,0.24,28,1,109
907,2026-02-17T04:17:00,HYPE,2650.16,4152.33,0.408414,30.847,30.854,0.002404,450.11,111.31,338.8,48,561.42,391.48,0.0,391.48,28,0,109
908,2026-02-17T04:17:00,BTC,26.0,82.04,0.295761,68466.0,68467.0,1.146789,0.77,0.57,0.2,83,1.34,0.69,0.01,0.68,23,0,109
909,2026-02-17T04:18:00,HYPE,2700.22,3800.79,0.418344,30.834,30.838,0.002019,405.42,492.15,-86.73,54,897.57,454.56,0.0,454.56,21,0,108
910,2026-02-17T04:18:00,BTC,33.51,46.83,0.30351,68450.0,68451.0,1.018519,1.03,1.41,-0.37,99,2.44,0.89,0.01,0.88,19,0,108
911,2026-02-17T04:19:00,HYPE,2336.98,3490.86,0.391557,30.847,30.848,0.001972,398.97,135.74,263.23,49,534.71,388.87,107.67,281.2,32,0,108
912,2026-02-17T04:19:00,BTC,73.28,49.47,0.50069,68502.0,68503.0,1.037037,1.72,2.71,-0.99,114,4.44,0.63,0.01,0.62,25,1,108
913,2026-02-17T04:20:00,HYPE,3221.89,4131.57,0.493762,30.988,30.991,0.002294,1851.22,625.52,1225.7,132,2476.74,388.88,85.62,303.26,26,0,109
914,2026-02-17T04:20:00,BTC,39.77,29.21,0.448688,68540.0,68541.0,1.082569,6.67,0.17,6.5,135,6.84,0.64,1.64,-1.0,25,2,109
915,2026-02-17T04:21:00,HYPE,2611.95,2441.18,0.500947,31.011,31.012,0.001491,753.5,618.46,135.04,94,1371.96,424.05,0.0,424.05,21,0,110
916,2026-02-17T04:21:00,BTC,27.48,88.9,0.455452,68635.0,68636.0,1.181818,10.84,0.28,10.55,346,11.12,0.62,0.45,0.17,37,5,110
917,2026-02-17T04:22:00,HYPE,2451.21,3756.55,0.458023,30.999,31.006,0.001565,5757.89,255.82,5502.07,179,6013.71,5448.03,618.23,4829.8,152,0,108
918,2026-02-17T04:22:00,BTC,37.97,66.83,0.272181,68617.0,68618.0,1.055556,4.26,0.13,4.13,145,4.38,0.64,1.36,-0.72,18,3,108
919,2026-02-17T04:23:00,HYPE,3881.37,3981.84,0.502494,31.022,31.029,0.001835,2910.05,481.68,2428.37,109,3391.73,390.5,598.59,-208.09,32,0,109
920,2026-02-17T04:23:00,BTC,42.15,38.79,0.411596,68613.0,68614.0,1.018349,2.83,2.61,0.22,96,5.44,0.65,0.01,0.64,17,1,109
921,2026-02-17T04:24:00,HYPE,3512.87,2503.18,0.515606,31.017,31.02,0.00211,541.59,402.06,139.53,55,943.65,388.88,2.33,386.55,19,0,109
922,2026-02-17T04:24:00,BTC,34.24,81.75,0.408751,68630.0,68631.0,1.073394,2.89,0.24,2.65,146,3.13,0.64,0.01,0.63,13,0,109
923,2026-02-17T04:25:00,HYPE,3559.19,2705.53,0.550199,31.019,31.023,0.002234,956.92,121.22,835.7,102,1078.14,388.87,39.97,348.9,38,0,107
924,2026-02-17T04:25:00,BTC,26.82,93.76,0.374924,68650.0,68651.0,1.130841,1.01,0.08,0.93,139,1.1,0.62,0.01,0.62,19,0,107
925,2026-02-17T04:26:00,HYPE,5078.04,4169.81,0.507792,31.008,31.009,0.001701,865.96,217.07,648.89,70,1083.03,388.86,108.53,280.33,24,0,107
926,2026-02-17T04:26:00,BTC,29.3,123.85,0.227973,68595.0,68596.0,1.11215,9.07,1.88,7.18,109,10.95,0.63,0.01,0.62,14,3,107
927,2026-02-17T04:27:00,HYPE,3115.34,3224.49,0.516993,30.996,30.999,0.001542,461.52,1656.26,-1194.74,82,2117.78,388.13,0.0,388.13,17,0,107
928,2026-02-17T04:27:00,BTC,41.61,49.41,0.278619,68570.0,68571.0,1.149533,0.8,0.6,0.19,90,1.4,0.65,0.18,0.47,27,0,107
929,2026-02-17T04:28:00,HYPE,3856.65,2966.0,0.490354,30.978,30.979,0.001741,1155.79,186.47,969.32,72,1342.26,405.45,36.65,368.8,22,0,112
930,2026-02-17T04:28:00,BTC,45.19,35.92,0.387343,68565.0,68566.0,1.035714,1.14,0.03,1.11,73,1.16,0.65,0.01,0.65,14,0,112
931,2026-02-17T04:29:00,HYPE,2933.66,2649.82,0.507705,30.998,30.999,0.00128,503.49,226.58,276.91,73,730.07,388.87,40.99,347.88,25,0,107
932,2026-02-17T04:29:00,BTC,42.86,69.66,0.383333,68569.0,68570.0,1.018692,1.47,0.03,1.44,78,1.5,0.62,0.01,0.61,29,0,107
933,2026-02-17T04:30:00,HYPE,3135.99,4226.59,0.472519,31.001,31.002,0.001336,287.21,97.23,189.98,44,384.44,222.48,0.0,222.48,24,0,107
934,2026-02-17T04:30:00,BTC,29.32,81.5,0.371346,68577.0,68578.0,1.018692,1.01,0.77,0.24,86,1.77,0.58,0.01,0.57,23,0,107
935,2026-02-17T04:31:00,HYPE,1899.98,4054.04,0.375202,30.783,30.791,0.00289,500.72,4077.79,-3577.07,267,4578.51,401.82,6.28,395.54,28,0,109
936,2026-02-17T04:31:00,BTC,48.38,65.75,0.21825,68483.0,68484.0,1.183486,0.86,3.18,-2.32,207,4.05,0.77,0.0,0.76,21,1,109
937,2026-02-17T04:32:00,HYPE,2562.09,3710.98,0.382706,30.735,30.736,0.002135,1380.96,7341.05,-5960.09,458,8722.01,1410.11,5042.38,-3632.27,217,0,111
938,2026-02-17T04:32:00,BTC,15.72,111.36,0.299022,68404.0,68405.0,1.099099,1.88,4.9,-3.02,252,6.78,0.5,0.0,0.5,12,1,111
939,2026-02-17T04:33:00,HYPE,2146.25,4625.25,0.388413,30.736,30.737,0.002117,1898.85,983.1,915.75,148,2881.95,531.11,157.87,373.24,26,0,111
940,2026-02-17T04:33:00,BTC,25.28,74.58,0.317092,68256.0,68257.0,1.594595,2.26,34.45,-32.19,828,36.71,2.69,0.0,2.68,38,17,111
941,2026-02-17T04:34:00,HYPE,2839.36,4012.46,0.442345,30.781,30.782,0.002791,5387.19,303.42,5083.77,117,5690.61,895.49,882.14,13.35,45,0,110
942,2026-02-17T04:34:00,BTC,62.93,43.61,0.411873,68286.0,68289.0,1.054545,5.65,0.64,5.02,134,6.29,0.5,0.0,0.5,19,0,110
943,2026-02-17T04:35:00,HYPE,3231.03,4290.77,0.424865,30.814,30.819,0.002838,26622.54,1190.19,25432.35,229,27812.73,455.03,2797.07,-2342.04,36,4,111
944,2026-02-17T04:35:00,BTC,33.65,86.09,0.48869,68346.0,68347.0,1.108108,2.09,4.98,-2.89,180,7.07,0.5,1.51,-1.01,22,1,111
945,2026-02-17T04:36:00,HYPE,2843.4,3136.52,0.470604,30.811,30.812,0.002376,2214.86,594.67,1620.19,79,2809.53,444.63,18.37,426.26,16,0,109
946,2026-02-17T04:36:00,BTC,24.91,94.45,0.521889,68376.0,68377.0,1.174312,3.22,0.77,2.45,155,3.99,0.5,0.36,0.14,15,0,109
947,2026-02-17T04:37:00,HYPE,3177.38,3728.17,0.462877,30.84,30.841,0.002234,576.38,453.54,122.84,60,1029.92,389.54,1.04,388.5,19,0,111
948,2026-02-17T04:37:00,BTC,33.36,100.27,0.360845,68353.0,68354.0,1.054054,1.06,0.64,0.42,97,1.7,0.55,0.0,0.55,9,0,111
949,2026-02-17T04:38:00,HYPE,5797.56,3957.31,0.47988,30.801,30.811,0.003028,426.99,678.01,-251.02,56,1105.0,424.82,0.0,424.82,18,0,109
950,2026-02-17T04:38:00,BTC,31.26,71.47,0.428882,68361.0,68362.0,1.082569,2.13,0.38,1.75,95,2.51,0.5,0.16,0.34,15,0,109
951,2026-02-17T04:39:00,HYPE,3175.65,9057.22,0.347542,30.791,30.792,0.002472,398.88,988.49,-589.61,76,1387.37,437.97,0.0,437.97,16,0,108
952,2026-02-17T04:39:00,BTC,42.0,69.31,0.505268,68399.0,68400.0,1.037037,0.73,0.11,0.62,110,0.83,0.5,0.25,0.25,23,0,108
953,2026-02-17T04:40:00,HYPE,4361.92,9034.14,0.272768,30.778,30.779,0.003596,803.79,161.88,641.91,51,965.67,388.87,21.88,366.99,19,0,109
954,2026-02-17T04:40:00,BTC,39.51,85.84,0.438325,68394.0,68395.0,1.146789,0.93,0.54,0.38,120,1.47,0.5,0.16,0.34,15,0,109
955,2026-02-17T04:41:00,HYPE,3833.59,7458.48,0.31832,30.781,30.782,0.002028,398.28,697.14,-298.86,50,1095.42,423.91,0.0,423.91,18,0,108
956,2026-02-17T04:41:00,BTC,56.47,52.45,0.432563,68417.0,68418.0,1.037037,0.99,0.19,0.8,95,1.19,0.5,0.26,0.24,21,0,108
957,2026-02-17T04:42:00,HYPE,2580.26,7240.16,0.309992,30.778,30.78,0.001873,1037.3,85.6,951.7,53,1122.9,388.86,188.15,200.71,26,0,110
958,2026-02-17T04:42:00,BTC,45.33,36.81,0.402224,68402.0,68403.0,1.109091,0.62,0.5,0.13,84,1.12,0.5,0.07,0.43,20,0,110
959,2026-02-17T04:43:00,HYPE,3755.47,8451.72,0.291206,30.786,30.787,0.001934,424.44,11.3,413.14,26,435.74,388.89,98.08,290.81,23,0,106
960,2026-02-17T04:43:00,BTC,43.17,71.54,0.320134,68402.0,68403.0,1.028302,0.69,0.54,0.14,70,1.23,0.5,0.07,0.43,15,0,106
961,2026-02-17T04:44:00,HYPE,2799.78,7510.15,0.306416,30.791,30.792,0.001596,389.29,609.8,-220.51,47,999.09,388.13,10.78,377.35,23,0,104
962,2026-02-17T04:44:00,BTC,36.77,82.54,0.457244,68404.0,68405.0,1.144231,0.67,1.33,-0.66,103,2.0,0.5,0.07,0.43,33,0,104
963,2026-02-17T04:45:00,HYPE,4502.07,7282.34,0.291146,30.785,30.786,0.001262,1065.69,183.1,882.59,43,1248.79,388.87,0.0,388.87,10,0,107
964,2026-02-17T04:45:00,BTC,60.68,60.79,0.42523,68394.0,68395.0,1.018692,0.97,0.48,0.49,89,1.45,0.5,0.07,0.43,16,0,107
965,2026-02-17T04:46:00,HYPE,4692.43,5566.43,0.393745,30.791,30.792,0.001282,1896.5,121.77,1774.73,34,2018.27,388.87,0.0,388.87,12,0,110
966,2026-02-17T04:46:00,BTC,61.2,57.88,0.358153,68392.0,68393.0,1.018182,1.41,0.4,1.01,84,1.81,0.5,0.07,0.43,17,0,110
967,2026-02-17T04:47:00,HYPE,3465.51,3705.61,0.482188,30.821,30.825,0.001495,2080.03,93.49,1986.54,63,2173.52,388.88,0.0,388.88,18,0,107
968,2026-02-17T04:47:00,BTC,44.53,81.72,0.403623,68395.0,68396.0,1.084112,1.69,0.66,1.03,106,2.34,0.5,0.29,0.21,23,1,107
969,2026-02-17T04:48:00,HYPE,4014.42,3064.59,0.471928,30.861,30.862,0.002074,724.99,61.69,663.3,56,786.68,388.88,85.3,303.58,21,0,108
970,2026-02-17T04:48:00,BTC,39.37,52.39,0.58399,68452.0,68453.0,1.092593,1.0,0.29,0.71,196,1.28,0.5,0.07,0.43,17,0,108
971,2026-02-17T04:49:00,HYPE,2639.62,9120.15,0.334599,30.836,30.837,0.002138,464.41,141.14,323.27,40,605.55,388.87,37.26,351.61,23,0,109
972,2026-02-17T04:49:00,BTC,29.2,81.65,0.470015,68446.0,68447.0,1.036697,0.68,0.23,0.45,106,0.91,0.5,0.07,0.43,17,0,109
973,2026-02-17T04:50:00,HYPE,2972.9,8089.41,0.259846,30.837,30.842,0.0027,623.62,352.39,271.23,36,976.01,388.12,26.3,361.82,22,0,110
974,2026-02-17T04:50:00,BTC,28.89,83.38,0.448665,68439.0,68441.0,1.054545,1.47,1.01,0.46,118,2.48,0.72,0.07,0.65,16,0,110
975,2026-02-17T04:51:00,HYPE,3904.03,27787.55,0.179976,30.808,30.809,0.00187,912.26,3084.85,-2172.59,115,3997.11,806.27,90.65,715.62,34,0,108
976,2026-02-17T04:51:00,BTC,55.81,65.09,0.397611,68407.0,68408.0,1.083333,0.9,1.14,-0.24,99,2.03,0.5,0.07,0.43,14,0,108
977,2026-02-17T04:52:00,HYPE,2877.1,3115.82,0.187999,30.824,30.825,0.001685,407.74,556.21,-148.47,36,963.95,388.87,0.0,388.87,22,0,108
978,2026-02-17T04:52:00,BTC,54.83,51.51,0.438228,68382.0,68383.0,1.064815,1.08,0.71,0.37,86,1.79,0.5,0.08,0.42,15,0,108
979,2026-02-17T04:53:00,HYPE,3363.33,3540.4,0.32139,30.815,30.816,0.001946,390.07,111.92,278.15,35,501.99,388.88,66.24,322.64,23,0,111
980,2026-02-17T04:53:00,BTC,40.11,43.13,0.461009,68389.0,68390.0,1.117117,1.03,1.51,-0.49,137,2.54,0.5,0.07,0.43,26,1,111
981,2026-02-17T04:54:00,HYPE,2787.72,9682.2,0.365154,30.839,30.84,0.001917,394.71,25.37,369.34,31,420.08,388.87,98.41,290.46,25,0,109
982,2026-02-17T04:54:00,BTC,27.44,64.69,0.503319,68408.0,68409.0,1.027523,1.31,0.27,1.04,100,1.57,0.82,0.59,0.23,27,0,109
983,2026-02-17T04:55:00,HYPE,2018.14,3400.63,0.178511,30.695,30.696,0.002645,1050.38,20865.23,-19814.85,492,21915.61,3062.54,12799.6,-9737.06,156,3,110
984,2026-02-17T04:55:00,BTC,26.61,96.76,0.381958,68387.0,68388.0,1.027273,1.78,0.57,1.21,104,2.35,0.5,0.07,0.43,15,0,110
985,2026-02-17T04:56:00,HYPE,2307.15,2952.73,0.452645,30.673,30.674,0.002844,640.11,5266.97,-4626.86,310,5907.08,1077.32,3392.44,-2315.12,162,0,109
986,2026-02-17T04:56:00,BTC,25.14,109.23,0.319449,68362.0,68363.0,1.055046,0.88,0.93,-0.04,82,1.81,0.5,0.05,0.45,11,0,109
987,2026-02-17T04:57:00,HYPE,2553.52,3087.84,0.468411,30.691,30.693,0.002784,4498.75,5998.48,-1499.73,291,10497.23,1573.88,3896.09,-2322.21,152,0,111
988,2026-02-17T04:57:00,BTC,47.38,63.62,0.491645,68383.0,68384.0,1.207207,0.81,10.7,-9.9,180,11.51,1.38,7.83,-6.45,54,5,111
989,2026-02-17T04:58:00,HYPE,4168.35,4008.29,0.504233,30.693,30.695,0.002132,3965.89,4019.06,-53.17,230,7984.95,984.67,3936.59,-2951.92,149,0,106
990,2026-02-17T04:58:00,BTC,60.67,24.67,0.477946,68391.0,68392.0,1.037736,0.72,0.81,-0.1,66,1.53,0.5,0.05,0.45,15,0,106
991,2026-02-17T04:59:00,HYPE,3306.22,2629.94,0.518077,30.673,30.674,0.003789,1423.65,4108.83,-2685.18,131,5532.48,1737.27,3644.04,-1906.77,88,0,109
992,2026-02-17T04:59:00,BTC,46.17,41.23,0.47716,68429.0,68430.0,1.0,2.18,0.34,1.84,115,2.52,0.5,0.45,0.05,26,1,109
993,2026-02-17T05:00:00,HYPE,2356.29,2553.43,0.483044,30.672,30.673,0.00266,2878.56,3596.7,-718.14,127,6475.26,822.36,3860.29,-3037.93,91,0,106
994,2026-02-17T05:00:00,BTC,44.61,37.45,0.518992,68447.0,68448.0,1.066038,8.44,0.22,8.22,129,8.66,8.28,1.8,6.49,63,6,106
995,2026-02-17T05:01:00,HYPE,3310.88,3121.14,0.504212,30.671,30.672,0.002303,3330.32,3885.23,-554.91,162,7215.55,523.79,3772.38,-3248.59,72,0,109
996,2026-02-17T05:01:00,BTC,37.82,89.2,0.370711,68455.0,68456.0,1.027523,0.94,0.32,0.61,97,1.26,0.5,0.05,0.45,19,0,109
997,2026-02-17T05:02:00,HYPE,3662.91,3110.72,0.484558,30.647,30.651,0.002202,705.48,4280.58,-3575.1,141,4986.06,1712.48,3391.3,-1678.82,104,0,109
998,2026-02-17T05:02:00,BTC,60.58,36.91,0.368837,68431.0,68432.0,1.036697,0.83,0.3,0.53,85,1.14,0.5,0.05,0.45,17,0,109
999,2026-02-17T05:03:00,HYPE,5946.3,3253.23,0.519681,30.643,30.644,0.00213,526.17,7392.0,-6865.83,261,7918.17,1957.08,3391.4,-1434.32,170,0,108
1000,2026-02-17T05:03:00,BTC,62.46,28.95,0.509653,68472.0,68473.0,1.111111,2.68,1.44,1.25,146,4.12,0.5,0.17,0.33,24,1,108
1001,2026-02-17T05:04:00,HYPE,3592.92,2998.84,0.567419,30.624,30.625,0.001928,617.84,5146.5,-4528.66,183,5764.34,1145.87,3391.3,-2245.43,107,0,111
1002,2026-02-17T05:04:00,BTC,26.53,88.49,0.363917,68462.0,68463.0,1.027027,1.84,0.67,1.17,92,2.52,0.5,0.05,0.45,32,0,111
1003,2026-02-17T05:05:00,HYPE,5275.5,3011.35,0.543983,30.612,30.614,0.003218,1216.06,29849.31,-28633.25,735,31065.37,4625.27,3662.36,962.91,100,5,110
1004,2026-02-17T05:05:00,BTC,44.65,68.61,0.465388,68473.0,68474.0,1.045455,0.63,0.17,0.46,82,0.81,0.5,0.22,0.27,25,0,110
1005,2026-02-17T05:06:00,HYPE,3346.75,3817.93,0.520712,30.642,30.643,0.001925,3075.51,3732.9,-657.39,129,6808.41,961.47,3655.29,-2693.82,66,0,107
1006,2026-02-17T05:06:00,BTC,28.27,77.41,0.332335,68463.0,68464.0,1.11215,1.35,0.11,1.24,66,1.47,0.5,0.22,0.28,24,0,107
1007,2026-02-17T05:07:00,HYPE,3067.52,3765.06,0.481637,30.627,30.628,0.002185,2695.49,3561.9,-866.41,134,6257.39,1013.96,3971.42,-2957.46,95,0,108
1008,2026-02-17T05:07:00,BTC,54.14,40.81,0.409989,68453.0,68454.0,1.083333,0.67,1.66,-1.0,88,2.33,0.5,0.05,0.45,20,1,108
1009,2026-02-17T05:08:00,HYPE,7640.61,3205.9,0.482066,30.588,30.59,0.00256,1222.27,4435.83,-3213.56,133,5658.1,834.39,3653.04,-2818.65,83,0,109
1010,2026-02-17T05:08:00,BTC,44.83,61.55,0.360438,68437.0,68438.0,1.027523,0.54,0.99,-0.45,78,1.54,0.75,0.05,0.7,22,0,109
1011,2026-02-17T05:09:00,HYPE,3062.7,3660.2,0.483019,30.551,30.552,0.0021,1212.63,6718.1,-5505.47,320,7930.73,1564.0,3431.06,-1867.06,170,0,110
1012,2026-02-17T05:09:00,BTC,57.47,42.99,0.353838,68380.0,68381.0,1.163636,1.05,0.93,0.12,114,1.98,0.5,0.05,0.45,14,0,110
1013,2026-02-17T05:10:00,HYPE,2326.04,3011.96,0.496553,30.557,30.564,0.002234,3989.62,5147.54,-1157.92,157,9137.16,1117.36,3648.66,-2531.3,87,0,107
1014,2026-02-17T05:10:00,BTC,39.24,69.85,0.34444,68378.0,68379.0,1.168224,0.68,1.61,-0.92,154,2.29,0.5,0.05,0.45,25,0,107
1015,2026-02-17T05:11:00,HYPE,3818.81,3788.99,0.50219,30.568,30.569,0.002145,2598.02,5321.59,-2723.57,223,7919.61,988.08,3788.9,-2800.82,94,0,110
1016,2026-02-17T05:11:00,BTC,27.22,106.69,0.429735,68419.0,68420.0,1.1,12.93,0.88,12.04,160,13.81,0.5,0.05,0.45,12,9,110
1017,2026-02-17T05:12:00,HYPE,2237.45,2802.76,0.474645,30.556,30.56,0.002459,411.16,3451.6,-3040.44,88,3862.76,710.95,3431.67,-2720.72,75,0,109
1018,2026-02-17T05:12:00,BTC,38.15,79.61,0.338013,68408.0,68409.0,1.009174,6.77,4.71,2.06,128,11.48,0.5,0.05,0.45,12,4,109
1019,2026-02-17T05:13:00,HYPE,2918.78,3710.47,0.462286,30.548,30.549,0.00278,2407.57,3660.07,-1252.5,124,6067.64,797.42,3848.83,-3051.41,88,0,109
1020,2026-02-17T05:13:00,BTC,34.06,68.11,0.356341,68362.0,68363.0,1.027523,0.56,13.27,-12.72,116,13.83,0.72,0.05,0.67,13,6,109
1021,2026-02-17T05:14:00,HYPE,3021.33,3559.72,0.464826,30.54,30.541,0.002582,424.88,7004.98,-6580.1,212,7429.86,1599.92,6674.93,-5075.01,197,0,110
1022,2026-02-17T05:14:00,BTC,32.97,75.27,0.324497,68360.0,68361.0,1.109091,3.22,2.6,0.62,99,5.82,0.5,0.05,0.45,13,0,110
1023,2026-02-17T05:15:00,HYPE,3633.55,3794.4,0.414913,30.461,30.462,0.001991,6699.1,9059.01,-2359.91,1028,15758.11,1874.03,3877.58,-2003.55,246,0,110
1024,2026-02-17T05:15:00,BTC,80.89,33.12,0.298039,68307.0,68308.0,1.063636,0.62,12.99,-12.37,182,13.61,1.65,0.05,1.61,17,5,110
1025,2026-02-17T05:16:00,HYPE,4411.51,5622.33,0.511566,30.45,30.455,0.003222,25676.6,4492.3,21184.3,337,30168.9,672.78,7317.96,-6645.18,88,3,108
1026,2026-02-17T05:16:00,BTC,64.61,24.57,0.394527,68310.0,68311.0,1.074074,0.64,0.3,0.34,98,0.94,0.5,0.05,0.45,12,0,108
1027,2026-02-17T05:17:00,HYPE,2563.29,2256.71,0.487817,30.394,30.396,0.002459,465.39,6217.94,-5752.55,481,6683.33,734.95,3588.44,-2853.49,174,0,109
1028,2026-02-17T05:17:00,BTC,35.09,66.8,0.322095,68278.0,68279.0,1.229358,0.75,4.95,-4.2,254,5.7,0.57,0.05,0.52,28,0,109
1029,2026-02-17T05:18:00,HYPE,3942.85,4517.41,0.482244,30.361,30.362,0.002459,5175.09,6302.85,-1127.76,642,11477.94,1104.8,4975.62,-3870.82,297,0,109
1030,2026-02-17T05:18:00,BTC,29.63,85.63,0.361968,68269.0,68270.0,1.165138,0.86,0.67,0.19,130,1.53,0.71,0.05,0.66,41,0,109
1031,2026-02-17T05:19:00,HYPE,3552.35,3478.01,0.507979,30.359,30.361,0.002482,2268.52,6288.29,-4019.77,171,8556.81,794.46,4323.94,-3529.48,108,0,110
1032,2026-02-17T05:19:00,BTC,33.68,59.88,0.436939,68260.0,68261.0,1.045455,2.54,1.27,1.27,122,3.82,0.78,0.05,0.73,27,2,110
1033,2026-02-17T05:20:00,HYPE,2025.08,3550.79,0.458287,30.299,30.315,0.003536,1827.77,11970.13,-10142.36,631,13797.9,1772.33,7419.12,-5646.79,417,0,110
1034,2026-02-17T05:20:00,BTC,57.53,32.53,0.374721,68162.0,68163.0,1.354545,3.16,28.73,-25.58,704,31.89,0.82,0.05,0.77,37,8,110
1035,2026-02-17T05:21:00,HYPE,2599.12,4675.26,0.47892,30.298,30.311,0.003734,6416.15,4795.72,1620.43,247,11211.87,999.19,4948.29,-3949.1,97,0,109
1036,2026-02-17T05:21:00,BTC,78.67,23.6,0.414221,68126.0,68127.0,1.486239,3.8,27.4,-23.6,476,31.2,2.61,0.54,2.07,45,13,109
1037,2026-02-17T05:22:00,HYPE,6210.81,2531.44,0.514998,30.313,30.314,0.002907,606.58,4607.46,-4000.88,118,5214.04,1046.12,4275.33,-3229.21,97,0,108
1038,2026-02-17T05:22:00,BTC,24.63,94.55,0.552876,68158.0,68159.0,1.166667,4.51,3.0,1.51,230,7.52,0.94,0.09,0.84,31,1,108
1039,2026-02-17T05:23:00,HYPE,4244.66,3982.23,0.537912,30.385,30.387,0.002944,14712.04,5361.21,9350.83,286,20073.25,1274.18,7254.07,-5979.89,136,1,107
1040,2026-02-17T05:23:00,BTC,47.03,33.24,0.483724,68175.0,68176.0,1.084112,3.27,1.03,2.24,150,4.29,0.76,0.17,0.59,21,0,107
1041,2026-02-17T05:24:00,HYPE,4075.25,4161.73,0.49217,30.296,30.297,0.003209,563.24,5030.91,-4467.67,169,5594.15,831.64,4226.52,-3394.88,123,0,110
1042,2026-02-17T05:24:00,BTC,56.58,31.79,0.403108,67918.0,67919.0,1.909091,7.61,32.89,-25.28,1210,40.51,4.29,0.89,3.41,40,8,110
1043,2026-02-17T05:25:00,HYPE,5753.32,4037.25,0.488285,30.34,30.348,0.004604,14329.76,19753.5,-5423.74,481,34083.26,4309.09,5384.11,-1075.02,114,2,111
1044,2026-02-17T05:25:00,BTC,74.03,46.73,0.477723,67984.0,67985.0,1.531532,5.78,1.59,4.19,219,7.37,0.78,0.39,0.39,37,0,111
1045,2026-02-17T05:26:00,HYPE,5131.3,4577.01,0.524284,30.294,30.295,0.002491,661.83,4300.16,-3638.33,93,4961.99,3707.88,4296.45,-588.57,85,2,108
1046,2026-02-17T05:26:00,BTC,49.45,40.78,0.381698,67970.0,67971.0,1.138889,3.62,3.27,0.35,162,6.89,0.78,0.37,0.41,23,1,108
1047,2026-02-17T05:27:00,HYPE,6082.52,5195.62,0.545315,30.29,30.298,0.002991,552.02,4555.28,-4003.26,110,5107.3,1658.93,4264.33,-2605.4,93,0,110
1048,2026-02-17T05:27:00,BTC,48.43,31.2,0.530956,68000.0,68001.0,1.136364,4.87,3.02,1.85,239,7.89,0.78,0.19,0.59,45,1,110
1049,2026-02-17T05:28:00,HYPE,6901.97,3795.15,0.586505,30.344,30.345,0.003083,7517.63,6684.43,833.2,287,14202.06,1088.74,7178.5,-6089.76,183,0,108
1050,2026-02-17T05:28:00,BTC,24.92,51.95,0.543,68049.0,68050.0,1.231481,6.39,0.96,5.44,198,7.35,1.84,1.3,0.54,45,2,108
1051,2026-02-17T05:29:00,HYPE,4399.91,5573.15,0.544742,30.316,30.317,0.001973,729.14,4515.49,-3786.35,136,5244.63,1248.13,4429.06,-3180.93,124,0,110
1052,2026-02-17T05:29:00,BTC,40.44,60.11,0.531516,68027.0,68028.0,1.163636,1.17,3.11,-1.94,197,4.29,0.8,0.09,0.7,24,1,110
1053,2026-02-17T05:30:00,HYPE,3197.45,4430.0,0.601629,30.277,30.278,0.002299,535.13,4408.25,-3873.12,127,4943.38,896.83,4329.58,-3432.75,110,0,107
1054,2026-02-17T05:30:00,BTC,27.66,64.33,0.435892,68016.0,68017.0,1.168224,2.27,3.75,-1.48,140,6.02,0.8,0.2,0.6,33,1,107
1055,2026-02-17T05:31:00,HYPE,5852.62,5271.69,0.549134,30.288,30.293,0.002459,1030.99,5891.74,-4860.75,169,6922.73,895.42,4593.96,-3698.54,100,0,111
1056,2026-02-17T05:31:00,BTC,48.12,29.96,0.532459,68039.0,68040.0,1.108108,2.84,1.17,1.66,178,4.01,0.77,0.05,0.73,24,0,111
1057,2026-02-17T05:32:00,HYPE,9195.44,4558.89,0.557706,30.26,30.27,0.002459,2744.97,5096.42,-2351.45,161,7841.39,626.53,4279.92,-3653.39,111,0,109
1058,2026-02-17T05:32:00,BTC,48.29,71.15,0.354626,67997.0,67998.0,1.165138,7.37,5.13,2.25,303,12.5,6.88,1.49,5.39,76,5,109
1059,2026-02-17T05:33:00,HYPE,4153.2,4905.13,0.490212,30.269,30.273,0.003118,2063.69,5097.61,-3033.92,262,7161.3,1481.1,4396.99,-2915.89,114,0,110
1060,2026-02-17T05:33:00,BTC,29.36,104.36,0.451481,67931.0,67932.0,1.936364,1.35,15.43,-14.08,364,16.79,1.24,8.7,-7.45,67,9,110
1061,2026-02-17T05:34:00,HYPE,4286.39,4817.01,0.482687,30.247,30.248,0.002264,1019.27,4977.61,-3958.34,156,5996.88,705.62,4751.2,-4045.58,115,0,110
1062,2026-02-17T05:34:00,BTC,51.18,38.36,0.458011,67926.0,67927.0,1.345455,1.38,11.7,-10.32,368,13.09,0.75,0.15,0.6,28,5,110
1063,2026-02-17T05:35:00,HYPE,3860.07,4526.09,0.500069,30.259,30.26,0.002065,941.48,6923.85,-5982.37,153,7865.33,899.61,6861.98,-5962.37,124,0,108
1064,2026-02-17T05:35:00,BTC,90.18,26.78,0.566024,67989.0,67990.0,1.37963,7.32,1.55,5.77,243,8.88,0.79,2.27,-1.48,24,5,108
1065,2026-02-17T05:36:00,HYPE,5225.95,5163.36,0.477692,30.213,30.214,0.001909,982.07,9344.1,-8362.03,447,10326.17,1444.57,6869.39,-5424.82,346,2,110
1066,2026-02-17T05:36:00,BTC,41.53,61.64,0.369605,67885.0,67886.0,1.372727,8.44,18.43,-10.0,391,26.87,1.01,3.07,-2.05,74,14,110
1067,2026-02-17T05:37:00,HYPE,4092.66,5287.21,0.471047,30.246,30.247,0.002315,1345.78,6434.12,-5088.34,245,7779.9,749.9,4366.52,-3616.62,158,0,108
1068,2026-02-17T05:37:00,BTC,85.63,36.98,0.509216,67926.0,67927.0,1.212963,3.04,2.48,0.57,282,5.52,0.76,0.42,0.33,34,0,108
1069,2026-02-17T05:38:00,HYPE,3283.52,4984.08,0.491217,30.22,30.23,0.002991,745.62,4321.23,-3575.61,152,5066.85,796.79,4383.6,-3586.81,125,0,111
1070,2026-02-17T05:38:00,BTC,41.59,28.26,0.547159,67996.0,67997.0,1.252252,3.18,5.95,-2.78,223,9.13,0.85,5.26,-4.41,63,1,111
1071,2026-02-17T05:39:00,HYPE,4257.5,4983.53,0.416851,30.157,30.158,0.002815,2055.43,6094.07,-4038.64,609,8149.5,958.17,4715.04,-3756.87,224,0,108
1072,2026-02-17T05:39:00,BTC,42.0,44.13,0.47475,68027.0,68028.0,1.185185,4.49,2.04,2.45,206,6.53,0.83,0.35,0.48,43,2,108
1073,2026-02-17T05:40:00,HYPE,4991.28,5389.4,0.471796,30.185,30.198,0.003288,15150.2,4442.96,10707.24,341,19593.16,627.82,6726.49,-6098.67,177,0,111
1074,2026-02-17T05:40:00,BTC,31.88,133.79,0.409298,68025.0,68026.0,1.027027,2.05,1.11,0.94,118,3.17,0.86,0.45,0.41,50,0,111
1075,2026-02-17T05:41:00,HYPE,4323.23,5885.01,0.486508,30.167,30.176,0.002559,1611.1,4277.77,-2666.67,158,5888.87,1290.79,4676.74,-3385.95,134,0,111
1076,2026-02-17T05:41:00,BTC,49.84,62.25,0.479408,68040.0,68043.0,1.189189,40.93,69.84,-28.91,305,110.78,5.85,3.97,1.89,66,45,111
1077,2026-02-17T05:42:00,HYPE,6057.14,5567.31,0.521002,30.266,30.27,0.003284,2388.02,4895.49,-2507.47,238,7283.51,888.69,4510.51,-3621.82,121,0,109
1078,2026-02-17T05:42:00,BTC,15.72,89.03,0.459892,68144.0,68145.0,1.550459,117.44,2.13,115.31,661,119.57,0.84,4.65,-3.81,56,54,109
1079,2026-02-17T05:43:00,HYPE,5881.17,5188.52,0.500347,30.245,30.247,0.003312,1927.91,4537.46,-2609.55,188,6465.37,627.41,4846.4,-4218.99,123,0,109
1080,2026-02-17T05:43:00,BTC,31.67,56.24,0.46731,68138.0,68139.0,1.293578,9.56,0.74,8.83,162,10.3,6.5,0.05,6.45,50,7,109
1081,2026-02-17T05:44:00,HYPE,5533.14,4774.1,0.533089,30.267,30.276,0.003593,10767.15,4249.19,6517.96,226,15016.34,1253.54,5466.43,-4212.89,134,1,108
1082,2026-02-17T05:44:00,BTC,51.44,50.4,0.487633,68143.0,68144.0,1.018519,1.38,0.42,0.96,107,1.8,0.87,0.09,0.78,24,0,108
1083,2026-02-17T05:45:00,HYPE,5109.4,4386.3,0.578993,30.248,30.249,0.002945,1288.1,4544.64,-3256.54,148,5832.74,898.1,4635.94,-3737.84,118,0,110
1084,2026-02-17T05:45:00,BTC,52.47,45.94,0.493617,68131.0,68132.0,1.0,5.16,0.42,4.74,139,5.58,0.83,0.28,0.55,37,0,110
1085,2026-02-17T05:46:00,HYPE,3178.54,3876.77,0.515801,30.211,30.215,0.002806,1538.72,4923.72,-3385.0,204,6462.44,603.81,4665.63,-4061.82,112,0,108
1086,2026-02-17T05:46:00,BTC,29.02,75.82,0.445864,68111.0,68114.0,1.12963,3.12,1.64,1.49,159,4.76,0.86,0.11,0.76,37,0,108
1087,2026-02-17T05:47:00,HYPE,5998.89,5192.57,0.516798,30.231,30.234,0.002602,1137.29,4422.78,-3285.49,201,5560.07,976.12,4293.97,-3317.85,113,0,108
1088,2026-02-17T05:47:00,BTC,36.51,59.86,0.487158,68118.0,68119.0,1.166667,2.72,7.46,-4.74,164,10.18,0.93,5.7,-4.77,59,4,108
1089,2026-02-17T05:48:00,HYPE,4660.17,4361.87,0.510039,30.232,30.233,0.002639,1603.06,4146.88,-2543.82,159,5749.94,946.64,3896.6,-2949.96,104,0,108
1090,2026-02-17T05:48:00,BTC,38.81,47.46,0.436775,68128.0,68129.0,1.212963,6.6,1.01,5.59,125,7.61,6.01,0.05,5.96,39,4,108
1091,2026-02-17T05:49:00,HYPE,4103.37,5055.15,0.453166,30.234,30.238,0.002413,970.87,3699.59,-2728.72,161,4670.46,901.85,3732.74,-2830.89,94,0,109
1092,2026-02-17T05:49:00,BTC,40.56,48.8,0.478324,68180.0,68181.0,1.284404,5.94,0.35,5.59,172,6.3,0.56,0.05,0.51,29,1,109
1093,2026-02-17T05:50:00,HYPE,3888.43,5541.45,0.445906,30.263,30.269,0.002574,2323.78,3639.71,-1315.93,161,5963.49,1718.32,3644.79,-1926.47,85,0,108
1094,2026-02-17T05:50:00,BTC,25.88,82.23,0.431919,68181.0,68182.0,1.027778,2.11,0.93,1.18,104,3.05,0.56,0.05,0.51,21,0,108
1095,2026-02-17T05:51:00,HYPE,3605.38,3685.98,0.444965,30.257,30.258,0.002045,714.89,3922.06,-3207.17,157,4636.95,991.5,3656.02,-2664.52,91,0,110
1096,2026-02-17T05:51:00,BTC,29.98,69.52,0.438228,68199.0,68200.0,1.045455,1.24,0.31,0.93,119,1.56,0.61,0.05,0.56,17,0,110
1097,2026-02-17T05:52:00,HYPE,4396.83,5184.66,0.434513,30.218,30.224,0.002495,1116.91,3683.06,-2566.15,159,4799.97,1183.39,3427.88,-2244.49,98,0,109
1098,2026-02-17T05:52:00,BTC,45.89,38.06,0.352529,68160.0,68161.0,1.091743,0.84,1.6,-0.77,106,2.44,0.56,0.05,0.51,22,0,109
1099,2026-02-17T05:53:00,HYPE,3352.83,4937.48,0.46118,30.219,30.225,0.001944,664.49,4395.33,-3730.84,144,5059.82,768.73,3414.22,-2645.49,78,0,108
1100,2026-02-17T05:53:00,BTC,30.61,50.06,0.489933,68195.0,68196.0,1.009259,1.72,0.22,1.5,90,1.94,0.56,0.25,0.31,36,0,108
1101,2026-02-17T05:54:00,HYPE,2751.35,4936.19,0.4403,30.286,30.29,0.002679,787.6,3471.29,-2683.69,147,4258.89,722.4,3413.24,-2690.84,83,0,109
1102,2026-02-17T05:54:00,BTC,63.03,28.04,0.373991,68221.0,68222.0,1.009174,1.97,0.34,1.62,175,2.31,0.57,0.05,0.52,23,0,109
1103,2026-02-17T05:55:00,HYPE,4534.16,5603.82,0.429553,30.265,30.268,0.002963,882.66,3402.24,-2519.58,132,4284.9,999.38,3457.0,-2457.62,91,0,109
1104,2026-02-17T05:55:00,BTC,32.52,58.56,0.312335,68191.0,68192.0,1.146789,1.67,0.09,1.58,88,1.76,0.56,0.05,0.51,18,0,109
1105,2026-02-17T05:56:00,HYPE,2727.85,3260.4,0.409462,30.269,30.272,0.001843,647.59,2444.79,-1797.2,64,3092.38,656.34,32.48,623.86,24,0,108
1106,2026-02-17T05:56:00,BTC,44.44,38.71,0.455987,68193.0,68194.0,1.083333,0.7,5.58,-4.89,96,6.28,0.56,5.34,-4.78,41,1,108
1107,2026-02-17T05:57:00,HYPE,3669.21,4739.23,0.427145,30.263,30.265,0.001649,432.35,2794.87,-2362.52,74,3227.22,731.46,110.53,620.93,31,0,111
1108,2026-02-17T05:57:00,BTC,38.03,54.05,0.539803,68219.0,68220.0,1.045045,0.61,1.66,-1.06,111,2.27,0.56,0.05,0.51,30,1,111
1109,2026-02-17T05:58:00,HYPE,4089.82,4854.07,0.40244,30.246,30.247,0.001676,697.69,102.14,595.55,61,799.83,595.02,50.85,544.17,34,0,105
1110,2026-02-17T05:58:00,BTC,44.22,41.4,0.484118,68234.0,68235.0,1.047619,7.11,0.41,6.71,144,7.52,5.94,0.05,5.9,42,4,105
1111,2026-02-17T05:59:00,HYPE,2763.88,6544.22,0.387428,30.229,30.23,0.001407,666.56,595.64,70.92,52,1262.2,330.09,45.46,284.63,31,0,108
1112,2026-02-17T05:59:00,BTC,32.39,77.65,0.402751,68197.0,68198.0,1.222222,0.87,5.58,-4.71,111,6.45,1.82,5.43,-3.61,54,5,108
1113,2026-02-17T06:00:00,HYPE,1491.96,5229.08,0.36626,30.199,30.2,0.001593,777.49,2611.0,-1833.51,102,3388.49,936.23,20.98,915.25,35,0,108
1114,2026-02-17T06:00:00,BTC,56.4,37.7,0.521745,68208.0,68209.0,1.092593,0.21,0.3,-0.09,73,0.52,0.06,0.05,0.01,10,0,108
1115,2026-02-17T06:01:00,HYPE,5142.89,4761.47,0.43204,30.251,30.252,0.00222,1774.37,2895.67,-1121.3,118,4670.04,500.61,0.87,499.74,27,0,109
1116,2026-02-17T06:01:00,BTC,75.02,36.41,0.514159,68224.0,68225.0,1.155963,4.73,2.74,1.99,155,7.47,0.06,0.19,-0.13,28,3,109
1117,2026-02-17T06:02:00,HYPE,3247.29,4844.39,0.43325,30.265,30.266,0.001477,436.49,52.12,384.37,50,488.61,297.38,27.06,270.32,27,0,111
1118,2026-02-17T06:02:00,BTC,45.58,40.76,0.493754,68218.0,68219.0,1.045045,0.73,2.56,-1.83,73,3.29,0.06,0.05,0.01,14,1,111
1119,2026-02-17T06:03:00,HYPE,4200.38,4081.94,0.420966,30.251,30.252,0.002083,1660.73,74.16,1586.57,49,1734.89,297.02,29.97,267.05,22,0,109
1120,2026-02-17T06:03:00,BTC,53.72,32.29,0.53552,68236.0,68237.0,1.073394,1.68,3.62,-1.94,135,5.29,0.06,0.26,-0.2,16,0,109
1121,2026-02-17T06:04:00,HYPE,3484.41,5837.77,0.440011,30.188,30.189,0.002891,2915.85,7858.53,-4942.68,249,10774.38,1171.44,1110.07,61.37,79,0,110
1122,2026-02-17T06:04:00,BTC,45.57,37.32,0.537835,68243.0,68244.0,1.063636,0.36,0.79,-0.44,86,1.15,0.06,0.05,0.01,12,0,110
1123,2026-02-17T06:05:00,HYPE,4095.93,4649.03,0.408079,30.142,30.145,0.002229,300.62,4547.78,-4247.16,196,4848.4,703.91,1687.99,-984.08,64,0,109
1124,2026-02-17T06:05:00,BTC,42.05,41.03,0.477657,68226.0,68227.0,1.055046,0.28,1.73,-1.45,74,2.01,1.05,0.05,1.0,17,1,109
1125,2026-02-17T06:06:00,HYPE,4321.33,5335.41,0.474978,30.191,30.193,0.001536,617.25,796.91,-179.66,63,1414.16,441.2,703.26,-262.06,34,0,110
1126,2026-02-17T06:06:00,BTC,12.5,84.44,0.506816,68265.0,68266.0,1.181818,2.5,2.98,-0.48,222,5.48,0.06,0.05,0.01,26,2,110
1127,2026-02-17T06:07:00,HYPE,3206.68,5697.8,0.455607,30.202,30.203,0.001642,196.12,727.54,-531.42,49,923.66,168.04,703.02,-534.98,40,0,106
1128,2026-02-17T06:07:01,BTC,41.17,41.56,0.530153,68293.0,68294.0,1.075472,5.84,4.47,1.37,220,10.3,0.06,0.26,-0.2,11,4,106
1129,2026-02-17T06:08:00,HYPE,4824.63,5392.17,0.475734,30.208,30.209,0.001519,237.77,715.15,-477.38,51,952.92,167.27,687.99,-520.72,41,0,106
1130,2026-02-17T06:08:00,BTC,44.38,37.29,0.496216,68320.0,68321.0,1.084906,7.81,0.94,6.86,221,8.75,0.06,0.05,0.01,10,3,106
1131,2026-02-17T06:09:00,HYPE,7103.47,4051.2,0.500125,30.193,30.199,0.002101,1525.96,5006.04,-3480.08,103,6532.0,283.98,725.42,-441.44,53,1,109
1132,2026-02-17T06:09:00,BTC,21.8,73.08,0.510954,68336.0,68337.0,1.091743,5.72,0.56,5.16,200,6.27,0.06,0.05,0.01,12,3,109
1133,2026-02-17T06:10:00,HYPE,7799.19,5781.12,0.511022,30.208,30.209,0.002264,683.46,731.03,-47.57,55,1414.49,168.03,727.71,-559.68,39,0,110
1134,2026-02-17T06:10:00,BTC,41.0,49.05,0.539283,68375.0,68376.0,1.154545,2.09,0.67,1.42,227,2.77,0.06,0.04,0.01,10,0,110
1135,2026-02-17T06:11:00,HYPE,3416.43,5060.29,0.476465,30.224,30.225,0.00212,1091.65,5359.21,-4267.56,102,6450.86,169.06,1011.01,-841.95,46,1,108
1136,2026-02-17T06:11:00,BTC,91.18,38.25,0.50047,68377.0,68378.0,1.074074,8.97,1.11,7.85,183,10.08,0.06,0.28,-0.22,13,5,108
1137,2026-02-17T06:12:00,HYPE,3801.34,4481.53,0.488882,30.179,30.184,0.002685,824.29,8534.44,-7710.15,120,9358.73,758.98,687.99,70.99,37,0,108
1138,2026-02-17T06:12:00,BTC,29.3,89.44,0.469509,68400.0,68401.0,1.148148,3.04,1.08,1.96,247,4.12,0.06,0.04,0.01,17,1,108
1139,2026-02-17T06:13:00,HYPE,3874.21,4305.7,0.468129,30.228,30.229,0.00185,229.13,760.65,-531.52,56,989.78,179.82,692.17,-512.35,43,0,107
1140,2026-02-17T06:13:00,BTC,92.56,25.51,0.418764,68393.0,68394.0,1.009346,0.51,1.58,-1.07,87,2.09,0.1,0.04,0.06,15,0,107
1141,2026-02-17T06:14:00,HYPE,3474.33,3385.15,0.453714,30.249,30.255,0.002157,1448.44,729.45,718.99,64,2177.89,64.36,710.72,-646.36,37,0,108
1142,2026-02-17T06:14:00,BTC,86.18,37.16,0.413965,68355.0,68356.0,1.25,1.38,2.42,-1.05,164,3.8,0.06,0.04,0.01,7,0,108
1143,2026-02-17T06:15:00,HYPE,4418.38,4164.5,0.435938,30.233,30.235,0.002028,1074.08,739.23,334.85,59,1813.31,68.56,747.21,-678.65,39,0,106
1144,2026-02-17T06:15:00,BTC,52.99,15.74,0.427461,68335.0,68336.0,1.075472,2.34,1.99,0.35,129,4.33,0.1,0.04,0.05,11,1,106
1145,2026-02-17T06:16:00,HYPE,4182.48,5642.47,0.475411,30.224,30.225,0.001963,362.14,1027.84,-665.7,50,1389.98,67.29,687.99,-620.7,30,0,108
1146,2026-02-17T06:16:00,BTC,32.21,61.58,0.431713,68337.0,68338.0,1.111111,3.21,0.48,2.73,156,3.69,0.0,0.04,-0.04,6,0,108
1147,2026-02-17T06:17:00,HYPE,4684.72,4604.43,0.456603,30.239,30.244,0.001556,207.14,689.64,-482.5,46,896.78,67.3,687.99,-620.69,33,0,108
1148,2026-02-17T06:17:00,BTC,39.49,46.65,0.48408,68362.0,68363.0,1.0,0.78,1.33,-0.55,72,2.11,0.0,0.04,-0.04,6,1,108
1149,2026-02-17T06:18:00,HYPE,3732.86,5845.94,0.478609,30.223,30.224,0.0015,375.07,897.47,-522.4,67,1272.54,213.79,688.0,-474.21,53,0,110
1150,2026-02-17T06:18:00,BTC,47.83,42.36,0.407271,68357.0,68358.0,1.009091,0.1,46.42,-46.32,249,46.52,0.02,0.05,-0.02,9,17,110
1151,2026-02-17T06:19:00,HYPE,7137.94,4859.96,0.491852,30.191,30.192,0.001287,1118.71,2929.62,-1810.91,130,4048.33,219.85,687.99,-468.14,38,0,108
1152,2026-02-17T06:19:00,BTC,68.37,10.76,0.480554,68344.0,68345.0,1.074074,0.5,1.81,-1.3,111,2.31,0.4,0.05,0.35,28,0,108
1153,2026-02-17T06:20:00,HYPE,7026.24,4159.6,0.5743,30.174,30.175,0.001673,85.52,1721.03,-1635.51,80,1806.55,84.31,687.99,-603.68,34,0,107
1154,2026-02-17T06:20:00,BTC,36.43,64.15,0.453679,68332.0,68333.0,1.102804,3.91,15.68,-11.77,141,19.59,0.0,0.05,-0.05,11,9,107
1155,2026-02-17T06:21:00,HYPE,3121.21,4105.99,0.484074,30.174,30.175,0.001593,360.51,867.99,-507.48,51,1228.5,67.29,687.99,-620.7,32,0,108
1156,2026-02-17T06:21:00,BTC,45.93,49.66,0.594823,68353.0,68354.0,1.055556,3.77,1.02,2.75,78,4.79,0.0,0.05,-0.05,8,2,108
1157,2026-02-17T06:22:00,HYPE,3373.0,6617.11,0.424222,30.181,30.182,0.0014,454.57,839.54,-384.97,54,1294.11,67.7,705.05,-637.35,39,0,105
1158,2026-02-17T06:22:00,BTC,44.95,52.55,0.485226,68330.0,68331.0,1.133333,1.17,11.8,-10.63,114,12.97,0.33,0.05,0.28,10,8,105
1159,2026-02-17T06:23:00,HYPE,3867.71,3052.72,0.394878,30.185,30.186,0.001236,101.18,756.95,-655.77,42,858.13,77.86,687.99,-610.13,37,0,110
1160,2026-02-17T06:23:00,BTC,44.98,54.79,0.563367,68328.0,68329.0,1.027273,1.06,0.78,0.28,61,1.84,0.0,0.05,-0.05,9,0,110
1161,2026-02-17T06:24:00,HYPE,3601.43,5061.87,0.498146,30.195,30.196,0.001449,573.41,739.06,-165.65,58,1312.47,67.7,711.04,-643.34,41,0,107
1162,2026-02-17T06:24:00,BTC,69.62,22.22,0.525472,68323.0,68324.0,1.0,0.94,1.09,-0.14,71,2.03,0.02,0.05,-0.03,14,0,107
1163,2026-02-17T06:25:00,HYPE,2910.76,4770.93,0.528237,30.245,30.248,0.001318,3591.45,796.87,2794.58,80,4388.32,3278.59,1122.0,2156.59,70,0,110
1164,2026-02-17T06:25:00,BTC,47.6,42.88,0.607813,68331.0,68332.0,1.072727,1.6,0.14,1.46,70,1.74,0.0,0.05,-0.05,10,0,110
1165,2026-02-17T06:26:00,HYPE,3974.79,2986.77,0.535368,30.274,30.275,0.001832,9093.31,830.36,8262.95,147,9923.67,8755.07,1481.11,7273.96,136,0,107
1166,2026-02-17T06:26:00,BTC,46.94,51.58,0.384749,68318.0,68319.0,1.009346,0.16,0.17,0.0,69,0.33,0.0,0.05,-0.05,11,0,107
1167,2026-02-17T06:27:00,HYPE,3850.27,5515.21,0.501879,30.279,30.28,0.001509,70.42,1933.55,-1863.13,67,2003.97,68.88,718.67,-649.79,52,0,110
1168,2026-02-17T06:27:00,BTC,42.64,48.24,0.424378,68293.0,68294.0,1.118182,0.22,0.53,-0.31,139,0.74,0.28,0.05,0.23,29,0,110
1169,2026-02-17T06:28:00,HYPE,4273.58,4280.72,0.550662,30.297,30.298,0.001546,1389.04,1019.34,369.7,89,2408.38,102.52,913.91,-811.39,48,0,108
1170,2026-02-17T06:28:00,BTC,39.45,53.38,0.588304,68313.0,68314.0,1.12037,0.24,0.16,0.09,69,0.4,0.0,0.05,-0.05,8,0,108
1171,2026-02-17T06:29:00,HYPE,4566.3,1917.88,0.589557,30.372,30.373,0.001697,1273.08,1617.26,-344.18,154,2890.34,102.55,777.24,-674.69,52,0,109
1172,2026-02-17T06:29:00,BTC,50.15,40.89,0.701141,68414.0,68415.0,1.495413,124.76,0.54,124.21,395,125.3,0.0,3.27,-3.27,15,66,109
1173,2026-02-17T06:30:00,HYPE,2853.71,3976.2,0.542402,30.321,30.329,0.002514,167.33,12556.33,-12389.0,189,12723.66,1726.79,688.37,1038.42,60,0,109
1174,2026-02-17T06:30:00,BTC,54.61,26.84,0.50329,68403.0,68404.0,1.12844,4.3,0.78,3.52,187,5.08,0.0,0.05,-0.05,7,1,109
1175,2026-02-17T06:31:00,HYPE,6926.21,4833.42,0.548486,30.259,30.264,0.003028,489.52,3032.15,-2542.63,107,3521.67,142.46,689.22,-546.76,35,0,109
1176,2026-02-17T06:31:00,BTC,32.04,58.26,0.556104,68384.0,68385.0,1.06422,3.02,2.8,0.22,104,5.82,0.0,0.05,-0.05,7,3,109
1177,2026-02-17T06:32:00,HYPE,4140.09,4276.91,0.553952,30.269,30.27,0.002055,124.22,2636.61,-2512.39,85,2760.83,68.88,715.02,-646.14,42,0,110
1178,2026-02-17T06:32:00,BTC,56.65,23.45,0.652884,68383.0,68384.0,1.109091,0.1,1.21,-1.11,94,1.3,0.0,0.05,-0.05,10,0,110
1179,2026-02-17T06:33:00,HYPE,3681.15,4657.88,0.472384,30.248,30.249,0.001573,466.41,886.46,-420.05,59,1352.87,90.29,688.0,-597.71,40,0,110
1180,2026-02-17T06:33:00,BTC,42.63,32.04,0.694207,68389.0,68390.0,1.009091,1.1,0.1,0.99,60,1.2,0.0,0.05,-0.05,13,1,110
1181,2026-02-17T06:34:00,HYPE,6050.22,3250.38,0.538693,30.213,30.214,0.001248,75.15,891.73,-816.58,57,966.88,68.55,691.25,-622.7,44,0,109
1182,2026-02-17T06:34:00,BTC,95.36,14.71,0.615056,68384.0,68385.0,1.055046,0.17,1.4,-1.23,84,1.58,0.0,0.05,-0.05,11,0,109
1183,2026-02-17T06:35:00,HYPE,3257.34,4464.26,0.48634,30.231,30.232,0.002139,2374.14,768.72,1605.42,84,3142.86,68.49,1121.7,-1053.21,43,0,108
1184,2026-02-17T06:35:00,BTC,47.06,51.51,0.570654,68411.0,68413.0,1.185185,6.93,1.32,5.61,158,8.25,0.02,0.05,-0.03,28,5,108
1185,2026-02-17T06:36:00,HYPE,3507.39,3549.9,0.492822,30.27,30.271,0.001657,272.75,799.24,-526.49,62,1071.99,68.88,693.67,-624.79,50,0,108
1186,2026-02-17T06:36:00,BTC,53.74,24.28,0.52499,68403.0,68404.0,1.0,0.77,0.15,0.61,80,0.92,0.0,0.11,-0.11,13,0,108
1187,2026-02-17T06:37:00,HYPE,3015.63,3362.49,0.48017,30.281,30.282,0.002189,6243.24,693.65,5549.59,126,6936.89,68.87,1872.7,-1803.83,57,0,106
1188,2026-02-17T06:37:00,BTC,63.89,30.95,0.531354,68385.0,68386.0,1.141509,0.18,0.36,-0.18,89,0.55,0.0,0.05,-0.05,13,0,106
1189,2026-02-17T06:38:00,HYPE,3828.61,4321.07,0.499951,30.293,30.294,0.00138,3311.58,771.91,2539.67,91,4083.49,68.87,709.9,-641.03,41,0,108
1190,2026-02-17T06:38:00,BTC,47.09,48.07,0.659878,68402.0,68403.0,1.064815,0.6,0.2,0.4,78,0.8,0.0,0.05,-0.05,10,0,108
1191,2026-02-17T06:39:00,HYPE,5644.56,4101.42,0.5717,30.3,30.304,0.002118,662.28,804.52,-142.24,75,1466.8,68.5,367.76,-299.26,26,0,110
1192,2026-02-17T06:39:00,BTC,43.68,56.57,0.574731,68386.0,68390.0,1.063636,2.25,0.45,1.79,79,2.7,0.29,0.05,0.24,22,2,110
1193,2026-02-17T06:40:00,HYPE,4230.45,4460.11,0.49335,30.303,30.305,0.001972,802.26,636.39,165.87,78,1438.65,68.49,225.04,-156.55,27,0,108
1194,2026-02-17T06:40:00,BTC,32.59,65.4,0.650046,68418.0,68419.0,1.074074,1.35,0.75,0.6,131,2.1,0.0,0.33,-0.33,10,0,108
1195,2026-02-17T06:41:00,HYPE,3865.36,4289.46,0.468799,30.311,30.312,0.001694,109.28,196.67,-87.39,38,305.95,68.87,26.35,42.52,27,0,108
1196,2026-02-17T06:41:00,BTC,58.14,37.27,0.61312,68446.0,68447.0,1.009259,1.07,1.05,0.02,153,2.13,0.0,0.05,-0.05,10,0,108
1197,2026-02-17T06:42:00,HYPE,4107.01,3672.46,0.439098,30.283,30.284,0.001661,818.56,9955.35,-9136.79,142,10773.91,1081.0,18.09,1062.91,28,1,109
1198,2026-02-17T06:42:00,BTC,141.7,10.77,0.67745,68483.0,68484.0,1.018349,11.82,0.77,11.05,205,12.58,0.0,0.05,-0.05,10,8,109
1199,2026-02-17T06:43:00,HYPE,3164.08,4286.85,0.445202,30.262,30.263,0.001495,76.61,137.84,-61.23,35,214.45,68.9,34.03,34.87,27,0,109
1200,2026-02-17T06:43:00,BTC,33.94,62.09,0.379634,68439.0,68440.0,1.018349,0.13,0.89,-0.76,83,1.03,0.0,0.05,-0.05,20,0,109
1201,2026-02-17T06:44:00,HYPE,3245.96,5615.15,0.458749,30.281,30.282,0.001557,2695.44,281.21,2414.23,106,2976.65,1607.13,405.46,1201.67,50,0,106
1202,2026-02-17T06:44:00,BTC,45.97,55.67,0.380764,68422.0,68423.0,1.0,0.06,1.04,-0.98,53,1.09,0.0,0.05,-0.05,11,0,106
1203,2026-02-17T06:45:00,HYPE,5346.2,5419.36,0.458857,30.288,30.295,0.002389,2528.29,203.07,2325.22,94,2731.36,1607.49,493.05,1114.44,54,0,108
1204,2026-02-17T06:45:00,BTC,41.2,55.36,0.517601,68426.0,68427.0,1.046296,0.59,2.79,-2.2,100,3.38,0.0,0.05,-0.05,12,0,108
1205,2026-02-17T06:46:00,HYPE,2838.52,3757.83,0.431395,30.287,30.288,0.002336,1778.98,277.76,1501.22,100,2056.74,1623.75,615.09,1008.66,62,0,107
1206,2026-02-17T06:46:00,BTC,29.69,69.09,0.455831,68419.0,68420.0,1.037383,0.27,0.6,-0.33,82,0.86,0.0,0.05,-0.05,17,0,107
1207,2026-02-17T06:47:00,HYPE,3139.51,3707.41,0.466899,30.274,30.275,0.002509,3888.36,170.57,3717.79,112,4058.93,1581.21,441.55,1139.66,45,0,110
1208,2026-02-17T06:47:00,BTC,40.74,51.44,0.537036,68419.0,68420.0,1.090909,0.4,3.1,-2.7,138,3.51,1.12,0.05,1.07,11,1,110
1209,2026-02-17T06:48:00,HYPE,4949.43,4697.07,0.525291,30.284,30.287,0.002418,3477.19,2902.74,574.45,137,6379.93,1861.32,585.93,1275.39,64,0,110
1210,2026-02-17T06:48:00,BTC,38.86,46.63,0.516311,68389.0,68390.0,1.127273,0.15,4.92,-4.77,98,5.07,0.86,0.05,0.81,17,2,110
1211,2026-02-17T06:49:00,HYPE,4434.24,2991.59,0.520234,30.311,30.312,0.002327,932.41,400.58,531.83,81,1332.99,785.69,24.61,761.08,37,0,107
1212,2026-02-17T06:49:00,BTC,47.61,28.93,0.447334,68382.0,68383.0,1.009346,0.04,0.54,-0.5,46,0.58,0.0,0.05,-0.05,12,0,107
1213,2026-02-17T06:50:00,HYPE,4383.36,3528.99,0.473037,30.28,30.281,0.001757,48.74,120.84,-72.1,36,169.58,33.92,1.81,32.11,21,0,107
1214,2026-02-17T06:50:00,BTC,35.26,71.16,0.517704,68380.0,68381.0,1.065421,9.21,2.22,7.0,162,11.43,0.0,0.28,-0.28,9,4,107
1215,2026-02-17T06:51:00,HYPE,3479.22,4134.19,0.504861,30.3,30.303,0.00175,1663.2,117.04,1546.16,59,1780.24,16.35,284.17,-267.82,19,0,108
1216,2026-02-17T06:51:00,BTC,47.56,45.61,0.531128,68382.0,68383.0,1.074074,0.04,2.99,-2.95,81,3.04,0.0,0.05,-0.05,10,0,108
1217,2026-02-17T06:52:00,HYPE,3091.11,3470.55,0.498088,30.313,30.314,0.001807,4221.19,620.63,3600.56,119,4841.82,32.78,429.25,-396.47,20,0,109
1218,2026-02-17T06:52:00,BTC,76.76,18.79,0.619267,68408.0,68409.0,1.091743,0.4,10.32,-9.92,128,10.72,0.11,0.05,0.06,15,6,109
1219,2026-02-17T06:53:00,HYPE,4688.23,3603.55,0.496034,30.355,30.356,0.002153,1171.22,494.59,676.63,87,1665.81,32.36,343.8,-311.44,24,0,111
1220,2026-02-17T06:53:00,BTC,56.69,26.25,0.696334,68413.0,68414.0,1.0,0.58,0.71,-0.13,58,1.3,0.0,0.05,-0.05,9,0,111
1221,2026-02-17T06:54:00,HYPE,4237.63,2301.49,0.496524,30.351,30.352,0.002009,977.77,96.02,881.75,61,1073.79,16.34,293.8,-277.46,18,0,107
1222,2026-02-17T06:54:00,BTC,38.49,42.44,0.572541,68419.0,68420.0,1.056075,1.05,1.17,-0.11,98,2.22,0.0,0.05,-0.05,9,0,107
1223,2026-02-17T06:55:00,HYPE,4031.65,4269.36,0.49927,30.344,30.345,0.001444,312.14,322.55,-10.41,55,634.69,15.95,0.0,15.95,15,0,108
1224,2026-02-17T06:55:00,BTC,52.34,40.39,0.543821,68410.0,68411.0,1.0,0.41,4.55,-4.15,89,4.96,1.1,0.05,1.05,13,2,108
1225,2026-02-17T06:56:00,HYPE,3031.42,4053.2,0.464316,30.309,30.31,0.001899,96.08,7456.86,-7360.78,135,7552.94,618.34,16.6,601.74,23,0,109
1226,2026-02-17T06:56:00,BTC,48.47,29.48,0.505178,68401.0,68402.0,1.036697,0.18,2.11,-1.93,95,2.29,0.16,0.05,0.11,14,0,109
1227,2026-02-17T06:57:00,HYPE,3360.47,2635.43,0.488424,30.315,30.316,0.002064,195.34,1103.61,-908.27,67,1298.95,99.4,3.27,96.13,25,0,109
1228,2026-02-17T06:57:00,BTC,37.25,59.38,0.503703,68394.0,68395.0,1.018349,0.18,0.78,-0.6,55,0.96,0.0,0.01,-0.01,7,0,109
1229,2026-02-17T06:58:00,HYPE,4217.14,4449.36,0.476285,30.273,30.274,0.001514,152.05,2649.37,-2497.32,83,2801.42,352.34,66.92,285.42,23,0,107
1230,2026-02-17T06:58:00,BTC,37.49,58.14,0.411252,68389.0,68390.0,1.0,0.07,0.21,-0.14,61,0.28,0.0,0.01,-0.01,8,0,107
1231,2026-02-17T06:59:00,HYPE,4391.58,5424.54,0.549106,30.267,30.27,0.001798,983.58,509.82,473.76,90,1493.4,43.08,32.59,10.49,27,0,109
1232,2026-02-17T06:59:00,BTC,50.38,35.01,0.582638,68382.0,68383.0,1.036697,0.05,2.12,-2.07,76,2.18,0.0,0.0,0.0,8,1,109
1233,2026-02-17T07:00:00,HYPE,3541.08,3902.91,0.481593,30.25,30.251,0.002138,93.4,118.96,-25.56,43,212.36,66.79,0.0,66.79,19,0,109
1234,2026-02-17T07:00:00,BTC,20.24,79.57,0.499507,68377.0,68378.0,1.0,0.11,0.51,-0.4,48,0.62,0.0,0.01,-0.01,10,0,109
1235,2026-02-17T07:01:00,HYPE,3533.84,4662.11,0.481502,30.258,30.259,0.001486,817.94,606.93,211.01,83,1424.87,67.19,0.0,67.19,20,0,109
1236,2026-02-17T07:01:00,BTC,26.93,79.19,0.498298,68353.0,68354.0,1.110092,0.14,2.02,-1.88,150,2.15,0.0,0.04,-0.04,9,1,109
1237,2026-02-17T07:02:00,HYPE,3804.88,3221.79,0.498342,30.217,30.218,0.00189,297.04,527.61,-230.57,65,824.65,66.82,88.3,-21.48,22,0,109
1238,2026-02-17T07:02:00,BTC,82.69,19.06,0.520283,68339.0,68340.0,1.165138,1.09,3.57,-2.48,89,4.65,0.0,0.01,-0.01,7,1,109
1239,2026-02-17T07:03:00,HYPE,4438.84,3763.67,0.525669,30.235,30.236,0.002259,2751.26,2354.45,396.81,144,5105.71,254.7,1686.21,-1431.51,81,0,108
1240,2026-02-17T07:03:00,BTC,50.01,23.37,0.536046,68349.0,68350.0,1.027778,0.11,0.82,-0.71,64,0.94,0.0,0.01,-0.01,7,0,108
1241,2026-02-17T07:04:00,HYPE,3894.97,3679.66,0.50988,30.251,30.252,0.002224,3343.41,66.99,3276.42,71,3410.4,67.17,385.45,-318.28,22,0,107
1242,2026-02-17T07:04:00,BTC,52.14,23.33,0.497418,68351.0,68352.0,1.130841,0.14,10.02,-9.87,132,10.16,0.24,0.01,0.24,13,4,107
1243,2026-02-17T07:05:00,HYPE,4154.71,3444.88,0.472386,30.252,30.253,0.001748,196.33,566.11,-369.78,53,762.44,91.36,0.04,91.32,20,0,107
1244,2026-02-17T07:05:00,BTC,50.38,22.76,0.681267,68354.0,68355.0,1.056075,0.24,0.4,-0.16,64,0.64,0.0,0.01,-0.01,7,0,107
1245,2026-02-17T07:06:00,HYPE,6993.86,2611.22,0.549583,30.261,30.262,0.001232,553.33,40.13,513.2,56,593.46,128.41,171.0,-42.59,29,0,112
1246,2026-02-17T07:06:00,BTC,49.21,35.06,0.428052,68323.0,68324.0,1.133929,0.05,3.56,-3.51,77,3.61,0.0,0.01,-0.01,7,1,112
1247,2026-02-17T07:07:00,HYPE,4086.06,3984.48,0.476291,30.246,30.247,0.002111,757.89,6664.32,-5906.43,96,7422.21,3649.41,0.0,3649.41,23,1,108
1248,2026-02-17T07:07:00,BTC,49.57,32.62,0.4626,68314.0,68315.0,1.166667,5.33,9.08,-3.74,177,14.41,0.0,0.01,-0.01,12,8,108
1249,2026-02-17T07:08:00,HYPE,3779.71,3624.51,0.537983,30.248,30.256,0.001944,458.3,60.4,397.9,41,518.7,122.65,0.0,122.65,22,0,107
1250,2026-02-17T07:08:00,BTC,40.02,46.92,0.545626,68317.0,68318.0,1.037383,1.53,0.11,1.42,48,1.65,0.0,0.01,-0.01,7,0,107
1251,2026-02-17T07:09:00,HYPE,3327.33,3895.14,0.484453,30.242,30.243,0.001682,70.1,28.9,41.2,32,99.0,66.8,0.44,66.36,18,0,110
1252,2026-02-17T07:09:00,BTC,51.89,23.95,0.524876,68301.0,68302.0,1.127273,0.73,1.0,-0.27,82,1.72,0.02,0.01,0.01,13,1,110
1253,2026-02-17T07:10:00,HYPE,7098.25,3899.49,0.54521,30.208,30.209,0.001236,117.53,424.52,-306.99,51,542.05,192.78,268.24,-75.46,42,0,110
1254,2026-02-17T07:10:00,BTC,45.49,34.58,0.448701,68259.0,68260.0,1.145455,0.31,21.95,-21.64,243,22.25,1.01,0.01,1.01,20,10,110
1255,2026-02-17T07:11:00,HYPE,4386.69,3412.16,0.557979,30.24,30.241,0.002468,3092.91,4460.04,-1367.13,147,7552.95,558.64,3687.81,-3129.17,97,0,111
1256,2026-02-17T07:11:00,BTC,37.24,44.79,0.726023,68292.0,68293.0,1.063063,6.42,0.09,6.33,99,6.5,0.0,0.01,-0.01,9,2,111
1257,2026-02-17T07:12:00,HYPE,2700.48,3096.56,0.498266,30.216,30.217,0.001367,418.62,11.99,406.63,46,430.61,67.16,1.54,65.62,21,0,109
1258,2026-02-17T07:12:00,BTC,30.1,63.24,0.384172,68278.0,68279.0,1.073394,0.35,0.23,0.11,67,0.58,0.0,0.01,-0.01,8,0,109
1259,2026-02-17T07:13:00,HYPE,3535.54,3204.51,0.528934,30.222,30.223,0.002019,97.46,314.27,-216.81,56,411.73,150.44,26.32,124.12,29,0,108
1260,2026-02-17T07:13:00,BTC,33.72,120.66,0.588216,68304.0,68305.0,1.12963,10.49,1.64,8.85,115,12.14,0.0,0.01,-0.01,7,4,108
1261,2026-02-17T07:14:00,HYPE,4226.7,3543.03,0.532695,30.244,30.245,0.001925,4836.46,25.48,4810.98,109,4861.94,66.79,1028.07,-961.28,30,0,107
1262,2026-02-17T07:14:00,BTC,44.28,29.3,0.516796,68299.0,68300.0,1.130841,0.28,0.15,0.13,81,0.43,0.0,0.01,-0.01,8,0,107
1263,2026-02-17T07:15:00,HYPE,2980.39,3858.75,0.49466,30.269,30.27,0.001827,6625.74,136.95,6488.79,140,6762.69,66.81,564.14,-497.33,27,0,110
1264,2026-02-17T07:15:00,BTC,36.11,59.94,0.466454,68289.0,68290.0,1.045455,0.44,1.09,-0.64,113,1.53,0.0,0.01,-0.01,7,0,110
1265,2026-02-17T07:16:00,HYPE,4385.57,4372.99,0.489858,30.266,30.267,0.001459,1119.39,201.0,918.39,56,1320.39,67.19,350.6,-283.41,24,0,111
1266,2026-02-17T07:16:00,BTC,68.9,24.0,0.589981,68274.0,68275.0,1.054054,0.16,0.23,-0.07,82,0.4,0.0,0.01,-0.01,8,0,111
1267,2026-02-17T07:17:00,HYPE,4907.85,3491.07,0.549638,30.279,30.28,0.001755,356.27,67.45,288.82,46,423.72,67.17,65.64,1.53,30,0,110
1268,2026-02-17T07:17:00,BTC,82.16,5.71,0.791912,68292.0,68293.0,1.045455,0.06,0.12,-0.05,70,0.18,0.0,0.01,-0.01,8,0,110
1269,2026-02-17T07:18:00,HYPE,5479.75,3644.57,0.492487,30.287,30.288,0.001486,240.03,375.54,-135.51,68,615.57,66.8,0.2,66.6,24,0,109
1270,2026-02-17T07:18:00,BTC,35.05,78.25,0.637975,68337.0,68338.0,1.137615,6.51,0.95,5.56,214,7.47,0.0,0.21,-0.21,9,2,109
1271,2026-02-17T07:19:00,HYPE,3565.56,4157.34,0.493054,30.275,30.276,0.001586,99.27,243.42,-144.15,43,342.69,67.17,0.59,66.58,22,0,111
1272,2026-02-17T07:19:00,BTC,46.56,39.09,0.457144,68309.0,68310.0,1.018018,0.63,1.54,-0.91,111,2.16,0.21,0.01,0.2,14,0,111
1273,2026-02-17T07:20:00,HYPE,3195.97,2518.05,0.446187,30.225,30.226,0.002761,280.11,1287.41,-1007.3,73,1567.52,83.37,50.26,33.11,24,0,109
1274,2026-02-17T07:20:00,BTC,47.61,47.83,0.485547,68269.0,68270.0,1.036697,0.03,7.41,-7.38,114,7.44,0.76,4.84,-4.08,28,5,109
1275,2026-02-17T07:21:00,HYPE,4042.78,3584.55,0.472419,30.23,30.231,0.001981,81.23,1510.19,-1428.96,110,1591.42,416.4,426.78,-10.38,55,0,107
1276,2026-02-17T07:21:00,BTC,54.57,17.32,0.601471,68287.0,68288.0,1.065421,0.86,2.67,-1.81,104,3.53,0.0,0.01,-0.01,8,1,107
1277,2026-02-17T07:22:00,HYPE,4410.94,3143.14,0.528374,30.215,30.216,0.002321,269.37,1415.05,-1145.68,125,1684.42,128.36,1101.7,-973.34,65,0,109
1278,2026-02-17T07:22:00,BTC,83.02,3.32,0.653967,68289.0,68290.0,1.220183,1.0,0.12,0.88,81,1.12,0.0,0.0,0.0,6,0,109
1279,2026-02-17T07:23:00,HYPE,3377.12,3621.07,0.53854,30.228,30.23,0.002342,379.35,1211.9,-832.55,136,1591.25,295.18,1180.55,-885.37,99,0,111
1280,2026-02-17T07:23:00,BTC,41.6,44.05,0.650692,68288.0,68289.0,1.081081,0.08,0.86,-0.78,71,0.94,0.0,0.01,-0.01,10,0,111
1281,2026-02-17T07:24:00,HYPE,4325.7,4139.93,0.484648,30.231,30.232,0.002685,409.69,7494.3,-7084.61,171,7903.99,735.36,129.46,605.9,40,0,108
1282,2026-02-17T07:24:00,BTC,51.44,41.79,0.546128,68260.0,68261.0,1.037037,0.37,0.97,-0.6,78,1.34,0.0,0.01,-0.01,8,0,108
1283,2026-02-17T07:25:00,HYPE,3025.72,2814.77,0.435195,30.243,30.244,0.001689,261.22,203.29,57.93,47,464.51,114.69,176.9,-62.21,33,0,106
1284,2026-02-17T07:25:00,BTC,74.01,13.7,0.746313,68269.0,68270.0,1.037736,0.53,1.99,-1.46,65,2.52,0.0,0.01,-0.01,7,0,106
1285,2026-02-17T07:26:00,HYPE,3315.6,2973.27,0.466993,30.2,30.201,0.001528,156.19,2056.47,-1900.28,98,2212.66,336.75,243.22,93.53,37,0,108
1286,2026-02-17T07:26:00,BTC,42.27,44.17,0.466215,68225.0,68226.0,1.046296,0.08,9.44,-9.36,158,9.53,0.72,0.01,0.71,15,6,108
1287,2026-02-17T07:27:00,HYPE,3873.95,4672.88,0.519766,30.202,30.203,0.002229,876.74,6669.76,-5793.02,206,7546.5,1066.9,854.87,212.03,65,0,109
1288,2026-02-17T07:27:00,BTC,25.96,76.04,0.454838,68216.0,68217.0,1.110092,2.32,0.86,1.46,229,3.18,0.19,0.24,-0.05,16,1,109
1289,2026-02-17T07:28:00,HYPE,3601.17,3364.34,0.551786,30.176,30.177,0.002422,377.04,932.04,-555.0,85,1309.08,118.63,586.03,-467.4,50,0,109
1290,2026-02-17T07:28:00,BTC,46.38,48.87,0.395834,68189.0,68190.0,1.091743,4.03,1.27,2.76,112,5.3,0.0,0.0,0.0,7,1,109
1291,2026-02-17T07:29:00,HYPE,5538.82,2445.53,0.544763,30.152,30.153,0.002435,113.09,1353.1,-1240.01,99,1466.19,66.79,584.3,-517.51,51,0,108
1292,2026-02-17T07:29:00,BTC,55.27,25.05,0.601798,68187.0,68188.0,1.037037,4.37,0.56,3.81,127,4.92,0.0,0.01,-0.01,9,1,108
1293,2026-02-17T07:30:00,HYPE,3838.03,2365.22,0.542175,30.14,30.142,0.001936,2938.5,1758.33,1180.17,136,4696.83,74.63,1247.23,-1172.6,46,0,109
1294,2026-02-17T07:30:00,BTC,47.51,17.13,0.557772,68178.0,68179.0,1.018349,1.04,6.57,-5.53,140,7.61,0.0,0.01,-0.01,8,3,109
1295,2026-02-17T07:31:00,HYPE,4849.8,4337.86,0.553584,30.141,30.143,0.002955,550.27,2213.42,-1663.15,253,2763.69,192.92,632.66,-439.74,77,0,110
1296,2026-02-17T07:31:00,BTC,32.12,51.64,0.639129,68178.0,68179.0,1.136364,5.28,0.26,5.02,120,5.54,0.0,0.0,0.0,6,3,110
1297,2026-02-17T07:32:00,HYPE,5145.58,3138.76,0.532022,30.114,30.119,0.002073,173.96,1759.64,-1585.68,242,1933.6,191.18,604.21,-413.03,65,0,109
1298,2026-02-17T07:32:00,BTC,90.15,18.25,0.517585,68147.0,68148.0,1.036697,0.33,14.99,-14.67,239,15.32,0.0,0.01,-0.01,8,3,109
1299,2026-02-17T07:33:00,HYPE,3811.69,3273.8,0.544201,30.132,30.137,0.003312,98.58,434.42,-335.84,68,533.0,66.86,355.66,-288.8,44,0,109
1300,2026-02-17T07:33:00,BTC,54.41,13.14,0.682202,68208.0,68209.0,1.082569,2.06,3.64,-1.58,176,5.7,0.0,0.01,0.0,9,2,109
1301,2026-02-17T07:34:00,HYPE,3442.7,3234.29,0.579807,30.133,30.134,0.001888,364.01,327.58,36.43,65,691.59,141.97,71.35,70.62,29,0,107
1302,2026-02-17T07:34:00,BTC,50.92,37.57,0.453051,68198.0,68199.0,1.158879,6.96,3.52,3.43,132,10.48,0.25,0.01,0.24,10,3,107
1303,2026-02-17T07:35:00,HYPE,2680.01,3327.47,0.520508,30.123,30.131,0.001618,1852.75,163.49,1689.26,85,2016.24,216.81,388.55,-171.74,39,0,110
1304,2026-02-17T07:35:00,BTC,23.0,77.5,0.491469,68205.0,68206.0,1.036364,0.94,0.07,0.86,95,1.01,0.25,0.0,0.25,28,0,110
1305,2026-02-17T07:36:00,HYPE,4403.05,3623.06,0.558582,30.124,30.125,0.002944,270.68,625.05,-354.37,79,895.73,141.62,123.77,17.85,34,0,108
1306,2026-02-17T07:36:00,BTC,44.61,39.25,0.465535,68204.0,68205.0,1.0,3.71,1.97,1.74,73,5.67,0.78,0.23,0.55,10,2,108
1307,2026-02-17T07:37:00,HYPE,4688.83,2601.49,0.568378,30.122,30.129,0.002037,894.3,636.5,257.8,75,1530.8,476.64,809.64,-333.0,41,0,109
1308,2026-02-17T07:37:00,BTC,34.37,41.37,0.616034,68227.0,68228.0,1.036697,1.57,2.03,-0.46,89,3.6,1.31,0.0,1.31,34,0,109
1309,2026-02-17T07:38:00,HYPE,2079.69,3585.76,0.512153,30.183,30.188,0.002459,1615.25,416.89,1198.36,106,2032.14,886.83,997.68,-110.85,62,0,109
1310,2026-02-17T07:38:01,BTC,77.21,6.98,0.663626,68353.0,68354.0,1.220183,21.96,9.47,12.49,459,31.43,19.81,11.53,8.28,139,18,109
1311,2026-02-17T07:39:00,HYPE,3529.81,3265.57,0.462804,30.176,30.177,0.00271,1333.5,166.66,1166.84,67,1500.16,911.87,403.84,508.03,45,0,107
1312,2026-02-17T07:39:00,BTC,29.86,63.5,0.483436,68374.0,68375.0,1.233645,9.24,5.0,4.24,261,14.24,1.44,0.22,1.22,24,8,107
1313,2026-02-17T07:40:00,HYPE,3205.76,4109.72,0.46325,30.194,30.198,0.002275,4141.46,177.52,3963.94,117,4318.98,886.48,325.5,560.98,56,0,109
1314,2026-02-17T07:40:00,BTC,43.97,43.23,0.671645,68432.0,68433.0,1.192661,6.41,3.11,3.31,304,9.52,1.32,0.23,1.09,61,3,109
1315,2026-02-17T07:41:00,HYPE,3284.41,4424.47,0.437336,30.219,30.223,0.001537,1037.56,138.84,898.72,65,1176.4,919.25,347.81,571.44,51,0,108
1316,2026-02-17T07:41:00,BTC,54.62,11.62,0.647201,68438.0,68439.0,1.222222,2.57,2.26,0.31,163,4.84,1.42,0.0,1.42,43,2,108
1317,2026-02-17T07:42:00,HYPE,2499.12,4226.63,0.496035,30.24,30.242,0.001727,3109.68,226.87,2882.81,111,3336.55,919.9,993.69,-73.79,62,0,110
1318,2026-02-17T07:42:00,BTC,62.43,15.8,0.508367,68421.0,68422.0,1.036364,2.62,1.96,0.67,89,4.58,1.31,0.03,1.28,13,1,110
1319,2026-02-17T07:43:00,HYPE,3064.27,3324.31,0.413472,30.145,30.147,0.001844,2074.33,9124.31,-7049.98,230,11198.64,1676.7,221.61,1455.09,63,1,109
1320,2026-02-17T07:43:00,BTC,23.62,98.69,0.509449,68407.0,68408.0,1.073394,1.41,0.26,1.14,86,1.67,1.31,0.0,1.31,11,0,109
1321,2026-02-17T07:44:00,HYPE,7890.98,6540.72,0.37028,30.129,30.13,0.002156,1535.41,2328.84,-793.43,128,3864.25,1230.56,50.42,1180.14,39,0,109
1322,2026-02-17T07:44:00,BTC,42.32,23.69,0.475686,68393.0,68394.0,1.055046,3.38,2.52,0.86,104,5.9,1.31,0.0,1.31,16,1,109
1323,2026-02-17T07:45:00,HYPE,4048.54,4311.49,0.518823,30.156,30.159,0.001853,4378.91,552.09,3826.82,119,4931.0,946.19,50.42,895.77,49,1,109
1324,2026-02-17T07:45:00,BTC,29.82,78.47,0.412478,68379.0,68380.0,1.458716,1.44,102.33,-100.89,261,103.77,8.63,0.0,8.63,22,50,109
1325,2026-02-17T07:46:00,HYPE,2980.38,3957.73,0.470084,30.091,30.095,0.002426,1852.48,2241.61,-389.13,222,4094.09,1166.52,336.84,829.68,56,0,108
1326,2026-02-17T07:46:00,BTC,18.67,95.43,0.336384,68353.0,68354.0,1.083333,2.05,0.16,1.9,112,2.21,1.31,0.11,1.2,11,1,108
1327,2026-02-17T07:47:00,HYPE,4372.7,4630.51,0.460497,30.087,30.097,0.002691,1136.07,3661.99,-2525.92,213,4798.06,1208.07,630.84,577.23,59,0,110
1328,2026-02-17T07:47:00,BTC,39.7,59.44,0.37824,68364.0,68365.0,1.081818,2.3,0.08,2.22,104,2.38,1.31,0.0,1.31,18,0,110
1329,2026-02-17T07:48:00,HYPE,7396.84,3453.78,0.513581,30.039,30.044,0.003455,3527.4,6090.8,-2563.4,651,9618.2,1176.84,303.55,873.29,76,0,110
1330,2026-02-17T07:48:00,BTC,33.18,72.57,0.499621,68414.0,68415.0,1.1,2.62,0.66,1.96,157,3.29,1.31,0.0,1.31,52,0,110
1331,2026-02-17T07:49:00,HYPE,6443.28,5728.59,0.570957,30.022,30.025,0.002775,1758.61,1920.25,-161.64,192,3678.86,1693.67,129.65,1564.02,62,0,111
1332,2026-02-17T07:49:00,BTC,42.16,63.23,0.451442,68388.0,68389.0,1.144144,1.48,0.21,1.27,94,1.69,1.31,0.07,1.24,26,0,111
1333,2026-02-17T07:50:00,HYPE,4744.9,3959.19,0.513781,30.072,30.078,0.003556,2548.61,640.75,1907.86,130,3189.36,1003.07,974.87,28.2,75,0,108
1334,2026-02-17T07:50:00,BTC,28.39,87.84,0.358459,68408.0,68409.0,1.092593,3.2,1.27,1.94,166,4.47,1.31,0.09,1.22,29,1,108
1335,2026-02-17T07:51:00,HYPE,3495.92,3139.28,0.498099,30.087,30.088,0.002598,955.92,1014.53,-58.61,92,1970.45,974.65,251.77,722.88,48,0,107
1336,2026-02-17T07:51:00,BTC,55.33,20.92,0.390336,68427.0,68428.0,1.037383,1.63,0.6,1.02,74,2.23,1.31,0.0,1.31,19,1,107
1337,2026-02-17T07:52:00,HYPE,4265.68,3714.14,0.442209,30.089,30.093,0.002118,1838.14,272.31,1565.83,89,2110.45,957.27,23.76,933.51,48,0,110
1338,2026-02-17T07:52:00,BTC,48.77,31.96,0.325068,68415.0,68416.0,1.009091,3.65,3.53,0.12,81,7.18,1.31,0.0,1.31,13,2,110
1339,2026-02-17T07:53:00,HYPE,3561.28,5518.6,0.459239,30.094,30.095,0.001713,3268.31,3153.39,114.92,131,6421.7,2912.38,74.92,2837.46,49,0,108
1340,2026-02-17T07:53:00,BTC,34.56,68.56,0.470095,68443.0,68444.0,1.083333,1.67,0.05,1.63,116,1.72,1.31,0.06,1.25,27,0,108
1341,2026-02-17T07:54:00,HYPE,5846.89,4716.74,0.524675,30.099,30.101,0.00213,1088.8,365.58,723.22,73,1454.38,921.78,0.38,921.4,31,0,108
1342,2026-02-17T07:54:00,BTC,34.1,84.25,0.390959,68422.0,68423.0,1.101852,2.2,0.18,2.02,85,2.37,1.31,0.0,1.31,9,0,108
1343,2026-02-17T07:55:00,HYPE,2889.69,5488.06,0.511672,30.123,30.125,0.001743,1217.47,27.6,1189.87,57,1245.07,922.68,98.76,823.92,40,0,109
1344,2026-02-17T07:55:00,BTC,42.2,59.86,0.407177,68424.0,68425.0,1.009174,1.43,0.11,1.32,58,1.54,1.31,0.0,1.31,13,0,109
1345,2026-02-17T07:56:00,HYPE,4119.74,5397.57,0.44998,30.146,30.153,0.002791,983.93,94.47,889.46,68,1078.4,920.92,41.82,879.1,49,0,110
1346,2026-02-17T07:56:00,BTC,41.52,61.11,0.361447,68418.0,68419.0,1.0,1.59,0.09,1.49,75,1.68,1.31,0.0,1.31,11,0,110
1347,2026-02-17T07:57:00,HYPE,2643.8,4167.58,0.432081,30.144,30.146,0.003694,1404.2,723.64,680.56,101,2127.84,1038.99,101.73,937.26,55,0,108
1348,2026-02-17T07:57:00,BTC,26.07,77.12,0.261164,68414.0,68415.0,1.0,1.52,0.2,1.32,49,1.72,1.31,0.0,1.31,10,0,108
1349,2026-02-17T07:58:00,HYPE,2698.32,4445.65,0.450106,30.13,30.135,0.002145,1170.32,162.62,1007.7,80,1332.94,918.58,187.0,731.58,45,0,110
1350,2026-02-17T07:58:00,BTC,32.73,72.08,0.285697,68376.0,68377.0,1.063636,9.26,6.3,2.96,147,15.57,1.31,0.44,0.88,24,5,110
1351,2026-02-17T07:59:00,HYPE,4728.28,4634.99,0.45677,30.126,30.127,0.001917,1250.3,1310.82,-60.52,81,2561.12,946.25,271.06,675.19,35,0,108
1352,2026-02-17T07:59:00,BTC,32.33,67.3,0.262934,68363.0,68364.0,1.037037,8.94,3.51,5.44,113,12.45,1.31,0.11,1.2,13,7,108
1353,2026-02-17T08:00:00,HYPE,3438.56,3748.59,0.511871,30.119,30.12,0.002713,1037.43,749.25,288.18,90,1786.68,1054.61,8.3,1046.31,44,0,108
1354,2026-02-17T08:00:00,BTC,38.68,27.08,0.308654,68355.0,68356.0,1.074074,2.97,0.05,2.92,78,3.02,1.31,0.0,1.31,13,1,108
1355,2026-02-17T08:01:00,HYPE,3434.98,4907.59,0.475909,30.151,30.157,0.00225,1597.37,215.25,1382.12,100,1812.62,1031.53,133.71,897.82,49,0,108
1356,2026-02-17T08:01:00,BTC,113.84,16.38,0.485754,68392.0,68393.0,1.092593,1.76,1.0,0.76,158,2.77,1.31,0.0,1.31,13,0,108
1357,2026-02-17T08:02:00,HYPE,3848.47,5817.09,0.473388,30.161,30.162,0.002147,1146.77,609.34,537.43,128,1756.11,1045.13,85.03,960.1,67,0,109
1358,2026-02-17T08:02:00,BTC,129.67,22.01,0.547779,68430.0,68431.0,1.174312,3.48,0.26,3.22,142,3.74,1.31,0.11,1.2,16,1,109
1359,2026-02-17T08:03:00,HYPE,3902.66,6764.65,0.476378,30.183,30.185,0.002877,13515.76,430.61,13085.15,239,13946.37,1034.88,843.64,191.24,63,1,106
1360,2026-02-17T08:03:00,BTC,26.34,108.88,0.461348,68396.0,68397.0,1.245283,4.04,2.11,1.93,176,6.15,1.31,0.0,1.31,22,0,106
1361,2026-02-17T08:04:00,HYPE,3657.09,4203.59,0.467744,30.196,30.2,0.002393,1868.6,434.84,1433.76,118,2303.44,1028.82,417.31,611.51,53,0,107
1362,2026-02-17T08:04:00,BTC,36.91,53.65,0.473911,68393.0,68394.0,1.056075,3.01,1.56,1.45,99,4.57,1.36,0.0,1.36,16,3,107
1363,2026-02-17T08:05:00,HYPE,2882.48,3493.38,0.468167,30.212,30.217,0.002606,2108.83,327.41,1781.42,103,2436.24,1034.04,127.17,906.87,52,0,109
1364,2026-02-17T08:05:00,BTC,41.25,64.3,0.429615,68405.0,68406.0,1.036697,2.48,1.61,0.88,105,4.09,1.31,0.01,1.3,27,1,109
1365,2026-02-17T08:06:00,HYPE,2397.61,4340.55,0.435269,30.189,30.191,0.001691,1147.48,280.62,866.86,107,1428.1,1025.74,54.33,971.41,63,0,110
1366,2026-02-17T08:06:00,BTC,59.81,31.83,0.485409,68379.0,68380.0,1.018182,1.83,1.61,0.23,110,3.44,1.44,0.0,1.44,13,0,110
1367,2026-02-17T08:07:00,HYPE,4426.12,4262.77,0.480162,30.19,30.191,0.003176,2420.55,10563.81,-8143.26,229,12984.36,3420.81,0.0,3420.81,77,0,108
1368,2026-02-17T08:07:00,BTC,40.82,63.7,0.448301,68373.0,68374.0,1.083333,0.13,0.52,-0.39,64,0.64,0.0,0.0,0.0,4,0,108
1369,2026-02-17T08:08:00,HYPE,3439.11,3462.77,0.427845,30.169,30.17,0.002112,441.1,255.79,185.31,61,696.89,207.59,0.0,207.59,27,0,107
1370,2026-02-17T08:08:00,BTC,42.3,81.91,0.4952,68357.0,68358.0,1.158879,0.42,0.96,-0.54,90,1.37,0.12,0.0,0.12,14,0,107
1371,2026-02-17T08:09:00,HYPE,3510.01,3904.24,0.457392,30.208,30.209,0.002869,982.17,108.28,873.89,95,1090.45,244.58,7.25,237.33,41,0,107
1372,2026-02-17T08:09:00,BTC,58.59,26.81,0.52183,68439.0,68440.0,1.186916,4.05,0.38,3.67,171,4.42,0.0,0.01,-0.01,6,1,107
1373,2026-02-17T08:10:00,HYPE,3722.2,3299.7,0.475435,30.17,30.171,0.002435,277.31,742.73,-465.42,68,1020.04,486.84,22.89,463.95,32,0,108
1374,2026-02-17T08:10:00,BTC,48.86,34.28,0.413797,68390.0,68391.0,1.074074,0.32,0.86,-0.55,99,1.18,0.0,0.0,0.0,2,0,108
1375,2026-02-17T08:11:00,HYPE,2890.23,3532.86,0.430499,30.189,30.194,0.004037,672.95,2.49,670.46,77,675.44,206.87,122.83,84.04,44,0,108
1376,2026-02-17T08:11:00,BTC,28.55,114.73,0.507644,68387.0,68388.0,1.111111,0.13,0.62,-0.49,93,0.75,0.0,0.0,0.0,4,0,108
1377,2026-02-17T08:12:00,HYPE,2549.9,6087.69,0.404096,30.204,30.205,0.002918,374.54,159.22,215.32,70,533.76,211.89,47.64,164.25,38,0,110
1378,2026-02-17T08:12:00,BTC,48.6,30.49,0.515294,68422.0,68423.0,1.063636,0.52,0.2,0.31,86,0.72,0.0,0.0,0.0,4,0,110
1379,2026-02-17T08:13:00,HYPE,2171.52,4481.24,0.430493,30.177,30.178,0.002231,731.19,150.89,580.3,66,882.08,214.72,179.86,34.86,31,0,108
1380,2026-02-17T08:13:00,BTC,35.41,96.68,0.522008,68423.0,68424.0,1.027778,0.47,0.88,-0.41,99,1.35,0.0,0.0,0.0,2,0,108
1381,2026-02-17T08:14:00,HYPE,3810.39,3029.38,0.421255,30.155,30.156,0.00182,344.19,920.52,-576.33,84,1264.71,208.12,20.75,187.37,36,0,111
1382,2026-02-17T08:14:00,BTC,51.14,22.97,0.364628,68380.0,68381.0,1.144144,0.07,4.91,-4.84,100,4.97,0.0,0.0,0.0,4,1,111
1383,2026-02-17T08:15:00,HYPE,3399.47,4197.57,0.473867,30.141,30.146,0.002,363.6,423.37,-59.77,65,786.97,245.53,56.91,188.62,36,0,107
1384,2026-02-17T08:15:00,BTC,44.82,69.33,0.394857,68358.0,68359.0,1.084112,0.55,3.57,-3.02,103,4.11,0.0,0.0,0.0,3,0,107
1385,2026-02-17T08:16:00,HYPE,2488.45,4141.73,0.472085,30.171,30.174,0.001982,422.35,257.35,165.0,59,679.7,212.09,34.25,177.84,37,0,110
1386,2026-02-17T08:16:00,BTC,37.39,65.38,0.372076,68329.0,68330.0,1.263636,100.87,6.85,94.01,336,107.72,0.0,0.57,-0.57,7,46,110
1387,2026-02-17T08:17:00,HYPE,3745.63,2550.47,0.438626,30.176,30.183,0.001394,271.48,70.14,201.34,47,341.62,212.46,30.43,182.03,35,0,109
1388,2026-02-17T08:17:00,BTC,33.96,55.86,0.506123,68300.0,68301.0,1.055046,1.33,1.33,0.0,137,2.66,0.01,0.0,0.01,6,1,109
1389,2026-02-17T08:18:00,HYPE,3354.93,3367.65,0.435731,30.15,30.155,0.00175,1584.49,273.11,1311.38,81,1857.6,210.15,75.96,134.19,33,0,108
1390,2026-02-17T08:18:00,BTC,29.47,50.85,0.398157,68254.0,68255.0,1.861111,2.88,195.76,-192.89,715,198.64,16.92,190.62,-173.7,570,123,108
1391,2026-02-17T08:19:00,HYPE,3005.38,43967.2,0.368279,30.069,30.08,0.00411,13776.2,40154.35,-26378.15,1317,53930.55,11689.59,27716.35,-16026.76,358,3,109
1392,2026-02-17T08:19:00,BTC,35.19,48.21,0.48939,68258.0,68259.0,1.082569,1.77,0.51,1.26,140,2.27,0.14,0.0,0.14,3,1,109
1393,2026-02-17T08:20:00,HYPE,2932.13,4896.4,0.384204,30.047,30.048,0.002769,697.69,503.02,194.67,73,1200.71,230.52,488.78,-258.26,36,0,108
1394,2026-02-17T08:20:00,BTC,36.5,41.83,0.385943,68255.0,68256.0,1.111111,0.79,0.14,0.65,89,0.93,0.0,0.0,0.0,4,0,108
1395,2026-02-17T08:21:00,HYPE,3151.91,43118.49,0.335284,30.041,30.046,0.002259,937.5,8492.21,-7554.71,189,9429.71,980.48,7874.51,-6894.03,123,0,108
1396,2026-02-17T08:21:00,BTC,40.53,54.36,0.381799,68268.0,68269.0,1.101852,0.18,2.09,-1.9,159,2.27,0.0,0.0,0.0,4,1,108
1397,2026-02-17T08:22:00,HYPE,5148.54,40015.45,0.084468,30.049,30.05,0.001037,671.55,360.98,310.57,86,1032.53,275.34,561.95,-286.61,64,0,107
1398,2026-02-17T08:22:00,BTC,80.05,20.12,0.51203,68283.0,68284.0,1.028037,1.39,0.32,1.07,116,1.7,0.0,0.0,0.0,4,0,107
1399,2026-02-17T08:23:00,HYPE,5903.42,2309.87,0.366763,30.087,30.09,0.001716,1527.65,628.88,898.77,99,2156.53,323.22,186.94,136.28,46,0,109
1400,2026-02-17T08:23:00,BTC,43.1,44.95,0.531044,68289.0,68290.0,1.045872,1.13,0.12,1.01,102,1.25,0.0,0.0,0.0,3,0,109
1401,2026-02-17T08:24:00,HYPE,2144.28,4053.39,0.481467,30.09,30.091,0.001364,263.72,6.82,256.9,49,270.54,209.48,77.02,132.46,42,0,107
1402,2026-02-17T08:24:00,BTC,46.77,38.74,0.479756,68297.0,68298.0,1.046729,0.6,0.02,0.58,98,0.62,0.0,0.0,0.0,4,0,107
1403,2026-02-17T08:25:00,HYPE,3854.28,3709.42,0.477553,30.016,30.017,0.003462,401.94,4936.0,-4534.06,140,5337.94,503.81,2957.41,-2453.6,68,0,106
1404,2026-02-17T08:25:00,BTC,23.48,70.88,0.341476,68268.0,68269.0,1.150943,0.45,0.4,0.05,74,0.86,0.0,0.0,0.0,3,0,106
1405,2026-02-17T08:26:00,HYPE,3147.49,3709.48,0.529024,30.112,30.114,0.002881,3618.16,2189.56,1428.6,254,5807.72,1026.57,1940.58,-914.01,98,0,109
1406,2026-02-17T08:26:00,BTC,38.08,41.82,0.491088,68271.0,68272.0,1.091743,0.33,3.37,-3.04,115,3.71,0.0,0.0,0.0,4,0,109
1407,2026-02-17T08:27:00,HYPE,3085.02,3510.12,0.451671,30.1,30.101,0.00213,690.37,620.04,70.33,112,1310.41,347.43,103.13,244.3,46,0,108
1408,2026-02-17T08:27:00,BTC,32.17,64.29,0.439821,68254.0,68255.0,1.064815,1.71,0.2,1.52,62,1.91,0.0,0.0,0.0,4,1,108
1409,2026-02-17T08:28:00,HYPE,3164.0,3669.88,0.454325,30.107,30.108,0.001528,304.37,84.41,219.96,56,388.78,243.78,2.07,241.71,38,0,108
1410,2026-02-17T08:28:00,BTC,40.86,37.95,0.485444,68255.0,68256.0,1.046296,0.14,0.52,-0.38,56,0.66,0.0,0.0,0.0,5,0,108
1411,2026-02-17T08:29:00,HYPE,3818.63,2807.5,0.493388,30.127,30.128,0.001284,376.79,266.11,110.68,90,642.9,238.82,0.38,238.44,39,0,109
1412,2026-02-17T08:29:00,BTC,34.53,47.21,0.431221,68261.0,68262.0,1.0,2.41,0.3,2.1,64,2.71,0.0,0.07,-0.07,4,1,109
1413,2026-02-17T08:30:00,HYPE,3634.63,4637.78,0.438006,30.096,30.097,0.001518,291.2,80.21,210.99,76,371.41,236.06,43.89,192.17,37,0,110
1414,2026-02-17T08:30:00,BTC,48.75,24.33,0.388893,68255.0,68256.0,1.081818,2.68,14.92,-12.23,132,17.6,0.11,0.01,0.11,7,14,110
1415,2026-02-17T08:31:00,HYPE,3779.62,2182.01,0.485083,30.123,30.124,0.001598,372.57,730.4,-357.83,92,1102.97,236.56,47.39,189.17,48,0,107
1416,2026-02-17T08:31:00,BTC,74.91,31.63,0.64881,68298.0,68299.0,1.056075,4.04,1.19,2.85,158,5.24,0.0,0.32,-0.32,10,2,107
1417,2026-02-17T08:32:00,HYPE,2533.47,4028.78,0.429116,30.109,30.11,0.001743,284.32,178.79,105.53,79,463.11,238.99,10.7,228.29,44,0,109
1418,2026-02-17T08:32:00,BTC,39.3,53.76,0.385837,68296.0,68297.0,1.055046,2.17,1.8,0.37,84,3.97,0.0,1.5,-1.5,4,2,109
1419,2026-02-17T08:33:00,HYPE,2937.76,4324.32,0.419718,30.115,30.116,0.001211,398.96,164.76,234.2,88,563.72,257.48,91.18,166.3,45,0,109
1420,2026-02-17T08:33:00,BTC,2.74,148.01,0.416639,68305.0,68306.0,1.036697,0.56,5.23,-4.66,103,5.79,0.0,0.0,0.0,4,3,109
1421,2026-02-17T08:34:00,HYPE,2295.24,3821.22,0.381712,30.066,30.068,0.001269,270.97,442.29,-171.32,90,713.26,269.48,10.71,258.77,36,0,108
1422,2026-02-17T08:34:00,BTC,32.15,76.2,0.220594,68247.0,68248.0,1.074074,0.48,8.81,-8.33,118,9.29,0.0,0.0,0.0,4,5,108
1423,2026-02-17T08:35:00,HYPE,2367.18,3161.44,0.457034,30.07,30.071,0.001294,632.94,130.08,502.86,77,763.02,241.86,10.7,231.16,40,0,109
1424,2026-02-17T08:35:00,BTC,10.49,112.66,0.388069,68249.0,68250.0,1.082569,0.14,0.03,0.11,48,0.17,0.0,0.0,0.0,4,0,109
1425,2026-02-17T08:36:00,HYPE,3171.71,4115.9,0.389201,30.053,30.054,0.001528,252.62,261.0,-8.38,92,513.62,235.24,57.02,178.22,51,0,108
1426,2026-02-17T08:36:00,BTC,32.69,51.33,0.438357,68237.0,68238.0,1.101852,6.31,4.67,1.63,142,10.98,0.0,4.56,-4.56,34,4,108
1427,2026-02-17T08:37:00,HYPE,1635.09,4173.84,0.432935,29.977,29.983,0.002495,381.55,1951.66,-1570.11,129,2333.21,309.82,49.81,260.01,37,0,109
1428,2026-02-17T08:37:00,BTC,69.37,34.76,0.358023,68114.0,68120.0,1.743119,2.09,12.18,-10.08,538,14.27,0.65,0.0,0.65,7,4,109
1429,2026-02-17T08:38:00,HYPE,5375.81,4172.95,0.473012,29.904,29.91,0.003664,872.41,14067.54,-13195.13,796,14939.95,1442.75,6950.63,-5507.88,192,1,110
1430,2026-02-17T08:38:00,BTC,41.85,43.81,0.478638,68140.0,68141.0,1.045455,1.09,1.17,-0.09,108,2.26,0.0,0.02,-0.02,3,0,110
1431,2026-02-17T08:39:00,HYPE,4160.45,3800.21,0.506151,29.878,29.879,0.003252,2665.18,10923.41,-8258.23,450,13588.59,1844.35,6699.1,-4854.75,230,0,111
1432,2026-02-17T08:39:00,BTC,41.08,44.6,0.498277,68163.0,68164.0,1.072072,2.52,1.18,1.33,127,3.7,0.0,0.87,-0.87,8,1,111
1433,2026-02-17T08:40:00,HYPE,3400.11,5562.15,0.515559,29.868,29.875,0.002596,2191.87,7230.98,-5039.11,297,9422.85,1298.25,6905.66,-5607.41,209,0,109
1434,2026-02-17T08:40:00,BTC,28.29,74.03,0.450417,68146.0,68147.0,1.06422,0.83,1.13,-0.3,149,1.95,0.0,0.14,-0.14,7,1,109
1435,2026-02-17T08:41:00,HYPE,4006.11,3559.77,0.462088,29.842,29.843,0.003187,1013.47,12337.74,-11324.27,354,13351.21,2302.95,6951.21,-4648.26,176,1,107
1436,2026-02-17T08:41:00,BTC,61.83,40.52,0.401945,68139.0,68140.0,1.065421,0.33,0.72,-0.38,94,1.05,0.0,0.0,0.0,6,0,107
1437,2026-02-17T08:42:00,HYPE,3379.76,3448.68,0.489798,29.832,29.837,0.00411,6893.43,16140.97,-9247.54,590,23034.4,2302.2,10934.82,-8632.62,379,0,109
1438,2026-02-17T08:42:00,BTC,58.32,31.6,0.477466,68142.0,68143.0,1.091743,2.01,2.21,-0.2,80,4.22,0.0,0.35,-0.35,11,1,109
1439,2026-02-17T08:43:00,HYPE,3240.88,4290.29,0.486655,29.815,29.816,0.003891,2492.15,14481.86,-11989.71,402,16974.01,2399.74,7162.31,-4762.57,168,1,110
1440,2026-02-17T08:43:00,BTC,55.87,36.4,0.463416,68136.0,68137.0,1.109091,0.23,1.74,-1.51,122,1.98,0.0,0.01,-0.01,5,0,110
1441,2026-02-17T08:44:00,HYPE,3674.49,3438.35,0.508067,29.814,29.815,0.003925,2157.75,8091.66,-5933.91,284,10249.41,1490.13,7335.37,-5845.24,141,0,107
1442,2026-02-17T08:44:00,BTC,43.25,39.99,0.581396,68149.0,68150.0,1.028037,0.57,2.36,-1.79,109,2.93,0.0,0.32,-0.32,19,0,107
1443,2026-02-17T08:45:00,HYPE,4458.9,4415.9,0.487287,29.808,29.811,0.003431,1351.03,8415.19,-7064.16,296,9766.22,730.38,7527.54,-6797.16,138,1,109
1444,2026-02-17T08:45:00,BTC,32.34,57.43,0.497892,68190.0,68191.0,1.045872,3.79,0.41,3.38,142,4.2,0.0,0.1,-0.1,4,2,109
1445,2026-02-17T08:46:00,HYPE,6897.91,4426.57,0.477554,29.791,29.792,0.002541,971.18,7703.87,-6732.69,274,8675.05,1435.12,7096.17,-5661.05,148,0,111
1446,2026-02-17T08:46:00,BTC,34.13,54.74,0.456928,68190.0,68191.0,1.054054,0.52,1.04,-0.52,109,1.56,0.0,0.0,0.0,4,0,111
1447,2026-02-17T08:47:00,HYPE,3341.94,6848.96,0.556522,29.772,29.78,0.003128,6832.17,8266.74,-1434.57,472,15098.91,1348.05,8318.25,-6970.2,275,1,109
1448,2026-02-17T08:47:00,BTC,58.42,27.17,0.560051,68223.0,68224.0,1.302752,0.72,0.08,0.64,118,0.8,0.0,0.19,-0.19,5,0,109
1449,2026-02-17T08:48:00,HYPE,2843.79,4627.75,0.523677,29.789,29.79,0.003092,4072.29,4685.49,-613.2,273,8757.78,300.91,4543.86,-4242.95,97,1,109
1450,2026-02-17T08:48:00,BTC,54.07,31.07,0.403145,68203.0,68204.0,1.045872,0.82,0.07,0.75,63,0.89,0.0,0.0,0.0,3,0,109
1451,2026-02-17T08:49:00,HYPE,4804.3,4448.36,0.483454,29.837,29.841,0.002541,1672.77,1306.57,366.2,167,2979.34,276.22,1146.51,-870.29,74,0,111
1452,2026-02-17T08:49:00,BTC,51.54,34.64,0.453507,68201.0,68202.0,1.099099,0.29,0.23,0.06,81,0.51,0.0,0.05,-0.05,6,0,111
1453,2026-02-17T08:50:00,HYPE,4252.8,5868.58,0.50846,29.837,29.838,0.002505,1035.84,1022.89,12.95,101,2058.73,285.41,1101.21,-815.8,54,0,107
1454,2026-02-17T08:50:00,BTC,27.02,57.8,0.364217,68182.0,68183.0,1.065421,0.3,0.19,0.11,61,0.48,0.0,0.05,-0.05,5,0,107
1455,2026-02-17T08:51:00,HYPE,5629.44,4132.16,0.47751,29.836,29.837,0.002755,328.72,1122.08,-793.36,81,1450.8,299.83,1116.63,-816.8,69,0,106
1456,2026-02-17T08:51:00,BTC,34.31,61.27,0.407146,68172.0,68173.0,1.09434,5.39,40.34,-34.95,188,45.73,1.84,0.32,1.52,10,29,106
1457,2026-02-17T08:52:00,HYPE,5611.44,6960.43,0.451202,29.754,29.771,0.003776,816.7,35227.04,-34410.34,737,36043.74,3724.83,32812.87,-29088.04,612,4,107
1458,2026-02-17T08:52:00,BTC,37.96,46.45,0.339276,68125.0,68126.0,1.046729,0.32,1.07,-0.75,81,1.39,0.36,0.0,0.36,5,0,107
1459,2026-02-17T08:53:00,HYPE,3592.45,3509.4,0.554859,29.788,29.789,0.003218,815.94,1074.02,-258.08,98,1889.96,303.62,1089.94,-786.32,69,0,110
1460,2026-02-17T08:53:00,BTC,78.32,33.76,0.402007,68108.0,68109.0,1.2,1.53,0.87,0.66,143,2.4,0.0,0.36,-0.36,9,0,110
1461,2026-02-17T08:54:00,HYPE,4461.65,3526.1,0.518486,29.794,29.802,0.00344,679.46,2125.92,-1446.46,144,2805.38,359.05,1231.04,-871.99,92,0,109
1462,2026-02-17T08:54:00,BTC,44.95,49.72,0.546639,68110.0,68111.0,1.091743,0.67,5.45,-4.78,160,6.11,0.0,0.0,0.0,2,0,109
1463,2026-02-17T08:55:00,HYPE,4743.13,4107.82,0.500068,29.797,29.798,0.001697,554.84,1472.91,-918.07,86,2027.75,476.73,1032.98,-556.25,60,0,109
1464,2026-02-17T08:55:00,BTC,97.23,16.99,0.461717,68130.0,68131.0,1.192661,3.37,1.49,1.88,147,4.86,0.0,0.0,0.0,4,1,109
1465,2026-02-17T08:56:00,HYPE,6123.56,5063.77,0.480346,29.778,29.779,0.001818,435.41,1572.29,-1136.88,99,2007.7,379.86,1240.27,-860.41,72,0,110
1466,2026-02-17T08:56:00,BTC,28.59,65.15,0.450163,68130.0,68131.0,1.063636,3.3,0.56,2.74,88,3.87,0.0,0.36,-0.36,6,1,110
1467,2026-02-17T08:57:00,HYPE,6942.21,4701.84,0.459684,29.774,29.775,0.001633,680.23,2029.15,-1348.92,129,2709.38,379.28,1269.05,-889.77,67,0,109
1468,2026-02-17T08:57:00,BTC,47.39,34.26,0.41357,68121.0,68122.0,1.045872,0.07,2.06,-1.99,53,2.13,0.0,0.0,0.0,3,1,109
1469,2026-02-17T08:58:00,HYPE,8038.94,3854.16,0.600156,29.754,29.755,0.001694,1190.76,2464.1,-1273.34,132,3654.86,601.01,1356.61,-755.6,60,0,111
1470,2026-02-17T08:58:00,BTC,36.92,40.82,0.599154,68125.0,68126.0,1.009009,0.34,5.87,-5.53,97,6.21,0.44,0.0,0.44,6,2,111
1471,2026-02-17T08:59:00,HYPE,8523.76,2641.72,0.651682,29.75,29.755,0.001909,384.85,1871.89,-1487.04,83,2256.74,280.52,1181.6,-901.08,56,0,110
1472,2026-02-17T08:59:00,BTC,39.8,37.88,0.54786,68153.0,68154.0,1.090909,4.96,0.09,4.87,119,5.05,0.0,0.54,-0.54,8,0,110
1473,2026-02-17T09:00:00,HYPE,8726.64,4682.21,0.652313,29.754,29.755,0.001927,671.06,732.72,-61.66,70,1403.78,379.35,681.95,-302.6,47,0,109
1474,2026-02-17T09:00:00,BTC,21.21,62.07,0.329039,68139.0,68140.0,1.036697,0.22,0.02,0.2,40,0.24,0.0,0.0,0.0,3,0,109
1475,2026-02-17T09:01:00,HYPE,6200.21,7508.59,0.514044,29.759,29.762,0.003321,1137.31,1309.02,-171.71,109,2446.33,331.14,1155.89,-824.75,59,0,109
1476,2026-02-17T09:01:00,BTC,65.26,24.35,0.500471,68162.0,68163.0,1.036697,2.58,0.69,1.89,163,3.27,0.0,0.02,-0.02,6,0,109
1477,2026-02-17T09:02:00,HYPE,4457.45,5531.11,0.520289,29.749,29.762,0.0027,1600.1,4248.23,-2648.13,176,5848.33,409.62,1790.91,-1381.29,76,0,110
1478,2026-02-17T09:02:00,BTC,81.54,21.93,0.553092,68158.0,68159.0,1.1,0.13,2.62,-2.48,85,2.75,0.0,0.0,0.0,4,0,110
1479,2026-02-17T09:03:00,HYPE,3220.49,4854.55,0.447436,29.739,29.742,0.002509,848.25,692.7,155.55,102,1540.95,284.96,852.97,-568.01,60,0,108
1480,2026-02-17T09:03:00,BTC,54.82,34.0,0.490585,68161.0,68162.0,1.12037,4.55,0.04,4.51,116,4.59,0.0,2.01,-2.01,9,2,108
1481,2026-02-17T09:04:00,HYPE,4565.37,3882.68,0.455218,29.741,29.743,0.002065,805.11,1198.96,-393.85,114,2004.07,378.84,1211.57,-832.73,78,0,108
1482,2026-02-17T09:04:00,BTC,52.51,37.33,0.522283,68202.0,68203.0,1.046296,4.3,0.21,4.09,188,4.51,0.0,0.09,-0.09,8,0,108
1483,2026-02-17T09:05:00,HYPE,5380.98,5447.86,0.481758,29.806,29.807,0.003009,2466.01,480.1,1985.91,138,2946.11,378.09,615.4,-237.31,70,0,110
1484,2026-02-17T09:05:00,BTC,104.8,12.33,0.656494,68256.0,68257.0,1.190909,3.53,0.2,3.33,228,3.74,0.0,0.01,-0.01,7,0,110
1485,2026-02-17T09:06:00,HYPE,3944.07,4526.86,0.516028,29.807,29.812,0.002755,786.82,460.82,326.0,104,1247.64,280.78,480.6,-199.82,63,0,110
1486,2026-02-17T09:06:00,BTC,26.27,88.43,0.441759,68258.0,68259.0,1.181818,2.54,0.16,2.38,93,2.7,0.0,0.0,0.0,4,1,110
1487,2026-02-17T09:07:00,HYPE,2499.28,3186.95,0.394642,29.827,29.828,0.001963,4655.69,499.84,4155.85,143,5155.53,620.04,975.32,-355.28,76,0,108
1488,2026-02-17T09:07:00,BTC,44.08,37.66,0.571428,68269.0,68270.0,1.12037,0.59,0.95,-0.36,95,1.54,0.0,0.0,0.0,3,0,108
1489,2026-02-17T09:08:00,HYPE,5431.4,4215.93,0.427203,29.836,29.837,0.001626,1545.59,560.81,984.78,104,2106.4,276.64,742.66,-466.02,69,0,107
1490,2026-02-17T09:08:00,BTC,35.02,51.7,0.437357,68236.0,68237.0,1.102804,0.24,0.61,-0.37,126,0.84,0.0,0.1,-0.1,9,0,107
1491,2026-02-17T09:09:00,HYPE,2536.05,5741.73,0.422313,29.831,29.832,0.001712,5923.54,689.13,5234.41,187,6612.67,2882.66,1048.19,1834.47,111,1,111
1492,2026-02-17T09:09:00,BTC,28.06,65.73,0.469016,68223.0,68224.0,1.072072,0.08,1.47,-1.39,88,1.55,0.0,0.0,0.0,3,0,111
1493,2026-02-17T09:10:00,HYPE,1699.72,5666.78,0.365927,29.841,29.842,0.004718,4738.69,861.73,3876.96,180,5600.42,4079.57,830.89,3248.68,81,1,110
1494,2026-02-17T09:10:00,BTC,3.0,174.71,0.254882,68182.0,68183.0,1.045455,0.19,4.85,-4.66,115,5.04,0.0,0.0,0.0,3,3,110
1495,2026-02-17T09:11:00,HYPE,3995.01,4796.11,0.441899,29.833,29.834,0.002991,1593.57,3244.95,-1651.38,240,4838.52,646.96,914.82,-267.86,80,0,110
1496,2026-02-17T09:11:01,BTC,22.78,79.4,0.306373,68056.0,68057.0,1.463636,0.42,6.04,-5.62,472,6.46,0.2,0.0,0.2,6,2,110
1497,2026-02-17T09:12:00,HYPE,4139.99,5438.27,0.428558,29.78,29.781,0.00262,347.39,846.28,-498.89,95,1193.67,313.59,487.08,-173.49,61,0,108
1498,2026-02-17T09:12:00,BTC,78.27,31.44,0.349537,68018.0,68020.0,1.046296,1.82,12.8,-10.98,353,14.62,0.54,0.0,0.54,7,5,108
1499,2026-02-17T09:13:00,HYPE,4755.79,5646.5,0.445435,29.805,29.806,0.002718,1164.9,1430.83,-265.93,115,2595.73,279.29,457.04,-177.75,53,0,110
1500,2026-02-17T09:13:00,BTC,67.47,65.42,0.35973,68052.0,68053.0,1.163636,1.01,6.81,-5.79,173,7.82,0.03,0.04,-0.01,10,3,110
1501,2026-02-17T09:14:00,HYPE,3978.92,34386.7,0.260139,29.741,29.742,0.002385,2065.67,4689.35,-2623.68,167,6755.02,381.45,435.55,-54.1,59,0,109
1502,2026-02-17T09:14:00,BTC,38.56,49.97,0.509183,68083.0,68084.0,1.055046,29.51,0.38,29.13,142,29.89,0.0,0.07,-0.07,4,10,109
1503,2026-02-17T09:15:00,HYPE,4286.87,33245.88,0.101388,29.759,29.76,0.002843,364.96,2566.76,-2201.8,113,2931.72,284.75,2203.26,-1918.51,69,0,108
1504,2026-02-17T09:15:00,BTC,27.41,66.07,0.378804,68073.0,68074.0,1.0,2.09,1.73,0.36,97,3.82,0.0,0.14,-0.14,15,1,108
1505,2026-02-17T09:16:00,HYPE,5124.53,26615.95,0.10957,29.762,29.763,0.001109,5677.92,453.86,5224.06,110,6131.78,264.93,435.55,-170.62,43,1,110
1506,2026-02-17T09:16:00,BTC,28.3,46.78,0.529727,68089.0,68090.0,1.045455,2.06,0.39,1.68,132,2.45,0.0,0.37,-0.37,22,0,110
1507,2026-02-17T09:17:00,HYPE,5048.11,25496.56,0.140429,29.762,29.763,0.001118,2617.68,602.21,2015.47,102,3219.89,235.55,435.54,-199.99,39,0,110
1508,2026-02-17T09:17:00,BTC,10.48,75.16,0.49878,68117.0,68118.0,1.145455,5.04,1.26,3.78,124,6.3,0.0,0.15,-0.15,12,3,110
1509,2026-02-17T09:18:00,HYPE,4944.54,4602.7,0.416362,29.825,29.826,0.003333,15660.35,2324.03,13336.32,383,17984.38,5932.81,2233.19,3699.62,134,1,108
1510,2026-02-17T09:18:00,BTC,48.32,35.59,0.436868,68059.0,68060.0,1.101852,1.57,0.64,0.93,141,2.21,0.0,0.15,-0.15,13,0,108
1511,2026-02-17T09:19:00,HYPE,4678.64,3613.12,0.481747,29.843,29.844,0.003491,1711.55,1190.34,521.21,118,2901.89,399.45,916.21,-516.76,80,0,110
1512,2026-02-17T09:19:00,BTC,48.65,37.98,0.41534,68022.0,68023.0,1.136364,0.82,6.25,-5.43,195,7.07,0.0,0.15,-0.15,12,2,110
1513,2026-02-17T09:20:00,HYPE,2728.88,2844.48,0.469465,29.854,29.855,0.002727,818.52,785.25,33.27,107,1603.77,375.31,599.56,-224.25,81,0,110
1514,2026-02-17T09:20:00,BTC,36.73,30.19,0.495803,67999.0,68000.0,1.245455,1.2,9.08,-7.88,368,10.27,0.4,0.01,0.39,12,3,110
1515,2026-02-17T09:21:00,HYPE,5596.44,3928.96,0.543403,29.885,29.886,0.003583,679.93,1361.83,-681.9,143,2041.76,371.55,523.51,-151.96,69,0,108
1516,2026-02-17T09:21:00,BTC,45.35,37.2,0.493479,67991.0,67992.0,1.12037,2.93,18.79,-15.86,239,21.72,0.74,1.36,-0.63,15,12,108
1517,2026-02-17T09:22:00,HYPE,2894.04,3954.52,0.507179,29.887,29.888,0.002743,1413.94,2363.0,-949.06,133,3776.94,401.53,653.8,-252.27,70,0,109
1518,2026-02-17T09:22:00,BTC,53.46,33.12,0.467474,67975.0,67976.0,1.155963,0.32,0.58,-0.26,126,0.91,0.0,0.01,-0.01,5,0,109
1519,2026-02-17T09:23:00,HYPE,3055.66,5634.09,0.397509,29.93,29.931,0.003153,6932.85,1712.95,5219.9,320,8645.8,554.15,743.44,-189.29,73,0,111
1520,2026-02-17T09:23:00,BTC,33.42,47.75,0.432507,67972.0,67973.0,1.063063,1.46,1.82,-0.37,113,3.28,0.0,0.01,-0.01,7,1,111
1521,2026-02-17T09:24:00,HYPE,3360.63,5657.87,0.382768,29.882,29.886,0.00345,2770.86,629.73,2141.13,111,3400.59,300.26,502.19,-201.93,53,1,111
1522,2026-02-17T09:24:00,BTC,36.0,44.1,0.362474,67960.0,67961.0,1.027027,0.66,1.61,-0.95,106,2.27,0.0,0.17,-0.17,10,0,111
1523,2026-02-17T09:25:00,HYPE,3066.25,3937.08,0.360873,29.895,29.896,0.002183,300.38,559.53,-259.15,73,859.91,234.49,435.92,-201.43,44,0,109
1524,2026-02-17T09:25:00,BTC,105.88,26.38,0.468726,67996.0,67999.0,1.06422,4.6,1.36,3.23,105,5.96,0.0,0.01,-0.01,6,2,109
1525,2026-02-17T09:26:00,HYPE,3125.5,5372.82,0.375382,29.917,29.918,0.001981,711.74,579.78,131.96,94,1291.52,229.74,435.55,-205.81,45,0,108
1526,2026-02-17T09:26:00,BTC,50.6,36.2,0.46905,68014.0,68017.0,1.546296,4.9,0.8,4.09,167,5.7,0.0,0.41,-0.41,13,3,108
1527,2026-02-17T09:27:00,HYPE,2260.13,4722.35,0.330996,29.875,29.876,0.001591,441.25,533.21,-91.96,82,974.46,232.29,497.24,-264.95,50,0,110
1528,2026-02-17T09:27:00,BTC,85.11,25.85,0.509175,68004.0,68005.0,1.127273,1.24,0.13,1.11,66,1.37,0.0,0.01,-0.01,12,0,110
1529,2026-02-17T09:28:00,HYPE,6654.94,4621.29,0.387111,29.889,29.89,0.00144,538.86,490.23,48.63,89,1029.09,251.72,438.84,-187.12,52,0,109
1530,2026-02-17T09:28:00,BTC,48.13,42.0,0.338317,67971.0,67972.0,1.137615,0.43,30.51,-30.08,179,30.93,0.41,19.49,-19.08,75,15,109
1531,2026-02-17T09:29:00,HYPE,2734.73,5243.27,0.383681,29.9,29.902,0.001436,445.73,474.32,-28.59,69,920.05,234.48,435.54,-201.06,45,0,110
1532,2026-02-17T09:29:00,BTC,15.27,161.58,0.394173,67991.0,67992.0,1.145455,4.0,1.92,2.08,129,5.91,0.0,0.11,-0.11,8,2,110
1533,2026-02-17T09:30:00,HYPE,3494.29,5021.02,0.400337,29.88,29.883,0.001757,527.79,826.66,-298.87,93,1354.45,231.2,435.54,-204.34,42,0,111
1534,2026-02-17T09:30:00,BTC,50.96,31.39,0.430314,67989.0,67990.0,1.0,0.13,0.43,-0.3,48,0.56,0.0,0.01,-0.01,5,0,111
1535,2026-02-17T09:31:00,HYPE,23529.54,3596.82,0.510322,29.987,29.989,0.002156,10692.85,619.3,10073.55,424,11312.15,286.52,1358.03,-1071.51,81,0,109
1536,2026-02-17T09:31:00,BTC,47.45,48.51,0.528539,68024.0,68025.0,1.183486,0.31,0.38,-0.07,108,0.69,0.0,0.13,-0.13,12,0,109
1537,2026-02-17T09:32:00,HYPE,4400.99,4246.62,0.533218,29.945,29.946,0.002343,1161.39,20741.81,-19580.42,218,21903.2,528.0,634.01,-106.01,54,4,108
1538,2026-02-17T09:32:00,BTC,31.06,57.31,0.437918,68034.0,68035.0,1.138889,19.96,0.11,19.86,149,20.07,19.47,0.2,19.27,56,12,108
1539,2026-02-17T09:33:00,HYPE,1818.99,2563.02,0.488872,29.912,29.913,0.001855,768.89,1892.4,-1123.51,102,2661.29,298.76,486.18,-187.42,52,0,110
1540,2026-02-17T09:33:00,BTC,7.66,109.31,0.308743,67986.0,67988.0,1.118182,4.76,0.83,3.93,139,5.59,0.0,0.01,-0.01,6,2,110
1541,2026-02-17T09:34:00,HYPE,3122.9,2794.98,0.51319,29.912,29.913,0.001787,383.38,450.33,-66.95,79,833.71,249.57,435.55,-185.98,54,0,108
1542,2026-02-17T09:34:00,BTC,41.95,28.42,0.564707,68012.0,68013.0,1.055556,0.85,3.16,-2.31,117,4.02,0.0,0.56,-0.56,8,0,108
1543,2026-02-17T09:35:00,HYPE,2634.38,2425.4,0.548618,29.86,29.861,0.002027,391.66,756.46,-364.8,82,1148.12,244.67,435.55,-190.88,44,0,111
1544,2026-02-17T09:35:00,BTC,67.96,19.88,0.533498,68000.0,68001.0,1.162162,0.21,41.04,-40.84,284,41.25,0.6,0.05,0.56,10,29,111
1545,2026-02-17T09:36:00,HYPE,4358.4,2966.93,0.544647,29.851,29.852,0.002119,346.67,868.27,-521.6,96,1214.94,323.0,435.55,-112.55,56,0,109
1546,2026-02-17T09:36:00,BTC,35.24,24.14,0.610713,68011.0,68012.0,1.100917,5.88,1.0,4.88,120,6.88,0.0,1.55,-1.55,11,4,109
1547,2026-02-17T09:37:00,HYPE,2649.35,1955.9,0.520202,29.834,29.835,0.00136,608.78,1017.09,-408.31,93,1625.87,234.01,435.54,-201.53,34,0,111
1548,2026-02-17T09:37:00,BTC,27.01,40.95,0.368501,68000.0,68001.0,1.009009,4.41,2.95,1.45,75,7.36,0.0,0.01,-0.01,5,4,111
1549,2026-02-17T09:38:00,HYPE,2288.44,3570.65,0.511352,29.839,29.845,0.002093,801.23,514.88,286.35,88,1316.11,249.78,435.55,-185.77,46,0,107
1550,2026-02-17T09:38:00,BTC,25.9,66.64,0.454832,68008.0,68009.0,1.037383,1.59,2.11,-0.52,104,3.7,0.0,0.01,-0.01,5,0,107
1551,2026-02-17T09:39:00,HYPE,2926.56,2708.56,0.533911,29.851,29.853,0.001555,527.57,516.84,10.73,82,1044.41,268.2,435.54,-167.34,47,0,110
1552,2026-02-17T09:39:00,BTC,24.88,44.46,0.337353,68016.0,68017.0,1.0,1.01,1.79,-0.78,67,2.81,0.0,0.01,-0.01,5,2,110
1553,2026-02-17T09:40:00,HYPE,3164.28,2471.87,0.459289,29.814,29.824,0.002907,287.33,479.6,-192.27,67,766.93,234.06,438.9,-204.84,50,0,107
1554,2026-02-17T09:40:00,BTC,29.95,39.34,0.291948,67985.0,67986.0,1.121495,0.25,6.77,-6.52,85,7.02,0.0,0.01,-0.01,6,5,107
1555,2026-02-17T09:41:00,HYPE,2930.07,2977.02,0.494956,29.79,29.791,0.003769,350.3,667.58,-317.28,81,1017.88,227.13,435.54,-208.41,40,0,108
1556,2026-02-17T09:41:00,BTC,32.56,36.75,0.353736,67965.0,67966.0,1.111111,0.46,7.05,-6.58,104,7.51,0.0,0.15,-0.15,16,5,108
1557,2026-02-17T09:42:00,HYPE,4573.82,3541.85,0.490394,29.782,29.792,0.001752,258.62,752.18,-493.56,77,1010.8,237.49,449.37,-211.88,44,0,109
1558,2026-02-17T09:42:00,BTC,25.88,54.64,0.475833,67984.0,67985.0,1.073394,0.33,2.93,-2.59,78,3.26,0.0,0.01,-0.01,6,1,109
1559,2026-02-17T09:43:00,HYPE,2933.33,2523.35,0.521494,29.775,29.776,0.002691,339.32,733.63,-394.31,69,1072.95,232.72,444.17,-211.45,40,0,110
1560,2026-02-17T09:43:00,BTC,30.88,48.23,0.357899,67985.0,67986.0,1.018182,0.78,3.08,-2.29,86,3.86,0.0,0.29,-0.29,8,2,110
1561,2026-02-17T09:44:00,HYPE,3672.55,2964.4,0.541007,29.776,29.777,0.001327,344.25,581.73,-237.48,55,925.98,297.43,454.1,-156.67,41,0,110
1562,2026-02-17T09:44:00,BTC,40.09,38.58,0.408624,68016.0,68017.0,1.127273,5.58,0.49,5.09,128,6.07,0.0,0.28,-0.28,9,0,110
1563,2026-02-17T09:45:00,HYPE,3546.32,2189.64,0.574346,29.779,29.78,0.00144,411.23,664.42,-253.19,62,1075.65,232.96,454.09,-221.13,31,0,109
1564,2026-02-17T09:45:00,BTC,27.34,57.22,0.357711,68045.0,68046.0,1.036697,2.55,0.2,2.34,127,2.75,0.0,0.01,-0.01,7,1,109
1565,2026-02-17T09:46:00,HYPE,2562.84,2917.87,0.57796,29.77,29.771,0.002112,1929.8,1256.81,672.99,175,3186.61,321.76,733.39,-411.63,57,0,107
1566,2026-02-17T09:46:00,BTC,41.84,33.16,0.468229,68118.0,68119.0,1.261682,4.36,5.78,-1.42,282,10.14,0.0,0.13,-0.13,14,2,107
1567,2026-02-17T09:47:00,HYPE,1935.41,3041.88,0.485462,29.746,29.75,0.001807,671.08,1609.28,-938.2,158,2280.36,236.98,467.09,-230.11,75,0,109
1568,2026-02-17T09:47:00,BTC,26.57,61.41,0.323854,68097.0,68098.0,1.06422,4.9,4.83,0.07,151,9.74,0.0,0.74,-0.74,7,5,109
1569,2026-02-17T09:48:00,HYPE,4046.6,2801.17,0.532187,29.759,29.764,0.003852,1022.17,467.07,555.1,108,1489.24,226.22,471.1,-244.88,61,0,108
1570,2026-02-17T09:48:00,BTC,18.81,76.02,0.332732,68092.0,68093.0,1.027778,0.09,8.62,-8.53,85,8.71,0.0,0.01,-0.01,6,6,108
1571,2026-02-17T09:49:00,HYPE,2011.18,2555.69,0.504796,29.741,29.744,0.002518,488.49,677.23,-188.74,71,1165.72,230.38,467.91,-237.53,47,0,110
1572,2026-02-17T09:49:00,BTC,6.38,110.36,0.226562,68075.0,68076.0,1.054545,0.78,6.68,-5.9,83,7.46,0.0,0.01,-0.01,6,4,110
1573,2026-02-17T09:50:00,HYPE,3898.1,2186.32,0.520026,29.788,29.789,0.002234,21304.24,603.19,20701.05,252,21907.43,236.45,2738.69,-2502.24,57,4,107
1574,2026-02-17T09:50:00,BTC,23.12,58.27,0.299357,68022.0,68023.0,1.196262,0.61,4.57,-3.96,116,5.17,0.0,0.01,-0.01,7,3,107
1575,2026-02-17T09:51:00,HYPE,2293.81,2694.16,0.539229,29.824,29.827,0.002312,693.66,607.53,86.13,94,1301.19,232.26,587.07,-354.81,56,0,109
1576,2026-02-17T09:51:00,BTC,49.27,31.15,0.443627,68073.0,68074.0,1.376147,0.71,0.08,0.62,99,0.79,0.0,0.01,-0.01,6,0,109
1577,2026-02-17T09:52:00,HYPE,2272.17,2194.91,0.562857,29.807,29.811,0.00257,2834.23,1293.73,1540.5,118,4127.96,228.35,809.99,-581.64,55,0,107
1578,2026-02-17T09:52:00,BTC,20.78,72.66,0.566915,68108.0,68109.0,1.224299,7.12,0.48,6.64,131,7.59,0.0,0.02,-0.02,6,4,107
1579,2026-02-17T09:53:00,HYPE,3325.77,2785.28,0.554995,29.813,29.814,0.001594,993.77,871.18,122.59,84,1864.95,224.77,610.77,-386.0,41,0,106
1580,2026-02-17T09:53:00,BTC,22.45,104.64,0.423384,68104.0,68105.0,1.103774,1.13,0.47,0.66,90,1.6,0.0,0.03,-0.03,7,0,106
1581,2026-02-17T09:54:00,HYPE,3277.57,2409.24,0.57676,29.833,29.834,0.001789,3629.2,474.71,3154.49,117,4103.91,231.89,861.95,-630.06,49,0,109
1582,2026-02-17T09:54:00,BTC,43.93,23.78,0.471457,68101.0,68102.0,1.055046,0.07,0.61,-0.54,46,0.68,0.0,0.01,-0.01,5,0,109
1583,2026-02-17T09:55:00,HYPE,2537.89,2014.58,0.502377,29.856,29.857,0.003575,864.32,502.32,362.0,83,1366.64,239.46,454.1,-214.64,48,0,106
1584,2026-02-17T09:55:00,BTC,24.48,118.74,0.441709,68104.0,68105.0,1.075472,0.51,0.09,0.42,68,0.6,0.0,0.01,-0.01,5,0,106
1585,2026-02-17T09:56:00,HYPE,2947.5,1841.39,0.530053,29.859,29.864,0.001537,897.25,852.78,44.47,88,1750.03,225.38,703.82,-478.44,47,0,108
1586,2026-02-17T09:56:00,BTC,36.89,44.41,0.514744,68116.0,68117.0,1.027778,1.3,5.86,-4.56,107,7.17,0.0,0.01,-0.01,7,1,108
1587,2026-02-17T09:57:00,HYPE,2345.12,2933.78,0.520311,29.844,29.845,0.001722,437.34,1291.73,-854.39,80,1729.07,229.79,454.09,-224.3,41,0,108
1588,2026-02-17T09:57:00,BTC,34.14,46.15,0.486424,68121.0,68122.0,1.009259,4.03,0.73,3.3,73,4.75,0.0,0.08,-0.08,7,3,108
1589,2026-02-17T09:58:00,HYPE,2525.24,2137.93,0.470265,29.84,29.841,0.002,378.13,685.11,-306.98,83,1063.24,449.08,454.11,-5.03,62,0,109
1590,2026-02-17T09:58:00,BTC,43.43,26.45,0.342278,68072.0,68073.0,1.073394,0.28,1.07,-0.78,126,1.35,0.0,0.01,-0.01,5,0,109
1591,2026-02-17T09:59:00,HYPE,3291.24,2829.57,0.530374,29.838,29.839,0.001421,239.4,464.11,-224.71,56,703.51,226.65,454.1,-227.45,39,0,107
1592,2026-02-17T09:59:00,BTC,35.82,24.3,0.627899,68081.0,68082.0,1.018692,0.28,0.06,0.22,66,0.33,0.0,0.01,-0.01,7,0,107
1593,2026-02-17T10:00:00,HYPE,2502.26,1981.37,0.510858,29.86,29.861,0.002602,1607.9,465.76,1142.14,78,2073.66,210.76,482.66,-271.9,40,0,108
1594,2026-02-17T10:00:00,BTC,32.03,41.52,0.531346,68089.0,68090.0,1.009259,0.39,0.21,0.19,89,0.6,0.0,0.01,-0.01,6,0,108
1595,2026-02-17T10:01:00,HYPE,3065.18,2474.68,0.544598,29.862,29.863,0.001472,266.1,468.54,-202.44,55,734.64,122.45,454.1,-331.65,29,0,108
1596,2026-02-17T10:01:00,BTC,46.33,25.43,0.486395,68086.0,68087.0,1.268519,1.47,0.97,0.49,157,2.44,0.0,0.01,-0.01,5,1,108
1597,2026-02-17T10:02:00,HYPE,3311.97,3424.29,0.541112,29.882,29.884,0.002073,1029.12,532.88,496.24,95,1562.0,124.88,454.1,-329.22,40,0,110
1598,2026-02-17T10:02:00,BTC,17.87,58.53,0.579722,68099.0,68100.0,1.054545,0.5,0.63,-0.14,98,1.13,0.0,0.01,-0.01,5,0,110
1599,2026-02-17T10:03:00,HYPE,4222.36,3246.3,0.512035,29.884,29.885,0.002204,119.38,480.44,-361.06,48,599.82,115.35,472.36,-357.01,38,0,108
1600,2026-02-17T10:03:00,BTC,54.29,14.34,0.423695,68087.0,68088.0,1.009259,0.05,1.56,-1.51,103,1.62,0.0,0.01,-0.01,8,0,108
1601,2026-02-17T10:04:00,HYPE,4821.32,4056.7,0.50944,29.87,29.871,0.002436,156.31,819.79,-663.48,71,976.1,291.88,454.1,-162.22,45,0,110
1602,2026-02-17T10:04:00,BTC,27.0,93.71,0.545813,68095.0,68096.0,1.027273,0.25,0.45,-0.2,103,0.7,0.0,0.03,-0.03,10,0,110
1603,2026-02-17T10:05:00,HYPE,4276.23,5965.69,0.542975,29.846,29.847,0.002624,224.0,640.82,-416.82,77,864.82,120.02,505.99,-385.97,42,0,109
1604,2026-02-17T10:05:00,BTC,32.7,27.75,0.573112,68071.0,68072.0,1.174312,2.96,40.5,-37.53,231,43.46,0.0,0.01,-0.01,6,23,109
1605,2026-02-17T10:06:00,HYPE,4772.39,5751.17,0.554689,29.844,29.845,0.002505,321.32,551.0,-229.68,56,872.32,144.67,454.11,-309.44,39,0,109
1606,2026-02-17T10:06:00,BTC,31.65,78.43,0.48332,68102.0,68103.0,1.229358,1.32,0.59,0.73,110,1.92,0.0,0.01,-0.01,4,0,109
1607,2026-02-17T10:07:00,HYPE,5045.42,3193.3,0.53177,29.809,29.811,0.001527,284.0,1770.62,-1486.62,75,2054.62,119.65,478.98,-359.33,36,0,110
1608,2026-02-17T10:07:00,BTC,45.6,46.67,0.444803,68091.0,68092.0,1.172727,1.14,14.03,-12.89,162,15.17,1.53,13.19,-11.66,63,12,110
1609,2026-02-17T10:08:00,HYPE,2989.85,2556.25,0.546228,29.815,29.824,0.001582,426.64,1443.32,-1016.68,81,1869.96,130.48,454.11,-323.63,37,0,110
1610,2026-02-17T10:08:00,BTC,34.76,66.63,0.499332,68108.0,68109.0,1.018182,14.9,0.33,14.57,133,15.22,13.18,0.21,12.97,60,8,110
1611,2026-02-17T10:09:00,HYPE,5246.4,3414.59,0.604432,29.835,29.844,0.002873,184.39,455.83,-271.44,49,640.22,116.77,454.48,-337.71,38,0,110
1612,2026-02-17T10:09:00,BTC,22.5,184.41,0.45047,68126.0,68127.0,1.036364,0.43,0.12,0.3,142,0.55,0.0,0.28,-0.28,10,0,110
1613,2026-02-17T10:10:00,HYPE,5606.15,3443.88,0.579096,29.86,29.861,0.002598,418.02,528.98,-110.96,65,947.0,200.37,454.1,-253.73,45,0,107
1614,2026-02-17T10:10:00,BTC,86.67,66.35,0.461825,68149.0,68150.0,1.065421,0.92,1.12,-0.2,139,2.04,0.0,0.24,-0.24,8,0,107
1615,2026-02-17T10:11:00,HYPE,2725.77,2701.22,0.56554,29.858,29.859,0.001734,187.14,464.23,-277.09,54,651.37,117.27,454.11,-336.84,39,0,109
1616,2026-02-17T10:11:00,BTC,61.26,28.39,0.37687,68134.0,68135.0,1.082569,3.03,2.01,1.02,211,5.04,0.0,0.01,-0.01,5,0,109
1617,2026-02-17T10:12:00,HYPE,5516.98,3082.58,0.565266,29.859,29.86,0.001789,638.55,535.44,103.11,58,1173.99,122.4,603.75,-481.35,37,0,109
1618,2026-02-17T10:12:00,BTC,35.29,59.59,0.453719,68138.0,68139.0,1.073394,0.14,0.47,-0.33,78,0.61,0.0,0.03,-0.03,8,0,109
1619,2026-02-17T10:13:00,HYPE,3560.73,4497.32,0.513558,29.849,29.85,0.00137,386.12,1142.84,-756.72,69,1528.96,116.12,454.1,-337.98,31,0,108
1620,2026-02-17T10:13:00,BTC,39.87,59.24,0.337689,68107.0,68108.0,1.0,0.52,0.88,-0.35,106,1.4,0.59,0.01,0.58,10,0,108
1621,2026-02-17T10:14:00,HYPE,4165.34,3343.87,0.535231,29.854,29.856,0.001782,813.89,459.2,354.69,60,1273.09,120.35,457.12,-336.77,37,0,110
1622,2026-02-17T10:14:00,BTC,33.94,62.74,0.274795,68063.0,68064.0,1.1,0.16,1.74,-1.58,130,1.9,0.23,0.05,0.19,10,1,110
1623,2026-02-17T10:15:00,HYPE,2948.64,3568.41,0.550345,29.838,29.843,0.001725,117.76,483.41,-365.65,51,601.17,113.91,454.49,-340.58,35,0,109
1624,2026-02-17T10:15:00,BTC,81.81,33.82,0.504128,68104.0,68105.0,1.119266,1.31,5.89,-4.59,160,7.2,1.2,0.01,1.19,7,3,109
1625,2026-02-17T10:16:00,HYPE,2082.37,4135.0,0.537342,29.787,29.788,0.001491,264.01,1134.41,-870.4,77,1398.42,133.8,503.06,-369.26,39,0,110
1626,2026-02-17T10:16:00,BTC,5.52,156.32,0.164497,67978.0,67979.0,1.218182,1.31,12.05,-10.75,257,13.36,0.09,0.01,0.08,16,8,110
1627,2026-02-17T10:17:00,HYPE,2729.28,5150.66,0.44474,29.741,29.742,0.002157,487.48,3354.42,-2866.94,167,3841.9,230.25,509.82,-279.57,45,0,108
1628,2026-02-17T10:17:00,BTC,47.01,54.37,0.332647,67843.0,67844.0,1.842593,8.72,185.56,-176.85,1798,194.28,1.53,0.02,1.5,26,82,108
1629,2026-02-17T10:18:00,HYPE,3669.79,4496.59,0.486091,29.744,29.745,0.002376,257.46,513.18,-255.72,55,770.64,144.25,509.21,-364.96,42,0,109
1630,2026-02-17T10:18:00,BTC,14.69,53.98,0.406885,67852.0,67853.0,1.522936,3.72,3.66,0.06,234,7.38,0.01,0.01,0.0,7,1,109
1631,2026-02-17T10:19:00,HYPE,4463.36,4241.06,0.516691,29.728,29.729,0.00256,385.55,2017.7,-1632.15,191,2403.25,393.41,485.04,-91.63,79,0,109
1632,2026-02-17T10:19:00,BTC,69.21,30.17,0.441258,67827.0,67830.0,1.40367,3.85,171.88,-168.03,603,175.74,9.93,0.01,9.92,17,83,109
1633,2026-02-17T10:20:00,HYPE,4141.0,2928.9,0.578019,29.721,29.722,0.002278,688.37,783.05,-94.68,64,1471.42,126.82,518.19,-391.37,36,0,108
1634,2026-02-17T10:20:00,BTC,41.11,40.43,0.385783,67809.0,67810.0,1.601852,56.08,16.04,40.03,388,72.12,0.42,0.69,-0.27,25,58,108
1635,2026-02-17T10:21:00,HYPE,3531.13,4337.57,0.512488,29.772,29.773,0.002127,1342.96,550.76,792.2,64,1893.72,119.53,1504.09,-1384.56,34,1,110
1636,2026-02-17T10:21:00,BTC,93.76,11.76,0.517708,67871.0,67873.0,1.154545,17.82,0.61,17.2,175,18.43,0.0,0.02,-0.02,10,6,110
1637,2026-02-17T10:22:00,HYPE,4126.02,4396.04,0.503125,29.784,29.785,0.001598,1179.63,518.2,661.43,66,1697.83,119.67,780.84,-661.17,34,0,112
1638,2026-02-17T10:22:00,BTC,57.75,50.11,0.459822,67905.0,67906.0,1.017857,2.88,1.0,1.88,133,3.89,0.0,0.02,-0.02,6,1,112
1639,2026-02-17T10:23:00,HYPE,4544.79,3584.11,0.556184,29.779,29.78,0.003743,273.82,466.25,-192.43,63,740.07,143.19,480.81,-337.62,41,0,109
1640,2026-02-17T10:23:00,BTC,36.54,52.2,0.462422,67914.0,67915.0,1.045872,17.43,2.32,15.11,210,19.75,0.0,1.82,-1.82,15,11,109
1641,2026-02-17T10:24:00,HYPE,4812.05,3487.28,0.464885,29.721,29.724,0.002486,360.39,1889.13,-1528.74,123,2249.52,280.6,479.52,-198.92,55,0,109
1642,2026-02-17T10:24:00,BTC,48.35,60.26,0.450463,67900.0,67901.0,1.110092,12.84,0.64,12.2,153,13.48,11.98,0.22,11.75,57,10,109
1643,2026-02-17T10:25:00,HYPE,3877.75,19934.78,0.486107,29.699,29.701,0.002565,471.29,2622.74,-2151.45,200,3094.03,221.31,454.09,-232.78,39,0,108
1644,2026-02-17T10:25:00,BTC,49.24,30.78,0.542857,67902.0,67903.0,1.046296,0.77,0.19,0.58,71,0.97,0.0,0.42,-0.42,14,0,108
1645,2026-02-17T10:26:00,HYPE,5280.09,3213.96,0.346299,29.661,29.662,0.001927,459.24,3169.67,-2710.43,525,3628.91,398.07,471.14,-73.07,74,0,109
1646,2026-02-17T10:26:00,BTC,36.5,58.19,0.394484,67888.0,67889.0,1.183486,2.44,12.53,-10.09,169,14.96,0.0,12.01,-12.01,60,9,109
1647,2026-02-17T10:27:00,HYPE,4339.38,4129.66,0.454255,29.655,29.656,0.002431,635.81,2840.34,-2204.53,153,3476.15,98.74,652.93,-554.19,38,0,109
1648,2026-02-17T10:27:00,BTC,40.46,51.79,0.402402,67897.0,67898.0,1.137615,12.59,1.74,10.84,120,14.33,11.25,2.05,9.2,44,8,109
1649,2026-02-17T10:28:00,HYPE,4613.2,4976.52,0.463575,29.651,29.652,0.001718,2575.09,563.26,2011.83,75,3138.35,108.26,471.14,-362.88,34,1,110
1650,2026-02-17T10:28:00,BTC,38.46,33.16,0.368498,67861.0,67862.0,1.1,0.09,11.83,-11.73,133,11.92,0.0,11.26,-11.26,44,6,110
1651,2026-02-17T10:29:00,HYPE,10235.96,4015.88,0.540739,29.624,29.625,0.002138,267.57,8680.27,-8412.7,489,8947.84,1047.71,7160.6,-6112.89,382,0,109
1652,2026-02-17T10:29:00,BTC,22.92,99.55,0.551873,67896.0,67897.0,1.100917,0.74,1.08,-0.34,81,1.82,0.0,0.18,-0.18,11,0,109
1653,2026-02-17T10:30:00,HYPE,3993.72,4259.43,0.463906,29.624,29.631,0.001587,720.4,750.69,-30.29,80,1471.09,144.91,709.05,-564.14,44,0,109
1654,2026-02-17T10:30:00,BTC,21.81,84.95,0.337341,67875.0,67876.0,1.100917,0.31,0.18,0.13,68,0.49,0.0,0.15,-0.15,10,0,109
1655,2026-02-17T10:31:00,HYPE,4589.56,3470.86,0.510203,29.642,29.643,0.002351,563.65,498.18,65.47,58,1061.83,55.7,457.87,-402.17,24,0,111
1656,2026-02-17T10:31:00,BTC,26.48,89.45,0.482529,67890.0,67891.0,1.063063,2.66,1.77,0.89,114,4.43,0.0,0.12,-0.12,7,1,111
1657,2026-02-17T10:32:00,HYPE,5042.13,4103.5,0.508272,29.647,29.652,0.001685,662.1,524.86,137.24,55,1186.96,56.09,454.91,-398.82,29,0,111
1658,2026-02-17T10:32:00,BTC,47.79,30.9,0.468968,67860.0,67861.0,1.234234,2.24,1.84,0.4,148,4.08,0.0,0.25,-0.25,6,0,111
1659,2026-02-17T10:33:00,HYPE,4212.6,4021.6,0.467998,29.654,29.662,0.003193,879.79,706.78,173.01,76,1586.57,59.85,477.72,-417.87,32,0,109
1660,2026-02-17T10:33:00,BTC,111.49,22.93,0.505074,67837.0,67838.0,1.40367,0.37,3.82,-3.45,156,4.19,0.21,0.11,0.1,13,1,109
1661,2026-02-17T10:34:00,HYPE,4739.52,3857.57,0.545741,29.632,29.633,0.002651,160.06,1082.85,-922.79,55,1242.91,56.08,454.49,-398.41,29,0,109
1662,2026-02-17T10:34:00,BTC,52.65,55.68,0.512302,67873.0,67874.0,1.100917,4.5,0.47,4.04,108,4.97,0.0,1.38,-1.38,11,2,109
1663,2026-02-17T10:35:00,HYPE,5183.13,20914.95,0.353605,29.592,29.593,0.001655,1033.05,11688.28,-10655.23,469,12721.33,1428.13,774.96,653.17,69,1,110
1664,2026-02-17T10:35:00,BTC,29.46,80.32,0.373434,67849.0,67850.0,1.109091,3.17,36.53,-33.36,197,39.7,0.0,0.11,-0.11,8,26,110
1665,2026-02-17T10:36:00,HYPE,7978.16,12011.73,0.265506,29.582,29.583,0.001944,10399.35,3047.01,7352.34,145,13446.36,553.95,954.11,-400.16,41,1,108
1666,2026-02-17T10:36:00,BTC,38.49,59.31,0.355215,67767.0,67768.0,1.212963,2.84,26.09,-23.25,362,28.93,0.59,0.01,0.57,9,10,108
1667,2026-02-17T10:37:00,HYPE,4651.82,4091.53,0.512027,29.606,29.607,0.002398,3833.07,524.24,3308.83,135,4357.31,56.14,512.32,-456.18,36,0,108
1668,2026-02-17T10:37:00,BTC,23.98,109.62,0.424531,67799.0,67800.0,1.342593,9.04,2.16,6.87,172,11.2,0.0,0.28,-0.28,7,5,108
1669,2026-02-17T10:38:00,HYPE,4637.95,7598.89,0.530412,29.671,29.672,0.001482,445.5,540.99,-95.49,105,986.49,56.1,555.16,-499.06,44,0,110
1670,2026-02-17T10:38:00,BTC,63.97,32.25,0.466309,67828.0,67829.0,1.1,8.86,1.89,6.96,140,10.75,0.0,0.66,-0.66,9,4,110
1671,2026-02-17T10:39:00,HYPE,3831.7,8548.7,0.388126,29.673,29.674,0.001431,1199.99,528.52,671.47,79,1728.51,55.7,482.47,-426.77,37,0,109
1672,2026-02-17T10:39:00,BTC,51.42,28.29,0.559288,67855.0,67856.0,1.06422,17.72,0.97,16.75,130,18.7,0.0,0.01,-0.01,12,3,109
1673,2026-02-17T10:40:00,HYPE,4747.36,5062.83,0.430689,29.617,29.618,0.00112,874.37,5365.14,-4490.77,125,6239.51,105.37,454.1,-348.73,36,0,108
1674,2026-02-17T10:40:00,BTC,30.89,166.61,0.38446,67838.0,67839.0,1.018519,0.74,1.03,-0.3,80,1.77,0.0,0.16,-0.16,9,0,108
1675,2026-02-17T10:41:00,HYPE,6743.82,4821.35,0.59249,29.602,29.603,0.001491,93.5,640.2,-546.7,71,733.7,95.71,454.09,-358.38,45,0,108
1676,2026-02-17T10:41:00,BTC,32.88,64.23,0.340232,67822.0,67823.0,1.185185,7.88,17.34,-9.46,213,25.22,0.42,1.99,-1.57,22,9,108
1677,2026-02-17T10:42:00,HYPE,4913.19,3323.99,0.594561,29.592,29.594,0.00189,149.95,3702.97,-3553.02,83,3852.92,55.69,474.49,-418.8,30,1,109
1678,2026-02-17T10:42:00,BTC,23.85,74.3,0.287981,67798.0,67799.0,1.0,2.22,8.52,-6.3,126,10.74,0.2,0.68,-0.47,19,4,109
1679,2026-02-17T10:43:00,HYPE,4454.54,3720.0,0.566006,29.592,29.593,0.002037,232.26,1380.67,-1148.41,77,1612.93,89.16,454.11,-364.95,37,0,109
1680,2026-02-17T10:43:00,BTC,38.66,51.3,0.446647,67774.0,67775.0,1.201835,3.1,7.95,-4.84,229,11.05,0.0,0.76,-0.76,16,5,109
1681,2026-02-17T10:44:00,HYPE,4164.44,4495.77,0.599459,29.581,29.582,0.002176,170.43,710.46,-540.03,60,880.89,55.69,455.92,-400.23,37,0,108
1682,2026-02-17T10:44:00,BTC,34.02,69.63,0.414388,67752.0,67753.0,1.092593,3.59,4.11,-0.52,187,7.7,0.0,0.44,-0.44,12,0,108
1683,2026-02-17T10:45:00,HYPE,5387.24,3741.1,0.541022,29.581,29.584,0.00182,90.97,803.74,-712.77,52,894.71,56.09,454.1,-398.01,30,0,111
1684,2026-02-17T10:45:00,BTC,27.49,57.94,0.358035,67751.0,67752.0,1.009009,3.89,3.96,-0.07,180,7.85,0.0,0.21,-0.21,14,2,111
1685,2026-02-17T10:46:00,HYPE,3864.7,3766.98,0.631023,29.6,29.602,0.001661,242.24,482.26,-240.02,58,724.5,55.69,454.1,-398.41,30,0,109
1686,2026-02-17T10:46:00,BTC,30.67,64.01,0.558042,67784.0,67785.0,1.0,7.06,1.43,5.64,134,8.49,0.0,0.2,-0.2,8,3,109
1687,2026-02-17T10:47:00,HYPE,4507.39,2865.91,0.566884,29.613,29.614,0.001358,126.31,682.1,-555.79,62,808.41,65.36,458.34,-392.98,23,0,109
1688,2026-02-17T10:47:00,BTC,40.47,37.02,0.459034,67805.0,67806.0,1.201835,1.68,45.06,-43.38,393,46.75,0.0,0.09,-0.09,9,13,109
1689,2026-02-17T10:48:00,HYPE,6382.59,4001.4,0.559267,29.583,29.584,0.004435,66.01,475.48,-409.47,47,541.49,55.69,454.11,-398.42,32,0,108
1690,2026-02-17T10:48:00,BTC,47.56,30.23,0.446338,67785.0,67786.0,1.037037,2.6,1.99,0.61,97,4.58,0.0,0.01,-0.01,5,2,108
1691,2026-02-17T10:49:00,HYPE,6102.55,3812.51,0.615056,29.59,29.591,0.003472,190.96,567.53,-376.57,55,758.49,55.69,454.09,-398.4,32,0,106
1692,2026-02-17T10:49:00,BTC,28.45,58.1,0.462069,67797.0,67798.0,1.04717,0.72,0.19,0.53,83,0.91,0.0,0.27,-0.27,9,0,106
1693,2026-02-17T10:50:00,HYPE,4894.88,3503.95,0.565115,29.573,29.574,0.002355,182.5,1664.62,-1482.12,66,1847.12,56.09,454.1,-398.01,27,0,110
1694,2026-02-17T10:50:00,BTC,63.55,32.84,0.444385,67783.0,67784.0,1.036364,0.23,0.15,0.08,55,0.38,0.0,0.01,-0.01,8,0,110
1695,2026-02-17T10:51:00,HYPE,5217.65,4002.75,0.556222,29.574,29.575,0.00178,75.24,997.01,-921.77,45,1072.25,55.7,454.1,-398.4,26,0,109
1696,2026-02-17T10:51:00,BTC,106.01,106.96,0.396205,67703.0,67704.0,1.211009,11.8,73.48,-61.69,375,85.28,1.0,72.26,-71.25,207,40,109
1697,2026-02-17T10:52:00,HYPE,5451.04,3012.88,0.581529,29.587,29.588,0.002112,149.89,497.02,-347.13,51,646.91,56.1,454.1,-398.0,37,0,107
1698,2026-02-17T10:52:00,BTC,22.17,70.05,0.543818,67716.0,67717.0,1.261682,80.11,78.08,2.03,732,158.2,3.89,82.77,-78.88,158,82,107
1699,2026-02-17T10:53:00,HYPE,3246.34,3184.25,0.588443,29.597,29.603,0.001764,362.2,575.11,-212.91,64,937.31,55.69,478.35,-422.66,33,0,110
1700,2026-02-17T10:53:00,BTC,84.4,51.47,0.565723,67750.0,67751.0,1.218182,4.61,4.29,0.32,206,8.9,0.0,0.58,-0.58,20,2,110
1701,2026-02-17T10:54:00,HYPE,6279.05,3198.59,0.610928,29.579,29.58,0.002057,291.23,704.4,-413.17,70,995.63,64.87,454.7,-389.83,38,0,105
1702,2026-02-17T10:54:00,BTC,22.6,73.06,0.42358,67729.0,67730.0,1.266667,1.62,5.65,-4.03,156,7.26,0.0,0.12,-0.12,6,3,105
1703,2026-02-17T10:55:00,HYPE,4978.97,2618.44,0.632391,29.577,29.581,0.002211,191.49,704.03,-512.54,52,895.52,55.7,455.67,-399.97,26,0,109
1704,2026-02-17T10:55:00,BTC,58.6,29.51,0.587606,67738.0,67739.0,1.110092,2.06,7.69,-5.63,124,9.75,0.0,5.0,-5.0,36,4,109
1705,2026-02-17T10:56:00,HYPE,4131.12,2991.78,0.587036,29.605,29.607,0.002046,412.49,603.06,-190.57,85,1015.55,55.69,490.06,-434.37,42,0,109
1706,2026-02-17T10:56:00,BTC,57.8,52.26,0.67658,67781.0,67782.0,1.009174,5.61,1.24,4.37,116,6.85,0.0,2.03,-2.03,18,2,109
1707,2026-02-17T10:57:00,HYPE,4897.8,2907.24,0.576522,29.61,29.611,0.002429,730.63,1446.77,-716.14,93,2177.4,315.81,561.62,-245.81,33,0,105
1708,2026-02-17T10:57:00,BTC,74.79,23.39,0.550084,67789.0,67790.0,1.028571,7.01,3.05,3.95,141,10.06,0.0,0.0,0.0,3,5,105
1709,2026-02-17T10:58:00,HYPE,4483.95,3361.84,0.559628,29.613,29.615,0.002189,2232.79,802.79,1430.0,81,3035.58,56.08,708.8,-652.72,31,0,106
1710,2026-02-17T10:58:00,BTC,20.62,76.8,0.44177,67759.0,67760.0,1.103774,3.13,3.87,-0.74,110,7.01,0.0,0.0,0.0,5,4,106
1711,2026-02-17T10:59:00,HYPE,4224.74,3921.03,0.572752,29.63,29.631,0.001991,491.61,492.23,-0.62,58,983.84,55.32,455.28,-399.96,32,0,106
1712,2026-02-17T10:59:00,BTC,83.91,30.2,0.635297,67775.0,67776.0,1.04717,0.64,0.16,0.48,59,0.79,0.0,0.0,0.0,4,0,106
1713,2026-02-17T11:00:00,HYPE,4567.28,2703.36,0.583584,29.627,29.628,0.001422,669.09,1711.65,-1042.56,69,2380.74,55.69,498.81,-443.12,32,0,109
1714,2026-02-17T11:00:00,BTC,80.64,33.25,0.754577,67802.0,67803.0,1.055046,0.53,0.2,0.33,70,0.72,0.0,0.04,-0.04,3,0,109
1715,2026-02-17T11:01:00,HYPE,4137.78,20719.15,0.366046,29.692,29.693,0.003509,7662.89,1565.48,6097.41,184,9228.37,139.17,761.68,-622.51,42,1,108
1716,2026-02-17T11:01:00,BTC,21.34,63.52,0.485847,67856.0,67857.0,1.37037,11.23,11.25,-0.01,432,22.48,2.0,0.32,1.68,17,9,108
1717,2026-02-17T11:02:00,HYPE,2884.54,5446.76,0.483754,29.673,29.674,0.002108,250.43,605.49,-355.06,61,855.92,56.09,511.49,-455.4,43,0,111
1718,2026-02-17T11:02:00,BTC,19.16,162.29,0.398205,67866.0,67867.0,1.099099,4.97,2.61,2.35,193,7.58,3.0,1.09,1.91,16,2,111
1719,2026-02-17T11:03:00,HYPE,4049.12,4099.75,0.552193,29.657,29.66,0.002073,952.71,456.09,496.62,74,1408.8,55.7,781.3,-725.6,36,0,109
1720,2026-02-17T11:03:00,BTC,25.97,53.32,0.347053,67818.0,67819.0,1.137615,1.95,1.84,0.12,168,3.79,0.0,0.0,0.0,5,0,109
1721,2026-02-17T11:04:00,HYPE,4389.81,4345.35,0.549067,29.657,29.658,0.001404,62.08,605.94,-543.86,40,668.02,55.69,454.1,-398.41,22,0,104
1722,2026-02-17T11:04:00,BTC,25.12,117.38,0.362278,67802.0,67803.0,1.076923,0.38,0.46,-0.08,94,0.84,0.0,0.0,0.0,4,0,104
1723,2026-02-17T11:05:00,HYPE,5133.51,4491.79,0.548718,29.659,29.66,0.001536,270.52,619.21,-348.69,53,889.73,56.08,455.27,-399.19,30,0,110
1724,2026-02-17T11:05:00,BTC,33.56,45.14,0.305285,67782.0,67783.0,1.109091,0.55,1.99,-1.44,109,2.54,0.0,0.0,0.0,4,0,110
1725,2026-02-17T11:06:00,HYPE,4832.89,3801.35,0.533031,29.664,29.667,0.002092,59.45,1107.32,-1047.87,53,1166.77,55.71,454.1,-398.39,26,0,109
1726,2026-02-17T11:06:00,BTC,58.56,38.68,0.399925,67790.0,67791.0,1.256881,1.78,1.07,0.71,158,2.86,0.0,1.15,-1.15,7,2,109
1727,2026-02-17T11:07:00,HYPE,3851.95,4890.21,0.515788,29.637,29.638,0.002345,242.69,738.88,-496.19,78,981.57,56.08,505.39,-449.31,32,0,110
1728,2026-02-17T11:07:00,BTC,17.6,64.43,0.397146,67767.0,67768.0,1.263636,5.19,0.82,4.37,128,6.01,0.0,0.0,0.0,3,1,110
1729,2026-02-17T11:08:00,HYPE,4219.7,6824.31,0.463174,29.624,29.625,0.001168,1096.24,923.63,172.61,67,2019.87,55.69,549.17,-493.48,25,0,107
1730,2026-02-17T11:08:00,BTC,18.48,112.91,0.310262,67729.0,67730.0,1.028037,0.12,3.72,-3.59,132,3.84,0.0,0.0,0.0,4,2,107
1731,2026-02-17T11:09:00,HYPE,4235.74,5134.21,0.460769,29.622,29.624,0.002852,201.97,1621.13,-1419.16,72,1823.1,72.64,505.48,-432.84,38,0,108
1732,2026-02-17T11:09:00,BTC,80.42,26.45,0.412944,67724.0,67725.0,1.407407,4.32,6.61,-2.29,475,10.93,0.0,0.55,-0.55,9,4,108
1733,2026-02-17T11:10:00,HYPE,4335.86,3974.01,0.53756,29.64,29.641,0.00328,132.3,618.14,-485.84,69,750.44,121.88,461.85,-339.97,47,0,107
1734,2026-02-17T11:10:00,BTC,38.99,30.69,0.469129,67791.0,67792.0,1.102804,1.84,3.2,-1.35,154,5.04,0.55,0.33,0.22,10,1,107
1735,2026-02-17T11:11:00,HYPE,3462.5,3616.69,0.528651,29.651,29.653,0.003727,240.38,520.15,-279.77,56,760.53,55.69,479.56,-423.87,32,0,110
1736,2026-02-17T11:11:00,BTC,23.98,62.09,0.393894,67820.0,67821.0,1.172727,3.87,1.63,2.24,189,5.5,1.56,0.0,1.55,42,0,110
1737,2026-02-17T11:12:00,HYPE,4501.16,3125.84,0.540235,29.642,29.644,0.002505,68.62,761.17,-692.55,55,829.79,56.09,466.35,-410.26,37,0,107
1738,2026-02-17T11:12:00,BTC,70.49,33.21,0.55043,67833.0,67834.0,1.046729,2.72,1.66,1.07,109,4.38,2.66,0.0,2.66,26,2,107
1739,2026-02-17T11:13:00,HYPE,4570.93,4434.39,0.552043,29.644,29.645,0.001481,1285.78,521.5,764.28,74,1807.28,55.69,494.23,-438.54,35,0,108
1740,2026-02-17T11:13:00,BTC,36.02,56.34,0.46077,67852.0,67853.0,1.0,2.44,0.24,2.2,119,2.69,1.22,0.32,0.9,21,0,108
1741,2026-02-17T11:14:00,HYPE,5371.8,4526.09,0.533707,29.649,29.65,0.001411,651.4,540.28,111.12,61,1191.68,56.09,601.93,-545.84,38,0,107
1742,2026-02-17T11:14:00,BTC,62.28,35.56,0.440501,67852.0,67853.0,1.0,1.57,0.95,0.62,57,2.52,1.11,0.0,1.11,10,1,107
1743,2026-02-17T11:15:00,HYPE,5115.04,3829.97,0.532714,29.638,29.639,0.001269,1344.3,466.31,877.99,73,1810.61,55.7,435.55,-379.85,36,0,108
1744,2026-02-17T11:15:00,BTC,30.26,83.5,0.317694,67856.0,67857.0,1.027778,7.14,1.68,5.46,127,8.83,2.15,0.38,1.77,42,4,108
1745,2026-02-17T11:16:00,HYPE,5368.7,3849.59,0.606162,29.631,29.632,0.001537,142.4,522.81,-380.41,46,665.21,55.69,435.54,-379.85,27,0,108
1746,2026-02-17T11:16:00,BTC,23.12,86.23,0.403755,67857.0,67858.0,1.157407,2.23,4.87,-2.64,126,7.1,0.0,0.11,-0.11,4,0,108
1747,2026-02-17T11:17:00,HYPE,5808.69,3596.2,0.600533,29.572,29.573,0.002343,737.25,3263.17,-2525.92,139,4000.42,71.9,486.62,-414.72,35,0,108
1748,2026-02-17T11:17:00,BTC,19.39,88.76,0.277862,67845.0,67846.0,1.101852,0.94,2.63,-1.69,95,3.57,0.0,0.12,-0.12,11,0,108
1749,2026-02-17T11:18:00,HYPE,6632.01,4018.91,0.5063,29.576,29.579,0.001519,111.91,768.66,-656.75,95,880.57,244.13,448.05,-203.92,65,0,108
1750,2026-02-17T11:18:00,BTC,27.03,70.08,0.320613,67839.0,67840.0,1.074074,0.17,0.16,0.0,67,0.33,0.0,0.0,0.0,4,0,108
1751,2026-02-17T11:19:00,HYPE,13075.36,2523.65,0.53983,29.562,29.564,0.001691,125.29,2278.92,-2153.63,128,2404.21,259.84,435.96,-176.12,28,0,110
1752,2026-02-17T11:19:00,BTC,33.03,51.61,0.505492,67813.0,67814.0,1.136364,0.63,9.52,-8.89,179,10.14,0.0,0.31,-0.31,5,2,110
1753,2026-02-17T11:20:00,HYPE,4769.07,3084.99,0.601467,29.587,29.588,0.003239,126.68,461.07,-334.39,51,587.75,81.94,446.13,-364.19,34,0,109
1754,2026-02-17T11:20:00,BTC,45.24,32.32,0.451327,67849.0,67850.0,1.183486,0.88,0.07,0.81,77,0.96,0.0,0.0,0.0,3,0,109
1755,2026-02-17T11:21:00,HYPE,3434.62,3742.99,0.52748,29.595,29.596,0.001798,268.34,454.82,-186.48,48,723.16,55.69,435.75,-380.06,27,0,109
1756,2026-02-17T11:21:00,BTC,34.88,52.86,0.324806,67861.0,67862.0,1.073394,3.11,0.25,2.87,104,3.36,0.0,0.39,-0.39,7,1,109
1757,2026-02-17T11:22:00,HYPE,5436.01,4309.1,0.575293,29.591,29.592,0.002376,125.62,453.79,-328.17,43,579.41,96.9,435.55,-338.65,28,0,109
1758,2026-02-17T11:22:00,BTC,29.77,55.13,0.353551,67859.0,67860.0,1.100917,104.48,2.37,102.11,349,106.85,0.0,3.8,-3.8,12,51,109
1759,2026-02-17T11:23:00,HYPE,10966.63,5230.68,0.615668,29.562,29.563,0.001505,308.25,4044.05,-3735.8,125,4352.3,550.4,446.46,103.94,39,0,109
1760,2026-02-17T11:23:00,BTC,31.92,70.05,0.390548,67832.0,67833.0,1.100917,0.56,0.72,-0.16,90,1.28,0.0,0.0,0.0,3,0,109
1761,2026-02-17T11:24:00,HYPE,6577.64,3924.51,0.524635,29.567,29.568,0.002664,61.17,564.67,-503.5,57,625.84,56.08,453.06,-396.98,37,0,107
1762,2026-02-17T11:24:00,BTC,48.33,36.76,0.506235,67837.0,67838.0,1.0,0.32,12.51,-12.19,73,12.84,0.22,0.0,0.22,5,8,107
1763,2026-02-17T11:25:00,HYPE,10154.64,4971.1,0.694455,29.544,29.552,0.002027,1759.23,1103.22,656.01,147,2862.45,74.95,627.79,-552.84,70,0,111
1764,2026-02-17T11:25:00,BTC,61.54,37.85,0.432972,67800.0,67801.0,1.072072,0.15,2.02,-1.87,94,2.18,0.0,0.0,0.0,2,0,111
1765,2026-02-17T11:26:00,HYPE,7423.66,4159.04,0.602885,29.529,29.531,0.002092,2030.45,11064.28,-9033.83,333,13094.73,742.54,1063.93,-321.39,42,1,109
1766,2026-02-17T11:26:00,BTC,21.27,44.66,0.413305,67708.0,67709.0,1.495413,0.5,302.59,-302.1,615,303.09,13.28,0.12,13.16,23,97,109
1767,2026-02-17T11:27:00,HYPE,6189.07,5268.36,0.593696,29.535,29.538,0.00163,949.68,1203.66,-253.98,75,2153.34,405.41,456.91,-51.5,25,0,108
1768,2026-02-17T11:27:00,BTC,38.68,24.65,0.511213,67734.0,67735.0,1.138889,7.67,8.7,-1.04,200,16.37,0.0,10.36,-10.36,55,6,108
1769,2026-02-17T11:28:00,HYPE,7267.74,4203.8,0.590474,29.522,29.524,0.001881,1579.55,558.37,1021.18,60,2137.92,122.19,441.59,-319.4,28,0,109
1770,2026-02-17T11:28:00,BTC,33.88,41.06,0.420856,67741.0,67742.0,1.009174,0.91,2.64,-1.74,127,3.55,0.0,0.16,-0.16,12,1,109
1771,2026-02-17T11:29:00,HYPE,4989.1,4789.11,0.539766,29.531,29.532,0.002306,1927.33,20836.41,-18909.08,817,22763.74,1828.79,656.71,1172.08,63,1,108
1772,2026-02-17T11:29:00,BTC,32.46,44.81,0.528757,67789.0,67790.0,1.194444,2.95,4.62,-1.67,137,7.56,0.0,0.06,-0.06,9,3,108
1773,2026-02-17T11:30:00,HYPE,3527.21,5502.27,0.503015,29.513,29.514,0.002074,664.67,1230.49,-565.82,116,1895.16,111.52,418.8,-307.28,24,0,108
1774,2026-02-17T11:30:00,BTC,33.36,49.75,0.472332,67871.0,67872.0,1.157407,132.55,21.06,111.48,431,153.61,0.0,11.57,-11.57,29,72,108
1775,2026-02-17T11:31:00,HYPE,3748.03,3938.92,0.473614,29.499,29.5,0.002018,666.59,860.32,-193.73,76,1526.91,212.06,418.8,-206.74,28,0,109
1776,2026-02-17T11:31:00,BTC,26.68,60.43,0.407169,67875.0,67876.0,1.091743,1.72,0.74,0.98,107,2.46,0.0,0.16,-0.16,5,0,109
1777,2026-02-17T11:32:00,HYPE,4821.25,4971.07,0.520802,29.478,29.479,0.001936,605.01,464.18,140.83,63,1069.19,303.21,463.69,-160.48,36,0,110
1778,2026-02-17T11:32:00,BTC,13.53,176.48,0.372531,67842.0,67843.0,1.027273,8.4,4.32,4.08,104,12.71,0.0,0.0,0.0,2,6,110
1779,2026-02-17T11:33:00,HYPE,5711.19,4894.71,0.529679,29.468,29.469,0.001771,457.58,3803.22,-3345.64,113,4260.8,627.1,2080.64,-1453.54,72,0,109
1780,2026-02-17T11:33:00,BTC,69.5,52.99,0.353762,67853.0,67854.0,1.165138,93.77,8.4,85.37,303,102.17,0.0,5.07,-5.07,13,74,109
1781,2026-02-17T11:34:00,HYPE,6125.52,4173.09,0.580741,29.461,29.462,0.002789,11634.33,1571.8,10062.53,220,13206.13,279.51,1190.72,-911.21,37,1,109
1782,2026-02-17T11:34:00,BTC,28.47,63.61,0.437745,67850.0,67851.0,1.082569,0.35,2.57,-2.22,60,2.92,0.0,0.0,0.0,4,1,109
1783,2026-02-17T11:35:00,HYPE,5113.77,3913.4,0.564898,29.465,29.466,0.001852,1573.75,1055.75,518.0,128,2629.5,279.9,740.42,-460.52,41,0,108
1784,2026-02-17T11:35:00,BTC,45.93,35.93,0.395602,67824.0,67825.0,1.018519,1.27,4.05,-2.78,130,5.31,0.44,0.0,0.44,4,2,108
1785,2026-02-17T11:36:00,HYPE,6190.17,106000.6,0.504518,29.444,29.445,0.002234,2540.52,3867.45,-1326.93,256,6407.97,866.71,418.8,447.91,83,0,107
1786,2026-02-17T11:36:00,BTC,31.13,57.79,0.338388,67778.0,67779.0,1.168224,9.74,24.87,-15.14,216,34.61,1.93,0.0,1.92,7,21,107
1787,2026-02-17T11:37:00,HYPE,3967.47,5028.95,0.311151,29.432,29.435,0.002427,4609.47,12863.25,-8253.78,574,17472.72,2170.34,1241.31,929.03,63,0,110
1788,2026-02-17T11:37:00,BTC,29.13,58.96,0.409241,67767.0,67768.0,1.2,7.59,18.47,-10.87,148,26.06,4.52,1.32,3.2,10,13,110
1789,2026-02-17T11:38:00,HYPE,8214.22,12091.23,0.353835,29.373,29.38,0.0034,4945.72,5902.31,-956.59,522,10848.03,1210.28,509.46,700.82,56,1,110
1790,2026-02-17T11:38:00,BTC,41.86,47.45,0.400512,67757.0,67758.0,1.136364,4.4,6.81,-2.41,150,11.21,0.0,0.0,0.0,3,3,110
1791,2026-02-17T11:39:00,HYPE,8404.6,9057.21,0.42645,29.366,29.367,0.003234,1893.55,2333.63,-440.08,142,4227.18,302.44,714.97,-412.53,28,0,111
1792,2026-02-17T11:39:00,BTC,28.71,64.09,0.363581,67758.0,67759.0,1.0,0.27,1.71,-1.43,67,1.98,0.0,0.0,0.0,3,0,111
1793,2026-02-17T11:40:00,HYPE,5573.95,8810.64,0.455707,29.355,29.363,0.002505,1108.71,10006.91,-8898.2,233,11115.62,579.12,1710.12,-1131.0,104,1,109
1794,2026-02-17T11:40:00,BTC,34.56,52.35,0.500187,67763.0,67764.0,1.045872,2.33,0.33,2.0,80,2.67,0.0,0.21,-0.21,6,0,109
1795,2026-02-17T11:41:00,HYPE,5170.0,5071.88,0.391938,29.35,29.351,0.003157,1374.33,2481.63,-1107.3,153,3855.96,425.77,758.36,-332.59,45,0,108
1796,2026-02-17T11:41:00,BTC,26.13,58.58,0.351395,67745.0,67746.0,1.064815,0.19,2.43,-2.23,71,2.62,0.0,0.01,-0.01,7,0,108
1797,2026-02-17T11:42:00,HYPE,6698.88,6923.51,0.51052,29.347,29.348,0.002174,1338.01,1522.07,-184.06,103,2860.08,382.12,819.33,-437.21,35,0,109
1798,2026-02-17T11:42:00,BTC,94.53,30.2,0.428551,67754.0,67755.0,1.137615,3.29,3.36,-0.08,87,6.65,0.0,0.0,0.0,3,2,109
1799,2026-02-17T11:43:00,HYPE,4110.18,7554.71,0.482379,29.308,29.31,0.001759,1794.12,11816.68,-10022.56,479,13610.8,1191.83,831.47,360.36,60,1,108
1800,2026-02-17T11:43:00,BTC,28.74,59.26,0.474408,67767.0,67768.0,1.074074,4.58,0.12,4.45,74,4.7,0.0,0.0,0.0,4,2,108
1801,2026-02-17T11:44:00,HYPE,3700.52,6605.15,0.434659,29.301,29.302,0.001773,2972.45,1557.82,1414.63,131,4530.27,284.25,624.43,-340.18,38,0,110
1802,2026-02-17T11:44:00,BTC,21.93,62.93,0.39802,67749.0,67750.0,1.136364,0.22,4.94,-4.73,92,5.16,0.23,0.0,0.23,4,2,110
1803,2026-02-17T11:45:00,HYPE,6418.65,9735.96,0.447727,29.282,29.283,0.0021,7413.72,9168.16,-1754.44,584,16581.88,912.13,753.08,159.05,74,1,110
1804,2026-02-17T11:45:00,BTC,25.88,64.61,0.351351,67704.0,67705.0,1.081818,0.13,5.23,-5.1,147,5.37,0.0,0.0,0.0,3,2,110
1805,2026-02-17T11:46:00,HYPE,4519.87,5553.56,0.415096,29.273,29.28,0.001761,4414.97,2170.65,2244.32,126,6585.62,688.66,426.38,262.28,49,1,109
1806,2026-02-17T11:46:00,BTC,24.89,65.41,0.367582,67700.0,67701.0,1.137615,9.16,5.08,4.08,174,14.25,0.0,1.38,-1.38,6,5,109
1807,2026-02-17T11:47:00,HYPE,7130.69,5060.28,0.550739,29.252,29.254,0.002018,406.96,3685.19,-3278.23,167,4092.15,537.89,426.49,111.4,78,1,109
1808,2026-02-17T11:47:00,BTC,52.96,36.17,0.405534,67698.0,67699.0,1.06422,0.74,0.15,0.58,57,0.89,0.0,0.0,0.0,4,0,109
1809,2026-02-17T11:48:00,HYPE,8358.11,9417.14,0.539236,29.243,29.244,0.002288,673.59,4966.78,-4293.19,260,5640.37,689.08,470.46,218.62,44,0,111
1810,2026-02-17T11:48:00,BTC,15.88,81.59,0.378001,67694.0,67695.0,1.144144,3.2,0.89,2.31,143,4.09,0.04,0.21,-0.17,6,2,111
1811,2026-02-17T11:49:00,HYPE,5554.31,7492.67,0.374451,29.247,29.248,0.001252,5106.6,4512.4,594.2,172,9619.0,561.83,426.42,135.41,33,1,111
1812,2026-02-17T11:49:00,BTC,31.95,50.9,0.420719,67720.0,67721.0,1.144144,9.88,0.1,9.78,120,9.98,0.0,0.0,0.0,4,4,111
1813,2026-02-17T11:50:00,HYPE,9161.47,9164.06,0.508749,29.295,29.296,0.001899,9685.65,693.69,8991.96,160,10379.34,432.42,1147.42,-715.0,50,0,109
1814,2026-02-17T11:50:00,BTC,44.43,52.12,0.462943,67765.0,67766.0,1.06422,1.11,1.22,-0.12,131,2.33,0.0,0.0,0.0,4,0,109
1815,2026-02-17T11:51:00,HYPE,5874.06,5386.22,0.508196,29.282,29.283,0.00225,610.69,600.3,10.39,97,1210.99,284.24,458.83,-174.59,52,0,108
1816,2026-02-17T11:51:00,BTC,56.26,35.38,0.444486,67772.0,67773.0,1.046296,0.71,1.97,-1.25,94,2.68,0.0,0.0,0.0,3,0,108
1817,2026-02-17T11:52:00,HYPE,6225.36,5257.47,0.55388,29.285,29.286,0.00264,1634.36,516.92,1117.44,122,2151.28,284.25,878.36,-594.11,70,0,111
1818,2026-02-17T11:52:00,BTC,31.54,50.95,0.423535,67769.0,67770.0,1.072072,0.16,0.24,-0.08,66,0.4,0.0,0.0,0.0,3,0,111
1819,2026-02-17T11:53:00,HYPE,5350.22,7301.41,0.420915,29.321,29.322,0.00257,5716.35,6543.01,-826.66,224,12259.36,1018.63,1223.28,-204.65,65,0,107
1820,2026-02-17T11:53:00,BTC,12.45,129.48,0.45801,67804.0,67805.0,1.028037,102.26,0.28,101.98,227,102.55,0.0,3.87,-3.87,12,54,107
1821,2026-02-17T11:54:00,HYPE,6042.76,7302.31,0.398322,29.321,29.322,0.001722,1026.77,438.93,587.84,67,1465.7,283.87,478.45,-194.58,37,0,108
1822,2026-02-17T11:54:00,BTC,68.96,26.42,0.540348,67793.0,67794.0,1.101852,0.53,0.66,-0.13,89,1.19,0.0,0.0,0.0,2,0,108
1823,2026-02-17T11:55:00,HYPE,6789.61,7731.78,0.428437,29.311,29.312,0.002174,972.65,493.06,479.59,73,1465.71,284.24,491.52,-207.28,35,0,109
1824,2026-02-17T11:55:00,BTC,77.59,28.97,0.58281,67819.0,67821.0,1.055046,3.28,1.35,1.93,125,4.62,0.0,0.0,0.0,4,3,109
1825,2026-02-17T11:56:00,HYPE,5522.61,5171.0,0.461501,29.311,29.312,0.002596,2906.94,458.89,2448.05,91,3365.83,283.86,759.72,-475.86,47,1,109
1826,2026-02-17T11:56:00,BTC,27.41,79.14,0.606712,67842.0,67843.0,1.146789,3.05,40.12,-37.07,163,43.16,0.0,0.0,0.0,4,17,109
1827,2026-02-17T11:57:00,HYPE,7215.57,6348.67,0.520588,29.302,29.306,0.002376,3025.49,1013.98,2011.51,107,4039.47,284.24,801.1,-516.86,44,0,109
1828,2026-02-17T11:57:00,BTC,44.45,30.61,0.451658,67842.0,67843.0,1.009174,0.62,5.2,-4.58,104,5.82,0.0,0.0,0.0,3,2,109
1829,2026-02-17T11:58:00,HYPE,4501.03,5327.7,0.533227,29.31,29.311,0.00245,432.37,810.24,-377.87,63,1242.61,284.26,429.43,-145.17,30,0,109
1830,2026-02-17T11:58:00,BTC,49.21,39.27,0.498103,67868.0,67869.0,1.036697,92.1,3.06,89.04,350,95.16,0.0,3.69,-3.69,11,60,109
1831,2026-02-17T11:59:00,HYPE,6355.8,6292.71,0.512463,29.33,29.335,0.002725,1245.85,541.57,704.28,94,1787.42,284.24,820.6,-536.36,52,0,109
1832,2026-02-17T11:59:00,BTC,37.31,42.39,0.462162,67839.0,67840.0,1.12844,0.81,5.98,-5.17,107,6.78,1.5,0.0,1.5,10,3,109
1833,2026-02-17T12:00:00,HYPE,7395.73,4232.76,0.51744,29.337,29.341,0.00229,384.52,488.66,-104.14,58,873.18,283.88,418.8,-134.92,33,0,107
1834,2026-02-17T12:00:00,BTC,32.21,33.07,0.569321,67821.0,67822.0,1.205607,0.42,0.23,0.2,111,0.65,0.0,0.0,0.0,3,0,107
1835,2026-02-17T12:01:00,HYPE,7211.67,4234.84,0.516329,29.309,29.31,0.002351,412.67,1736.01,-1323.34,108,2148.68,367.62,444.92,-77.3,43,0,111
1836,2026-02-17T12:01:00,BTC,26.46,53.97,0.411587,67807.0,67808.0,1.108108,0.75,5.92,-5.17,151,6.67,0.08,0.0,0.08,4,2,111
1837,2026-02-17T12:02:00,HYPE,3201.1,6001.32,0.5322,29.296,29.297,0.002269,495.75,15592.88,-15097.13,173,16088.63,1840.81,418.8,1422.01,38,2,108
1838,2026-02-17T12:02:00,BTC,106.96,18.28,0.535312,67818.0,67819.0,1.212963,0.31,17.41,-17.1,124,17.72,0.56,0.0,0.56,7,10,108
1839,2026-02-17T12:03:00,HYPE,5920.15,4665.62,0.482111,29.339,29.34,0.002482,338.67,678.5,-339.83,78,1017.17,284.22,427.31,-143.09,35,0,110
1840,2026-02-17T12:03:00,BTC,46.18,34.06,0.575578,67854.0,67855.0,1.054545,3.86,0.17,3.69,98,4.02,0.0,0.0,0.0,4,3,110
1841,2026-02-17T12:04:00,HYPE,4890.78,7459.96,0.421034,29.367,29.368,0.001991,1161.6,622.64,538.96,107,1784.24,299.29,621.81,-322.52,42,0,109
1842,2026-02-17T12:04:00,BTC,36.71,40.73,0.537539,67876.0,67877.0,1.06422,2.75,0.06,2.69,96,2.81,0.0,0.01,-0.01,3,0,109
1843,2026-02-17T12:05:00,HYPE,5031.61,10562.4,0.427374,29.36,29.368,0.001972,972.41,649.21,323.2,94,1621.62,284.25,657.92,-373.67,38,0,108
1844,2026-02-17T12:05:00,BTC,43.14,33.59,0.472637,67876.0,67877.0,1.064815,16.41,0.52,15.89,118,16.93,16.02,0.0,16.02,49,9,108
1845,2026-02-17T12:06:00,HYPE,4527.15,4726.95,0.435254,29.357,29.358,0.001927,2224.71,1206.66,1018.05,143,3431.37,283.84,732.96,-449.12,34,0,109
1846,2026-02-17T12:06:00,BTC,39.99,33.63,0.450664,67905.0,67906.0,1.045872,10.73,0.27,10.46,180,11.0,0.0,0.42,-0.42,6,5,109
1847,2026-02-17T12:07:00,HYPE,6147.07,12308.94,0.40611,29.372,29.373,0.001536,706.24,525.59,180.65,101,1231.83,333.87,418.8,-84.93,42,0,110
1848,2026-02-17T12:07:00,BTC,19.39,58.29,0.408335,67925.0,67926.0,1.063636,22.74,1.41,21.33,274,24.15,0.0,2.41,-2.41,9,20,110
1849,2026-02-17T12:08:00,HYPE,6017.83,4809.15,0.497961,29.419,29.42,0.002473,10480.54,563.51,9917.03,204,11044.05,283.86,640.56,-356.7,46,0,110
1850,2026-02-17T12:08:00,BTC,14.91,92.35,0.468359,68079.0,68080.0,1.818182,37.73,13.74,23.99,892,51.47,0.05,0.0,0.05,5,22,110
1851,2026-02-17T12:09:00,HYPE,10068.75,5231.23,0.56646,29.387,29.388,0.002477,340.49,1109.63,-769.14,68,1450.12,283.85,419.62,-135.77,30,0,107
1852,2026-02-17T12:09:00,BTC,32.42,33.75,0.532435,68094.0,68095.0,1.71028,16.87,15.1,1.77,326,31.98,0.67,0.0,0.67,11,16,107
1853,2026-02-17T12:10:00,HYPE,5491.2,4288.19,0.585692,29.366,29.371,0.002284,4377.71,9177.83,-4800.12,157,13555.54,284.25,664.89,-380.64,37,0,109
1854,2026-02-17T12:10:00,BTC,31.26,90.9,0.38883,68071.0,68072.0,1.192661,0.8,7.32,-6.52,145,8.12,1.39,0.19,1.2,8,3,109
1855,2026-02-17T12:11:00,HYPE,6476.87,3612.37,0.625499,29.392,29.393,0.001944,1736.07,663.88,1072.19,70,2399.95,283.85,448.64,-164.79,33,1,108
1856,2026-02-17T12:11:00,BTC,33.37,64.74,0.286103,68050.0,68051.0,1.083333,0.87,2.48,-1.6,114,3.35,0.0,0.0,0.0,4,1,108
1857,2026-02-17T12:12:00,HYPE,9382.22,3628.44,0.59102,29.369,29.374,0.001766,315.53,454.47,-138.94,52,770.0,284.24,497.24,-213.0,41,0,107
1858,2026-02-17T12:12:00,BTC,70.14,68.86,0.396442,68067.0,68068.0,1.046729,0.54,0.89,-0.35,67,1.42,0.0,0.0,0.0,4,0,107
1859,2026-02-17T12:13:00,HYPE,7466.23,4601.25,0.633263,29.378,29.379,0.001661,401.65,534.07,-132.42,55,935.72,283.85,461.92,-178.07,35,0,109
1860,2026-02-17T12:13:00,BTC,100.66,36.16,0.543664,68071.0,68072.0,1.0,25.13,0.48,24.66,54,25.61,0.0,25.13,-25.13,31,5,109
1861,2026-02-17T12:14:00,HYPE,8988.96,3964.03,0.648078,29.382,29.383,0.001561,583.47,471.96,111.51,56,1055.43,317.09,438.83,-121.74,32,0,107
1862,2026-02-17T12:14:00,BTC,26.46,51.03,0.574902,68052.0,68053.0,1.093458,9.9,2.71,7.19,131,12.6,1.32,6.0,-4.68,8,3,107
1863,2026-02-17T12:15:00,HYPE,3063.22,2652.32,0.537097,29.406,29.407,0.001761,398.62,470.05,-71.43,60,868.67,284.24,467.23,-182.99,42,0,109
1864,2026-02-17T12:15:00,BTC,88.38,33.81,0.51932,68036.0,68037.0,1.036697,0.11,4.52,-4.41,85,4.63,0.0,0.0,0.0,5,2,109
1865,2026-02-17T12:16:00,HYPE,3730.09,4192.61,0.495338,29.397,29.398,0.002056,442.13,751.21,-309.08,67,1193.34,284.24,419.84,-135.6,35,0,107
1866,2026-02-17T12:16:00,BTC,51.86,36.44,0.578471,68011.0,68012.0,1.280374,1.71,11.26,-9.54,181,12.97,0.06,0.0,0.06,6,4,107
1867,2026-02-17T12:17:00,HYPE,6901.42,3342.05,0.539303,29.416,29.418,0.002036,2286.68,442.62,1844.06,95,2729.3,283.85,525.48,-241.63,36,0,111
1868,2026-02-17T12:17:00,BTC,83.67,43.96,0.514607,68017.0,68018.0,1.018018,0.08,3.28,-3.2,60,3.37,0.0,0.0,0.0,3,1,111
1869,2026-02-17T12:18:00,HYPE,4834.78,4541.57,0.556044,29.433,29.434,0.003045,1131.26,615.17,516.09,98,1746.43,284.24,473.21,-188.97,45,0,111
1870,2026-02-17T12:18:00,BTC,38.67,41.1,0.496561,68020.0,68021.0,1.036036,4.98,1.88,3.11,131,6.86,0.0,0.0,0.0,4,2,111
1871,2026-02-17T12:19:00,HYPE,5742.51,4726.17,0.528371,29.438,29.439,0.004291,1561.75,453.56,1108.19,96,2015.31,283.86,703.03,-419.17,48,0,110
1872,2026-02-17T12:19:01,BTC,24.55,59.15,0.414109,68038.0,68039.0,1.118182,0.6,0.27,0.33,84,0.87,0.0,0.0,0.0,4,0,110
1873,2026-02-17T12:20:00,HYPE,5191.4,4603.17,0.534581,29.442,29.443,0.003192,501.94,504.41,-2.47,49,1006.35,283.86,427.7,-143.84,31,0,104
1874,2026-02-17T12:20:00,BTC,39.96,33.68,0.473356,68045.0,68046.0,1.019231,0.19,0.11,0.09,54,0.3,0.0,0.0,0.0,2,0,104
1875,2026-02-17T12:21:00,HYPE,7569.2,4391.21,0.497547,29.466,29.467,0.00389,1818.45,534.88,1283.57,111,2353.33,289.58,1131.87,-842.29,49,0,109
1876,2026-02-17T12:21:00,BTC,39.95,47.19,0.640801,68065.0,68066.0,1.027523,5.19,2.29,2.89,100,7.48,0.0,0.0,0.0,4,5,109
1877,2026-02-17T12:22:00,HYPE,3993.24,4664.15,0.548479,29.485,29.486,0.002333,2003.11,531.34,1471.77,159,2534.45,368.38,658.16,-289.78,48,0,111
1878,2026-02-17T12:22:00,BTC,18.95,122.33,0.568399,68104.0,68105.0,1.018018,18.37,8.66,9.72,209,27.03,0.0,0.26,-0.26,5,13,111
1879,2026-02-17T12:23:00,HYPE,5364.22,4849.37,0.476967,29.481,29.484,0.002145,703.68,852.98,-149.3,97,1556.66,284.26,696.39,-412.13,32,0,110
1880,2026-02-17T12:23:00,BTC,35.66,52.01,0.526258,68112.0,68113.0,1.018182,5.27,0.83,4.44,98,6.1,0.09,0.0,0.09,10,2,110
1881,2026-02-17T12:24:00,HYPE,3128.8,7248.4,0.451932,29.455,29.456,0.001533,408.13,2778.71,-2370.58,97,3186.84,285.66,463.86,-178.2,27,0,107
1882,2026-02-17T12:24:00,BTC,38.42,44.14,0.471302,68091.0,68092.0,1.074766,3.97,0.76,3.21,143,4.73,0.0,0.0,0.0,4,2,107
1883,2026-02-17T12:25:00,HYPE,3450.34,4339.92,0.44495,29.42,29.421,0.001821,666.47,637.91,28.56,76,1304.38,284.24,418.8,-134.56,35,0,106
1884,2026-02-17T12:25:00,BTC,43.37,31.51,0.440641,68058.0,68059.0,1.113208,2.44,30.47,-28.03,170,32.91,2.7,0.0,2.69,6,14,106
1885,2026-02-17T12:26:00,HYPE,3578.65,4730.29,0.445534,29.437,29.438,0.001928,571.14,584.04,-12.9,61,1155.18,283.85,418.8,-134.95,30,0,111
1886,2026-02-17T12:26:00,BTC,36.33,53.94,0.419087,68035.0,68036.0,1.045045,0.18,0.63,-0.44,53,0.81,0.0,0.0,0.0,3,0,111
1887,2026-02-17T12:27:00,HYPE,2968.27,5853.43,0.44177,29.481,29.483,0.001862,757.87,441.92,315.95,70,1199.79,298.24,544.82,-246.58,37,0,109
1888,2026-02-17T12:27:00,BTC,96.0,15.64,0.513383,68058.0,68059.0,1.082569,2.3,2.33,-0.04,79,4.63,0.0,0.0,0.0,3,2,109
1889,2026-02-17T12:28:00,HYPE,4922.29,6015.83,0.450102,29.488,29.489,0.002081,715.98,467.69,248.29,79,1183.67,283.88,452.85,-168.97,44,0,111
1890,2026-02-17T12:28:00,BTC,38.23,31.09,0.576691,68082.0,68083.0,1.063063,0.75,0.56,0.18,73,1.31,0.0,0.0,0.0,4,0,111
1891,2026-02-17T12:29:00,HYPE,5085.27,3535.72,0.481425,29.507,29.508,0.001349,796.51,539.34,257.17,114,1335.85,320.31,418.8,-98.49,52,0,109
1892,2026-02-17T12:29:00,BTC,95.65,26.27,0.565191,68095.0,68096.0,1.12844,0.72,0.2,0.52,58,0.92,0.0,0.0,0.0,3,0,109
1893,2026-02-17T12:30:00,HYPE,3255.74,4342.44,0.484659,29.525,29.527,0.001468,3835.06,1236.21,2598.85,311,5071.27,482.23,921.37,-439.14,61,0,109
1894,2026-02-17T12:30:00,BTC,43.33,38.27,0.495972,68070.0,68071.0,1.119266,1.73,17.75,-16.02,155,19.47,0.0,0.0,0.0,3,3,109
1895,2026-02-17T12:31:00,HYPE,3364.81,4060.32,0.420887,29.502,29.503,0.002463,1201.78,856.32,345.46,106,2058.1,283.21,533.63,-250.42,41,0,108
1896,2026-02-17T12:31:00,BTC,28.13,44.16,0.467799,68093.0,68094.0,1.092593,1.16,0.18,0.99,86,1.34,0.0,0.0,0.0,4,0,108
1897,2026-02-17T12:32:00,HYPE,5152.09,5024.97,0.428809,29.459,29.46,0.002796,500.52,559.21,-58.69,85,1059.73,281.77,437.74,-155.97,40,0,108
1898,2026-02-17T12:32:00,BTC,39.89,31.23,0.486709,68097.0,68098.0,1.037037,2.14,1.01,1.13,67,3.15,0.0,0.0,0.0,2,2,108
1899,2026-02-17T12:33:00,HYPE,4040.71,4567.56,0.378587,29.416,29.417,0.002861,177.78,1210.07,-1032.29,81,1387.85,169.67,418.8,-249.13,33,0,108
1900,2026-02-17T12:33:00,BTC,45.82,22.07,0.541903,68101.0,68102.0,1.037037,1.45,0.62,0.82,60,2.07,0.42,0.0,0.42,5,0,108
1901,2026-02-17T12:34:00,HYPE,4666.33,5435.25,0.429356,29.403,29.404,0.0033,267.34,1349.75,-1082.41,81,1617.09,222.84,435.53,-212.69,31,0,110
1902,2026-02-17T12:34:00,BTC,29.68,61.83,0.410899,68088.0,68089.0,1.090909,0.83,0.7,0.13,98,1.53,0.0,0.0,0.0,4,0,110
1903,2026-02-17T12:35:00,HYPE,5425.22,5087.86,0.454035,29.394,29.399,0.002167,520.44,594.24,-73.8,56,1114.68,170.09,543.2,-373.11,31,0,108
1904,2026-02-17T12:35:00,BTC,29.9,88.55,0.381835,68091.0,68092.0,1.074074,0.22,0.3,-0.07,89,0.52,0.0,0.0,0.0,4,0,108
1905,2026-02-17T12:36:00,HYPE,3126.73,5391.86,0.469131,29.503,29.504,0.002358,7647.38,1101.05,6546.33,187,8748.43,295.22,667.62,-372.4,33,2,109
1906,2026-02-17T12:36:00,BTC,42.78,26.47,0.62752,68221.0,68222.0,1.302752,320.5,2.65,317.84,945,323.15,0.0,14.17,-14.17,26,105,109
1907,2026-02-17T12:37:00,HYPE,5530.64,6231.17,0.47123,29.498,29.504,0.002278,1386.56,529.82,856.74,79,1916.38,170.05,709.61,-539.56,30,0,108
1908,2026-02-17T12:37:00,BTC,140.62,13.11,0.638155,68239.0,68241.0,1.425926,41.95,12.19,29.76,428,54.14,1.14,1.33,-0.19,14,28,108
1909,2026-02-17T12:38:00,HYPE,4599.26,4659.63,0.479874,29.529,29.53,0.002409,840.93,799.68,41.25,82,1640.61,299.43,421.6,-122.17,40,0,110
1910,2026-02-17T12:38:00,BTC,34.62,57.0,0.577396,68250.0,68251.0,1.281818,11.97,3.4,8.58,198,15.37,0.11,0.0,0.11,4,6,110
1911,2026-02-17T12:39:00,HYPE,3951.17,5710.82,0.448095,29.53,29.531,0.002174,928.83,881.85,46.98,139,1810.68,170.45,560.19,-389.74,49,0,109
1912,2026-02-17T12:39:00,BTC,18.43,75.85,0.525301,68205.0,68208.0,1.055046,0.79,10.18,-9.4,122,10.97,0.7,0.0,0.69,6,5,109
1913,2026-02-17T12:40:00,HYPE,6913.88,5450.92,0.509395,29.548,29.553,0.002241,2394.76,1074.42,1320.34,162,3469.18,269.48,418.8,-149.32,38,0,108
1914,2026-02-17T12:40:00,BTC,55.06,72.0,0.522795,68171.0,68172.0,1.064815,3.42,28.73,-25.31,220,32.15,0.08,0.0,0.07,8,14,108
1915,2026-02-17T12:41:00,HYPE,5518.5,3408.14,0.597221,29.566,29.567,0.002028,534.5,544.21,-9.71,178,1078.71,219.77,467.59,-247.82,64,0,109
1916,2026-02-17T12:41:00,BTC,110.76,17.6,0.616519,68170.0,68171.0,1.100917,1.31,1.09,0.23,76,2.4,0.0,0.0,0.0,5,1,109
1917,2026-02-17T12:42:00,HYPE,4834.06,4081.97,0.59179,29.593,29.594,0.002282,4167.27,783.76,3383.51,393,4951.03,224.9,1039.02,-814.12,61,0,110
1918,2026-02-17T12:42:00,BTC,33.85,69.85,0.616148,68178.0,68179.0,1.018182,0.91,2.05,-1.14,127,2.96,0.0,0.0,0.0,2,0,110
1919,2026-02-17T12:43:00,HYPE,5422.44,5681.24,0.526634,29.562,29.571,0.003018,2676.63,731.42,1945.21,101,3408.05,171.28,548.89,-377.61,24,0,110
1920,2026-02-17T12:43:00,BTC,57.03,40.77,0.553642,68176.0,68177.0,1.018182,1.35,6.72,-5.36,113,8.07,0.79,0.0,0.79,8,5,110
1921,2026-02-17T12:44:00,HYPE,3291.47,2776.23,0.52875,29.606,29.607,0.002327,5014.59,1060.77,3953.82,151,6075.36,170.82,1340.54,-1169.72,48,0,110
1922,2026-02-17T12:44:00,BTC,56.4,43.2,0.505938,68163.0,68164.0,1.027273,0.62,0.35,0.27,58,0.97,0.58,0.0,0.58,9,0,110
1923,2026-02-17T12:45:00,HYPE,7135.63,3993.01,0.52364,29.533,29.534,0.00188,1273.09,2868.39,-1595.3,96,4141.48,170.46,522.07,-351.61,26,0,108
1924,2026-02-17T12:45:00,BTC,51.79,69.8,0.560255,68154.0,68155.0,1.027778,0.27,0.16,0.11,53,0.43,0.0,0.0,0.0,2,0,108
1925,2026-02-17T12:46:00,HYPE,3438.63,4690.7,0.497432,29.493,29.494,0.001636,329.06,5352.41,-5023.35,147,5681.47,199.08,436.73,-237.65,31,0,110
1926,2026-02-17T12:46:00,BTC,49.41,44.85,0.472393,68111.0,68112.0,1.172727,0.66,6.1,-5.44,151,6.76,1.56,0.0,1.56,10,4,110
1927,2026-02-17T12:47:00,HYPE,3007.88,4118.51,0.496232,29.493,29.494,0.002138,1814.61,612.32,1202.29,76,2426.93,181.08,511.83,-330.75,33,0,109
1928,2026-02-17T12:47:00,BTC,12.08,106.48,0.465692,68082.0,68083.0,1.045872,2.55,1.8,0.75,128,4.35,0.52,0.0,0.52,10,0,109
1929,2026-02-17T12:48:00,HYPE,5072.45,3925.44,0.465473,29.503,29.504,0.002009,347.48,808.05,-460.57,69,1155.53,170.85,418.8,-247.95,29,0,111
1930,2026-02-17T12:48:00,BTC,22.52,143.77,0.444309,68067.0,68068.0,1.099099,1.74,1.53,0.2,130,3.27,0.15,0.0,0.15,9,0,111
1931,2026-02-17T12:49:00,HYPE,5914.12,3952.99,0.512404,29.517,29.528,0.002103,434.46,425.39,9.07,61,859.85,297.1,418.8,-121.7,41,0,107
1932,2026-02-17T12:49:00,BTC,74.14,54.41,0.602182,68064.0,68065.0,1.037383,9.19,5.22,3.97,128,14.41,0.0,0.0,0.0,5,3,107
1933,2026-02-17T12:50:00,HYPE,5200.07,4457.2,0.508335,29.528,29.532,0.002782,327.1,695.67,-368.57,61,1022.77,204.69,418.8,-214.11,33,0,110
1934,2026-02-17T12:50:00,BTC,50.21,63.64,0.543643,68053.0,68054.0,1.036364,0.5,6.93,-6.43,74,7.43,1.84,0.0,1.84,18,4,110
1935,2026-02-17T12:51:00,HYPE,3567.02,6412.15,0.468926,29.49,29.491,0.002218,483.3,605.06,-121.76,61,1088.36,171.24,427.24,-256.0,29,0,110
1936,2026-02-17T12:51:00,BTC,59.48,86.02,0.525135,67999.0,68000.0,1.109091,1.02,156.03,-155.01,471,157.05,8.95,0.0,8.95,18,91,110
1937,2026-02-17T12:52:00,HYPE,5901.04,6557.52,0.492885,29.452,29.453,0.0022,312.17,1566.28,-1254.11,111,1878.45,170.44,448.19,-277.75,31,0,110
1938,2026-02-17T12:52:00,BTC,50.01,31.44,0.392075,67952.0,67953.0,1.009091,20.37,10.29,10.08,280,30.66,0.37,0.0,0.36,7,12,110
1939,2026-02-17T12:53:00,HYPE,4419.25,6211.27,0.554721,29.48,29.482,0.002561,414.94,695.59,-280.65,67,1110.53,255.43,454.43,-199.0,35,0,107
1940,2026-02-17T12:53:00,BTC,60.19,184.29,0.345582,67986.0,67987.0,1.056075,1.02,7.54,-6.52,110,8.56,0.0,0.0,0.0,6,4,107
1941,2026-02-17T12:54:00,HYPE,2489.55,5769.12,0.459173,29.426,29.428,0.002927,342.91,3558.42,-3215.51,111,3901.33,220.13,1783.94,-1563.81,50,0,109
1942,2026-02-17T12:54:00,BTC,68.76,161.35,0.331238,67998.0,67999.0,1.06422,18.3,0.69,17.61,83,18.99,0.0,0.0,0.0,4,6,109
1943,2026-02-17T12:55:00,HYPE,5326.79,5905.96,0.428427,29.443,29.452,0.002463,434.16,528.78,-94.62,57,962.94,203.97,419.65,-215.68,35,0,108
1944,2026-02-17T12:55:00,BTC,82.64,43.26,0.405837,67999.0,68000.0,1.055556,104.15,0.79,103.36,113,104.94,0.0,0.0,0.0,2,29,108
1945,2026-02-17T12:56:00,HYPE,6170.3,5768.03,0.409798,29.459,29.46,0.00237,1308.56,425.57,882.99,72,1734.13,170.44,418.8,-248.36,27,0,108
1946,2026-02-17T12:56:00,BTC,118.88,17.03,0.424657,67987.0,67988.0,1.009259,0.17,9.1,-8.93,123,9.28,0.0,0.0,0.0,4,6,108
1947,2026-02-17T12:57:00,HYPE,2775.98,3739.19,0.416159,29.469,29.47,0.001844,668.79,562.91,105.88,72,1231.7,170.45,494.74,-324.29,33,0,109
1948,2026-02-17T12:57:00,BTC,81.61,33.02,0.525946,67984.0,67985.0,1.146789,1.1,26.79,-25.69,201,27.9,0.11,0.0,0.11,5,14,109
1949,2026-02-17T12:58:00,HYPE,5085.35,4649.58,0.44017,29.426,29.427,0.0015,248.61,2437.35,-2188.74,92,2685.96,170.84,487.44,-316.6,32,0,108
1950,2026-02-17T12:58:00,BTC,42.45,47.69,0.451449,67864.0,67865.0,1.185185,6.56,253.06,-246.49,585,259.62,13.26,0.11,13.14,17,101,108
1951,2026-02-17T12:59:00,HYPE,2481.76,8223.57,0.382789,29.439,29.44,0.001309,644.14,1175.15,-531.01,75,1819.29,170.45,419.19,-248.74,26,0,110
1952,2026-02-17T12:59:00,BTC,21.45,75.33,0.410856,67848.0,67849.0,1.2,13.1,25.88,-12.77,380,38.98,1.48,0.0,1.48,10,14,110
1953,2026-02-17T13:00:00,HYPE,5073.4,5429.23,0.447066,29.466,29.467,0.001708,613.36,934.37,-321.01,68,1547.73,170.44,418.8,-248.36,22,0,106
1954,2026-02-17T13:00:00,BTC,54.44,30.42,0.459367,67878.0,67879.0,1.103774,2.44,2.36,0.08,112,4.79,0.0,0.0,0.0,3,2,106
1955,2026-02-17T13:01:00,HYPE,9849.35,5272.26,0.592414,29.455,29.456,0.001991,629.47,688.83,-59.36,65,1318.3,170.88,421.99,-251.11,30,0,110
1956,2026-02-17T13:01:00,BTC,17.29,79.2,0.417011,67910.0,67911.0,1.036364,17.78,1.25,16.53,192,19.02,0.0,0.02,-0.02,7,7,110
1957,2026-02-17T13:02:00,HYPE,9126.59,4806.24,0.68312,29.459,29.46,0.002193,428.89,848.64,-419.75,66,1277.53,186.89,444.22,-257.33,31,0,109
1958,2026-02-17T13:02:00,BTC,16.29,93.18,0.405887,67874.0,67875.0,1.33945,6.87,13.93,-7.06,222,20.8,0.0,0.15,-0.15,4,10,109
1959,2026-02-17T13:03:00,HYPE,3411.95,4641.45,0.578361,29.399,29.409,0.002211,402.99,6445.67,-6042.68,111,6848.66,170.85,450.29,-279.44,36,0,109
1960,2026-02-17T13:03:00,BTC,104.79,37.52,0.358347,67802.0,67804.0,1.211009,8.62,18.22,-9.6,224,26.84,1.27,1.59,-0.32,18,14,109
1961,2026-02-17T13:04:00,HYPE,2751.47,5108.61,0.44656,29.385,29.386,0.002239,487.44,851.11,-363.67,74,1338.55,202.39,418.8,-216.41,28,0,109
1962,2026-02-17T13:04:00,BTC,39.21,34.92,0.449225,67761.0,67762.0,1.385321,84.25,47.45,36.8,658,131.69,0.95,6.28,-5.33,28,58,109
1963,2026-02-17T13:05:00,HYPE,6106.61,5207.56,0.584519,29.36,29.365,0.001798,782.4,2133.66,-1351.26,105,2916.06,335.94,418.8,-82.86,35,0,109
1964,2026-02-17T13:05:00,BTC,14.66,94.77,0.308545,67742.0,67743.0,1.706422,14.31,178.52,-164.22,580,192.83,12.72,0.57,12.15,29,84,109
1965,2026-02-17T13:06:00,HYPE,5022.1,3557.16,0.523517,29.383,29.384,0.001252,1205.86,2201.2,-995.34,85,3407.06,170.06,418.8,-248.74,18,0,107
1966,2026-02-17T13:06:00,BTC,51.85,51.33,0.539121,67779.0,67780.0,1.233645,94.87,17.13,77.74,420,112.0,0.0,4.12,-4.12,11,67,107
1967,2026-02-17T13:07:00,HYPE,5439.62,4360.67,0.500878,29.378,29.379,0.002343,1430.7,579.28,851.42,101,2009.98,170.47,449.39,-278.92,27,0,108
1968,2026-02-17T13:07:00,BTC,31.51,70.58,0.367752,67764.0,67765.0,1.342593,1.78,13.05,-11.27,179,14.83,0.0,0.12,-0.12,6,5,108
1969,2026-02-17T13:08:00,HYPE,5854.03,4944.17,0.507837,29.45,29.451,0.002815,3310.4,3490.47,-180.07,148,6800.87,284.61,716.92,-432.31,36,0,108
1970,2026-02-17T13:08:00,BTC,39.65,38.75,0.514428,67814.0,67815.0,1.194444,9.8,1.34,8.46,149,11.13,0.0,0.03,-0.03,6,3,108
1971,2026-02-17T13:09:00,HYPE,4900.35,4390.43,0.474663,29.494,29.495,0.002211,1070.48,496.46,574.02,95,1566.94,171.91,740.59,-568.68,35,0,109
1972,2026-02-17T13:09:00,BTC,37.95,58.81,0.483786,67878.0,67879.0,1.311927,12.46,2.19,10.27,217,14.65,0.0,0.0,0.0,4,5,109
1973,2026-02-17T13:10:00,HYPE,4198.55,4623.12,0.449341,29.47,29.472,0.002018,369.59,506.1,-136.51,68,875.69,169.65,419.54,-249.89,34,0,110
1974,2026-02-17T13:10:00,BTC,30.13,57.05,0.506099,67928.0,67929.0,1.736364,204.51,0.74,203.78,455,205.25,0.0,10.93,-10.93,19,81,110
1975,2026-02-17T13:11:00,HYPE,7381.47,4807.45,0.538377,29.485,29.486,0.001917,2302.72,456.1,1846.62,108,2758.82,170.07,450.27,-280.2,27,0,109
1976,2026-02-17T13:11:00,BTC,65.26,36.2,0.530441,67983.0,67984.0,1.412844,248.68,62.34,186.33,708,311.02,0.11,7.01,-6.89,18,127,109
1977,2026-02-17T13:12:00,HYPE,4579.51,4244.66,0.525897,29.497,29.498,0.0026,497.49,1003.21,-505.72,82,1500.7,169.67,418.79,-249.12,24,0,110
1978,2026-02-17T13:12:00,BTC,68.29,39.52,0.653607,68032.0,68033.0,1.381818,3.96,21.01,-17.04,295,24.97,0.0,0.0,0.0,4,16,110
1979,2026-02-17T13:13:00,HYPE,4994.47,6035.43,0.506933,29.479,29.48,0.0021,277.59,526.89,-249.3,63,804.48,203.05,418.8,-215.75,29,0,110
1980,2026-02-17T13:13:00,BTC,72.77,49.78,0.595803,68050.0,68051.0,1.190909,9.81,2.16,7.65,149,11.97,0.0,0.34,-0.34,9,6,110
1981,2026-02-17T13:14:00,HYPE,8251.69,5942.16,0.620546,29.506,29.507,0.001783,2280.12,881.15,1398.97,90,3161.27,169.67,573.22,-403.55,28,0,106
1982,2026-02-17T13:14:00,BTC,73.59,60.96,0.604048,68056.0,68057.0,1.113208,10.88,3.43,7.45,125,14.31,0.0,0.22,-0.22,3,10,106
1983,2026-02-17T13:15:00,HYPE,3545.87,4157.87,0.563605,29.498,29.506,0.002092,557.03,786.57,-229.54,52,1343.6,170.06,435.53,-265.47,26,0,109
1984,2026-02-17T13:15:00,BTC,39.24,73.55,0.616598,68074.0,68075.0,1.100917,3.25,1.85,1.4,137,5.11,0.0,0.15,-0.15,20,2,109
1985,2026-02-17T13:16:00,HYPE,3548.85,5142.27,0.447533,29.476,29.477,0.002191,1923.47,2271.05,-347.58,118,4194.52,169.67,456.11,-286.44,34,0,110
1986,2026-02-17T13:16:00,BTC,41.01,110.65,0.495922,68049.0,68050.0,1.209091,0.79,1.64,-0.84,130,2.43,0.0,0.1,-0.1,20,1,110
1987,2026-02-17T13:17:00,HYPE,20591.98,4814.11,0.710958,29.494,29.495,0.001874,2671.51,542.38,2129.13,89,3213.89,170.07,789.87,-619.8,33,0,111
1988,2026-02-17T13:17:00,BTC,58.24,37.06,0.506451,67994.0,67995.0,1.441441,22.29,5.95,16.33,217,28.24,0.0,0.01,-0.01,4,12,111
1989,2026-02-17T13:18:00,HYPE,5926.02,4232.91,0.554851,29.512,29.513,0.002787,7895.62,583.79,7311.83,135,8479.41,169.66,520.54,-350.88,32,1,108
1990,2026-02-17T13:18:00,BTC,61.28,33.34,0.516368,67972.0,67973.0,1.231481,1.41,4.18,-2.77,147,5.59,0.0,0.0,0.0,3,2,108
1991,2026-02-17T13:19:00,HYPE,2721.72,4460.04,0.500486,29.516,29.517,0.002761,1831.8,489.29,1342.51,89,2321.09,169.67,787.93,-618.26,34,0,109
1992,2026-02-17T13:19:00,BTC,4.68,62.25,0.52882,68009.0,68010.0,1.018349,2.6,2.04,0.56,105,4.64,0.0,1.73,-1.73,7,2,109
1993,2026-02-17T13:20:00,HYPE,3903.45,3873.26,0.439725,29.548,29.55,0.002982,1406.68,544.81,861.87,94,1951.49,176.95,635.4,-458.45,34,0,110
1994,2026-02-17T13:20:00,BTC,51.3,116.87,0.586411,68020.0,68021.0,1.1,2.01,0.16,1.86,103,2.17,0.0,0.0,0.0,3,1,110
1995,2026-02-17T13:21:00,HYPE,4819.25,5596.6,0.469232,29.575,29.579,0.00275,525.67,678.67,-153.0,76,1204.34,186.61,418.79,-232.18,25,0,108
1996,2026-02-17T13:21:00,BTC,131.75,18.78,0.594582,68048.0,68049.0,1.027778,0.55,0.25,0.3,106,0.8,0.0,0.0,0.0,5,0,108
1997,2026-02-17T13:22:00,HYPE,3167.82,5065.97,0.450024,29.56,29.564,0.002349,242.15,785.97,-543.82,50,1028.12,169.66,444.61,-274.95,31,0,109
1998,2026-02-17T13:22:00,BTC,52.23,34.16,0.596519,68075.0,68076.0,1.055046,16.48,0.13,16.35,107,16.61,11.63,0.21,11.41,40,9,109
1999,2026-02-17T13:23:00,HYPE,5446.1,3648.42,0.569673,29.586,29.587,0.002009,933.58,487.43,446.15,65,1421.01,170.07,444.61,-274.54,28,0,109
2000,2026-02-17T13:23:00,BTC,47.69,163.72,0.470586,68099.0,68100.0,1.110092,2.34,1.95,0.39,116,4.3,0.0,0.76,-0.76,11,4,109
2001,2026-02-17T13:24:00,HYPE,4388.56,3404.24,0.546839,29.611,29.612,0.002128,943.1,563.51,379.59,202,1506.61,169.67,468.99,-299.32,50,0,109
2002,2026-02-17T13:24:00,BTC,29.87,68.35,0.445442,68153.0,68154.0,1.211009,116.99,8.01,108.98,341,125.0,0.0,99.25,-99.25,43,44,109
2003,2026-02-17T13:25:00,HYPE,3512.81,5569.97,0.52867,29.63,29.631,0.002018,2635.97,572.25,2063.72,216,3208.22,187.12,465.45,-278.33,32,0,110
2004,2026-02-17T13:25:00,BTC,88.47,15.52,0.645516,68302.0,68303.0,1.854545,127.56,6.43,121.13,866,133.98,100.31,3.23,97.08,191,59,110
2005,2026-02-17T13:26:00,HYPE,2875.86,5724.38,0.501536,29.591,29.592,0.002676,1069.03,1828.97,-759.94,113,2898.0,179.48,713.29,-533.81,43,0,108
2006,2026-02-17T13:26:00,BTC,48.47,117.34,0.426234,68210.0,68211.0,1.305556,54.77,91.31,-36.54,433,146.08,4.93,49.7,-44.77,44,54,108
2007,2026-02-17T13:27:00,HYPE,4505.93,3855.22,0.461736,29.549,29.55,0.001309,1437.35,2936.7,-1499.35,120,4374.05,686.51,419.19,267.32,39,0,110
2008,2026-02-17T13:27:00,BTC,91.38,49.44,0.494634,68189.0,68190.0,1.045455,4.28,17.09,-12.81,141,21.37,1.97,4.14,-2.17,25,11,110
2009,2026-02-17T13:28:00,HYPE,4567.69,5638.45,0.480467,29.524,29.525,0.001409,406.02,2527.5,-2121.48,78,2933.52,221.51,452.26,-230.75,29,0,110
2010,2026-02-17T13:28:00,BTC,38.2,38.03,0.481318,68156.0,68157.0,1.054545,6.34,14.35,-8.01,166,20.69,9.72,5.08,4.64,13,4,110
2011,2026-02-17T13:29:00,HYPE,2877.52,4578.77,0.577508,29.529,29.53,0.001789,2401.41,1407.22,994.19,112,3808.63,325.05,742.68,-417.63,37,0,109
2012,2026-02-17T13:29:00,BTC,37.21,43.21,0.424508,68102.0,68103.0,1.073394,2.07,4.46,-2.39,189,6.53,0.83,0.0,0.83,16,1,109
2013,2026-02-17T13:30:00,HYPE,2811.83,5243.1,0.546429,29.539,29.54,0.002229,253.97,1027.97,-774.0,56,1281.94,247.79,437.83,-190.04,28,0,109
2014,2026-02-17T13:30:00,BTC,76.52,27.19,0.527859,68081.0,68082.0,1.165138,1.09,2.22,-1.13,127,3.31,0.83,0.1,0.73,12,2,109
2015,2026-02-17T13:31:00,HYPE,10990.27,4598.47,0.478886,29.52,29.521,0.001713,195.79,546.25,-350.46,58,742.04,271.24,419.19,-147.95,39,0,108
2016,2026-02-17T13:31:00,BTC,134.42,29.96,0.489949,68060.0,68061.0,1.12037,2.69,2.27,0.42,143,4.96,0.83,0.56,0.26,21,1,108
2017,2026-02-17T13:32:00,HYPE,11999.79,3339.78,0.630946,29.516,29.517,0.001727,219.82,586.99,-367.17,61,806.81,133.72,421.19,-287.47,39,0,110
2018,2026-02-17T13:32:00,BTC,101.04,21.5,0.415152,67928.0,67929.0,1.390909,1.38,63.73,-62.35,628,65.1,8.04,0.0,8.04,27,25,110
2019,2026-02-17T13:33:00,HYPE,9727.46,4386.25,0.679114,29.511,29.512,0.00215,107.47,617.59,-510.12,47,725.06,183.19,531.2,-348.01,39,0,107
2020,2026-02-17T13:33:00,BTC,20.08,80.36,0.465508,67963.0,67964.0,1.214953,12.79,2.24,10.55,162,15.04,0.83,0.21,0.62,7,6,107
2021,2026-02-17T13:34:00,HYPE,9308.44,3996.51,0.661532,29.509,29.51,0.001982,960.71,509.34,451.37,63,1470.05,47.22,448.61,-401.39,29,0,109
2022,2026-02-17T13:34:00,BTC,34.09,50.65,0.479014,67947.0,67948.0,1.027523,1.07,1.36,-0.29,102,2.44,0.85,0.0,0.85,13,0,109
2023,2026-02-17T13:35:00,HYPE,10696.84,3277.18,0.693761,29.518,29.523,0.002064,80.5,611.53,-531.03,43,692.03,53.64,419.19,-365.55,24,0,110
2024,2026-02-17T13:35:00,BTC,139.2,27.91,0.48277,67974.0,67975.0,1.027273,5.83,0.8,5.04,94,6.63,1.47,0.0,1.46,29,2,110
2025,2026-02-17T13:36:00,HYPE,8772.98,5844.84,0.658904,29.503,29.504,0.004066,57.73,597.34,-539.61,49,655.07,136.88,418.8,-281.92,31,0,106
2026,2026-02-17T13:36:00,BTC,77.26,25.78,0.447237,67989.0,67990.0,1.301887,7.41,2.52,4.89,125,9.94,0.83,0.0,0.83,5,3,106
2027,2026-02-17T13:37:00,HYPE,2405.22,4152.07,0.639085,29.525,29.526,0.002909,446.63,522.76,-76.13,55,969.39,96.19,418.8,-322.61,22,0,110
2028,2026-02-17T13:37:00,BTC,37.31,39.05,0.459384,67984.0,67985.0,1.118182,3.48,0.31,3.17,75,3.79,0.83,0.0,0.83,5,1,110
2029,2026-02-17T13:38:00,HYPE,7586.85,5369.02,0.588727,29.529,29.53,0.00156,227.13,565.72,-338.59,55,792.85,251.54,418.8,-167.26,44,0,109
2030,2026-02-17T13:38:00,BTC,32.63,40.67,0.518355,67999.0,68000.0,1.385321,1.89,1.94,-0.06,80,3.83,0.83,0.0,0.83,9,1,109
2031,2026-02-17T13:39:00,HYPE,11042.87,3963.78,0.659445,29.536,29.541,0.001378,298.16,457.35,-159.19,55,755.51,101.63,418.79,-317.16,31,0,111
2032,2026-02-17T13:39:00,BTC,69.68,28.62,0.464163,68020.0,68021.0,1.072072,1.66,0.23,1.44,97,1.89,0.83,0.0,0.83,16,0,111
2033,2026-02-17T13:40:00,HYPE,16429.12,3332.75,0.585746,29.522,29.523,0.001468,344.73,648.31,-303.58,75,993.04,267.94,418.8,-150.86,33,0,109
2034,2026-02-17T13:40:00,BTC,43.37,33.79,0.556802,68025.0,68026.0,1.027523,1.09,0.44,0.65,59,1.53,0.83,0.0,0.83,18,0,109
2035,2026-02-17T13:41:00,HYPE,8287.85,4063.11,0.685238,29.533,29.534,0.001355,208.55,1215.69,-1007.14,146,1424.24,119.41,466.22,-346.81,35,0,110
2036,2026-02-17T13:41:00,BTC,74.09,37.47,0.450843,67990.0,67991.0,1.236364,0.97,2.3,-1.33,142,3.27,0.83,0.0,0.83,16,0,110
2037,2026-02-17T13:42:00,HYPE,13969.92,5518.21,0.660579,29.521,29.522,0.001081,273.57,505.82,-232.25,41,779.39,162.87,435.85,-272.98,27,0,111
2038,2026-02-17T13:42:00,BTC,46.53,32.95,0.367104,67940.0,67941.0,1.036036,1.23,4.45,-3.22,99,5.68,0.83,0.0,0.83,9,0,111
2039,2026-02-17T13:43:00,HYPE,7001.24,5183.06,0.667547,29.529,29.53,0.001444,126.77,493.54,-366.77,45,620.31,258.24,423.32,-165.08,43,0,108
2040,2026-02-17T13:43:00,BTC,26.08,65.99,0.517229,67963.0,67964.0,1.074074,2.73,0.57,2.16,87,3.3,0.83,0.0,0.83,11,0,108
2041,2026-02-17T13:44:00,HYPE,3810.21,3852.87,0.505699,29.514,29.515,0.002798,2182.38,20688.62,-18506.24,235,22871.0,1223.34,596.36,626.98,55,4,109
2042,2026-02-17T13:44:00,BTC,38.3,47.27,0.565954,67986.0,67987.0,1.055046,1.27,10.16,-8.89,109,11.44,2.66,0.0,2.66,15,6,109
2043,2026-02-17T13:45:00,HYPE,4150.74,4518.49,0.50195,29.524,29.525,0.002009,154.76,472.34,-317.58,49,627.1,119.41,418.8,-299.39,30,0,109
2044,2026-02-17T13:45:00,BTC,44.53,42.16,0.463358,67988.0,67989.0,1.036697,1.1,0.22,0.88,48,1.32,0.83,0.23,0.6,12,0,109
2045,2026-02-17T13:46:00,HYPE,3237.52,3871.51,0.514173,29.535,29.536,0.001463,212.28,431.33,-219.05,43,643.61,171.57,418.8,-247.23,26,0,108
2046,2026-02-17T13:46:00,BTC,33.7,52.99,0.453374,67999.0,68000.0,1.12963,10.0,0.06,9.95,116,10.06,0.83,0.0,0.83,9,7,108
2047,2026-02-17T13:47:00,HYPE,3078.16,4289.78,0.476335,29.539,29.54,0.001873,787.43,801.07,-13.64,98,1588.5,507.11,449.15,57.96,54,0,110
2048,2026-02-17T13:47:00,BTC,70.52,28.28,0.473347,68008.0,68009.0,1.081818,94.98,4.0,90.98,347,98.99,1.05,3.75,-2.7,23,66,110
2049,2026-02-17T13:48:00,HYPE,2918.97,3469.67,0.497387,29.52,29.524,0.001431,280.04,499.39,-219.35,71,779.43,265.47,419.18,-153.71,40,0,109
2050,2026-02-17T13:48:01,BTC,44.99,42.21,0.394092,67996.0,67997.0,1.018349,1.44,1.58,-0.14,94,3.02,0.83,0.0,0.83,10,0,109
2051,2026-02-17T13:49:00,HYPE,4705.57,3987.53,0.509163,29.517,29.518,0.001557,129.48,478.25,-348.77,39,607.73,192.5,418.8,-226.3,30,0,106
2052,2026-02-17T13:49:00,BTC,32.82,47.37,0.503318,67993.0,67994.0,1.028302,1.16,0.91,0.25,68,2.06,0.83,0.22,0.61,18,0,106
2053,2026-02-17T13:50:00,HYPE,4074.97,3610.28,0.493267,29.522,29.526,0.001826,553.2,671.32,-118.12,67,1224.52,195.7,653.28,-457.58,45,0,109
2054,2026-02-17T13:50:00,BTC,21.98,110.12,0.546646,68001.0,68002.0,1.036697,1.23,0.18,1.05,34,1.41,0.83,0.0,0.83,9,0,109
2055,2026-02-17T13:51:00,HYPE,3678.51,3165.37,0.539266,29.585,29.587,0.002626,569.27,1380.98,-811.71,96,1950.25,149.39,418.8,-269.41,29,0,107
2056,2026-02-17T13:51:00,BTC,54.98,13.75,0.465213,68150.0,68151.0,2.0,32.06,8.2,23.86,567,40.26,1.25,0.22,1.03,28,13,107
2057,2026-02-17T13:52:00,HYPE,3384.72,3667.2,0.568872,29.636,29.637,0.002459,4902.13,497.47,4404.66,247,5399.6,3483.58,421.19,3062.39,104,0,111
2058,2026-02-17T13:52:00,BTC,47.21,20.34,0.612521,68225.0,68226.0,2.297297,48.61,29.18,19.43,793,77.8,0.94,0.0,0.94,16,38,111
2059,2026-02-17T13:53:00,HYPE,3486.81,4962.12,0.520444,29.662,29.663,0.002682,1966.11,616.34,1349.77,322,2582.45,132.96,735.96,-603.0,39,0,110
2060,2026-02-17T13:53:00,BTC,37.54,29.62,0.523636,68216.0,68217.0,1.945455,50.36,16.13,34.22,361,66.49,1.32,0.0,1.32,9,19,110
2061,2026-02-17T13:54:00,HYPE,5293.26,3779.97,0.601123,29.74,29.741,0.002082,32454.7,1360.69,31094.01,928,33815.39,30454.45,2939.17,27515.28,779,1,110
2062,2026-02-17T13:54:00,BTC,61.42,14.5,0.443547,68128.0,68129.0,1.190909,32.94,7.75,25.19,315,40.69,31.47,0.49,30.98,88,25,110
2063,2026-02-17T13:55:00,HYPE,14892.98,2745.7,0.78884,29.717,29.718,0.003183,2662.07,1145.11,1516.96,155,3807.18,152.07,927.55,-775.48,53,0,109
2064,2026-02-17T13:55:00,BTC,63.28,21.08,0.536579,68179.0,68181.0,1.431193,12.19,0.95,11.24,235,13.15,10.83,0.11,10.72,57,10,109
2065,2026-02-17T13:56:00,HYPE,14439.92,4311.19,0.681675,29.711,29.712,0.001972,7355.53,755.46,6600.07,232,8110.99,6939.48,933.92,6005.56,184,0,108
2066,2026-02-17T13:56:00,BTC,15.02,58.59,0.500638,68134.0,68137.0,1.231481,3.05,2.73,0.32,174,5.78,0.83,0.0,0.82,12,3,108
2067,2026-02-17T13:57:00,HYPE,17636.12,3630.11,0.777298,29.714,29.715,0.001827,1615.15,975.28,639.87,60,2590.43,180.19,529.14,-348.95,34,0,110
2068,2026-02-17T13:57:00,BTC,29.24,38.47,0.498583,68134.0,68135.0,1.118182,2.35,2.62,-0.27,132,4.96,0.83,0.0,0.83,9,0,110
2069,2026-02-17T13:58:00,HYPE,2634.51,2230.78,0.754996,29.728,29.729,0.002527,11602.1,833.26,10768.84,204,12435.36,188.23,1220.38,-1032.15,36,0,110
2070,2026-02-17T13:58:00,BTC,2.51,71.16,0.511493,68152.0,68154.0,1.163636,3.81,0.91,2.9,125,4.71,0.83,0.0,0.83,17,1,110
2071,2026-02-17T13:59:00,HYPE,19268.94,4843.23,0.782635,29.7,29.701,0.001991,1463.99,9808.16,-8344.17,186,11272.15,6426.43,452.64,5973.79,85,0,110
2072,2026-02-17T13:59:00,BTC,35.57,43.88,0.42044,68075.0,68076.0,1.363636,1.02,3.24,-2.22,212,4.27,1.12,0.0,1.12,18,1,110
2073,2026-02-17T14:00:00,HYPE,25189.04,6478.31,0.75416,29.684,29.685,0.001198,1922.39,7194.03,-5271.64,129,9116.42,4230.16,2435.4,1794.76,72,2,111
2074,2026-02-17T14:00:00,BTC,24.99,35.87,0.544693,68106.0,68107.0,1.126126,12.79,0.51,12.28,130,13.3,0.83,0.0,0.83,13,6,111
2075,2026-02-17T14:01:00,HYPE,16945.22,6034.5,0.803013,29.68,29.681,0.001394,1083.01,8175.93,-7092.92,180,9258.94,7886.06,501.3,7384.76,123,0,109
2076,2026-02-17T14:01:00,BTC,48.1,28.73,0.40165,68086.0,68087.0,1.036697,5.11,1.74,3.37,128,6.84,1.83,0.41,1.41,24,1,109
2077,2026-02-17T14:02:00,HYPE,10789.3,5451.16,0.666435,29.662,29.669,0.00144,457.52,6125.61,-5668.09,124,6583.13,5244.12,419.19,4824.93,72,1,109
2078,2026-02-17T14:02:00,BTC,9.33,77.07,0.506579,68103.0,68104.0,1.357798,3.06,1.52,1.54,130,4.58,0.83,1.0,-0.17,14,2,109
2079,2026-02-17T14:03:00,HYPE,16301.14,7002.83,0.610057,29.638,29.639,0.001541,482.99,8290.49,-7807.5,186,8773.48,7664.7,2418.8,5245.9,128,1,109
2080,2026-02-17T14:03:00,BTC,29.05,40.61,0.396927,68032.0,68033.0,1.366972,2.1,16.31,-14.21,251,18.41,0.83,14.67,-13.84,66,11,109
2081,2026-02-17T14:04:00,HYPE,5550.23,3806.45,0.725523,29.654,29.655,0.002582,458.45,6548.89,-6090.44,110,7007.34,1576.12,6425.03,-4848.91,94,0,110
2082,2026-02-17T14:04:00,BTC,79.78,18.94,0.57827,68099.0,68100.0,1.045455,1.72,16.17,-14.45,155,17.89,0.83,14.67,-13.84,52,9,110
2083,2026-02-17T14:05:00,HYPE,4478.21,4631.13,0.520617,29.732,29.733,0.001927,2310.62,431.22,1879.4,77,2741.84,2014.0,453.17,1560.83,46,0,110
2084,2026-02-17T14:05:00,BTC,29.4,40.23,0.572774,68172.0,68173.0,1.136364,32.46,1.35,31.11,214,33.81,0.83,0.0,0.83,16,20,110
2085,2026-02-17T14:06:00,HYPE,3125.8,5590.97,0.456838,29.741,29.742,0.002318,2363.36,617.95,1745.41,91,2981.31,140.11,483.78,-343.67,32,0,110
2086,2026-02-17T14:06:00,BTC,16.61,67.05,0.501,68203.0,68204.0,1.3,5.46,0.89,4.58,297,6.35,0.83,0.0,0.83,11,3,110
2087,2026-02-17T14:07:00,HYPE,2462.58,7467.99,0.458478,29.786,29.787,0.002009,10754.38,4870.69,5883.69,484,15625.07,637.54,883.32,-245.78,55,2,108
2088,2026-02-17T14:07:00,BTC,53.23,25.52,0.5338,68291.0,68292.0,1.222222,7.59,1.03,6.56,308,8.61,0.83,0.22,0.61,19,4,108
2089,2026-02-17T14:08:00,HYPE,4085.88,5839.5,0.407349,29.715,29.717,0.003009,2123.36,966.21,1157.15,136,3089.57,433.34,588.26,-154.92,58,0,108
2090,2026-02-17T14:08:00,BTC,74.78,21.16,0.471258,68199.0,68200.0,1.675926,4.42,10.47,-6.05,244,14.89,1.31,0.0,1.31,13,6,108
2091,2026-02-17T14:09:00,HYPE,4033.32,5943.54,0.461712,29.71,29.719,0.002807,529.43,757.93,-228.5,76,1287.36,120.42,465.24,-344.82,35,0,109
2092,2026-02-17T14:09:00,BTC,44.66,36.97,0.523011,68174.0,68175.0,1.146789,1.18,5.33,-4.16,113,6.51,1.0,0.0,1.0,14,1,109
2093,2026-02-17T14:10:00,HYPE,6302.18,5745.83,0.420479,29.695,29.696,0.001991,179.71,527.34,-347.63,49,707.05,287.28,418.8,-131.52,42,0,110
2094,2026-02-17T14:10:00,BTC,31.15,43.56,0.448784,68173.0,68174.0,1.145455,1.17,1.47,-0.3,101,2.63,1.83,0.0,1.82,29,1,110
2095,2026-02-17T14:11:00,HYPE,4938.22,5172.21,0.480838,29.707,29.708,0.002679,2869.96,512.58,2357.38,74,3382.54,275.7,422.21,-146.51,42,1,109
2096,2026-02-17T14:11:00,BTC,38.86,25.64,0.459386,68133.0,68134.0,1.165138,1.09,5.39,-4.3,153,6.48,0.83,0.0,0.82,16,3,109
2097,2026-02-17T14:12:00,HYPE,5099.55,5645.38,0.490809,29.707,29.708,0.001937,201.16,477.48,-276.32,43,678.64,161.92,453.88,-291.96,32,0,111
2098,2026-02-17T14:12:00,BTC,19.19,53.47,0.478317,68145.0,68146.0,1.126126,1.34,5.92,-4.57,125,7.26,0.83,0.0,0.82,31,2,111
2099,2026-02-17T14:13:00,HYPE,5449.36,5372.73,0.459107,29.707,29.708,0.001692,427.72,441.11,-13.39,46,868.83,229.46,418.8,-189.34,33,0,107
2100,2026-02-17T14:13:00,BTC,43.55,26.91,0.426217,68108.0,68109.0,1.158879,1.25,5.09,-3.84,114,6.34,0.83,0.0,0.82,11,0,107
2101,2026-02-17T14:14:00,HYPE,4292.4,5523.04,0.440562,29.7,29.701,0.002139,178.95,1172.11,-993.16,66,1351.06,400.06,418.79,-18.73,44,0,108
2102,2026-02-17T14:14:00,BTC,14.92,67.85,0.446343,68105.0,68106.0,1.185185,1.24,0.35,0.9,123,1.59,0.83,0.0,0.82,23,0,108
2103,2026-02-17T14:15:00,HYPE,5909.78,5661.8,0.473112,29.698,29.699,0.001413,384.83,540.59,-155.76,58,925.42,334.64,419.58,-84.94,40,0,109
2104,2026-02-17T14:15:00,BTC,42.92,24.25,0.382429,68065.0,68067.0,1.174312,2.96,4.07,-1.11,199,7.02,1.0,0.0,1.0,24,1,109
2105,2026-02-17T14:16:00,HYPE,4286.54,5013.34,0.473272,29.741,29.742,0.003018,764.4,482.4,282.0,54,1246.8,130.26,419.19,-288.93,35,0,109
2106,2026-02-17T14:16:00,BTC,31.48,36.74,0.496103,68095.0,68096.0,1.12844,1.88,3.55,-1.67,166,5.43,1.32,0.0,1.32,24,0,109
2107,2026-02-17T14:17:00,HYPE,4190.25,6591.91,0.465008,29.736,29.737,0.001731,768.87,565.66,203.21,51,1334.53,266.42,418.8,-152.38,30,0,104
2108,2026-02-17T14:17:00,BTC,33.28,82.07,0.563286,68129.0,68130.0,1.201923,2.17,5.54,-3.37,129,7.7,0.83,0.0,0.82,9,3,104
2109,2026-02-17T14:18:00,HYPE,6026.62,7735.07,0.432029,29.723,29.724,0.002,127.56,837.88,-710.32,65,965.44,295.13,418.8,-123.67,47,0,106
2110,2026-02-17T14:18:00,BTC,60.89,24.66,0.497617,68123.0,68124.0,1.075472,6.41,3.87,2.54,168,10.28,0.84,0.2,0.63,11,3,106
2111,2026-02-17T14:19:00,HYPE,3955.1,5566.37,0.483984,29.711,29.714,0.001918,273.32,848.96,-575.64,66,1122.28,226.26,418.8,-192.54,33,0,110
2112,2026-02-17T14:19:00,BTC,53.3,38.53,0.494282,68099.0,68100.0,1.118182,2.09,4.52,-2.43,107,6.61,0.83,0.0,0.82,13,1,110
2113,2026-02-17T14:20:00,HYPE,3547.33,5049.25,0.466112,29.711,29.716,0.001945,535.0,824.09,-289.09,61,1359.09,449.77,448.45,1.32,40,0,110
2114,2026-02-17T14:20:00,BTC,61.33,29.09,0.593453,68117.0,68118.0,1.027273,25.6,1.45,24.15,164,27.06,1.83,1.29,0.54,17,16,110
2115,2026-02-17T14:21:00,HYPE,4829.78,5618.28,0.681609,29.74,29.741,0.00245,1456.53,434.78,1021.75,79,1891.31,170.79,749.04,-578.25,36,0,109
2116,2026-02-17T14:21:00,BTC,33.11,51.93,0.557183,68117.0,68118.0,1.036697,1.38,41.99,-40.6,119,43.37,0.83,0.0,0.82,14,13,109
2117,2026-02-17T14:22:00,HYPE,4097.82,5573.31,0.477272,29.716,29.72,0.001759,347.19,649.74,-302.55,54,996.93,178.36,418.8,-240.44,35,0,108
2118,2026-02-17T14:22:00,BTC,50.06,29.18,0.372346,68083.0,68084.0,1.083333,2.13,7.71,-5.59,95,9.84,0.83,0.0,0.82,11,6,108
2119,2026-02-17T14:23:00,HYPE,4050.98,5048.2,0.459861,29.703,29.704,0.002413,233.38,1095.55,-862.17,66,1328.93,272.14,446.76,-174.62,40,0,109
2120,2026-02-17T14:23:00,BTC,33.09,31.92,0.546831,68044.0,68045.0,1.247706,3.64,13.73,-10.09,153,17.36,1.98,0.0,1.98,12,11,109
2121,2026-02-17T14:24:00,HYPE,14879.52,5470.93,0.632197,29.668,29.671,0.001748,252.42,514.17,-261.75,45,766.59,275.6,418.8,-143.2,23,0,111
2122,2026-02-17T14:24:00,BTC,37.9,17.1,0.380756,67982.0,67985.0,1.261261,1.08,31.2,-30.12,313,32.29,1.03,0.0,1.02,19,11,111
2123,2026-02-17T14:25:00,HYPE,15502.49,4885.16,0.778908,29.675,29.681,0.002187,272.3,506.58,-234.28,43,778.88,119.03,418.8,-299.77,23,0,107
2124,2026-02-17T14:25:00,BTC,132.37,33.08,0.578447,67991.0,67992.0,1.214953,2.02,3.77,-1.75,174,5.79,0.94,0.0,0.94,17,1,107
2125,2026-02-17T14:26:00,HYPE,16960.29,4692.46,0.586656,29.68,29.681,0.001505,539.27,477.8,61.47,58,1017.07,119.03,418.8,-299.77,24,0,109
2126,2026-02-17T14:26:00,BTC,42.7,25.84,0.56822,67992.0,67993.0,1.376147,24.71,0.34,24.37,181,25.05,0.41,0.23,0.19,11,6,109
2127,2026-02-17T14:27:00,HYPE,4142.02,4049.63,0.699063,29.689,29.69,0.001972,256.16,956.53,-700.37,50,1212.69,164.81,418.8,-253.99,29,0,108
2128,2026-02-17T14:27:00,BTC,33.03,38.65,0.630566,68022.0,68023.0,1.342593,6.71,3.55,3.16,131,10.26,0.0,0.09,-0.09,7,4,108
2129,2026-02-17T14:28:00,HYPE,15806.84,3678.0,0.69826,29.679,29.68,0.002215,125.5,426.38,-300.88,38,551.88,169.26,418.8,-249.54,32,0,107
2130,2026-02-17T14:28:00,BTC,71.01,19.07,0.590925,68018.0,68019.0,1.074766,1.34,0.47,0.87,79,1.81,0.03,0.0,0.03,11,0,107
2131,2026-02-17T14:29:00,HYPE,6647.79,2986.09,0.658061,29.696,29.697,0.001745,128.99,419.2,-290.21,40,548.19,119.81,418.8,-298.99,29,0,110
2132,2026-02-17T14:29:00,BTC,45.98,32.54,0.639085,68049.0,68050.0,1.163636,2.15,0.34,1.82,93,2.49,0.0,0.23,-0.23,6,0,110
2133,2026-02-17T14:30:00,HYPE,17475.75,4377.58,0.621657,29.673,29.674,0.001422,129.12,517.34,-388.22,39,646.46,130.4,445.72,-315.32,24,0,109
2134,2026-02-17T14:30:00,BTC,33.64,59.48,0.428937,67995.0,67996.0,1.06422,1.5,3.95,-2.45,100,5.45,0.0,0.0,0.0,8,2,109
2135,2026-02-17T14:31:00,HYPE,13531.05,4313.18,0.726717,29.668,29.671,0.003103,860.79,3279.78,-2418.99,122,4140.57,667.24,599.24,68.0,49,0,107
2136,2026-02-17T14:31:00,BTC,69.92,17.14,0.463733,67931.0,67932.0,2.317757,16.51,8.66,7.85,413,25.17,0.97,0.44,0.52,16,8,107
2137,2026-02-17T14:32:00,HYPE,9729.58,3323.95,0.65669,29.754,29.769,0.003209,1939.13,1639.12,300.01,117,3578.25,424.72,502.58,-77.86,32,0,110
2138,2026-02-17T14:32:00,BTC,11.7,22.44,0.566813,68161.0,68163.0,2.636364,36.37,15.78,20.59,951,52.14,2.82,0.59,2.23,28,21,110
2139,2026-02-17T14:33:00,HYPE,4260.04,4162.16,0.597109,29.695,29.696,0.004027,2848.35,1070.87,1777.48,170,3919.22,157.56,565.98,-408.42,33,0,110
2140,2026-02-17T14:33:00,BTC,8.05,49.34,0.446435,67911.0,67912.0,1.872727,7.07,21.28,-14.21,484,28.36,2.0,0.29,1.71,28,13,110
2141,2026-02-17T14:34:00,HYPE,26009.68,4286.87,0.698576,29.709,29.71,0.004731,1546.77,845.51,701.26,89,2392.28,154.23,418.8,-264.57,26,0,108
2142,2026-02-17T14:34:00,BTC,11.71,44.52,0.466163,67924.0,67925.0,2.018519,12.97,33.4,-20.42,416,46.37,0.34,0.25,0.1,13,21,108
2143,2026-02-17T14:35:00,HYPE,7448.72,4219.55,0.674541,29.776,29.777,0.002664,449.03,911.0,-461.97,94,1360.03,151.84,424.49,-272.65,33,0,110
2144,2026-02-17T14:35:00,BTC,12.77,56.39,0.569722,68061.0,68062.0,1.736364,26.91,6.14,20.77,312,33.05,0.0,0.0,0.0,4,9,110
2145,2026-02-17T14:36:00,HYPE,3944.02,4580.12,0.612616,29.776,29.777,0.004236,5447.43,615.03,4832.4,144,6062.46,3855.61,1224.81,2630.8,87,0,110
2146,2026-02-17T14:36:00,BTC,22.98,24.75,0.527126,68002.0,68003.0,1.554545,13.8,5.68,8.12,324,19.47,0.29,0.0,0.28,15,9,110
2147,2026-02-17T14:37:00,HYPE,24788.24,3377.29,0.642118,29.779,29.78,0.002651,2081.99,969.99,1112.0,85,3051.98,572.63,506.18,66.45,35,0,109
2148,2026-02-17T14:37:00,BTC,22.93,38.11,0.505766,67979.0,67980.0,1.862385,1.62,1.52,0.1,203,3.14,0.28,0.04,0.24,11,1,109
2149,2026-02-17T14:38:00,HYPE,5419.99,4984.94,0.691704,29.778,29.779,0.002743,975.83,2529.44,-1553.61,108,3505.27,2163.2,590.6,1572.6,70,0,109
2150,2026-02-17T14:38:00,BTC,96.04,15.46,0.519376,67962.0,67963.0,1.449541,1.13,4.61,-3.47,130,5.74,0.05,0.13,-0.08,7,2,109
2151,2026-02-17T14:39:00,HYPE,1125.62,12699.2,0.688839,29.64,29.641,0.003167,1233.7,12911.13,-11677.43,235,14144.83,10074.63,521.35,9553.28,107,1,108
2152,2026-02-17T14:39:00,BTC,17.76,324.17,0.344627,67538.0,67539.0,2.453704,34.69,280.26,-245.57,2437,314.96,21.23,0.37,20.86,82,165,108
2153,2026-02-17T14:40:00,HYPE,22805.07,3187.63,0.650265,29.702,29.704,0.00367,2639.52,7111.35,-4471.83,268,9750.87,384.11,670.69,-286.58,40,0,109
2154,2026-02-17T14:40:00,BTC,40.72,154.77,0.349567,67570.0,67572.0,2.091743,277.73,47.43,230.3,1358,325.17,13.54,3.65,9.89,105,136,109
2155,2026-02-17T14:41:00,HYPE,5787.29,3970.56,0.616973,29.605,29.606,0.002459,1323.67,17558.52,-16234.85,312,18882.19,25.1,1160.13,-1135.03,32,0,109
2156,2026-02-17T14:41:00,BTC,70.91,31.86,0.299434,67355.0,67356.0,2.201835,65.1,54.99,10.11,1278,120.09,16.03,6.61,9.43,105,74,109
2157,2026-02-17T14:42:00,HYPE,7874.78,4115.18,0.45096,29.536,29.537,0.002555,701.77,8105.92,-7404.15,351,8807.69,1123.83,1465.5,-341.67,78,0,110
2158,2026-02-17T14:42:00,BTC,13.98,41.17,0.306086,67290.0,67292.0,2.2,73.29,311.81,-238.52,2025,385.1,44.82,1.49,43.33,180,174,110
2159,2026-02-17T14:43:00,HYPE,7492.1,7488.44,0.524263,29.49,29.491,0.002833,6913.41,13398.47,-6485.06,414,20311.88,1036.76,1206.86,-170.1,130,3,108
2160,2026-02-17T14:43:00,BTC,24.19,54.9,0.291566,67191.0,67194.0,2.527778,50.0,134.27,-84.26,2277,184.27,26.55,31.27,-4.72,355,78,108
2161,2026-02-17T14:44:00,HYPE,752.58,6527.89,0.3511,29.405,29.407,0.003119,2119.23,24794.75,-22675.52,870,26913.98,1740.42,1765.59,-25.17,163,2,109
2162,2026-02-17T14:44:00,BTC,4.31,73.49,0.276831,67042.0,67043.0,2.082569,61.69,67.76,-6.07,1468,129.46,10.81,16.06,-5.25,267,61,109
2163,2026-02-17T14:45:00,HYPE,2747.86,4674.46,0.408477,29.387,29.389,0.003117,1921.16,11885.7,-9964.54,870,13806.86,1279.4,5394.11,-4114.71,308,0,111
2164,2026-02-17T14:45:00,BTC,6.29,49.25,0.338264,67071.0,67072.0,2.702703,47.83,94.28,-46.45,1654,142.11,10.59,1.84,8.74,117,64,111
2165,2026-02-17T14:46:00,HYPE,1104.96,8470.74,0.323994,29.248,29.249,0.003486,6819.02,11419.73,-4600.71,784,18238.75,648.48,1983.41,-1334.93,57,0,109
2166,2026-02-17T14:46:00,BTC,12.22,80.76,0.27155,66869.0,66870.0,1.844037,64.26,42.89,21.37,1110,107.15,10.16,30.69,-20.53,116,55,109
2167,2026-02-17T14:47:00,HYPE,5842.43,4247.61,0.492758,29.298,29.3,0.004261,9180.11,7256.12,1923.99,356,16436.23,2231.9,7126.73,-4894.83,131,2,111
2168,2026-02-17T14:47:00,BTC,30.73,58.18,0.340191,66829.0,66830.0,2.90991,155.74,58.97,96.77,1172,214.71,16.67,90.57,-73.91,246,116,111
2169,2026-02-17T14:48:00,HYPE,9339.51,10684.87,0.529875,29.15,29.155,0.004463,1683.49,64559.86,-62876.37,1710,66243.35,6086.81,547.1,5539.71,87,7,108
2170,2026-02-17T14:48:00,BTC,111.01,62.67,0.41239,66838.0,66862.0,3.12963,63.49,116.41,-52.92,1233,179.9,9.03,74.91,-65.88,470,80,108
2171,2026-02-17T14:49:00,HYPE,7387.61,6289.9,0.428354,29.173,29.182,0.004,11689.72,10878.42,811.3,298,22568.14,2389.39,508.53,1880.86,64,1,109
2172,2026-02-17T14:49:00,BTC,171.19,69.53,0.394753,66929.0,66969.0,2.568807,122.04,29.08,92.97,906,151.12,14.67,86.47,-71.8,319,90,109
2173,2026-02-17T14:50:00,HYPE,6149.48,4849.6,0.537851,29.277,29.28,0.004101,4005.69,2412.37,1593.32,209,6418.06,302.69,1220.09,-917.4,65,0,109
2174,2026-02-17T14:50:00,BTC,50.97,41.69,0.439697,67041.0,67042.0,1.697248,84.15,33.39,50.76,724,117.54,3.69,41.3,-37.61,99,52,109
2175,2026-02-17T14:51:00,HYPE,7134.79,6066.9,0.475374,29.2,29.204,0.003865,1858.04,2690.18,-832.14,167,4548.22,721.18,1204.5,-483.32,54,0,111
2176,2026-02-17T14:51:00,BTC,26.82,98.46,0.316083,66793.0,66794.0,3.342342,52.66,107.65,-54.99,1288,160.31,9.58,32.97,-23.39,131,66,111
2177,2026-02-17T14:52:00,HYPE,8100.58,6086.3,0.533948,29.216,29.226,0.003542,2274.07,3923.56,-1649.49,188,6197.63,1315.27,1598.49,-283.22,103,0,107
2178,2026-02-17T14:52:00,BTC,16.27,122.81,0.499299,66889.0,66890.0,2.205607,99.79,73.01,26.78,807,172.79,71.08,2.73,68.35,144,91,107
2179,2026-02-17T14:53:00,HYPE,5329.49,4209.47,0.521076,29.251,29.255,0.003642,7173.32,3196.08,3977.24,178,10369.4,4268.72,1802.88,2465.84,105,0,109
2180,2026-02-17T14:53:00,BTC,6.66,152.03,0.440462,66842.0,66843.0,1.46789,24.18,88.14,-63.96,611,112.31,34.79,0.47,34.31,89,53,109
2181,2026-02-17T14:54:00,HYPE,10622.37,4502.5,0.488165,29.119,29.12,0.003082,1077.78,2884.32,-1806.54,169,3962.1,51.76,1688.2,-1636.44,83,0,110
2182,2026-02-17T14:54:00,BTC,15.93,91.6,0.398543,66718.0,66719.0,1.436364,14.26,101.09,-86.83,556,115.35,89.2,0.23,88.98,102,35,110
2183,2026-02-17T14:55:00,HYPE,5579.18,4304.22,0.586357,29.107,29.108,0.005495,4656.79,88434.15,-83777.36,1324,93090.94,6391.1,72281.57,-65890.47,770,10,109
2184,2026-02-17T14:55:00,BTC,41.19,48.6,0.456888,66848.0,66850.0,1.541284,13.19,101.46,-88.27,765,114.65,0.48,88.26,-87.78,304,63,109
2185,2026-02-17T14:56:00,HYPE,8563.66,3770.09,0.664336,29.1,29.101,0.004009,2429.27,3183.21,-753.94,144,5612.48,8.26,1091.94,-1083.68,57,1,110
2186,2026-02-17T14:56:00,BTC,36.5,61.37,0.394219,66866.0,66867.0,1.863636,16.3,145.8,-129.5,778,162.09,1.06,132.05,-130.98,297,62,110
2187,2026-02-17T14:57:00,HYPE,6833.35,5208.27,0.531027,29.135,29.136,0.003445,3539.68,1333.13,2206.55,169,4872.81,133.5,1699.9,-1566.4,52,0,110
2188,2026-02-17T14:57:00,BTC,17.01,115.74,0.451936,66974.0,66975.0,1.754545,109.66,5.81,103.85,767,115.47,0.58,2.81,-2.23,37,52,110
2189,2026-02-17T14:58:00,HYPE,13934.07,6494.36,0.633483,29.132,29.133,0.003173,1839.24,2889.26,-1050.02,164,4728.5,119.14,1542.57,-1423.43,62,0,110
2190,2026-02-17T14:58:00,BTC,99.04,16.88,0.384271,66897.0,66898.0,1.509091,20.07,7.02,13.06,492,27.09,0.46,0.96,-0.5,29,13,110
2191,2026-02-17T14:59:00,HYPE,11796.23,6520.94,0.656375,29.126,29.127,0.002661,1984.39,1367.54,616.85,96,3351.93,168.46,1296.02,-1127.56,44,0,109
2192,2026-02-17T14:59:00,BTC,23.53,44.77,0.450315,66932.0,66933.0,1.394495,11.65,3.78,7.87,283,15.43,6.88,0.07,6.81,41,5,109
2193,2026-02-17T15:00:00,HYPE,5382.22,3884.23,0.581395,29.166,29.17,0.002982,2875.44,9154.36,-6278.92,162,12029.8,219.18,968.07,-748.89,32,4,109
2194,2026-02-17T15:00:00,BTC,41.7,48.62,0.348844,66839.0,66840.0,1.330275,7.79,14.38,-6.59,374,22.18,0.54,1.89,-1.35,28,13,109
2195,2026-02-17T15:01:00,HYPE,5801.95,3032.28,0.582503,29.179,29.18,0.002893,15817.27,1547.34,14269.93,231,17364.61,3219.93,2717.4,502.53,102,0,112
2196,2026-02-17T15:01:00,BTC,46.93,37.27,0.546544,66934.0,66935.0,1.535714,42.16,5.74,36.41,571,47.9,0.34,0.07,0.27,36,23,112
2197,2026-02-17T15:02:00,HYPE,7702.35,6302.5,0.530736,29.121,29.122,0.003713,1683.73,4048.95,-2365.22,167,5732.68,219.95,1304.29,-1084.34,54,0,108
2198,2026-02-17T15:02:00,BTC,26.55,102.54,0.474642,67016.0,67017.0,1.62963,57.08,19.64,37.45,646,76.72,0.8,0.17,0.63,25,34,108
2199,2026-02-17T15:03:00,HYPE,4825.02,5188.15,0.552055,29.092,29.093,0.003173,2274.13,1303.18,970.95,128,3577.31,219.2,1119.18,-899.98,55,0,110
2200,2026-02-17T15:03:00,BTC,122.82,28.04,0.473472,67013.0,67014.0,1.527273,21.69,9.01,12.68,470,30.71,0.34,0.25,0.09,45,16,110
2201,2026-02-17T15:04:00,HYPE,7875.82,3601.73,0.54456,29.188,29.196,0.003418,1148.35,5225.86,-4077.51,132,6374.21,236.13,1066.96,-830.83,45,0,110
2202,2026-02-17T15:04:00,BTC,17.08,51.27,0.464008,67065.0,67066.0,1.536364,75.4,3.77,71.63,497,79.16,0.35,3.74,-3.39,32,34,110
2203,2026-02-17T15:05:00,HYPE,8798.64,5550.71,0.643969,29.229,29.236,0.003918,3955.79,3702.04,253.75,185,7657.83,150.32,1198.86,-1048.54,42,1,110
2204,2026-02-17T15:05:00,BTC,58.54,3.58,0.399732,67061.0,67062.0,1.172727,11.4,25.06,-13.66,395,36.46,0.93,0.24,0.68,31,22,110
2205,2026-02-17T15:06:00,HYPE,6506.33,4699.45,0.547666,29.204,29.209,0.002194,2263.96,4176.52,-1912.56,161,6440.48,116.56,1095.29,-978.73,36,0,108
2206,2026-02-17T15:06:00,BTC,123.62,31.36,0.429432,66992.0,66993.0,2.472222,38.46,56.57,-18.11,861,95.03,3.26,0.49,2.78,44,44,108
2207,2026-02-17T15:07:00,HYPE,5199.79,2846.4,0.60283,29.245,29.246,0.002633,15888.9,1403.22,14485.68,219,17292.12,133.79,2025.78,-1891.99,61,2,109
2208,2026-02-17T15:07:00,BTC,29.59,43.05,0.467764,66962.0,66963.0,1.93578,5.91,25.8,-19.89,408,31.71,1.54,0.11,1.42,17,17,109
2209,2026-02-17T15:08:00,HYPE,5682.39,6015.42,0.59141,29.24,29.247,0.003312,1792.23,1042.42,749.81,141,2834.65,116.96,1200.35,-1083.39,42,0,109
2210,2026-02-17T15:08:00,BTC,135.37,11.72,0.428959,66967.0,66968.0,1.394495,2.17,5.26,-3.09,297,7.43,0.41,0.07,0.34,14,4,109
2211,2026-02-17T15:09:00,HYPE,6394.78,747.54,0.622929,29.315,29.316,0.003385,2954.7,1100.35,1854.35,459,4055.05,899.76,978.17,-78.41,76,0,109
2212,2026-02-17T15:09:00,BTC,98.42,11.39,0.542679,67088.0,67089.0,1.917431,36.54,6.1,30.45,574,42.64,29.72,4.68,25.04,276,11,109
2213,2026-02-17T15:10:00,HYPE,5303.17,6163.92,0.594912,29.293,29.299,0.003083,2465.24,2712.92,-247.68,528,5178.16,264.89,1131.87,-866.98,67,0,109
2214,2026-02-17T15:10:00,BTC,54.79,23.02,0.457382,66995.0,66996.0,1.633028,131.69,4.17,127.53,832,135.86,0.57,6.38,-5.8,65,65,109
2215,2026-02-17T15:11:00,HYPE,5754.55,2451.96,0.564653,29.321,29.322,0.003843,9033.75,1224.97,7808.78,192,10258.72,249.51,1564.4,-1314.89,61,0,108
2216,2026-02-17T15:11:00,BTC,68.78,40.21,0.465355,66997.0,66998.0,2.055556,7.31,4.47,2.84,350,11.79,0.41,0.5,-0.09,37,1,108
2217,2026-02-17T15:12:00,HYPE,3824.91,5085.42,0.536273,29.199,29.2,0.003117,604.97,2480.98,-1876.01,119,3085.95,116.96,948.5,-831.54,38,0,111
2218,2026-02-17T15:12:00,BTC,34.82,56.15,0.546792,66974.0,66975.0,1.423423,12.65,8.51,4.14,478,21.16,0.28,1.65,-1.37,71,6,111
2219,2026-02-17T15:13:00,HYPE,11508.5,6968.44,0.505604,29.176,29.177,0.003991,1477.8,4380.43,-2902.63,175,5858.23,118.69,1108.77,-990.08,43,0,109
2220,2026-02-17T15:13:00,BTC,78.4,28.27,0.540066,66969.0,66970.0,1.752294,25.2,2.93,22.27,351,28.13,0.02,16.76,-16.74,70,11,109
2221,2026-02-17T15:14:00,HYPE,12891.77,5820.03,0.703512,29.162,29.163,0.002598,361.94,1121.48,-759.54,71,1483.42,169.64,965.42,-795.78,48,0,107
2222,2026-02-17T15:14:00,BTC,107.6,32.35,0.451813,66905.0,66911.0,1.579439,1.58,82.88,-81.3,414,84.46,6.24,1.48,4.76,59,35,107
2223,2026-02-17T15:15:00,HYPE,11443.3,7225.96,0.62468,29.159,29.16,0.002845,1290.38,2762.2,-1471.82,104,4052.58,912.01,1033.24,-121.23,51,0,110
2224,2026-02-17T15:15:00,BTC,23.2,44.32,0.398188,66773.0,66774.0,1.527273,10.9,62.93,-52.03,703,73.82,3.54,0.85,2.69,65,41,110
2225,2026-02-17T15:16:00,HYPE,7925.66,6487.16,0.63625,29.193,29.194,0.003243,1293.45,985.2,308.25,75,2278.65,153.29,948.5,-795.21,38,0,111
2226,2026-02-17T15:16:00,BTC,49.04,13.63,0.491281,66817.0,66820.0,1.666667,5.75,37.91,-32.17,438,43.66,0.45,0.09,0.36,13,20,111
2227,2026-02-17T15:17:00,HYPE,10781.05,6388.66,0.599174,29.326,29.33,0.004618,16217.25,1033.85,15183.4,228,17251.1,13495.86,1868.66,11627.2,160,1,110
2228,2026-02-17T15:17:01,BTC,116.65,7.44,0.549751,66978.0,66982.0,1.963636,11.18,4.67,6.5,397,15.85,0.01,0.1,-0.09,6,9,110
2229,2026-02-17T15:18:00,HYPE,6946.2,5284.24,0.553828,29.299,29.306,0.004393,1353.28,1822.99,-469.71,111,3176.27,235.92,982.53,-746.61,48,0,107
2230,2026-02-17T15:18:00,BTC,52.34,25.52,0.550001,66999.0,67000.0,1.654206,8.16,15.09,-6.93,360,23.26,1.81,0.61,1.2,25,9,107
2231,2026-02-17T15:19:00,HYPE,7530.42,8132.89,0.502888,29.31,29.311,0.003064,1322.51,1187.05,135.46,72,2509.56,193.17,1211.57,-1018.4,43,0,109
2232,2026-02-17T15:19:00,BTC,46.05,44.1,0.511163,67022.0,67023.0,1.724771,22.56,4.65,17.91,475,27.21,0.0,1.14,-1.14,48,9,109
2233,2026-02-17T15:20:00,HYPE,6187.16,5711.01,0.49169,29.34,29.341,0.003505,4194.6,4343.51,-148.91,127,8538.11,174.59,1248.33,-1073.74,30,1,109
2234,2026-02-17T15:20:00,BTC,84.65,24.38,0.584007,67096.0,67097.0,1.844037,13.07,2.86,10.21,351,15.93,3.0,1.1,1.9,72,6,109
2235,2026-02-17T15:21:00,HYPE,5259.42,4976.17,0.52433,29.293,29.294,0.002645,342.81,1892.89,-1550.08,82,2235.7,561.29,914.66,-353.37,38,0,107
2236,2026-02-17T15:21:00,BTC,87.16,29.26,0.444796,67020.0,67021.0,1.46729,9.59,10.98,-1.39,388,20.57,0.0,0.16,-0.16,16,7,107
2237,2026-02-17T15:22:00,HYPE,7673.15,5861.67,0.510393,29.257,29.262,0.002583,1620.04,1484.1,135.94,112,3104.14,120.42,934.49,-814.07,42,0,108
2238,2026-02-17T15:22:00,BTC,27.09,42.78,0.521848,67011.0,67012.0,1.509259,2.57,23.9,-21.34,310,26.47,0.0,0.1,-0.1,34,13,108
2239,2026-02-17T15:23:00,HYPE,4260.03,5682.1,0.529543,29.252,29.253,0.002418,310.83,1009.74,-698.91,68,1320.57,225.65,938.86,-713.21,49,0,110
2240,2026-02-17T15:23:00,BTC,40.67,42.62,0.44183,66977.0,66978.0,1.681818,1.57,2.19,-0.62,276,3.76,0.0,0.37,-0.37,28,0,110
2241,2026-02-17T15:24:00,HYPE,6306.1,5749.21,0.528882,29.236,29.237,0.002027,193.91,1367.29,-1173.38,65,1561.2,120.41,915.64,-795.23,36,0,110
2242,2026-02-17T15:24:00,BTC,41.56,64.02,0.385685,66932.0,66933.0,1.354545,3.29,15.13,-11.84,270,18.42,0.0,0.09,-0.09,27,9,110
2243,2026-02-17T15:25:00,HYPE,5161.02,3527.75,0.560508,29.247,29.25,0.001888,1214.21,3865.56,-2651.35,117,5079.77,374.44,947.42,-572.98,44,0,107
2244,2026-02-17T15:25:00,BTC,32.52,53.77,0.398646,66938.0,66939.0,1.579439,5.65,2.9,2.75,255,8.54,0.0,0.35,-0.35,34,1,107
2245,2026-02-17T15:26:00,HYPE,11486.29,5253.05,0.567918,29.166,29.17,0.002202,959.61,5849.32,-4889.71,180,6808.93,462.7,3414.66,-2951.96,66,0,109
2246,2026-02-17T15:26:00,BTC,163.48,29.91,0.320213,66742.0,66743.0,1.678899,5.41,39.07,-33.66,815,44.47,3.74,0.15,3.6,63,21,109
2247,2026-02-17T15:27:00,HYPE,6540.06,3169.41,0.605344,29.183,29.186,0.003227,1953.5,4065.18,-2111.68,137,6018.68,266.94,3791.24,-3524.3,62,0,110
2248,2026-02-17T15:27:00,BTC,45.97,37.98,0.492913,66776.0,66777.0,1.363636,18.35,84.36,-66.01,559,102.71,1.33,1.61,-0.29,46,45,110
2249,2026-02-17T15:28:00,HYPE,7015.27,5655.81,0.539823,29.19,29.191,0.003785,780.14,1196.0,-415.86,83,1976.14,120.42,1139.65,-1019.23,51,0,107
2250,2026-02-17T15:28:00,BTC,40.26,36.56,0.45226,66788.0,66789.0,1.345794,48.36,34.75,13.6,497,83.11,62.86,2.13,60.73,150,26,107
2251,2026-02-17T15:29:00,HYPE,11103.48,11587.14,0.54752,29.159,29.165,0.002973,738.71,1661.34,-922.63,111,2400.05,317.19,962.47,-645.28,48,0,111
2252,2026-02-17T15:29:00,BTC,205.49,42.74,0.378596,66782.0,66783.0,1.243243,29.29,37.35,-8.06,393,66.64,62.86,0.12,62.74,228,29,111
2253,2026-02-17T15:30:00,HYPE,11036.06,11994.26,0.470778,29.17,29.172,0.002817,2963.72,3809.13,-845.41,110,6772.85,368.66,3451.14,-3082.48,55,1,109
2254,2026-02-17T15:30:00,BTC,28.48,49.85,0.492809,66815.0,66816.0,1.477064,64.38,31.08,33.3,828,95.47,79.36,7.06,72.3,441,34,109
2255,2026-02-17T15:31:00,HYPE,9303.0,6234.73,0.525837,29.174,29.176,0.00267,4311.45,6284.27,-1972.82,172,10595.72,2592.4,6136.64,-3544.24,98,0,109
2256,2026-02-17T15:31:00,BTC,49.13,21.97,0.503231,66835.0,66836.0,1.440367,10.62,72.04,-61.41,479,82.66,64.19,0.35,63.84,139,33,109
2257,2026-02-17T15:32:00,HYPE,5929.69,7697.44,0.458169,29.174,29.181,0.002278,982.63,3435.15,-2452.52,97,4417.78,1943.08,926.66,1016.42,43,1,108
2258,2026-02-17T15:32:00,BTC,99.26,92.28,0.516909,66861.0,66862.0,1.481481,54.2,7.57,46.63,443,61.76,46.46,0.67,45.79,148,26,108
2259,2026-02-17T15:33:00,HYPE,5009.41,6521.78,0.44276,29.103,29.106,0.002624,1294.26,5778.39,-4484.13,334,7072.65,619.45,768.35,-148.9,57,0,109
2260,2026-02-17T15:33:00,BTC,17.83,76.39,0.370477,66810.0,66811.0,1.46789,1.95,24.03,-22.08,296,25.98,0.3,0.13,0.17,49,11,109
2261,2026-02-17T15:34:00,HYPE,6361.95,12114.67,0.427725,29.047,29.048,0.003743,8527.02,10497.51,-1970.49,886,19024.53,4058.02,3066.02,992.0,163,0,109
2262,2026-02-17T15:34:00,BTC,56.49,40.17,0.416611,66669.0,66670.0,1.568807,11.19,93.29,-82.1,1103,104.48,9.06,2.91,6.15,95,48,109
2263,2026-02-17T15:35:00,HYPE,7833.49,6241.55,0.461994,29.103,29.106,0.003473,7178.97,2687.43,4491.54,165,9866.4,3108.49,1036.01,2072.48,99,1,110
2264,2026-02-17T15:35:00,BTC,65.76,31.85,0.401291,66686.0,66688.0,1.463636,15.14,14.6,0.55,356,29.74,0.86,0.13,0.73,52,16,110
2265,2026-02-17T15:36:00,HYPE,6154.91,8596.79,0.499597,29.199,29.206,0.003624,9929.35,2956.24,6973.11,291,12885.59,6373.91,2011.35,4362.56,177,0,109
2266,2026-02-17T15:36:00,BTC,23.79,47.74,0.517275,66809.0,66810.0,2.495413,24.05,2.34,21.71,644,26.39,0.3,0.74,-0.45,42,11,109
2267,2026-02-17T15:37:00,HYPE,8687.27,6336.23,0.526397,29.252,29.259,0.003183,8519.2,3549.51,4969.69,275,12068.71,6374.28,1997.64,4376.64,165,1,109
2268,2026-02-17T15:37:00,BTC,77.41,60.6,0.540338,66871.0,66872.0,1.706422,9.96,15.43,-5.47,366,25.38,0.18,13.58,-13.4,95,10,109
2269,2026-02-17T15:38:00,HYPE,6458.51,6403.65,0.514327,29.257,29.258,0.004,13944.92,1309.47,12635.45,482,15254.39,11373.92,3370.86,8003.06,359,0,109
2270,2026-02-17T15:38:00,BTC,131.39,29.72,0.473056,66823.0,66824.0,1.761468,49.61,11.58,38.03,552,61.18,22.12,12.4,9.72,148,34,109
2271,2026-02-17T15:39:00,HYPE,4305.91,7370.9,0.430282,29.268,29.271,0.003771,9306.72,12896.3,-3589.58,394,22203.02,8803.2,1666.53,7136.67,185,0,109
2272,2026-02-17T15:39:00,BTC,45.82,40.39,0.468965,66844.0,66845.0,1.385321,102.4,0.8,101.59,359,103.2,0.57,12.74,-12.17,24,42,109
2273,2026-02-17T15:40:00,HYPE,6513.26,6404.11,0.398421,29.284,29.285,0.003739,8846.97,1129.4,7717.57,278,9976.37,7808.3,1102.07,6706.23,162,0,111
2274,2026-02-17T15:40:00,BTC,35.44,57.82,0.42957,66769.0,66770.0,1.378378,5.29,2.67,2.62,205,7.96,0.07,0.06,0.01,10,3,111
2275,2026-02-17T15:41:00,HYPE,5408.26,6015.71,0.490473,29.327,29.33,0.003111,11779.6,2063.24,9716.36,534,13842.84,9535.98,1425.1,8110.88,274,0,108
2276,2026-02-17T15:41:00,BTC,51.67,18.15,0.489744,66829.0,66830.0,1.314815,11.78,0.83,10.95,223,12.61,0.07,0.06,0.01,12,8,108
2277,2026-02-17T15:42:00,HYPE,5806.16,5137.96,0.497421,29.34,29.344,0.003464,10098.38,2047.86,8050.52,451,12146.24,9567.54,1058.85,8508.69,346,0,110
2278,2026-02-17T15:42:00,BTC,49.13,40.7,0.571639,66839.0,66840.0,1.545455,2.32,6.95,-4.63,213,9.27,0.07,0.05,0.01,13,6,110
2279,2026-02-17T15:43:00,HYPE,5094.58,7321.24,0.52174,29.361,29.368,0.00289,13724.93,3173.85,10551.08,509,16898.78,14342.76,1569.96,12772.8,327,1,109
2280,2026-02-17T15:43:00,BTC,85.92,25.13,0.580258,66893.0,66894.0,1.247706,1.61,0.19,1.42,184,1.81,1.1,0.06,1.04,25,0,109
2281,2026-02-17T15:44:00,HYPE,3711.78,5385.85,0.447075,29.369,29.374,0.003645,10932.73,1741.41,9191.32,472,12674.14,10620.55,1022.4,9598.15,261,0,110
2282,2026-02-17T15:44:00,BTC,181.21,53.65,0.580692,66932.0,66933.0,1.518182,8.45,1.72,6.72,281,10.17,2.07,0.06,2.01,23,3,110
2283,2026-02-17T15:45:00,HYPE,5786.48,5667.49,0.45963,29.41,29.414,0.003472,12507.69,1923.61,10584.08,623,14431.3,10470.84,2271.01,8199.83,356,0,106
2284,2026-02-17T15:45:00,BTC,125.79,29.0,0.578252,66978.0,66979.0,1.433962,13.5,4.17,9.34,346,17.67,0.08,0.2,-0.13,19,6,106
2285,2026-02-17T15:46:00,HYPE,7059.18,3586.5,0.50339,29.474,29.477,0.003565,15186.25,2264.19,12922.06,759,17450.44,9669.09,1911.97,7757.12,391,0,108
2286,2026-02-17T15:46:00,BTC,46.8,50.7,0.575308,67112.0,67113.0,1.555556,31.56,8.22,23.34,695,39.79,0.1,8.81,-8.72,61,18,108
2287,2026-02-17T15:47:00,HYPE,6096.7,6079.31,0.56612,29.495,29.497,0.003872,17450.22,3427.49,14022.73,954,20877.71,13757.83,1163.82,12594.01,454,0,109
2288,2026-02-17T15:47:00,BTC,48.01,38.13,0.51066,67068.0,67069.0,1.614679,29.83,7.91,21.93,581,37.74,0.57,0.68,-0.11,61,9,109
2289,2026-02-17T15:48:00,HYPE,6358.9,5910.61,0.513046,29.534,29.54,0.004135,9911.93,3365.68,6546.25,407,13277.61,8997.56,2013.03,6984.53,220,0,111
2290,2026-02-17T15:48:00,BTC,94.27,38.46,0.624625,67189.0,67190.0,1.72973,37.78,11.77,26.01,606,49.55,0.56,5.11,-4.54,63,29,111
2291,2026-02-17T15:49:00,HYPE,20141.55,5398.87,0.550532,29.517,29.518,0.004111,8659.37,5324.9,3334.47,382,13984.27,8800.81,722.28,8078.53,152,0,108
2292,2026-02-17T15:49:00,BTC,23.04,64.83,0.52124,67146.0,67147.0,1.685185,33.05,7.49,25.56,624,40.54,1.74,0.05,1.68,36,14,108
2293,2026-02-17T15:50:00,HYPE,4600.33,6883.0,0.635013,29.531,29.532,0.003872,8061.22,1989.55,6071.67,313,10050.77,7474.66,350.8,7123.86,132,0,109
2294,2026-02-17T15:50:00,BTC,72.61,19.85,0.549046,67152.0,67153.0,1.743119,99.21,13.14,86.07,647,112.36,0.21,2.19,-1.99,40,50,109
2295,2026-02-17T15:51:00,HYPE,24214.84,8075.64,0.576426,29.521,29.522,0.003312,7109.28,1062.36,6046.92,287,8171.64,6528.41,672.01,5856.4,118,0,109
2296,2026-02-17T15:51:00,BTC,42.64,45.24,0.551031,67224.0,67225.0,2.844037,191.06,10.54,180.52,760,201.6,109.73,2.38,107.35,211,78,109
2297,2026-02-17T15:52:00,HYPE,8320.38,5978.36,0.558166,29.578,29.581,0.003482,7204.63,708.02,6496.61,493,7912.65,5437.23,202.21,5235.02,117,0,110
2298,2026-02-17T15:52:00,BTC,9.72,62.93,0.62354,67357.0,67358.0,2.054545,94.23,4.45,89.78,1087,98.68,6.55,1.99,4.55,153,27,110
2299,2026-02-17T15:53:00,HYPE,4596.47,10481.18,0.493001,29.572,29.576,0.003752,6093.5,630.98,5462.52,269,6724.48,5082.97,369.88,4713.09,122,0,109
2300,2026-02-17T15:53:00,BTC,64.86,21.46,0.505286,67286.0,67287.0,1.93578,130.65,8.17,122.47,694,138.82,124.06,1.55,122.52,333,60,109
2301,2026-02-17T15:54:00,HYPE,4797.2,6507.45,0.446085,29.598,29.599,0.004202,12892.8,2738.8,10154.0,323,15631.6,3838.04,1382.34,2455.7,73,1,109
2302,2026-02-17T15:54:00,BTC,91.85,18.53,0.535235,67264.0,67265.0,2.009174,11.68,4.74,6.93,380,16.42,6.55,0.24,6.31,54,6,109
2303,2026-02-17T15:55:00,HYPE,4350.75,6069.91,0.497614,29.58,29.582,0.002417,4371.3,2133.8,2237.5,238,6505.1,1084.36,354.57,729.79,42,0,108
2304,2026-02-17T15:55:00,BTC,81.53,27.04,0.548103,67271.0,67272.0,1.240741,9.75,4.33,5.42,249,14.08,6.56,0.23,6.33,65,4,108
2305,2026-02-17T15:56:00,HYPE,6159.76,5213.47,0.473691,29.582,29.583,0.002264,3112.21,480.52,2631.69,85,3592.73,119.63,0.0,119.63,14,0,110
2306,2026-02-17T15:56:00,BTC,20.41,85.48,0.524899,67362.0,67363.0,1.572727,104.15,8.25,95.9,597,112.4,6.55,0.43,6.12,78,32,110
2307,2026-02-17T15:57:00,HYPE,7223.24,6870.99,0.575455,29.616,29.617,0.003527,6898.78,1694.09,5204.69,584,8592.87,406.72,0.0,406.72,38,1,110
2308,2026-02-17T15:57:00,BTC,112.23,19.4,0.562613,67301.0,67302.0,1.436364,37.05,8.12,28.93,475,45.17,6.93,0.41,6.52,67,24,110
2309,2026-02-17T15:58:00,HYPE,6965.53,4814.72,0.524581,29.559,29.56,0.002318,586.07,1561.53,-975.46,106,2147.6,307.96,0.0,307.96,20,0,110
2310,2026-02-17T15:58:00,BTC,35.89,66.64,0.586139,67268.0,67269.0,1.354545,22.7,4.99,17.71,446,27.69,6.7,0.09,6.61,88,14,110
2311,2026-02-17T15:59:00,HYPE,6606.16,5811.93,0.536325,29.589,29.59,0.002716,2954.37,485.02,2469.35,104,3439.39,60.08,320.28,-260.2,13,0,109
2312,2026-02-17T15:59:00,BTC,47.4,83.5,0.676682,67342.0,67343.0,1.357798,75.8,31.17,44.63,370,106.97,7.7,93.6,-85.9,163,59,109
2313,2026-02-17T16:00:00,HYPE,6845.38,4084.26,0.533357,29.568,29.57,0.002622,2643.49,711.4,1932.09,82,3354.89,6.57,382.06,-375.49,13,0,111
2314,2026-02-17T16:00:00,BTC,99.29,15.39,0.635011,67356.0,67357.0,1.36036,9.43,9.96,-0.53,288,19.39,6.55,0.0,6.55,60,8,111
2315,2026-02-17T16:01:00,HYPE,5741.82,4301.52,0.564705,29.572,29.577,0.00245,588.23,779.38,-191.15,71,1367.61,7.34,9.01,-1.67,15,0,109
2316,2026-02-17T16:01:00,BTC,105.75,43.89,0.537716,67324.0,67325.0,1.321101,23.1,14.12,8.98,513,37.23,7.73,7.1,0.63,121,15,109
2317,2026-02-17T16:02:00,HYPE,7676.09,4763.55,0.578882,29.696,29.698,0.002945,3071.72,682.77,2388.95,314,3754.49,6.18,0.0,6.18,12,0,109
2318,2026-02-17T16:02:00,BTC,108.74,3.19,0.659865,67621.0,67640.0,2.357798,129.03,12.12,116.91,1403,141.15,3.37,90.54,-87.16,232,78,109
2319,2026-02-17T16:03:00,HYPE,3639.58,6071.01,0.564439,29.778,29.779,0.004098,27450.04,5113.9,22336.14,1384,32563.94,10300.91,466.85,9834.06,246,2,112
2320,2026-02-17T16:03:00,BTC,21.94,134.79,0.602387,67738.0,67739.0,3.151786,106.13,218.27,-112.14,2015,324.39,4.03,187.11,-183.08,593,146,112
2321,2026-02-17T16:04:00,HYPE,4589.64,3702.76,0.538679,29.79,29.791,0.005045,16824.39,1835.03,14989.36,363,18659.42,1188.03,1568.68,-380.65,76,0,110
2322,2026-02-17T16:04:00,BTC,43.41,51.97,0.482618,67675.0,67676.0,1.7,93.88,162.09,-68.21,1093,255.97,17.35,70.39,-53.04,251,129,110
2323,2026-02-17T16:05:00,HYPE,3431.88,8151.92,0.547156,29.814,29.826,0.003927,1808.3,348.55,1459.75,106,2156.85,269.25,284.4,-15.15,33,0,109
2324,2026-02-17T16:05:00,BTC,155.22,69.36,0.423804,67716.0,67717.0,1.513761,204.96,77.88,127.08,845,282.84,7.05,43.33,-36.28,100,137,109
2325,2026-02-17T16:06:00,HYPE,6888.81,4885.67,0.52058,29.946,29.947,0.004847,68726.64,9910.93,58815.71,1566,78637.57,60005.47,4024.95,55980.52,996,8,111
2326,2026-02-17T16:06:00,BTC,141.26,71.96,0.580017,67940.0,67943.0,2.621622,359.53,20.88,338.64,1904,380.41,18.02,93.3,-75.28,346,205,111
2327,2026-02-17T16:07:00,HYPE,7998.02,5579.1,0.602864,29.948,29.949,0.003509,21536.51,5581.21,15955.3,435,27117.72,3494.71,979.46,2515.25,115,1,110
2328,2026-02-17T16:07:00,BTC,143.84,42.97,0.583225,67800.0,67801.0,2.0,24.4,27.86,-3.46,728,52.27,1.01,2.36,-1.36,59,22,110
2329,2026-02-17T16:08:00,HYPE,6410.65,4374.9,0.530518,29.953,29.957,0.0045,3318.92,4206.72,-887.8,194,7525.64,1286.41,205.14,1081.27,53,0,110
2330,2026-02-17T16:08:00,BTC,10.86,80.55,0.616744,67884.0,67885.0,2.054545,47.71,9.23,38.48,553,56.94,12.81,1.01,11.8,115,27,110
2331,2026-02-17T16:09:00,HYPE,7787.08,5100.93,0.485886,29.943,29.944,0.003373,3937.6,4261.61,-324.01,181,8199.21,1007.35,67.41,939.94,43,1,110
2332,2026-02-17T16:09:00,BTC,33.85,73.4,0.534173,67746.0,67747.0,1.9,9.88,84.57,-74.7,571,94.45,4.8,0.55,4.25,92,43,110
2333,2026-02-17T16:10:00,HYPE,6236.8,5193.0,0.527973,29.959,29.966,0.004092,2258.59,4585.01,-2326.42,165,6843.6,942.44,2693.29,-1750.85,68,0,109
2334,2026-02-17T16:10:00,BTC,28.28,91.88,0.528621,67714.0,67715.0,1.743119,4.14,55.91,-51.78,639,60.05,1.36,1.78,-0.42,91,33,109
2335,2026-02-17T16:11:00,HYPE,7217.12,3297.87,0.510629,29.886,29.888,0.003847,1627.02,8974.6,-7347.58,228,10601.62,2370.46,2517.03,-146.57,67,1,111
2336,2026-02-17T16:11:00,BTC,143.82,21.2,0.497723,67673.0,67674.0,1.558559,17.52,35.38,-17.86,535,52.9,0.08,0.58,-0.5,38,23,111
2337,2026-02-17T16:12:00,HYPE,7122.98,4952.63,0.514619,29.871,29.872,0.001963,1214.05,1634.54,-420.49,95,2848.59,623.3,44.34,578.96,31,0,108
2338,2026-02-17T16:12:00,BTC,25.96,88.44,0.494991,67673.0,67676.0,1.481481,13.16,8.41,4.75,301,21.58,0.01,0.97,-0.95,28,12,108
2339,2026-02-17T16:13:00,HYPE,5362.88,6709.85,0.45872,29.859,29.86,0.002036,1621.12,10579.23,-8958.11,146,12200.35,1070.11,22.18,1047.93,30,1,110
2340,2026-02-17T16:13:00,BTC,55.99,52.51,0.46297,67631.0,67632.0,1.463636,2.97,39.01,-36.05,439,41.98,1.39,0.21,1.18,24,20,110
2341,2026-02-17T16:14:00,HYPE,4569.69,10681.87,0.398683,29.881,29.882,0.001973,2900.87,973.64,1927.23,111,3874.51,543.15,21.22,521.93,34,0,110
2342,2026-02-17T16:14:00,BTC,28.1,86.9,0.599936,67718.0,67719.0,1.490909,6.19,11.77,-5.59,307,17.96,0.09,0.0,0.09,13,5,110
2343,2026-02-17T16:15:00,HYPE,5524.52,8228.84,0.431276,29.872,29.877,0.002413,967.77,3557.55,-2589.78,119,4525.32,1212.72,33.28,1179.44,36,0,109
2344,2026-02-17T16:15:00,BTC,37.32,49.97,0.54512,67727.0,67728.0,1.495413,5.45,8.14,-2.69,272,13.59,2.37,3.15,-0.78,46,4,109
2345,2026-02-17T16:16:00,HYPE,6672.62,6245.93,0.437979,29.889,29.895,0.002703,819.09,116.55,702.54,60,935.64,540.2,4.5,535.7,28,0,111
2346,2026-02-17T16:16:00,BTC,37.61,63.15,0.588937,67759.0,67760.0,1.243243,11.95,6.8,5.14,286,18.75,2.37,0.37,2.0,61,13,111
2347,2026-02-17T16:17:00,HYPE,5615.21,5876.86,0.454779,29.944,29.947,0.002546,13758.38,375.18,13383.2,166,14133.56,568.98,457.62,111.36,27,2,108
2348,2026-02-17T16:17:00,BTC,33.86,58.47,0.580518,67804.0,67805.0,1.5,8.7,7.17,1.53,449,15.87,2.38,0.26,2.12,58,8,108
2349,2026-02-17T16:18:00,HYPE,4372.1,8127.47,0.44845,29.859,29.863,0.00356,1818.09,12515.64,-10697.55,215,14333.73,2117.99,49.05,2068.94,50,0,109
2350,2026-02-17T16:18:00,BTC,30.23,85.02,0.484716,67752.0,67753.0,1.798165,51.15,35.53,15.63,729,86.68,2.4,1.6,0.79,82,27,109
2351,2026-02-17T16:19:00,HYPE,6055.13,6149.18,0.524506,29.97,29.972,0.001891,5757.2,5697.19,60.01,166,11454.39,540.21,291.73,248.48,30,1,110
2352,2026-02-17T16:19:00,BTC,45.4,48.56,0.618792,67846.0,67847.0,1.963636,37.48,33.42,4.06,625,70.9,2.4,0.26,2.14,69,29,110
2353,2026-02-17T16:20:00,HYPE,5224.96,5487.4,0.505193,30.014,30.016,0.002436,11340.42,801.51,10538.91,403,12141.93,542.86,90.27,452.59,33,3,110
2354,2026-02-17T16:20:00,BTC,61.91,50.44,0.521552,67908.0,67909.0,1.236364,125.88,24.1,101.78,596,149.98,126.78,4.5,122.28,265,71,110
2355,2026-02-17T16:21:00,HYPE,3987.23,6029.21,0.491341,29.954,29.963,0.003482,10929.59,5724.24,5205.35,460,16653.83,1632.95,940.98,691.97,108,0,110
2356,2026-02-17T16:21:00,BTC,76.43,35.58,0.414589,67715.0,67716.0,1.381818,7.22,36.52,-29.3,539,43.73,28.01,0.21,27.8,64,11,110
2357,2026-02-17T16:22:00,HYPE,4304.93,8556.9,0.454646,29.919,29.928,0.004736,1730.39,3175.76,-1445.37,156,4906.15,1691.66,2544.95,-853.29,77,0,110
2358,2026-02-17T16:22:00,BTC,59.73,35.15,0.426413,67666.0,67667.0,1.572727,5.84,33.2,-27.37,488,39.04,2.7,0.02,2.68,46,22,110
2359,2026-02-17T16:23:00,HYPE,4974.94,6821.47,0.459331,29.949,29.95,0.003209,2092.44,674.6,1417.84,102,2767.04,1357.25,46.29,1310.96,34,0,110
2360,2026-02-17T16:23:00,BTC,88.79,29.03,0.656362,67688.0,67689.0,1.236364,4.21,34.93,-30.73,549,39.14,1.28,0.14,1.15,64,17,110
2361,2026-02-17T16:24:00,HYPE,3867.57,5839.06,0.431975,29.954,29.955,0.004073,3349.09,636.29,2712.8,103,3985.38,3215.32,43.59,3171.73,45,1,110
2362,2026-02-17T16:24:00,BTC,41.19,47.22,0.448696,67657.0,67658.0,1.518182,20.76,5.14,15.62,339,25.9,0.05,1.11,-1.07,42,12,110
2363,2026-02-17T16:25:00,HYPE,5419.58,6228.8,0.455703,29.946,29.947,0.002908,673.64,553.14,120.5,84,1226.78,556.61,0.0,556.61,26,0,109
2364,2026-02-17T16:25:00,BTC,20.23,127.73,0.552848,67709.0,67710.0,1.137615,8.93,2.77,6.16,230,11.7,0.05,0.21,-0.16,33,9,109
2365,2026-02-17T16:26:00,HYPE,4885.75,17077.14,0.321654,29.99,29.991,0.002694,3058.69,490.47,2568.22,141,3549.16,2955.33,99.72,2855.61,93,0,108
2366,2026-02-17T16:26:00,BTC,78.14,33.52,0.549194,67731.0,67732.0,1.212963,13.68,9.24,4.44,247,22.92,0.47,0.18,0.28,22,9,108
2367,2026-02-17T16:27:00,HYPE,4711.78,6478.56,0.388454,29.886,29.898,0.002537,693.85,2578.76,-1884.91,149,3272.61,577.46,0.0,577.46,31,0,108
2368,2026-02-17T16:27:00,BTC,61.75,34.71,0.544745,67670.0,67671.0,1.296296,3.81,13.76,-9.95,397,17.57,0.05,0.2,-0.15,35,7,108
2369,2026-02-17T16:28:00,HYPE,3656.22,6235.5,0.429086,29.884,29.886,0.002431,752.87,2899.83,-2146.96,90,3652.7,837.78,2500.0,-1662.22,39,2,109
2370,2026-02-17T16:28:00,BTC,42.13,70.55,0.552457,67614.0,67615.0,1.055046,4.62,15.69,-11.07,316,20.3,0.04,0.2,-0.16,40,10,109
2371,2026-02-17T16:29:00,HYPE,4650.2,8704.51,0.361437,29.869,29.876,0.002027,660.54,1909.07,-1248.53,122,2569.61,877.82,0.0,877.82,38,0,110
2372,2026-02-17T16:29:00,BTC,58.46,41.96,0.530606,67579.0,67580.0,1.154545,29.97,35.01,-5.04,565,64.98,0.7,0.02,0.68,30,32,110
2373,2026-02-17T16:30:00,HYPE,3515.94,7198.73,0.448931,29.811,29.812,0.002591,2633.86,8783.4,-6149.54,188,11417.26,1415.3,0.0,1415.3,46,2,110
2374,2026-02-17T16:30:00,BTC,82.73,8.88,0.530063,67497.0,67498.0,1.263636,15.34,36.25,-20.91,584,51.58,0.32,0.24,0.08,43,30,110
2375,2026-02-17T16:31:00,HYPE,4598.45,6977.69,0.450216,29.834,29.835,0.003227,2485.66,4817.56,-2331.9,247,7303.22,1897.73,403.05,1494.68,38,0,110
2376,2026-02-17T16:31:00,BTC,60.15,18.74,0.542269,67446.0,67448.0,1.390909,10.98,10.21,0.77,416,21.19,0.32,0.06,0.26,45,5,110
2377,2026-02-17T16:32:00,HYPE,6377.63,8194.08,0.457221,29.855,29.856,0.002713,1386.79,2920.08,-1533.29,123,4306.87,913.31,1148.01,-234.7,54,1,108
2378,2026-02-17T16:32:00,BTC,42.05,67.75,0.597364,67468.0,67469.0,1.203704,4.66,11.05,-6.38,464,15.71,0.04,0.06,-0.02,49,3,108
2379,2026-02-17T16:33:00,HYPE,4037.4,7351.67,0.4419,29.871,29.872,0.002882,3049.15,986.44,2062.71,118,4035.59,540.23,104.63,435.6,37,0,110
2380,2026-02-17T16:33:00,BTC,20.19,101.8,0.592396,67563.0,67564.0,1.509091,44.63,1.99,42.64,456,46.62,2.5,2.34,0.16,54,25,110
2381,2026-02-17T16:34:00,HYPE,5788.94,5954.99,0.44027,29.904,29.905,0.003229,10481.82,1476.71,9005.11,208,11958.53,3315.79,405.12,2910.67,63,2,109
2382,2026-02-17T16:34:00,BTC,36.58,75.39,0.602334,67643.0,67644.0,1.504587,48.2,9.63,38.57,573,57.83,2.77,1.81,0.96,41,27,109
2383,2026-02-17T16:35:00,HYPE,6647.41,4547.43,0.431566,29.972,29.973,0.003136,1253.74,2023.72,-769.98,124,3277.46,490.42,1071.35,-580.93,49,0,110
2384,2026-02-17T16:35:00,BTC,55.05,31.49,0.671282,67821.0,67822.0,1.327273,12.94,7.66,5.28,670,20.6,0.01,1.95,-1.94,20,5,110
2385,2026-02-17T16:36:00,HYPE,18286.99,16144.08,0.463715,29.981,29.989,0.002697,8000.56,544.3,7456.26,143,8544.86,115.93,364.89,-248.96,19,1,109
2386,2026-02-17T16:36:00,BTC,66.59,29.41,0.665761,67891.0,67892.0,1.752294,7.02,10.18,-3.16,460,17.2,0.0,0.43,-0.43,11,5,109
2387,2026-02-17T16:37:00,HYPE,5442.51,5721.82,0.49389,30.03,30.031,0.002436,12728.48,3435.38,9293.1,433,16163.86,5462.88,0.0,5462.88,21,2,110
2388,2026-02-17T16:37:00,BTC,97.02,14.3,0.651331,68080.0,68081.0,2.318182,43.9,39.14,4.76,1305,83.05,2.08,2.31,-0.23,50,36,110
2389,2026-02-17T16:38:00,HYPE,4980.37,5418.87,0.495111,30.023,30.024,0.002927,985.8,1990.63,-1004.83,126,2976.43,324.27,32.73,291.54,24,0,109
2390,2026-02-17T16:38:00,BTC,15.2,64.66,0.540315,68032.0,68033.0,1.761468,39.17,42.12,-2.96,618,81.29,3.56,61.75,-58.2,135,45,109
2391,2026-02-17T16:39:00,HYPE,5622.55,5622.27,0.506161,30.025,30.026,0.0026,3350.63,307.81,3042.82,110,3658.44,167.36,169.51,-2.15,16,0,110
2392,2026-02-17T16:39:00,BTC,46.42,99.94,0.525625,67980.0,67981.0,1.363636,31.34,44.71,-13.37,625,76.05,2.2,46.67,-44.46,144,40,110
2393,2026-02-17T16:40:00,HYPE,6134.78,6812.63,0.605588,30.077,30.078,0.001982,8447.02,2853.01,5594.01,601,11300.03,312.01,550.44,-238.43,38,1,109
2394,2026-02-17T16:40:00,BTC,27.09,80.29,0.470023,67916.0,67917.0,1.513761,34.07,14.48,19.58,306,48.55,1.19,24.23,-23.04,24,20,109
2395,2026-02-17T16:41:00,HYPE,17138.74,6668.96,0.646026,30.018,30.026,0.002991,503.54,6071.98,-5568.44,134,6575.52,548.78,0.0,548.78,22,1,108
2396,2026-02-17T16:41:00,BTC,25.74,62.71,0.417712,67779.0,67780.0,1.62963,6.35,15.26,-8.91,625,21.61,0.0,0.0,0.0,13,12,108
2397,2026-02-17T16:42:00,HYPE,6676.6,4131.59,0.634056,30.035,30.036,0.002336,3831.02,1636.05,2194.97,134,5467.07,846.8,1034.47,-187.67,62,0,110
2398,2026-02-17T16:42:00,BTC,31.99,67.05,0.538486,67788.0,67789.0,1.390909,3.94,4.11,-0.17,229,8.04,0.41,0.0,0.41,15,3,110
2399,2026-02-17T16:43:00,HYPE,6876.65,7013.51,0.5655,30.092,30.093,0.002422,916.44,637.68,278.76,71,1554.12,113.56,504.87,-391.31,26,0,109
2400,2026-02-17T16:43:00,BTC,44.88,98.85,0.532803,67857.0,67858.0,1.669725,11.23,1.84,9.38,246,13.07,0.0,0.0,0.0,13,5,109
2401,2026-02-17T16:44:00,HYPE,4418.88,11680.48,0.493423,30.004,30.005,0.002752,5509.56,4120.54,1389.02,202,9630.1,226.26,769.09,-542.83,24,1,109
2402,2026-02-17T16:44:00,BTC,1.86,132.84,0.441681,67700.0,67701.0,1.495413,13.55,10.11,3.43,411,23.66,1.03,0.64,0.38,16,8,109
2403,2026-02-17T16:45:00,HYPE,16639.37,7727.22,0.525896,30.013,30.014,0.001518,10613.08,1694.05,8919.03,160,12307.13,237.05,212.31,24.74,23,2,110
2404,2026-02-17T16:45:00,BTC,58.46,57.62,0.531567,67667.0,67668.0,1.381818,5.29,26.58,-21.29,332,31.86,0.56,3.08,-2.52,24,11,110
2405,2026-02-17T16:46:00,HYPE,4423.59,9023.42,0.654375,29.982,29.983,0.002206,155.72,9352.5,-9196.78,95,9508.22,113.55,1008.3,-894.75,20,2,107
2406,2026-02-17T16:46:00,BTC,45.6,38.58,0.501477,67617.0,67618.0,1.448598,15.97,27.79,-11.82,500,43.76,0.0,1.66,-1.65,18,23,107
2407,2026-02-17T16:47:00,HYPE,6844.93,4580.36,0.483845,29.923,29.929,0.003295,2210.45,3887.96,-1677.51,157,6098.41,114.32,316.96,-202.64,21,0,112
2408,2026-02-17T16:47:00,BTC,37.81,47.73,0.532454,67628.0,67629.0,1.223214,7.67,23.42,-15.75,356,31.09,0.11,1.63,-1.52,41,11,112
2409,2026-02-17T16:48:00,HYPE,2297.41,6400.95,0.498307,29.898,29.899,0.002569,2028.25,872.45,1155.8,93,2900.7,113.56,17.01,96.55,13,0,109
2410,2026-02-17T16:48:00,BTC,18.49,82.18,0.410771,67591.0,67592.0,1.522936,3.04,3.22,-0.18,229,6.26,0.0,0.04,-0.04,9,2,109
2411,2026-02-17T16:49:00,HYPE,7327.26,5360.38,0.484453,29.885,29.896,0.002634,517.07,1725.85,-1208.78,103,2242.92,156.13,14.2,141.93,16,0,112
2412,2026-02-17T16:49:00,BTC,55.13,52.52,0.481178,67560.0,67561.0,1.419643,2.58,5.16,-2.57,295,7.74,1.0,0.4,0.6,14,2,112
2413,2026-02-17T16:50:00,HYPE,6615.16,4282.27,0.491351,29.894,29.895,0.002748,1318.13,269.5,1048.63,62,1587.63,113.56,89.93,23.63,17,0,111
2414,2026-02-17T16:50:00,BTC,99.89,43.43,0.493584,67553.0,67554.0,1.459459,1.3,6.44,-5.14,323,7.74,0.0,0.37,-0.36,10,0,111
2415,2026-02-17T16:51:00,HYPE,6516.25,5583.56,0.488724,29.904,29.909,0.003682,1453.88,2265.96,-812.08,106,3719.84,1480.17,80.32,1399.85,45,0,110
2416,2026-02-17T16:51:00,BTC,21.04,108.14,0.591283,67616.0,67625.0,1.427273,2.9,2.63,0.27,258,5.53,0.01,0.3,-0.29,14,1,110
2417,2026-02-17T16:52:00,HYPE,3930.19,5203.9,0.459619,29.941,29.945,0.002606,487.23,152.36,334.87,54,639.59,113.59,0.04,113.55,12,0,109
2418,2026-02-17T16:52:00,BTC,38.17,41.01,0.535243,67676.0,67677.0,1.293578,2.46,1.36,1.1,299,3.82,0.02,0.0,0.02,13,1,109
2419,2026-02-17T16:53:00,HYPE,6250.6,7905.28,0.47504,29.931,29.932,0.002817,170.13,153.7,16.43,37,323.83,147.15,0.38,146.77,17,0,109
2420,2026-02-17T16:53:00,BTC,43.69,52.66,0.513785,67680.0,67681.0,1.348624,16.59,1.41,15.18,363,18.0,0.02,0.42,-0.4,25,6,109
2421,2026-02-17T16:54:01,HYPE,4958.01,5226.14,0.462843,29.91,29.911,0.002609,968.8,169.38,799.42,70,1138.18,113.57,4.66,108.91,14,0,110
2422,2026-02-17T16:54:01,BTC,25.58,135.73,0.425499,67589.0,67590.0,1.209091,0.21,4.72,-4.52,200,4.93,0.02,0.0,0.02,15,2,110
2423,2026-02-17T16:55:00,HYPE,3669.99,6354.07,0.455845,29.936,29.937,0.002065,253.04,77.98,175.06,51,331.02,113.56,0.38,113.18,13,0,108
2424,2026-02-17T16:55:00,BTC,93.99,23.17,0.542454,67639.0,67640.0,1.240741,7.23,1.21,6.03,219,8.44,0.02,0.0,0.02,16,3,108
2425,2026-02-17T16:56:00,HYPE,5259.78,5063.56,0.490116,29.981,29.983,0.002211,401.65,102.62,299.03,64,504.27,113.92,15.98,97.94,20,0,109
2426,2026-02-17T16:56:00,BTC,46.62,91.84,0.51776,67744.0,67745.0,1.477064,15.66,2.28,13.38,382,17.95,0.02,0.2,-0.18,17,9,109
2427,2026-02-17T16:57:00,HYPE,5881.39,5436.37,0.468833,29.988,29.994,0.002436,734.86,83.9,650.96,57,818.76,372.73,26.54,346.19,21,0,110
2428,2026-02-17T16:57:00,BTC,59.66,32.14,0.450319,67727.0,67728.0,1.072727,1.12,3.29,-2.18,171,4.41,0.02,0.0,0.02,15,0,110
2429,2026-02-17T16:58:00,HYPE,5891.86,6524.08,0.440057,29.9,29.901,0.002667,454.49,1108.92,-654.43,90,1563.41,372.07,95.96,276.11,27,0,111
2430,2026-02-17T16:58:00,BTC,25.54,71.64,0.383409,67563.0,67564.0,1.657658,6.17,5.33,0.84,503,11.51,0.03,0.0,0.03,16,5,111
2431,2026-02-17T16:59:00,HYPE,3521.12,4769.18,0.411926,29.875,29.879,0.002376,174.37,582.4,-408.03,69,756.77,113.58,26.13,87.45,14,0,109
2432,2026-02-17T16:59:00,BTC,40.21,41.18,0.375995,67492.0,67493.0,1.422018,3.18,299.14,-295.96,984,302.32,9.5,285.45,-275.95,683,106,109
2433,2026-02-17T17:00:00,HYPE,3484.9,6619.69,0.39974,29.862,29.863,0.002264,979.25,4528.27,-3549.02,147,5507.52,511.86,49.8,462.06,22,0,110
2434,2026-02-17T17:00:00,BTC,53.92,35.61,0.443593,67485.0,67486.0,1.181818,3.25,6.59,-3.34,192,9.84,2.86,0.01,2.85,36,5,110
2435,2026-02-17T17:01:00,HYPE,6106.25,4468.54,0.432263,29.898,29.9,0.003518,1061.31,1180.03,-118.72,74,2241.34,258.93,45.04,213.89,15,0,110
2436,2026-02-17T17:01:00,BTC,79.86,27.92,0.44365,67486.0,67487.0,1.372727,3.32,8.74,-5.42,410,12.06,3.29,0.01,3.28,54,3,110
2437,2026-02-17T17:02:00,HYPE,6720.04,5631.72,0.471715,29.901,29.902,0.002682,4305.99,50.35,4255.64,77,4356.34,120.4,280.32,-159.92,15,0,110
2438,2026-02-17T17:02:00,BTC,91.35,11.21,0.55734,67514.0,67515.0,1.3,1.45,20.1,-18.65,345,21.55,0.99,0.01,0.98,31,9,110
2439,2026-02-17T17:03:00,HYPE,5860.24,4264.83,0.507766,30.034,30.035,0.004569,6686.58,5599.3,1087.28,347,12285.88,935.42,1182.15,-246.73,46,1,109
2440,2026-02-17T17:03:00,BTC,17.56,102.38,0.515924,67613.0,67614.0,1.495413,18.78,0.85,17.94,405,19.63,14.43,2.34,12.09,121,13,109
2441,2026-02-17T17:04:00,HYPE,5488.9,4116.08,0.52065,30.007,30.014,0.004509,644.96,2477.74,-1832.78,124,3122.7,1270.47,2032.83,-762.36,83,0,110
2442,2026-02-17T17:04:00,BTC,56.22,68.79,0.429831,67539.0,67540.0,1.836364,12.45,8.09,4.35,350,20.54,0.02,1.5,-1.48,41,9,110
2443,2026-02-17T17:05:00,HYPE,6105.12,6164.97,0.491789,29.961,29.962,0.002118,182.84,2328.87,-2146.03,107,2511.71,871.66,1909.84,-1038.18,60,0,110
2444,2026-02-17T17:05:00,BTC,48.67,44.6,0.444743,67535.0,67536.0,1.181818,2.91,5.95,-3.03,152,8.86,0.02,0.0,0.02,15,3,110
2445,2026-02-17T17:06:00,HYPE,6422.43,4827.24,0.515125,29.964,29.965,0.0023,543.04,1041.6,-498.56,63,1584.64,130.61,929.51,-798.9,30,0,110
2446,2026-02-17T17:06:00,BTC,59.19,69.31,0.549564,67602.0,67603.0,1.463636,9.25,1.63,7.62,279,10.87,0.02,0.0,0.02,21,3,110
2447,2026-02-17T17:07:00,HYPE,6353.95,5990.16,0.519587,29.953,29.954,0.002037,378.6,1621.71,-1243.11,77,2000.31,177.55,1039.59,-862.04,40,0,107
2448,2026-02-17T17:07:00,BTC,39.31,63.4,0.454593,67580.0,67581.0,1.261682,2.9,1.21,1.7,173,4.11,0.02,0.0,0.01,16,2,107
2449,2026-02-17T17:08:00,HYPE,6053.29,5856.14,0.556241,29.968,29.969,0.002595,450.36,1379.39,-929.03,53,1829.75,113.94,963.94,-850.0,21,0,111
2450,2026-02-17T17:08:00,BTC,79.24,24.26,0.625034,67663.0,67664.0,1.081081,3.41,1.28,2.13,300,4.69,0.01,0.18,-0.17,19,1,111
2451,2026-02-17T17:09:00,HYPE,6193.35,4498.94,0.473396,29.943,29.944,0.001701,1206.03,2021.47,-815.44,59,3227.5,113.93,968.85,-854.92,20,0,107
2452,2026-02-17T17:09:00,BTC,84.95,30.89,0.413909,67624.0,67625.0,1.317757,2.13,2.06,0.08,166,4.19,0.01,0.0,0.01,14,1,107
2453,2026-02-17T17:10:00,HYPE,1054.55,8005.86,0.433452,29.86,29.861,0.002868,1306.67,1333.95,-27.28,83,2640.62,113.56,1131.69,-1018.13,26,0,106
2454,2026-02-17T17:10:00,BTC,53.52,50.34,0.416882,67462.0,67463.0,1.273585,0.34,13.12,-12.78,320,13.46,0.51,0.0,0.51,16,4,106
2455,2026-02-17T17:11:00,HYPE,2623.63,5736.87,0.304092,29.732,29.733,0.002126,1951.99,6066.27,-4114.28,856,8018.26,113.59,1047.29,-933.7,97,0,111
2456,2026-02-17T17:11:00,BTC,28.44,57.39,0.390133,67232.0,67233.0,1.765766,9.73,88.64,-78.91,1642,98.37,23.7,3.0,20.69,161,39,111
2457,2026-02-17T17:12:00,HYPE,3662.52,6046.6,0.389161,29.641,29.642,0.003482,1217.78,11431.01,-10213.23,814,12648.79,670.51,2270.87,-1600.36,318,1,110
2458,2026-02-17T17:12:00,BTC,32.36,54.11,0.358602,67163.0,67164.0,1.563636,12.65,50.31,-37.67,663,62.96,6.34,0.04,6.3,48,30,110
2459,2026-02-17T17:13:00,HYPE,3623.35,4700.83,0.426009,29.632,29.633,0.0038,1994.0,10170.99,-8176.99,435,12164.99,879.84,5959.39,-5079.55,316,0,110
2460,2026-02-17T17:13:00,BTC,67.95,18.64,0.373236,67098.0,67099.0,2.018182,15.73,62.86,-47.13,921,78.59,23.33,23.71,-0.38,138,37,110
2461,2026-02-17T17:14:00,HYPE,6549.76,5507.95,0.430427,29.638,29.639,0.003482,254.97,1830.84,-1575.87,100,2085.81,629.8,963.93,-334.13,40,0,110
2462,2026-02-17T17:14:00,BTC,48.9,83.44,0.516286,67229.0,67230.0,1.3,9.75,10.75,-1.0,355,20.51,0.12,5.3,-5.18,44,8,110
2463,2026-02-17T17:15:00,HYPE,6490.65,5749.45,0.394251,29.656,29.657,0.003,1432.22,17540.77,-16108.55,382,18972.99,1641.68,949.21,692.47,45,1,109
2464,2026-02-17T17:15:00,BTC,40.18,49.36,0.468058,67238.0,67239.0,1.495413,10.73,7.46,3.27,420,18.19,2.99,2.76,0.23,43,10,109
2465,2026-02-17T17:16:00,HYPE,5995.58,6191.13,0.493542,29.686,29.687,0.002775,11837.13,1145.48,10691.65,173,12982.61,419.98,1182.93,-762.95,27,0,111
2466,2026-02-17T17:16:00,BTC,26.96,83.45,0.472393,67193.0,67194.0,1.783784,31.1,6.6,24.5,494,37.7,0.02,0.78,-0.77,42,8,111
2467,2026-02-17T17:17:00,HYPE,5136.79,7319.95,0.509456,29.691,29.692,0.00255,505.01,2305.17,-1800.16,103,2810.18,240.34,1012.53,-772.19,40,0,109
2468,2026-02-17T17:17:00,BTC,42.75,82.4,0.516574,67194.0,67195.0,1.486239,3.06,2.58,0.48,289,5.64,0.01,0.5,-0.48,28,1,109
2469,2026-02-17T17:18:00,HYPE,5435.02,6138.55,0.506466,29.705,29.707,0.002418,270.37,1288.9,-1018.53,71,1559.27,113.6,968.85,-855.25,30,0,110
2470,2026-02-17T17:18:00,BTC,68.42,44.9,0.492167,67293.0,67294.0,1.218182,6.72,4.43,2.29,233,11.15,5.11,0.79,4.32,52,6,110
2471,2026-02-17T17:19:00,HYPE,6465.52,5986.78,0.492171,29.698,29.7,0.003138,1099.37,980.67,118.7,74,2080.04,180.23,980.75,-800.52,39,0,109
2472,2026-02-17T17:19:00,BTC,122.68,11.63,0.462832,67342.0,67343.0,1.247706,22.0,11.1,10.9,339,33.11,0.02,1.87,-1.85,18,23,109
2473,2026-02-17T17:20:00,HYPE,5648.63,9277.87,0.476274,29.689,29.69,0.004127,267.56,1118.24,-850.68,56,1385.8,209.71,1072.14,-862.43,27,0,110
2474,2026-02-17T17:20:00,BTC,10.64,164.38,0.415692,67331.0,67339.0,1.518182,4.52,9.28,-4.76,443,13.79,0.04,0.33,-0.29,21,5,110
2475,2026-02-17T17:21:00,HYPE,5314.83,3178.31,0.477356,29.686,29.687,0.00312,719.59,2186.12,-1466.53,97,2905.71,162.73,1072.13,-909.4,35,0,108
2476,2026-02-17T17:21:00,BTC,91.39,21.34,0.456651,67339.0,67343.0,1.768519,3.13,10.9,-7.77,248,14.03,0.01,0.05,-0.03,16,5,108
2477,2026-02-17T17:22:00,HYPE,5089.33,4782.16,0.522286,29.67,29.673,0.003649,277.88,1019.85,-741.97,68,1297.73,332.61,934.42,-601.81,51,0,111
2478,2026-02-17T17:22:00,BTC,103.46,60.07,0.353491,67312.0,67313.0,1.225225,0.44,6.51,-6.07,157,6.95,0.01,0.0,0.01,11,1,111
2479,2026-02-17T17:23:00,HYPE,3512.71,8719.29,0.479679,29.578,29.586,0.002055,243.67,2535.39,-2291.72,160,2779.06,257.49,919.66,-662.17,47,0,109
2480,2026-02-17T17:23:00,BTC,14.84,94.33,0.308458,67210.0,67211.0,1.155963,0.66,12.83,-12.17,318,13.49,0.01,0.0,0.01,12,5,109
2481,2026-02-17T17:24:00,HYPE,4258.43,4994.45,0.525221,29.565,29.567,0.00309,937.97,6052.26,-5114.29,309,6990.23,156.86,3440.82,-3283.96,159,1,111
2482,2026-02-17T17:24:00,BTC,36.17,68.77,0.404438,67220.0,67221.0,1.18018,3.94,4.29,-0.34,221,8.23,0.01,0.0,0.01,15,1,111
2483,2026-02-17T17:25:00,HYPE,5440.93,4849.47,0.546451,29.628,29.629,0.002798,1690.88,1201.31,489.57,130,2892.19,114.98,1073.82,-958.84,33,0,109
2484,2026-02-17T17:25:00,BTC,36.77,81.41,0.448098,67259.0,67260.0,1.376147,0.81,6.85,-6.04,291,7.66,0.02,0.03,-0.01,15,1,109
2485,2026-02-17T17:26:00,HYPE,6450.72,4164.91,0.56726,29.634,29.636,0.003111,485.75,1483.81,-998.06,92,1969.56,155.79,1431.52,-1275.73,56,0,108
2486,2026-02-17T17:26:00,BTC,31.48,106.31,0.564308,67348.0,67350.0,1.277778,29.87,2.79,27.08,306,32.66,0.01,1.38,-1.36,23,24,108
2487,2026-02-17T17:27:00,HYPE,4797.28,5490.27,0.526382,29.632,29.635,0.004046,2107.94,1472.77,635.17,125,3580.71,155.79,1422.99,-1267.2,64,0,109
2488,2026-02-17T17:27:00,BTC,110.88,69.36,0.569566,67434.0,67435.0,1.376147,11.67,15.82,-4.15,379,27.49,2.01,0.98,1.03,55,14,109
2489,2026-02-17T17:28:00,HYPE,5407.55,3387.55,0.52744,29.626,29.627,0.002607,371.09,947.51,-576.42,81,1318.6,209.59,939.73,-730.14,41,0,107
2490,2026-02-17T17:28:00,BTC,35.26,80.26,0.418854,67419.0,67420.0,1.158879,9.07,38.9,-29.83,268,47.97,3.51,0.02,3.49,43,14,107
2491,2026-02-17T17:29:00,HYPE,5173.14,4695.06,0.525397,29.646,29.647,0.002413,724.88,1074.64,-349.76,91,1799.52,137.58,1145.79,-1008.21,42,0,109
2492,2026-02-17T17:29:00,BTC,80.58,58.97,0.400925,67398.0,67399.0,1.110092,10.38,37.68,-27.3,258,48.06,0.6,0.47,0.13,19,26,109
2493,2026-02-17T17:30:00,HYPE,5799.63,3931.58,0.551069,29.66,29.661,0.002615,424.65,736.31,-311.66,77,1160.96,114.59,510.33,-395.74,29,0,109
2494,2026-02-17T17:30:00,BTC,67.32,31.24,0.469427,67435.0,67436.0,1.155963,2.0,15.2,-13.2,224,17.19,0.6,0.0,0.6,17,11,109
2495,2026-02-17T17:31:00,HYPE,5556.96,8207.6,0.529786,29.613,29.619,0.002364,451.07,1870.97,-1419.9,123,2322.04,162.64,1523.75,-1361.11,65,0,110
2496,2026-02-17T17:31:00,BTC,140.63,19.97,0.382391,67400.0,67401.0,1.190909,7.51,62.27,-54.76,366,69.78,5.83,0.12,5.71,31,21,110
2497,2026-02-17T17:32:00,HYPE,5885.01,2923.62,0.576348,29.58,29.581,0.002309,728.72,1336.75,-608.03,102,2065.47,260.68,1063.06,-802.38,48,0,110
2498,2026-02-17T17:32:00,BTC,45.52,86.72,0.433387,67394.0,67395.0,1.090909,4.62,17.89,-13.27,169,22.5,0.6,0.0,0.6,18,8,110
2499,2026-02-17T17:33:00,HYPE,3531.48,2522.94,0.474351,29.46,29.463,0.002255,1568.45,10427.99,-8859.54,843,11996.44,318.42,2528.5,-2210.08,142,1,110
2500,2026-02-17T17:33:00,BTC,35.74,64.75,0.420769,67226.0,67227.0,1.554545,2.11,93.34,-91.23,502,95.45,13.28,0.0,13.28,47,37,110
2501,2026-02-17T17:34:00,HYPE,5145.82,4493.33,0.559857,29.515,29.521,0.002109,1122.55,205.47,917.08,68,1328.02,114.97,266.05,-151.08,24,0,110
2502,2026-02-17T17:34:00,BTC,56.09,59.12,0.503028,67275.0,67276.0,1.081818,6.78,47.73,-40.95,254,54.52,0.6,0.11,0.49,16,20,110
2503,2026-02-17T17:35:00,HYPE,6268.62,3519.92,0.460712,29.46,29.461,0.0034,3764.13,8462.65,-4698.52,467,12226.78,516.54,5758.52,-5241.98,86,1,110
2504,2026-02-17T17:35:00,BTC,153.24,18.1,0.500201,67129.0,67130.0,2.8,19.62,118.18,-98.56,1023,137.81,17.13,0.14,16.99,69,53,110
2505,2026-02-17T17:36:00,HYPE,4000.57,5844.86,0.468874,29.508,29.51,0.003853,3452.35,2566.14,886.21,135,6018.49,187.66,2531.93,-2344.27,41,1,109
2506,2026-02-17T17:36:00,BTC,113.5,20.63,0.59845,67173.0,67175.0,1.376147,1.34,28.72,-27.38,326,30.07,0.01,0.1,-0.09,24,18,109
2507,2026-02-17T17:37:00,HYPE,5071.53,5277.22,0.48877,29.535,29.54,0.002556,670.34,135.14,535.2,56,805.48,11.09,0.81,10.28,12,0,108
2508,2026-02-17T17:37:00,BTC,87.55,52.69,0.516316,67197.0,67198.0,1.425926,10.26,59.01,-48.75,318,69.27,0.01,0.0,0.01,13,31,108
2509,2026-02-17T17:38:00,HYPE,5282.99,5610.53,0.508227,29.519,29.52,0.002,197.61,1163.62,-966.01,49,1361.23,5.27,12.73,-7.46,12,0,109
2510,2026-02-17T17:38:00,BTC,106.03,40.51,0.50941,67212.0,67213.0,1.055046,3.33,37.31,-33.98,283,40.64,0.01,0.22,-0.21,35,13,109
2511,2026-02-17T17:39:00,HYPE,5092.24,3850.59,0.482873,29.477,29.481,0.002481,719.47,435.32,284.15,55,1154.79,4.47,76.65,-72.18,10,0,108
2512,2026-02-17T17:39:00,BTC,37.52,57.77,0.407658,67177.0,67178.0,1.055556,6.59,51.05,-44.47,337,57.64,0.01,0.22,-0.2,48,17,108
2513,2026-02-17T17:40:00,HYPE,3931.02,6420.81,0.441323,29.421,29.422,0.001722,110.5,3031.11,-2920.61,70,3141.61,4.87,1.19,3.68,12,0,108
2514,2026-02-17T17:40:00,BTC,57.74,53.49,0.454173,67160.0,67161.0,1.342593,2.07,45.1,-43.03,314,47.17,0.01,2.34,-2.33,48,23,108
2515,2026-02-17T17:41:00,HYPE,4505.02,12870.21,0.247083,29.322,29.323,0.001505,1167.57,15199.91,-14032.34,863,16367.48,1076.29,143.1,933.19,30,3,111
2516,2026-02-17T17:41:00,BTC,157.84,44.21,0.320695,67036.0,67039.0,1.243243,5.57,83.56,-77.99,483,89.13,0.68,0.29,0.39,55,35,111
2517,2026-02-17T17:42:00,HYPE,4183.3,23635.76,0.240672,29.309,29.313,0.002261,2989.28,7378.63,-4389.35,460,10367.91,746.15,5285.06,-4538.91,183,1,111
2518,2026-02-17T17:42:00,BTC,47.65,104.35,0.479774,67020.0,67021.0,1.648649,12.91,84.31,-71.41,701,97.22,19.23,1.25,17.98,115,44,111
2519,2026-02-17T17:43:00,HYPE,5122.67,23087.84,0.194374,29.3,29.302,0.001718,329.67,159.57,170.1,44,489.24,172.72,158.23,14.49,24,0,110
2520,2026-02-17T17:43:00,BTC,28.5,99.56,0.460801,67044.0,67045.0,1.381818,9.29,20.62,-11.32,278,29.91,12.38,0.86,11.52,61,11,110
2521,2026-02-17T17:44:00,HYPE,2620.35,8748.15,0.312461,29.276,29.28,0.002394,9934.36,1811.85,8122.51,222,11746.21,4.48,9513.78,-9509.3,52,1,109
2522,2026-02-17T17:44:00,BTC,35.33,52.3,0.375575,66966.0,66967.0,1.330275,16.31,63.56,-47.25,451,79.86,24.05,3.24,20.81,117,36,109
2523,2026-02-17T17:45:00,HYPE,6629.19,19615.45,0.452926,29.301,29.302,0.00222,2091.84,4724.39,-2632.55,237,6816.23,86.64,43.16,43.48,16,1,109
2524,2026-02-17T17:45:00,BTC,61.52,43.36,0.484373,66982.0,66983.0,1.100917,10.32,6.46,3.86,263,16.78,0.31,0.86,-0.55,57,10,109
2525,2026-02-17T17:46:00,HYPE,4647.83,11818.24,0.330336,29.306,29.312,0.002731,1643.5,1293.02,350.48,100,2936.52,158.13,1410.89,-1252.76,34,0,108
2526,2026-02-17T17:46:00,BTC,192.71,8.81,0.467925,66906.0,66907.0,1.5,9.87,94.78,-84.9,810,104.65,24.43,0.68,23.75,87,34,108
2527,2026-02-17T17:47:00,HYPE,4039.34,13364.28,0.354277,29.305,29.306,0.002873,1226.01,277.83,948.18,68,1503.84,976.59,290.36,686.23,26,0,110
2528,2026-02-17T17:47:00,BTC,73.27,40.69,0.6238,66996.0,66997.0,1.336364,13.1,8.03,5.07,353,21.13,0.01,0.44,-0.43,20,9,110
2529,2026-02-17T17:48:00,HYPE,6242.35,8226.85,0.366339,29.296,29.297,0.002981,397.09,683.51,-286.42,66,1080.6,4.88,100.09,-95.21,19,0,107
2530,2026-02-17T17:48:00,BTC,71.38,55.72,0.607267,67060.0,67061.0,1.448598,89.36,5.42,83.94,634,94.79,70.56,1.57,68.99,263,48,107
2531,2026-02-17T17:49:00,HYPE,6400.73,4902.87,0.446921,29.378,29.379,0.003046,16001.18,1226.9,14774.28,246,17228.08,4.47,6599.78,-6595.31,62,2,109
2532,2026-02-17T17:49:00,BTC,82.74,27.16,0.645406,67149.0,67150.0,1.504587,67.43,72.88,-5.45,723,140.31,92.32,5.75,86.57,190,49,109
2533,2026-02-17T17:50:00,HYPE,6303.22,6158.85,0.495664,29.311,29.312,0.002873,115.81,298.62,-182.81,50,414.43,4.87,108.04,-103.17,18,0,110
2534,2026-02-17T17:50:00,BTC,24.28,92.26,0.537363,67105.0,67106.0,1.363636,4.43,52.62,-48.2,376,57.05,0.01,0.11,-0.1,18,28,110
2535,2026-02-17T17:51:00,HYPE,4592.86,5152.15,0.502504,29.38,29.386,0.003296,202.75,489.9,-287.15,58,692.65,29.48,143.36,-113.88,22,0,108
2536,2026-02-17T17:51:00,BTC,90.12,32.65,0.598275,67199.0,67200.0,1.175926,183.95,16.15,167.8,774,200.09,169.71,4.93,164.78,380,61,108
2537,2026-02-17T17:52:00,HYPE,6695.34,4176.41,0.515088,29.369,29.37,0.002617,7648.85,450.78,7198.07,135,8099.63,7020.87,1269.29,5751.58,96,1,107
2538,2026-02-17T17:52:00,BTC,8.31,89.75,0.493728,67221.0,67222.0,1.158879,162.67,37.47,125.2,878,200.15,135.96,3.72,132.24,306,66,107
2539,2026-02-17T17:53:00,HYPE,4527.71,5688.8,0.4519,29.296,29.297,0.002509,189.36,3894.63,-3705.27,84,4083.99,38.6,138.27,-99.67,17,1,110
2540,2026-02-17T17:53:00,BTC,19.5,34.91,0.456749,67097.0,67098.0,1.745455,34.42,60.22,-25.8,745,94.64,0.15,0.07,0.08,15,41,110
2541,2026-02-17T17:54:00,HYPE,5372.12,7920.09,0.38152,29.302,29.303,0.002222,184.06,202.64,-18.58,40,386.7,4.48,97.77,-93.29,13,0,108
2542,2026-02-17T17:54:00,BTC,101.36,22.52,0.51861,67092.0,67093.0,1.083333,6.45,23.62,-17.16,236,30.07,0.01,3.07,-3.07,18,18,108
2543,2026-02-17T17:55:00,HYPE,4318.45,4862.66,0.410363,29.305,29.313,0.002564,226.2,3617.46,-3391.26,74,3843.66,267.13,2622.73,-2355.6,41,1,110
2544,2026-02-17T17:55:00,BTC,33.81,62.36,0.642124,67165.0,67166.0,1.236364,9.85,0.91,8.94,221,10.75,0.02,0.08,-0.06,15,6,110
2545,2026-02-17T17:56:00,HYPE,3692.93,6814.93,0.393431,29.315,29.318,0.002787,1537.21,364.93,1172.28,56,1902.14,4.47,141.76,-137.29,17,0,108
2546,2026-02-17T17:56:00,BTC,66.9,24.6,0.482589,67134.0,67135.0,1.277778,3.64,33.41,-29.77,231,37.05,0.01,0.07,-0.07,11,17,108
2547,2026-02-17T17:57:00,HYPE,3825.1,5977.18,0.37884,29.307,29.308,0.002355,124.16,431.25,-307.09,48,555.41,4.87,103.41,-98.54,22,0,107
2548,2026-02-17T17:57:00,BTC,30.46,45.51,0.573016,67162.0,67163.0,1.429907,12.62,38.83,-26.2,361,51.45,0.01,0.07,-0.07,12,27,107
2549,2026-02-17T17:58:00,HYPE,3939.52,5413.53,0.422503,29.37,29.372,0.002355,8421.21,1163.77,7257.44,137,9584.98,2543.42,327.08,2216.34,47,0,110
2550,2026-02-17T17:58:00,BTC,62.22,19.55,0.679926,67264.0,67265.0,1.254545,15.11,9.43,5.68,396,24.54,0.01,0.07,-0.07,12,9,110
2551,2026-02-17T17:59:00,HYPE,5733.75,6104.28,0.40961,29.355,29.36,0.002156,1078.28,230.4,847.88,89,1308.68,314.36,184.25,130.11,44,0,109
2552,2026-02-17T17:59:00,BTC,28.88,62.7,0.545158,67236.0,67237.0,1.082569,21.9,12.48,9.43,345,34.38,0.01,0.08,-0.07,13,18,109
2553,2026-02-17T18:00:00,HYPE,4398.14,5999.76,0.422622,29.357,29.358,0.001917,676.19,241.58,434.61,48,917.77,313.59,236.56,77.03,27,0,108
2554,2026-02-17T18:00:00,BTC,38.31,20.37,0.61271,67227.0,67228.0,1.185185,1.47,0.4,1.07,185,1.88,0.02,0.07,-0.06,14,0,108
2555,2026-02-17T18:01:00,HYPE,3978.49,5296.12,0.365769,29.311,29.312,0.002055,405.93,404.01,1.92,69,809.94,314.39,149.42,164.97,33,0,110
2556,2026-02-17T18:01:00,BTC,18.94,76.85,0.614923,67185.0,67186.0,1.536364,5.03,11.64,-6.61,307,16.66,0.05,0.31,-0.26,16,5,110
2557,2026-02-17T18:02:00,HYPE,3658.26,7541.91,0.362563,29.309,29.31,0.001655,980.56,496.84,483.72,93,1477.4,314.37,362.56,-48.19,24,0,110
2558,2026-02-17T18:02:00,BTC,58.16,26.69,0.604993,67208.0,67209.0,1.236364,2.56,0.77,1.79,165,3.33,0.01,0.07,-0.07,13,0,110
2559,2026-02-17T18:03:00,HYPE,3885.32,5339.06,0.406566,29.35,29.351,0.002645,2345.34,175.35,2169.99,97,2520.69,1023.88,452.38,571.5,43,0,110
2560,2026-02-17T18:03:00,BTC,78.5,17.44,0.579793,67159.0,67160.0,1.318182,2.03,3.62,-1.6,242,5.65,0.03,0.07,-0.04,14,1,110
2561,2026-02-17T18:04:00,HYPE,4851.43,5998.81,0.449159,29.34,29.341,0.002278,6464.17,760.34,5703.83,111,7224.51,159.25,763.59,-604.34,21,0,108
2562,2026-02-17T18:04:00,BTC,106.9,13.91,0.681127,67199.0,67200.0,1.138889,1.73,4.64,-2.91,247,6.36,0.17,0.07,0.1,27,3,108
2563,2026-02-17T18:05:00,HYPE,4375.98,7063.08,0.466445,29.285,29.286,0.002691,257.57,503.36,-245.79,68,760.93,5.06,0.0,5.06,11,0,110
2564,2026-02-17T18:05:00,BTC,74.94,32.1,0.531493,67155.0,67156.0,1.1,0.94,0.71,0.23,159,1.66,0.01,0.07,-0.07,12,0,110
2565,2026-02-17T18:06:00,HYPE,3605.8,7955.96,0.438928,29.262,29.263,0.002368,795.5,5437.75,-4642.25,112,6233.25,409.05,434.88,-25.83,24,1,106
2566,2026-02-17T18:06:00,BTC,104.99,13.76,0.565701,67126.0,67127.0,1.339623,17.15,8.9,8.25,347,26.05,1.25,0.07,1.18,15,11,106
2567,2026-02-17T18:07:00,HYPE,5299.49,4939.56,0.495478,29.376,29.377,0.002573,291.85,19.59,272.26,63,311.44,8.48,11.46,-2.98,13,0,110
2568,2026-02-17T18:07:00,BTC,78.5,14.63,0.709657,67185.0,67186.0,1.209091,1.96,3.09,-1.13,208,5.05,0.01,0.07,-0.07,15,2,110
2569,2026-02-17T18:08:00,HYPE,5395.06,3064.05,0.580587,29.429,29.432,0.003046,8139.52,295.93,7843.59,209,8435.45,4.88,240.84,-235.96,19,1,109
2570,2026-02-17T18:08:00,BTC,72.21,25.71,0.649408,67151.0,67152.0,1.275229,2.34,0.75,1.58,141,3.09,0.01,0.07,-0.07,12,2,109
2571,2026-02-17T18:09:00,HYPE,4474.84,6508.04,0.525932,29.433,29.435,0.00245,1156.2,345.25,810.95,61,1501.45,4.47,0.96,3.51,12,0,111
2572,2026-02-17T18:09:00,BTC,82.76,14.61,0.586682,67168.0,67169.0,1.162162,2.64,1.33,1.31,150,3.97,0.01,0.07,-0.07,14,1,111
2573,2026-02-17T18:10:00,HYPE,6133.07,4164.97,0.553664,29.445,29.446,0.002422,1741.16,802.25,938.91,64,2543.41,4.87,1.25,3.62,11,0,109
2574,2026-02-17T18:10:00,BTC,34.14,37.7,0.697079,67245.0,67246.0,1.137615,5.15,0.28,4.87,216,5.43,3.01,0.07,2.93,36,1,109
2575,2026-02-17T18:11:00,HYPE,5844.63,5578.44,0.53693,29.421,29.422,0.002339,164.62,212.55,-47.93,36,377.17,4.48,0.0,4.48,9,0,109
2576,2026-02-17T18:11:00,BTC,25.48,52.09,0.685468,67272.0,67273.0,1.247706,6.42,1.36,5.06,339,7.79,0.03,0.04,-0.01,17,0,109
2577,2026-02-17T18:12:00,HYPE,6048.44,4677.54,0.512757,29.417,29.426,0.002824,42.97,156.02,-113.05,33,198.99,38.87,1.07,37.8,15,0,108
2578,2026-02-17T18:12:00,BTC,192.46,8.63,0.76514,67267.0,67268.0,1.759259,5.76,1.56,4.2,253,7.31,0.01,0.0,0.0,10,1,108
2579,2026-02-17T18:13:00,HYPE,4853.27,6826.26,0.470844,29.383,29.39,0.002167,86.41,387.92,-301.51,38,474.33,4.48,0.8,3.68,11,0,108
2580,2026-02-17T18:13:00,BTC,49.95,63.49,0.67188,67249.0,67250.0,1.166667,0.9,1.05,-0.15,175,1.95,0.01,0.0,0.0,9,0,108
2581,2026-02-17T18:14:00,HYPE,4788.49,5331.83,0.483643,29.462,29.472,0.002156,604.21,177.94,426.27,71,782.15,149.84,2.01,147.83,23,0,109
2582,2026-02-17T18:14:00,BTC,74.66,10.96,0.798097,67351.0,67352.0,1.477064,5.31,1.26,4.05,351,6.56,0.01,0.0,0.0,11,2,109
2583,2026-02-17T18:15:00,HYPE,4960.78,5372.36,0.492215,29.475,29.476,0.002661,1931.96,220.66,1711.3,127,2152.62,104.09,97.44,6.65,14,0,109
2584,2026-02-17T18:15:00,BTC,17.61,87.41,0.636852,67359.0,67360.0,1.100917,9.24,37.54,-28.31,242,46.78,0.01,0.28,-0.27,15,12,109
2585,2026-02-17T18:16:00,HYPE,5478.03,7426.47,0.47074,29.474,29.475,0.00211,176.1,1028.57,-852.47,101,1204.67,137.54,1.07,136.47,14,0,109
2586,2026-02-17T18:16:00,BTC,87.4,16.51,0.578387,67329.0,67330.0,1.183486,8.41,0.87,7.54,291,9.29,0.01,0.22,-0.21,11,0,109
2587,2026-02-17T18:17:00,HYPE,4991.34,5360.86,0.500264,29.467,29.468,0.001991,614.49,2355.44,-1740.95,157,2969.93,4.49,0.0,4.49,12,0,108
2588,2026-02-17T18:17:00,BTC,134.75,10.37,0.610996,67307.0,67308.0,1.25,3.93,2.73,1.19,172,6.66,0.01,0.0,0.0,9,3,108
2589,2026-02-17T18:18:00,HYPE,5776.22,4509.4,0.4905,29.421,29.422,0.002587,295.69,1511.19,-1215.5,98,1806.88,141.49,0.0,141.49,15,0,109
2590,2026-02-17T18:18:00,BTC,107.27,14.48,0.618225,67313.0,67314.0,1.082569,0.94,4.09,-3.15,149,5.03,0.01,0.0,0.0,12,2,109
2591,2026-02-17T18:19:00,HYPE,4511.11,4542.87,0.484733,29.37,29.372,0.001907,229.61,497.65,-268.04,70,727.26,25.69,0.0,25.69,18,0,108
2592,2026-02-17T18:19:00,BTC,42.64,29.71,0.667861,67269.0,67270.0,1.305556,2.57,2.51,0.06,181,5.09,0.08,0.0,0.08,12,2,108
2593,2026-02-17T18:20:00,HYPE,7088.56,4211.64,0.482258,29.362,29.364,0.001891,19.24,2486.02,-2466.78,110,2505.26,83.76,0.0,83.76,24,0,110
2594,2026-02-17T18:20:00,BTC,186.57,10.52,0.689941,67271.0,67272.0,1.190909,2.17,1.0,1.17,205,3.17,0.26,0.0,0.26,19,1,110
2595,2026-02-17T18:21:00,HYPE,3988.89,6393.37,0.495938,29.506,29.507,0.003622,2885.87,297.47,2588.4,184,3183.34,2051.51,502.34,1549.17,109,0,111
2596,2026-02-17T18:21:00,BTC,47.43,18.77,0.768065,67478.0,67479.0,1.459459,15.34,1.86,13.48,634,17.2,0.02,0.29,-0.27,30,2,111
2597,2026-02-17T18:22:00,HYPE,4889.86,2005.37,0.677157,29.588,29.589,0.002486,3913.4,2517.52,1395.88,622,6430.92,377.41,44.0,333.41,34,0,109
2598,2026-02-17T18:22:00,BTC,35.03,18.58,0.744901,67581.0,67582.0,1.422018,38.96,3.95,35.0,907,42.91,1.35,1.28,0.07,27,16,109
2599,2026-02-17T18:23:00,HYPE,5999.93,3226.31,0.671829,29.635,29.636,0.0028,2767.01,216.8,2550.21,538,2983.81,36.41,94.31,-57.9,23,0,110
2600,2026-02-17T18:23:00,BTC,70.64,4.62,0.723361,67773.0,67774.0,1.718182,150.25,17.58,132.67,1522,167.83,8.9,4.97,3.93,79,56,110
2601,2026-02-17T18:24:00,HYPE,3372.07,3155.35,0.540813,29.561,29.564,0.002385,636.07,978.59,-342.52,110,1614.66,11.77,31.97,-20.2,17,0,109
2602,2026-02-17T18:24:00,BTC,38.57,66.68,0.572909,67634.0,67635.0,1.238532,7.32,98.18,-90.86,511,105.5,3.26,2.01,1.26,32,47,109
2603,2026-02-17T18:25:00,HYPE,6807.01,3868.16,0.549825,29.595,29.598,0.003495,168.55,4115.6,-3947.05,98,4284.15,311.53,37.56,273.97,19,0,109
2604,2026-02-17T18:25:00,BTC,36.97,21.99,0.609756,67665.0,67666.0,1.449541,42.73,8.42,34.31,419,51.15,0.0,1.21,-1.21,14,23,109
2605,2026-02-17T18:26:00,HYPE,6045.79,9939.0,0.521382,29.565,29.571,0.003224,706.26,1858.55,-1152.29,73,2564.81,11.76,3.66,8.1,15,0,107
2606,2026-02-17T18:26:00,BTC,32.05,58.59,0.652108,67654.0,67655.0,1.299065,3.11,8.67,-5.55,240,11.78,0.0,0.92,-0.91,12,6,107
2607,2026-02-17T18:27:00,HYPE,5222.91,4145.9,0.506028,29.578,29.579,0.0023,320.92,224.75,96.17,52,545.67,11.78,110.37,-98.59,20,0,110
2608,2026-02-17T18:27:00,BTC,52.53,13.59,0.626442,67611.0,67612.0,1.4,2.67,26.74,-24.07,226,29.42,0.0,0.0,0.0,7,17,110
2609,2026-02-17T18:28:00,HYPE,4373.04,2336.14,0.567171,29.656,29.658,0.002559,962.06,181.21,780.85,80,1143.27,11.78,68.2,-56.42,18,0,111
2610,2026-02-17T18:28:00,BTC,140.09,23.1,0.734467,67729.0,67730.0,1.243243,4.23,13.21,-8.98,225,17.45,1.16,1.27,-0.11,19,9,111
2611,2026-02-17T18:29:00,HYPE,4863.82,4579.31,0.516599,29.661,29.663,0.002211,739.99,967.29,-227.3,133,1707.28,12.15,83.0,-70.85,21,0,109
2612,2026-02-17T18:29:00,BTC,86.83,12.77,0.661493,67736.0,67738.0,1.045872,2.5,1.66,0.84,158,4.16,0.04,0.17,-0.13,22,0,109
2613,2026-02-17T18:30:00,HYPE,4269.19,4898.14,0.516262,29.632,29.637,0.002421,313.24,1221.98,-908.74,101,1535.22,17.47,0.0,17.47,21,0,107
2614,2026-02-17T18:30:00,BTC,198.4,11.22,0.627104,67714.0,67715.0,1.271028,15.1,3.45,11.65,180,18.55,0.13,0.09,0.04,25,8,107
2615,2026-02-17T18:31:00,HYPE,4925.28,5648.1,0.472191,29.595,29.596,0.002343,175.25,610.8,-435.55,80,786.05,12.54,1.05,11.49,15,0,108
2616,2026-02-17T18:31:00,BTC,110.89,5.38,0.629916,67689.0,67690.0,1.703704,45.67,15.74,29.92,254,61.41,0.2,0.1,0.1,16,22,108
2617,2026-02-17T18:32:00,HYPE,5470.17,3440.31,0.567257,29.631,29.632,0.002148,1003.3,415.15,588.15,69,1418.45,20.9,0.0,20.9,22,0,108
2618,2026-02-17T18:32:00,BTC,279.03,11.7,0.734754,67777.0,67780.0,1.185185,8.87,0.74,8.13,189,9.61,1.92,0.28,1.64,27,4,108
2619,2026-02-17T18:33:00,HYPE,4623.32,3899.56,0.539283,29.644,29.65,0.002308,169.56,35.01,134.55,53,204.57,14.5,0.0,14.5,21,0,107
2620,2026-02-17T18:33:01,BTC,67.91,22.53,0.621754,67794.0,67795.0,1.140187,15.41,18.89,-3.49,270,34.3,0.0,0.11,-0.11,12,17,107
2621,2026-02-17T18:34:00,HYPE,5452.4,4865.16,0.492641,29.656,29.658,0.002349,1567.75,22.05,1545.7,81,1589.8,13.06,0.57,12.49,18,0,106
2622,2026-02-17T18:34:00,BTC,49.55,23.68,0.623007,67829.0,67830.0,1.188679,9.91,10.56,-0.66,378,20.47,1.24,0.4,0.84,22,5,106
2623,2026-02-17T18:35:00,HYPE,4557.1,3119.54,0.54007,29.602,29.603,0.001692,568.32,153.65,414.67,59,721.97,14.12,0.0,14.12,15,0,107
2624,2026-02-17T18:35:00,BTC,61.98,24.86,0.56908,67774.0,67775.0,1.261682,2.65,15.88,-13.23,274,18.53,0.02,0.19,-0.17,15,13,107
2625,2026-02-17T18:36:00,HYPE,5526.96,3976.21,0.490712,29.54,29.541,0.002018,275.27,3630.14,-3354.87,132,3905.41,286.4,2501.25,-2214.85,51,0,110
2626,2026-02-17T18:36:00,BTC,46.71,42.25,0.574507,67680.0,67681.0,1.327273,3.18,24.27,-21.08,317,27.45,1.36,0.73,0.63,26,12,110
2627,2026-02-17T18:37:00,HYPE,4501.53,5107.39,0.489318,29.582,29.584,0.002165,1338.07,4453.62,-3115.55,134,5791.69,663.23,4196.19,-3532.96,68,0,109
2628,2026-02-17T18:37:00,BTC,53.24,30.13,0.665358,67773.0,67774.0,1.256881,0.83,15.24,-14.41,196,16.07,0.0,0.17,-0.16,13,9,109
2629,2026-02-17T18:38:00,HYPE,4345.32,5511.72,0.473912,29.615,29.622,0.002773,3895.78,1551.51,2344.27,137,5447.29,2194.76,772.66,1422.1,64,0,110
2630,2026-02-17T18:38:00,BTC,107.97,11.67,0.61066,67758.0,67759.0,1.109091,1.25,2.89,-1.65,117,4.14,0.01,0.11,-0.1,20,1,110
2631,2026-02-17T18:39:00,HYPE,3012.12,4614.31,0.452965,29.615,29.616,0.001809,37.59,89.23,-51.64,41,126.82,14.11,1.56,12.55,18,0,110
2632,2026-02-17T18:39:00,BTC,42.22,46.39,0.600968,67767.0,67768.0,1.081818,13.82,1.22,12.6,189,15.03,0.36,0.51,-0.15,18,7,110
2633,2026-02-17T18:40:00,HYPE,4491.95,4751.16,0.506007,29.633,29.634,0.002519,37.96,205.14,-167.18,52,243.1,14.17,1.41,12.76,19,0,108
2634,2026-02-17T18:40:00,BTC,59.93,29.36,0.704707,67813.0,67814.0,1.046296,2.42,26.92,-24.5,288,29.34,0.3,0.07,0.23,16,9,108
2635,2026-02-17T18:41:00,HYPE,4077.53,4664.23,0.557029,29.698,29.699,0.001798,3144.89,528.08,2616.81,427,3672.97,14.49,93.38,-78.89,27,0,109
2636,2026-02-17T18:41:00,BTC,53.07,8.05,0.719571,67993.0,67994.0,2.192661,50.62,11.08,39.54,903,61.7,5.47,1.79,3.69,80,23,109
2637,2026-02-17T18:42:00,HYPE,4842.66,4992.38,0.484939,29.646,29.647,0.001882,748.37,443.28,305.09,204,1191.65,249.99,33.78,216.21,21,0,110
2638,2026-02-17T18:42:00,BTC,71.44,29.86,0.72859,68026.0,68027.0,1.936364,26.76,18.12,8.65,851,44.88,1.1,2.86,-1.75,61,15,110
2639,2026-02-17T18:43:00,HYPE,3436.96,3705.09,0.472941,29.586,29.587,0.002018,25.2,755.74,-730.54,82,780.94,14.12,0.97,13.15,19,0,109
2640,2026-02-17T18:43:00,BTC,78.1,27.37,0.706363,67944.0,67945.0,1.504587,1.94,23.17,-21.23,371,25.11,0.03,0.15,-0.12,15,8,109
2641,2026-02-17T18:44:00,HYPE,4614.35,4401.45,0.482157,29.61,29.611,0.001972,2002.44,284.6,1717.84,90,2287.04,14.11,44.26,-30.15,22,0,109
2642,2026-02-17T18:44:00,BTC,53.4,22.86,0.65773,67953.0,67954.0,1.082569,0.72,2.98,-2.26,145,3.7,0.0,0.28,-0.27,17,0,109
2643,2026-02-17T18:45:00,HYPE,3386.76,5212.49,0.460513,29.607,29.608,0.001706,3648.54,72.9,3575.64,86,3721.44,14.5,328.43,-313.93,34,0,109
2644,2026-02-17T18:45:00,BTC,50.12,31.14,0.777029,67951.0,67952.0,1.366972,2.55,3.38,-0.84,153,5.93,0.0,0.26,-0.26,13,0,109
2645,2026-02-17T18:46:00,HYPE,3637.02,4451.7,0.529583,29.645,29.65,0.002624,4180.6,143.71,4036.89,138,4324.31,14.1,581.66,-567.56,28,0,109
2646,2026-02-17T18:46:00,BTC,63.35,13.12,0.721991,67994.0,67995.0,1.247706,12.59,4.83,7.76,345,17.41,0.01,0.07,-0.06,15,4,109
2647,2026-02-17T18:47:00,HYPE,4139.55,3459.36,0.52377,29.666,29.667,0.002606,255.67,407.61,-151.94,72,663.28,14.12,11.14,2.98,23,0,109
2648,2026-02-17T18:47:00,BTC,98.71,18.0,0.707052,67999.0,68000.0,1.238532,11.99,3.19,8.79,436,15.18,0.04,0.3,-0.25,15,6,109
2649,2026-02-17T18:48:00,HYPE,4078.17,4433.5,0.487912,29.661,29.663,0.002664,680.59,185.22,495.37,128,865.81,13.73,120.34,-106.61,38,0,107
2650,2026-02-17T18:48:00,BTC,118.2,15.15,0.641132,67912.0,67916.0,1.439252,4.76,10.54,-5.78,321,15.29,0.52,0.06,0.45,16,5,107
2651,2026-02-17T18:49:00,HYPE,4376.11,3028.41,0.428372,29.596,29.597,0.001928,94.26,1110.12,-1015.86,110,1204.38,48.96,1.05,47.91,17,0,111
2652,2026-02-17T18:49:00,BTC,169.24,55.0,0.577913,67853.0,67854.0,1.162162,0.94,25.52,-24.57,310,26.46,0.0,0.07,-0.07,20,6,111
2653,2026-02-17T18:50:00,HYPE,3295.78,4754.67,0.479642,29.588,29.589,0.001964,142.14,857.7,-715.56,165,999.84,246.32,0.0,246.32,37,0,110
2654,2026-02-17T18:50:00,BTC,97.42,19.23,0.704645,67853.0,67854.0,1.454545,1.34,6.25,-4.91,204,7.59,0.0,0.08,-0.07,14,0,110
2655,2026-02-17T18:51:00,HYPE,4361.91,4664.99,0.485873,29.639,29.642,0.002045,884.22,1.16,883.06,95,885.38,7.94,0.78,7.16,19,0,111
2656,2026-02-17T18:51:00,BTC,189.59,13.74,0.778193,67922.0,67923.0,1.261261,6.15,11.66,-5.51,176,17.81,0.12,6.46,-6.34,55,4,111
2657,2026-02-17T18:52:00,HYPE,4529.21,3146.14,0.504828,29.648,29.649,0.00222,275.65,174.32,101.33,62,449.97,131.04,0.39,130.65,19,0,109
2658,2026-02-17T18:52:00,BTC,219.39,20.31,0.70067,67919.0,67920.0,1.229358,6.56,49.07,-42.51,289,55.63,0.32,0.06,0.25,19,30,109
2659,2026-02-17T18:53:00,HYPE,3654.52,4604.6,0.500334,29.694,29.695,0.002229,737.23,25.0,712.23,61,762.23,7.95,46.29,-38.34,24,0,109
2660,2026-02-17T18:53:00,BTC,103.69,27.22,0.74842,68006.0,68007.0,1.633028,2.13,3.07,-0.94,219,5.19,0.0,0.19,-0.19,18,0,109
2661,2026-02-17T18:54:00,HYPE,3809.05,4203.51,0.480763,29.653,29.658,0.0021,434.15,151.54,282.61,76,585.69,7.55,0.0,7.55,13,0,110
2662,2026-02-17T18:54:00,BTC,42.79,35.96,0.603164,67964.0,67965.0,1.481818,13.31,36.79,-23.49,322,50.1,0.0,0.26,-0.26,14,12,110
2663,2026-02-17T18:55:00,HYPE,3370.27,4902.65,0.484375,29.686,29.687,0.002056,1215.52,1004.7,210.82,198,2220.22,7.55,0.79,6.76,15,0,108
2664,2026-02-17T18:55:00,BTC,57.56,23.84,0.63705,67987.0,67988.0,1.240741,2.01,1.09,0.92,128,3.1,0.0,0.06,-0.05,14,0,108
2665,2026-02-17T18:56:00,HYPE,3882.57,3844.82,0.465768,29.682,29.683,0.001771,77.98,1074.0,-996.02,141,1151.98,174.76,117.75,57.01,40,0,109
2666,2026-02-17T18:56:00,BTC,242.31,61.88,0.801497,68090.0,68091.0,1.495413,7.33,3.0,4.33,355,10.33,3.81,0.3,3.52,84,2,109
2667,2026-02-17T18:57:00,HYPE,3215.72,3605.05,0.492424,29.723,29.724,0.002306,2488.06,301.21,2186.85,120,2789.27,16.78,291.07,-274.29,28,0,111
2668,2026-02-17T18:57:00,BTC,103.12,12.93,0.769778,68123.0,68125.0,1.234234,27.51,4.58,22.93,455,32.09,0.83,0.94,-0.11,31,17,111
2669,2026-02-17T18:58:00,HYPE,6501.34,4491.13,0.491191,29.705,29.708,0.002248,260.89,675.81,-414.92,63,936.7,6.39,338.49,-332.1,29,0,109
2670,2026-02-17T18:58:00,BTC,28.89,25.11,0.632721,68200.0,68201.0,1.550459,100.94,134.73,-33.79,911,235.67,209.18,1.81,207.37,367,79,109
2671,2026-02-17T18:59:00,HYPE,6786.5,5650.61,0.548676,29.66,29.661,0.001827,300.64,255.35,45.29,59,555.99,5.21,250.97,-245.76,33,0,110
2672,2026-02-17T18:59:00,BTC,42.64,57.57,0.496028,68092.0,68093.0,1.072727,44.71,46.63,-1.92,603,91.34,0.0,1.59,-1.59,40,38,110
2673,2026-02-17T19:00:00,HYPE,5055.86,4712.38,0.4944,29.634,29.635,0.001815,94.75,2827.88,-2733.13,99,2922.63,302.0,245.57,56.43,25,0,108
2674,2026-02-17T19:00:00,BTC,68.02,24.71,0.657637,68078.0,68079.0,1.425926,13.42,3.07,10.35,261,16.49,0.09,0.24,-0.15,13,9,108
2675,2026-02-17T19:01:00,HYPE,6260.1,5603.83,0.545759,29.639,29.64,0.002138,865.22,1524.15,-658.93,120,2389.37,8.2,293.99,-285.79,26,0,109
2676,2026-02-17T19:01:00,BTC,60.57,25.08,0.667976,68033.0,68034.0,1.275229,14.66,8.5,6.15,357,23.16,0.14,0.12,0.02,12,8,109
2677,2026-02-17T19:02:00,HYPE,3741.32,4720.36,0.512227,29.658,29.66,0.002093,1222.71,345.09,877.62,92,1567.8,77.9,267.76,-189.86,25,0,108
2678,2026-02-17T19:02:00,BTC,70.62,15.16,0.645552,67981.0,67982.0,1.314815,1.66,11.45,-9.79,377,13.1,0.49,0.12,0.37,20,3,108
2679,2026-02-17T19:03:00,HYPE,5178.98,3570.45,0.570951,29.67,29.671,0.001752,610.17,293.76,316.41,78,903.93,6.66,229.49,-222.83,30,0,109
2680,2026-02-17T19:03:00,BTC,48.18,27.45,0.72814,68015.0,68016.0,1.174312,5.27,12.35,-7.08,227,17.62,0.0,0.13,-0.13,16,12,109
2681,2026-02-17T19:04:00,HYPE,5721.63,3459.37,0.580993,29.673,29.674,0.001752,565.69,725.51,-159.82,90,1291.2,86.35,248.34,-161.99,34,0,109
2682,2026-02-17T19:04:00,BTC,78.94,26.92,0.680272,68001.0,68002.0,1.706422,2.56,19.37,-16.81,281,21.93,0.41,0.2,0.21,16,11,109
2683,2026-02-17T19:05:00,HYPE,4387.31,3704.58,0.554165,29.681,29.682,0.001853,813.23,259.97,553.26,63,1073.2,6.28,265.84,-259.56,27,0,109
2684,2026-02-17T19:05:00,BTC,67.16,19.29,0.656135,68040.0,68041.0,1.229358,4.94,1.94,3.0,146,6.88,0.0,0.12,-0.12,10,2,109
2685,2026-02-17T19:06:00,HYPE,6868.79,3887.99,0.575101,29.71,29.711,0.001482,270.22,268.41,1.81,58,538.63,3.76,294.63,-290.87,16,0,110
2686,2026-02-17T19:06:00,BTC,55.69,20.37,0.66018,68012.0,68013.0,1.081818,0.88,2.1,-1.22,144,2.98,0.04,0.13,-0.09,14,0,110
2687,2026-02-17T19:07:00,HYPE,4002.29,4990.73,0.580492,29.648,29.654,0.001459,458.48,801.47,-342.99,89,1259.95,6.67,233.77,-227.1,31,0,109
2688,2026-02-17T19:07:00,BTC,77.61,21.72,0.651388,67989.0,67990.0,1.321101,0.25,2.15,-1.9,131,2.4,0.0,0.12,-0.12,7,0,109
2689,2026-02-17T19:08:00,HYPE,3972.98,3227.37,0.604053,29.689,29.69,0.001798,105.52,646.62,-541.1,67,752.14,5.6,268.6,-263.0,28,0,109
2690,2026-02-17T19:08:00,BTC,48.08,55.4,0.766,68055.0,68056.0,1.174312,10.09,2.5,7.59,156,12.6,0.0,0.12,-0.12,8,4,109
2691,2026-02-17T19:09:00,HYPE,3794.87,4592.06,0.564611,29.615,29.616,0.001645,3847.55,510.14,3337.41,115,4357.69,3785.51,686.67,3098.84,78,0,110
2692,2026-02-17T19:09:00,BTC,84.53,11.13,0.671791,68012.0,68013.0,1.354545,4.31,39.29,-34.98,220,43.61,1.73,0.12,1.62,13,17,110
2693,2026-02-17T19:10:00,HYPE,5183.1,4420.95,0.496308,29.624,29.625,0.002639,53.89,1491.45,-1437.56,86,1545.34,5.61,259.1,-253.49,31,0,108
2694,2026-02-17T19:10:00,BTC,141.02,11.19,0.75866,68038.0,68039.0,1.12963,3.44,1.1,2.34,130,4.54,0.0,0.13,-0.13,8,1,108
2695,2026-02-17T19:11:00,HYPE,4634.78,4215.69,0.480433,29.612,29.613,0.002185,286.83,291.61,-4.78,71,578.44,4.55,241.05,-236.5,25,0,108
2696,2026-02-17T19:11:00,BTC,85.41,8.77,0.687691,68003.0,68004.0,1.537037,1.65,5.54,-3.89,208,7.19,0.54,0.12,0.42,9,5,108
2697,2026-02-17T19:12:00,HYPE,4282.55,4692.53,0.482888,29.604,29.605,0.001796,559.11,2835.27,-2276.16,156,3394.38,97.97,242.38,-144.41,35,0,108
2698,2026-02-17T19:12:00,BTC,101.51,18.78,0.690715,68027.0,68028.0,1.203704,3.45,1.39,2.06,120,4.84,0.0,0.13,-0.13,8,3,108
2699,2026-02-17T19:13:00,HYPE,3463.25,3912.68,0.554981,29.624,29.625,0.002234,300.07,496.74,-196.67,96,796.81,21.27,258.89,-237.62,30,0,111
2700,2026-02-17T19:13:00,BTC,50.71,22.55,0.680851,68026.0,68027.0,1.459459,0.33,2.45,-2.11,178,2.78,0.0,0.12,-0.12,14,0,111
2701,2026-02-17T19:14:00,HYPE,4156.4,4308.16,0.511635,29.646,29.651,0.00215,879.9,363.88,516.02,87,1243.78,579.77,241.75,338.02,39,0,107
2702,2026-02-17T19:14:00,BTC,53.29,15.63,0.724762,68040.0,68041.0,1.196262,2.76,0.74,2.03,99,3.5,0.0,0.11,-0.11,9,0,107
2703,2026-02-17T19:15:00,HYPE,3305.79,5310.78,0.556948,29.71,29.711,0.002117,2645.3,315.03,2330.27,112,2960.33,2539.75,371.73,2168.02,76,0,111
2704,2026-02-17T19:15:00,BTC,49.14,60.63,0.779185,68157.0,68158.0,1.486486,11.39,3.52,7.87,368,14.9,0.11,0.34,-0.23,13,5,111
2705,2026-02-17T19:16:00,HYPE,5174.35,4851.34,0.516314,29.712,29.713,0.002165,1874.19,364.3,1509.89,110,2238.49,529.81,367.35,162.46,42,0,109
2706,2026-02-17T19:16:00,BTC,77.57,30.96,0.685025,68138.0,68139.0,1.33945,7.6,8.31,-0.7,355,15.91,0.0,0.3,-0.3,19,4,109
2707,2026-02-17T19:17:00,HYPE,3474.13,4636.08,0.474866,29.619,29.62,0.00263,2410.48,1349.6,1060.88,185,3760.08,530.2,402.07,128.13,60,0,108
2708,2026-02-17T19:17:00,BTC,32.93,46.5,0.507728,67988.0,67989.0,1.398148,3.9,12.78,-8.88,349,16.69,0.0,0.14,-0.14,26,7,108
2709,2026-02-17T19:18:00,HYPE,4482.22,4981.54,0.516382,29.639,29.642,0.00189,601.38,859.24,-257.86,87,1460.62,529.56,780.1,-250.54,59,0,109
2710,2026-02-17T19:18:00,BTC,50.89,30.45,0.653615,68005.0,68006.0,1.100917,1.34,12.58,-11.24,237,13.92,0.0,0.12,-0.12,8,5,109
2711,2026-02-17T19:19:00,HYPE,3172.37,5427.93,0.504864,29.653,29.658,0.001645,1075.97,373.37,702.6,102,1449.34,531.64,237.8,293.84,49,0,110
2712,2026-02-17T19:19:00,BTC,28.81,39.35,0.499793,67920.0,67921.0,1.181818,8.8,5.11,3.69,289,13.9,0.0,0.13,-0.13,21,5,110
2713,2026-02-17T19:20:00,HYPE,4478.59,4807.74,0.492736,29.584,29.587,0.00262,1018.18,3447.29,-2429.11,229,4465.47,711.79,1219.2,-507.41,88,0,108
2714,2026-02-17T19:20:00,BTC,47.55,37.86,0.613281,67885.0,67886.0,1.425926,1.82,108.08,-106.27,465,109.9,5.69,0.37,5.32,19,50,108
2715,2026-02-17T19:21:00,HYPE,4728.27,5106.57,0.529404,29.586,29.589,0.002009,1380.48,2747.17,-1366.69,198,4127.65,983.78,1758.07,-774.29,103,0,109
2716,2026-02-17T19:21:00,BTC,38.39,67.45,0.675298,67961.0,67962.0,1.183486,27.16,2.83,24.33,236,29.99,0.0,0.6,-0.59,28,11,109
2717,2026-02-17T19:22:00,HYPE,3228.98,4856.72,0.538767,29.654,29.655,0.001764,1183.93,1176.81,7.12,134,2360.74,563.73,1143.16,-579.43,70,0,110
2718,2026-02-17T19:22:00,BTC,60.95,26.15,0.72055,68006.0,68007.0,1.345455,1.27,5.31,-4.04,301,6.58,0.2,0.67,-0.47,14,1,110
2719,2026-02-17T19:23:00,HYPE,2424.24,5655.43,0.483416,29.627,29.63,0.001954,905.03,2140.25,-1235.22,154,3045.28,857.58,1133.84,-276.26,81,0,109
2720,2026-02-17T19:23:00,BTC,44.74,29.84,0.713929,68020.0,68021.0,1.211009,1.8,8.74,-6.94,188,10.54,0.0,3.59,-3.59,38,3,109
2721,2026-02-17T19:24:00,HYPE,5469.47,3539.34,0.517806,29.619,29.62,0.001852,541.93,1328.75,-786.82,107,1870.68,579.66,1119.01,-539.35,72,0,108
2722,2026-02-17T19:24:00,BTC,25.11,60.51,0.766262,68064.0,68066.0,1.259259,7.57,1.38,6.18,208,8.95,0.0,0.65,-0.65,19,2,108
2723,2026-02-17T19:25:00,HYPE,4868.35,4184.46,0.533648,29.643,29.644,0.002119,851.86,1064.17,-212.31,106,1916.03,751.98,1060.32,-308.34,67,0,109
2724,2026-02-17T19:25:00,BTC,44.79,57.38,0.767911,68049.0,68050.0,1.247706,3.24,1.56,1.68,162,4.8,0.0,0.6,-0.6,24,0,109
2725,2026-02-17T19:26:00,HYPE,4691.96,4343.04,0.510706,29.604,29.605,0.002352,844.92,1753.73,-908.81,127,2598.65,556.8,1045.45,-488.65,79,0,108
2726,2026-02-17T19:26:00,BTC,52.69,23.89,0.685728,68043.0,68044.0,1.101852,4.47,3.03,1.45,226,7.5,0.0,0.61,-0.61,36,3,108
2727,2026-02-17T19:27:00,HYPE,4230.94,4544.24,0.516117,29.604,29.612,0.002055,1013.01,1040.02,-27.01,113,2053.03,577.92,1073.46,-495.54,78,0,109
2728,2026-02-17T19:27:00,BTC,50.1,30.8,0.654156,68022.0,68023.0,1.256881,0.75,1.73,-0.98,100,2.47,0.0,0.62,-0.62,15,0,109
2729,2026-02-17T19:28:00,HYPE,4391.86,4145.35,0.539918,29.589,29.593,0.001791,558.25,1286.49,-728.24,91,1844.74,530.21,1409.92,-879.71,64,0,110
2730,2026-02-17T19:28:00,BTC,51.07,40.06,0.681353,68005.0,68006.0,1.081818,0.13,7.8,-7.68,136,7.93,0.0,0.61,-0.61,13,2,110
2731,2026-02-17T19:29:00,HYPE,3687.89,1948.26,0.558187,29.562,29.565,0.001972,579.92,2020.06,-1440.14,149,2599.98,645.78,1050.55,-404.77,79,0,108
2732,2026-02-17T19:29:00,BTC,16.72,118.84,0.559176,67916.0,67917.0,1.601852,1.0,6.77,-5.77,265,7.77,0.03,0.6,-0.57,29,2,108
2733,2026-02-17T19:30:00,HYPE,4072.9,3775.71,0.579922,29.568,29.569,0.00167,671.51,2176.6,-1505.09,167,2848.11,896.13,1061.19,-165.06,80,0,109
2734,2026-02-17T19:30:00,BTC,106.22,16.34,0.563225,67854.0,67855.0,1.284404,12.35,4.49,7.86,341,16.84,0.44,0.88,-0.44,17,6,109
2735,2026-02-17T19:31:00,HYPE,6527.57,5911.18,0.560818,29.535,29.536,0.001893,577.68,2027.68,-1450.0,151,2605.36,562.27,1083.99,-521.72,77,0,112
2736,2026-02-17T19:31:00,BTC,52.84,27.58,0.580816,67815.0,67816.0,1.0625,6.34,12.98,-6.64,265,19.33,0.0,0.55,-0.55,19,5,112
2737,2026-02-17T19:32:00,HYPE,4558.86,3979.86,0.595061,29.591,29.597,0.002459,819.77,1885.05,-1065.28,147,2704.82,543.58,1094.22,-550.64,76,0,111
2738,2026-02-17T19:32:00,BTC,69.22,28.39,0.692973,67882.0,67883.0,1.333333,7.28,1.96,5.32,253,9.24,0.0,0.9,-0.9,29,1,111
2739,2026-02-17T19:33:00,HYPE,5806.73,3424.62,0.619596,29.548,29.549,0.0022,694.95,1133.72,-438.77,101,1828.67,530.6,1121.3,-590.7,65,0,110
2740,2026-02-17T19:33:00,BTC,57.93,25.21,0.630042,67846.0,67847.0,1.136364,3.51,2.33,1.17,158,5.84,0.0,0.61,-0.61,12,1,110
2741,2026-02-17T19:34:00,HYPE,4872.78,4074.57,0.590257,29.583,29.584,0.002055,643.97,1219.42,-575.45,114,1863.39,716.78,1144.1,-427.32,83,0,109
2742,2026-02-17T19:34:00,BTC,56.28,31.72,0.70446,67853.0,67854.0,1.201835,1.95,3.52,-1.57,172,5.47,0.1,0.62,-0.52,16,0,109
2743,2026-02-17T19:35:00,HYPE,5065.73,3874.09,0.602522,29.561,29.569,0.002324,3403.6,1352.57,2051.03,191,4756.17,558.3,1187.6,-629.3,72,0,108
2744,2026-02-17T19:35:00,BTC,25.67,63.01,0.72896,67845.0,67846.0,1.25,12.94,2.42,10.51,210,15.36,10.0,0.81,9.19,70,6,108
2745,2026-02-17T19:36:00,HYPE,9814.27,3017.04,0.626775,29.535,29.536,0.001685,573.75,1243.59,-669.84,105,1817.34,596.64,1042.56,-445.92,67,0,111
2746,2026-02-17T19:36:00,BTC,50.18,44.66,0.655001,67814.0,67815.0,1.072072,0.43,0.87,-0.44,118,1.29,0.0,0.62,-0.62,19,0,111
2747,2026-02-17T19:37:00,HYPE,5599.37,3392.56,0.634057,29.553,29.554,0.002216,966.79,4253.75,-3286.96,199,5220.54,627.61,3649.65,-3022.04,124,0,111
2748,2026-02-17T19:37:00,BTC,44.2,32.34,0.683377,67826.0,67827.0,1.207207,1.37,6.0,-4.62,371,7.37,0.36,0.76,-0.4,28,1,111
2749,2026-02-17T19:38:00,HYPE,3456.05,4260.73,0.617506,29.594,29.595,0.002241,1085.42,1060.17,25.25,148,2145.59,529.17,1255.21,-726.04,71,0,112
2750,2026-02-17T19:38:00,BTC,43.59,35.92,0.660616,67818.0,67819.0,1.276786,14.2,1.39,12.81,160,15.6,6.63,0.81,5.82,68,4,112
2751,2026-02-17T19:39:00,HYPE,7506.63,2666.28,0.600149,29.595,29.596,0.002028,872.74,764.44,108.3,119,1637.18,572.64,784.84,-212.2,71,0,108
2752,2026-02-17T19:39:00,BTC,60.52,26.98,0.710597,67799.0,67800.0,1.138889,3.65,8.23,-4.57,181,11.88,0.86,0.4,0.46,49,3,108
2753,2026-02-17T19:40:00,HYPE,6341.87,2181.51,0.661033,29.63,29.632,0.001982,756.1,1061.72,-305.62,124,1817.82,561.39,650.36,-88.97,67,0,109
2754,2026-02-17T19:40:00,BTC,167.73,4.24,0.752641,67863.0,67869.0,1.238532,2.15,1.51,0.64,154,3.66,0.0,0.38,-0.38,25,1,109
2755,2026-02-17T19:41:00,HYPE,4549.0,4292.42,0.574678,29.588,29.592,0.00211,933.81,4524.7,-3590.89,170,5458.51,966.55,4220.04,-3253.49,106,0,109
2756,2026-02-17T19:41:00,BTC,81.52,24.32,0.731817,67890.0,67891.0,1.284404,3.42,0.86,2.55,161,4.28,0.0,0.37,-0.37,14,0,109
2757,2026-02-17T19:42:00,HYPE,5611.08,4533.63,0.543875,29.578,29.579,0.001385,650.09,739.46,-89.37,77,1389.55,531.41,891.77,-360.36,63,0,109
2758,2026-02-17T19:42:00,BTC,75.45,52.29,0.655617,67850.0,67851.0,1.293578,0.61,1.95,-1.34,117,2.55,0.0,0.4,-0.4,29,0,109
2759,2026-02-17T19:43:00,HYPE,5152.3,5673.67,0.596883,29.565,29.567,0.002255,933.81,2886.62,-1952.81,162,3820.43,883.31,725.23,158.08,63,0,110
2760,2026-02-17T19:43:00,BTC,104.79,12.15,0.661351,67841.0,67842.0,1.054545,0.65,6.93,-6.28,110,7.57,0.5,0.33,0.17,25,3,110
2761,2026-02-17T19:44:00,HYPE,6644.57,4282.32,0.540532,29.578,29.579,0.001627,806.6,479.7,326.9,78,1286.3,781.79,407.02,374.77,54,0,110
2762,2026-02-17T19:44:00,BTC,45.45,45.29,0.760159,67868.0,67869.0,1.090909,1.34,0.7,0.64,99,2.04,0.0,0.35,-0.35,24,0,110
2763,2026-02-17T19:45:00,HYPE,4969.33,3215.15,0.566805,29.614,29.615,0.001709,637.69,606.03,31.66,107,1243.72,531.42,511.83,19.59,60,0,110
2764,2026-02-17T19:45:00,BTC,28.29,35.94,0.770524,67972.0,67973.0,1.154545,9.19,0.81,8.38,298,9.99,0.0,0.59,-0.58,16,3,110
2765,2026-02-17T19:46:00,HYPE,4276.87,2501.29,0.591579,29.625,29.626,0.001622,720.11,991.2,-271.09,117,1711.31,348.95,431.82,-82.87,51,0,111
2766,2026-02-17T19:46:00,BTC,22.81,67.29,0.7244,67997.0,67998.0,1.189189,3.82,1.01,2.81,220,4.83,0.0,0.37,-0.37,18,1,111
2767,2026-02-17T19:47:00,HYPE,4950.33,4141.47,0.519781,29.571,29.572,0.002291,696.65,694.25,2.4,117,1390.9,6.43,416.29,-409.86,27,0,110
2768,2026-02-17T19:47:00,BTC,68.4,20.09,0.651626,67935.0,67936.0,1.209091,3.03,3.83,-0.81,253,6.86,0.0,0.41,-0.41,14,2,110
2769,2026-02-17T19:48:00,HYPE,5910.45,3915.51,0.490462,29.571,29.572,0.002164,135.79,666.04,-530.25,86,801.83,56.13,408.0,-351.87,33,0,110
2770,2026-02-17T19:48:00,BTC,146.36,6.2,0.738014,67911.0,67912.0,1.518182,2.74,0.93,1.81,191,3.66,0.0,0.36,-0.36,22,1,110
2771,2026-02-17T19:49:00,HYPE,3275.9,2847.03,0.560348,29.587,29.588,0.002028,270.06,591.72,-321.66,85,861.78,55.77,483.47,-427.7,34,0,109
2772,2026-02-17T19:49:00,BTC,163.63,15.05,0.754754,67934.0,67935.0,1.119266,1.28,0.73,0.56,88,2.01,0.0,0.41,-0.41,18,0,109
2773,2026-02-17T19:50:00,HYPE,3793.98,3985.58,0.519477,29.558,29.559,0.001617,109.97,530.8,-420.83,82,640.77,6.04,365.71,-359.67,35,0,107
2774,2026-02-17T19:50:00,BTC,84.44,26.76,0.590483,67894.0,67895.0,1.028037,1.4,0.49,0.91,107,1.9,0.0,0.32,-0.32,23,0,107
2775,2026-02-17T19:51:00,HYPE,4164.55,2395.13,0.553209,29.573,29.575,0.001445,1129.61,634.91,494.7,120,1764.52,97.26,468.31,-371.05,36,0,110
2776,2026-02-17T19:51:00,BTC,62.13,25.41,0.673884,67888.0,67889.0,1.072727,1.42,5.06,-3.64,137,6.48,0.1,0.37,-0.27,13,1,110
2777,2026-02-17T19:52:00,HYPE,4295.61,4499.43,0.557816,29.544,29.545,0.001694,100.19,806.12,-705.93,100,906.31,40.04,410.14,-370.1,38,0,108
2778,2026-02-17T19:52:00,BTC,46.97,50.11,0.597886,67811.0,67812.0,1.185185,1.21,22.48,-21.27,373,23.68,0.47,0.48,-0.01,28,7,108
2779,2026-02-17T19:53:00,HYPE,4132.62,3150.77,0.590188,29.517,29.518,0.001604,79.42,1088.96,-1009.54,140,1168.38,6.42,469.01,-462.59,38,0,111
2780,2026-02-17T19:53:00,BTC,92.22,7.88,0.579552,67731.0,67732.0,1.171171,0.59,7.68,-7.09,300,8.27,0.0,0.59,-0.59,33,2,111
2781,2026-02-17T19:54:00,HYPE,3340.05,3902.15,0.538428,29.514,29.515,0.002559,256.32,2293.37,-2037.05,174,2549.69,5.63,360.18,-354.55,29,0,111
2782,2026-02-17T19:54:00,BTC,59.05,39.54,0.723953,67791.0,67792.0,1.171171,3.27,1.74,1.53,178,5.0,0.0,0.59,-0.59,22,1,111
2783,2026-02-17T19:55:00,HYPE,4774.33,4216.88,0.623577,29.549,29.55,0.001826,1277.58,679.96,597.62,107,1957.54,6.81,422.17,-415.36,44,0,109
2784,2026-02-17T19:55:00,BTC,54.16,35.78,0.663306,67816.0,67817.0,1.256881,18.8,1.31,17.49,188,20.11,0.0,0.38,-0.38,26,3,109
2785,2026-02-17T19:56:00,HYPE,5400.14,4453.01,0.582384,29.562,29.563,0.001776,94.47,516.48,-422.01,75,610.95,7.59,433.89,-426.3,35,0,107
2786,2026-02-17T19:56:00,BTC,114.54,15.16,0.731155,67837.0,67838.0,1.018692,0.24,0.97,-0.72,73,1.21,0.0,0.4,-0.4,25,0,107
2787,2026-02-17T19:57:00,HYPE,4026.5,2339.95,0.620096,29.575,29.576,0.001645,55.33,523.8,-468.47,77,579.13,14.2,413.22,-399.02,36,0,110
2788,2026-02-17T19:57:00,BTC,66.63,23.16,0.717473,67896.0,67897.0,1.390909,33.19,4.47,28.72,248,37.67,0.0,2.58,-2.58,23,20,110
2789,2026-02-17T19:58:00,HYPE,3864.02,2495.6,0.588769,29.544,29.545,0.001624,66.49,626.49,-560.0,84,692.98,7.21,373.97,-366.76,41,0,109
2790,2026-02-17T19:58:00,BTC,48.22,34.36,0.592503,67836.0,67837.0,1.201835,0.71,1.5,-0.79,105,2.21,0.0,0.35,-0.35,25,0,109
2791,2026-02-17T19:59:00,HYPE,4690.84,1929.46,0.559041,29.522,29.524,0.001287,104.2,3262.17,-3157.97,121,3366.37,409.83,2928.28,-2518.45,82,0,108
2792,2026-02-17T19:59:00,BTC,19.21,114.67,0.599134,67803.0,67804.0,1.259259,1.29,1.57,-0.28,123,2.86,0.0,0.51,-0.51,21,0,108
2793,2026-02-17T20:00:00,HYPE,5891.76,1729.03,0.571588,29.519,29.522,0.00138,98.35,513.06,-414.71,48,611.41,6.53,450.48,-443.95,23,0,108
2794,2026-02-17T20:00:00,BTC,180.82,15.0,0.620736,67767.0,67768.0,1.092593,1.41,7.49,-6.08,188,8.9,0.0,0.48,-0.48,30,3,108
2795,2026-02-17T20:01:00,HYPE,4849.66,2573.35,0.61854,29.54,29.541,0.001578,490.13,657.08,-166.95,119,1147.21,8.26,404.96,-396.7,32,0,109
2796,2026-02-17T20:01:00,BTC,39.08,33.62,0.700163,67826.0,67827.0,1.155963,16.18,1.36,14.82,354,17.54,6.0,0.69,5.31,91,2,109
2797,2026-02-17T20:02:00,HYPE,4734.02,2289.34,0.582083,29.548,29.549,0.001361,221.51,404.84,-183.33,78,626.35,10.73,419.19,-408.46,41,0,108
2798,2026-02-17T20:02:00,BTC,101.15,18.83,0.61898,67793.0,67794.0,1.148148,0.59,1.78,-1.19,132,2.37,0.4,0.4,0.0,47,0,108
2799,2026-02-17T20:03:00,HYPE,5258.14,3154.09,0.59555,29.546,29.548,0.001633,3941.96,426.72,3515.24,126,4368.68,3593.18,859.58,2733.6,86,0,109
2800,2026-02-17T20:03:00,BTC,61.19,27.08,0.644833,67753.0,67754.0,1.201835,0.5,2.37,-1.87,148,2.87,0.4,0.49,-0.09,41,1,109
2801,2026-02-17T20:04:00,HYPE,4435.79,4464.31,0.593785,29.505,29.509,0.001908,85.71,636.77,-551.06,80,722.48,6.8,471.46,-464.66,41,0,109
2802,2026-02-17T20:04:00,BTC,76.28,12.54,0.621162,67675.0,67676.0,1.201835,0.2,10.06,-9.86,393,10.26,1.13,3.46,-2.33,78,0,109
2803,2026-02-17T20:05:00,HYPE,6008.6,2393.09,0.554296,29.477,29.478,0.001509,49.11,12182.95,-12133.84,345,12232.06,874.11,4773.79,-3899.68,88,0,110
2804,2026-02-17T20:05:01,BTC,100.96,10.35,0.770795,67726.0,67727.0,1.136364,12.2,9.91,2.29,348,22.11,0.31,5.4,-5.09,84,6,110
2805,2026-02-17T20:06:00,HYPE,4725.25,4525.29,0.643037,29.49,29.491,0.001278,223.02,735.88,-512.86,66,958.9,7.54,444.21,-436.67,28,0,108
2806,2026-02-17T20:06:00,BTC,16.05,69.68,0.590985,67697.0,67699.0,1.296296,7.23,2.7,4.53,221,9.94,0.0,1.57,-1.57,73,3,108
2807,2026-02-17T20:07:00,HYPE,4069.51,4499.75,0.55067,29.5,29.501,0.001336,71.24,667.5,-596.26,66,738.74,40.68,425.62,-384.94,33,0,107
2808,2026-02-17T20:07:00,BTC,25.01,40.88,0.616741,67630.0,67631.0,1.280374,0.35,5.72,-5.38,298,6.07,0.4,0.45,-0.05,80,2,107
2809,2026-02-17T20:08:00,HYPE,9532.36,2720.75,0.585994,29.464,29.465,0.001748,118.02,728.91,-610.89,72,846.93,7.19,421.49,-414.3,26,0,107
2810,2026-02-17T20:08:00,BTC,37.58,54.06,0.548184,67547.0,67548.0,1.523364,19.06,320.34,-301.28,1079,339.4,12.44,273.68,-261.24,573,155,107
2811,2026-02-17T20:09:00,HYPE,5098.41,4505.5,0.600248,29.487,29.488,0.001773,337.08,489.03,-151.95,76,826.11,7.2,429.26,-422.06,33,0,110
2812,2026-02-17T20:09:00,BTC,49.32,30.81,0.51918,67570.0,67571.0,1.218182,4.87,0.93,3.94,266,5.8,0.02,1.55,-1.54,52,2,110
2813,2026-02-17T20:10:00,HYPE,5566.01,4487.96,0.542004,29.469,29.47,0.001891,414.87,540.1,-125.23,79,954.97,7.6,383.77,-376.17,39,0,110
2814,2026-02-17T20:10:00,BTC,68.44,34.69,0.439666,67535.0,67543.0,1.154545,13.32,2.43,10.89,237,15.75,0.0,0.42,-0.42,46,4,110
2815,2026-02-17T20:11:00,HYPE,1910.43,5083.86,0.449658,29.434,29.435,0.001532,285.84,581.09,-295.25,143,866.93,7.19,410.86,-403.67,52,0,111
2816,2026-02-17T20:11:00,BTC,34.3,75.96,0.486,67550.0,67551.0,1.198198,15.05,1.55,13.5,219,16.6,0.0,0.77,-0.77,44,10,111
2817,2026-02-17T20:12:00,HYPE,4679.62,4775.22,0.467005,29.403,29.404,0.002138,600.79,3801.74,-3200.95,462,4402.53,367.12,479.42,-112.3,118,0,109
2818,2026-02-17T20:12:00,BTC,84.32,31.7,0.612498,67578.0,67579.0,1.183486,0.65,5.8,-5.15,163,6.45,0.34,0.4,-0.07,39,4,109
2819,2026-02-17T20:13:00,HYPE,3077.35,4851.61,0.526509,29.404,29.405,0.002028,502.56,616.04,-113.48,81,1118.6,7.2,665.48,-658.28,38,0,107
2820,2026-02-17T20:13:00,BTC,127.48,21.85,0.574013,67582.0,67584.0,1.224299,1.05,4.42,-3.37,157,5.47,3.0,0.45,2.56,50,1,107
2821,2026-02-17T20:14:00,HYPE,4524.9,4768.7,0.539595,29.413,29.414,0.001482,261.71,1036.79,-775.08,137,1298.5,68.07,693.38,-625.31,50,0,110
2822,2026-02-17T20:14:00,BTC,34.92,100.01,0.560081,67575.0,67576.0,1.2,1.59,2.45,-0.86,144,4.05,0.0,0.43,-0.43,37,2,110
2823,2026-02-17T20:15:00,HYPE,4938.32,4985.64,0.596025,29.422,29.424,0.001482,349.87,826.97,-477.1,93,1176.84,78.86,683.62,-604.76,47,0,110
2824,2026-02-17T20:15:00,BTC,83.44,22.56,0.547257,67577.0,67578.0,1.072727,0.54,2.9,-2.36,115,3.44,0.0,0.42,-0.42,41,1,110
2825,2026-02-17T20:16:00,HYPE,5274.84,4988.25,0.555145,29.392,29.393,0.001583,776.24,1348.83,-572.59,142,2125.07,6.81,769.74,-762.93,37,0,108
2826,2026-02-17T20:16:00,BTC,58.7,27.14,0.591343,67580.0,67581.0,1.148148,1.77,0.92,0.85,201,2.68,0.0,0.42,-0.42,47,1,108
2827,2026-02-17T20:17:00,HYPE,3691.33,2491.87,0.55427,29.4,29.401,0.001532,243.48,1074.15,-830.67,134,1317.63,26.41,764.59,-738.18,66,0,109
2828,2026-02-17T20:17:00,BTC,71.98,21.05,0.607662,67621.0,67622.0,1.33945,1.7,1.98,-0.29,248,3.68,0.0,0.44,-0.44,41,2,109
2829,2026-02-17T20:18:00,HYPE,5039.12,3309.48,0.541994,29.374,29.377,0.001793,291.56,725.51,-433.95,141,1017.07,10.69,684.38,-673.69,93,0,111
2830,2026-02-17T20:18:00,BTC,74.1,27.27,0.547777,67576.0,67577.0,1.144144,0.93,1.1,-0.17,137,2.02,0.06,0.42,-0.36,39,0,111
2831,2026-02-17T20:19:00,HYPE,5655.18,3906.41,0.63163,29.37,29.371,0.001642,441.01,920.92,-479.91,94,1361.93,9.89,736.24,-726.35,46,0,109
2832,2026-02-17T20:19:00,BTC,71.99,22.15,0.583361,67561.0,67562.0,1.091743,2.42,1.13,1.29,138,3.54,0.0,0.44,-0.44,40,0,109
2833,2026-02-17T20:20:00,HYPE,5245.37,3191.7,0.62439,29.359,29.36,0.001785,272.9,899.03,-626.13,123,1171.93,8.93,521.01,-512.08,74,0,107
2834,2026-02-17T20:20:00,BTC,58.43,33.37,0.519878,67521.0,67522.0,1.242991,2.24,6.59,-4.34,231,8.83,0.0,0.44,-0.44,48,3,107
2835,2026-02-17T20:21:00,HYPE,8868.18,4137.79,0.565256,29.373,29.374,0.001655,1022.62,2201.86,-1179.24,236,3224.48,51.97,522.23,-470.26,42,0,110
2836,2026-02-17T20:21:00,BTC,40.32,63.08,0.58438,67546.0,67547.0,1.190909,1.89,1.11,0.78,192,3.01,0.0,0.35,-0.35,45,1,110
2837,2026-02-17T20:22:00,HYPE,5784.34,2927.52,0.54628,29.429,29.43,0.002327,413.95,1522.06,-1108.11,198,1936.01,17.85,344.91,-327.06,67,0,110
2838,2026-02-17T20:22:00,BTC,85.95,16.05,0.647096,67612.0,67613.0,1.645455,19.12,13.71,5.42,571,32.83,0.8,0.91,-0.11,47,13,110
2839,2026-02-17T20:23:00,HYPE,5725.96,2813.13,0.620636,29.43,29.432,0.002409,351.41,396.28,-44.87,69,747.69,9.21,279.29,-270.08,34,0,110
2840,2026-02-17T20:23:00,BTC,52.98,50.15,0.463115,67536.0,67537.0,1.172727,1.5,1.49,0.01,130,2.99,0.02,0.16,-0.14,44,1,110
2841,2026-02-17T20:24:00,HYPE,5946.64,2405.94,0.645924,29.418,29.423,0.001518,129.89,322.82,-192.93,43,452.71,11.0,321.16,-310.16,25,0,110
2842,2026-02-17T20:24:00,BTC,49.18,51.03,0.597465,67558.0,67559.0,1.181818,1.87,0.27,1.59,143,2.14,0.0,0.18,-0.18,27,0,110
2843,2026-02-17T20:25:00,HYPE,4627.45,2312.36,0.609723,29.422,29.423,0.001473,298.1,399.33,-101.23,76,697.43,9.34,311.26,-301.92,41,0,110
2844,2026-02-17T20:25:00,BTC,55.89,88.3,0.603701,67596.0,67597.0,1.227273,3.16,1.04,2.13,181,4.2,0.0,0.17,-0.17,27,1,110
2845,2026-02-17T20:26:00,HYPE,6303.35,2964.6,0.69136,29.468,29.469,0.00127,480.08,368.53,111.55,102,848.61,107.94,306.97,-199.03,38,0,111
2846,2026-02-17T20:26:00,BTC,94.72,23.33,0.625842,67672.0,67673.0,1.342342,23.83,0.98,22.85,467,24.81,0.01,1.63,-1.62,19,11,111
2847,2026-02-17T20:27:00,HYPE,4726.74,2171.24,0.674379,29.478,29.479,0.001509,1121.16,487.48,633.68,59,1608.64,1025.5,279.33,746.17,33,0,110
2848,2026-02-17T20:27:00,BTC,44.15,38.8,0.635389,67683.0,67684.0,1.027273,1.71,1.22,0.49,122,2.93,0.0,0.5,-0.5,15,1,110
2849,2026-02-17T20:28:00,HYPE,5263.03,2765.92,0.610991,29.464,29.465,0.001676,721.75,696.12,25.63,67,1417.87,9.61,597.61,-588.0,27,0,111
2850,2026-02-17T20:28:00,BTC,46.29,38.79,0.671137,67657.0,67658.0,1.099099,0.74,0.74,0.01,131,1.48,0.0,0.12,-0.11,16,0,111
2851,2026-02-17T20:29:00,HYPE,7409.26,3887.18,0.678994,29.504,29.505,0.002514,5868.71,575.0,5293.71,163,6443.71,8.25,792.4,-784.15,34,0,109
2852,2026-02-17T20:29:00,BTC,42.06,60.55,0.706461,67696.0,67697.0,1.12844,3.5,0.49,3.01,143,3.99,0.0,0.13,-0.13,11,0,109
2853,2026-02-17T20:30:00,HYPE,9024.51,2683.0,0.695976,29.553,29.554,0.00218,7216.94,747.96,6468.98,226,7964.9,5008.94,1045.68,3963.26,108,0,111
2854,2026-02-17T20:30:00,BTC,54.66,55.14,0.524662,67720.0,67721.0,1.144144,10.93,1.93,9.0,364,12.86,0.0,0.93,-0.93,18,4,111
2855,2026-02-17T20:31:00,HYPE,6157.63,2965.48,0.600566,29.535,29.536,0.002083,637.05,446.33,190.72,95,1083.38,6.41,148.55,-142.14,19,0,108
2856,2026-02-17T20:31:00,BTC,67.84,25.56,0.55353,67700.0,67701.0,1.416667,39.46,1.86,37.61,468,41.32,38.19,0.29,37.9,320,0,108
2857,2026-02-17T20:32:00,HYPE,6917.57,4143.46,0.574572,29.469,29.47,0.001164,226.55,971.43,-744.88,109,1197.98,6.82,52.76,-45.94,19,0,110
2858,2026-02-17T20:32:00,BTC,97.25,11.49,0.378578,67532.0,67533.0,1.2,10.14,30.89,-20.75,544,41.02,0.08,26.47,-26.39,107,25,110
2859,2026-02-17T20:33:00,HYPE,6826.26,8618.37,0.602924,29.52,29.521,0.001559,322.8,501.08,-178.28,69,823.88,6.42,70.48,-64.06,24,0,111
2860,2026-02-17T20:33:00,BTC,41.55,63.34,0.5021,67608.0,67609.0,1.585586,3.28,20.15,-16.87,261,23.43,1.86,18.57,-16.71,63,12,111
2861,2026-02-17T20:34:00,HYPE,4240.44,5188.91,0.592503,29.511,29.515,0.001817,28.81,70.35,-41.54,54,99.16,7.08,57.74,-50.66,25,0,109
2862,2026-02-17T20:34:00,BTC,36.77,62.98,0.484494,67594.0,67595.0,1.12844,4.22,0.79,3.43,127,5.01,0.11,0.12,0.0,26,2,109
2863,2026-02-17T20:35:00,HYPE,4202.66,4879.7,0.639285,29.542,29.543,0.001509,89.66,104.72,-15.06,48,194.38,34.17,64.38,-30.21,22,0,108
2864,2026-02-17T20:35:00,BTC,19.35,72.63,0.626403,67694.0,67695.0,1.231481,52.05,1.83,50.22,314,53.88,0.37,2.7,-2.33,28,24,108
2865,2026-02-17T20:36:00,HYPE,6838.74,3633.08,0.618228,29.546,29.547,0.001845,431.16,132.97,298.19,56,564.13,6.8,71.17,-64.37,19,0,110
2866,2026-02-17T20:36:00,BTC,40.4,67.18,0.526155,67684.0,67685.0,1.1,2.24,0.99,1.25,150,3.22,0.15,0.12,0.02,35,1,110
2867,2026-02-17T20:37:00,HYPE,5003.28,4052.74,0.602736,29.557,29.558,0.001464,615.39,119.6,495.79,57,734.99,6.81,88.16,-81.35,19,0,110
2868,2026-02-17T20:37:00,BTC,38.39,112.67,0.456662,67631.0,67632.0,1.027273,1.48,0.78,0.7,103,2.27,0.0,0.12,-0.12,11,0,110
2869,2026-02-17T20:38:00,HYPE,3817.12,3948.39,0.578828,29.528,29.529,0.001835,26.36,1655.3,-1628.94,96,1681.66,308.23,67.43,240.8,20,0,109
2870,2026-02-17T20:38:00,BTC,58.8,31.59,0.486028,67586.0,67587.0,1.330275,0.27,4.3,-4.03,124,4.57,0.0,0.12,-0.12,13,0,109
2871,2026-02-17T20:39:00,HYPE,4515.7,3530.67,0.561379,29.528,29.529,0.001944,11.98,488.76,-476.78,44,500.74,6.17,62.12,-55.95,18,0,108
2872,2026-02-17T20:39:00,BTC,63.4,40.82,0.566464,67582.0,67583.0,1.101852,1.33,1.37,-0.05,117,2.7,0.0,0.32,-0.32,12,0,108
2873,2026-02-17T20:40:00,HYPE,7952.08,1465.9,0.702046,29.594,29.595,0.001324,1645.43,205.29,1440.14,171,1850.72,6.81,62.12,-55.31,22,0,108
2874,2026-02-17T20:40:00,BTC,98.07,10.95,0.650742,67704.0,67705.0,1.268519,108.59,0.58,108.01,394,109.17,100.04,3.53,96.51,186,48,108
2875,2026-02-17T20:41:00,HYPE,5233.87,2826.12,0.723751,29.67,29.673,0.001613,4784.4,309.29,4475.11,639,5093.69,2794.93,562.31,2232.62,223,0,111
2876,2026-02-17T20:41:00,BTC,31.38,52.87,0.628384,67818.0,67819.0,1.558559,24.02,2.6,21.42,573,26.61,6.45,0.34,6.11,63,9,111
2877,2026-02-17T20:42:00,HYPE,8097.16,2560.66,0.66747,29.677,29.678,0.001596,1166.78,306.66,860.12,123,1473.44,6.03,105.16,-99.13,22,0,109
2878,2026-02-17T20:42:00,BTC,33.43,38.99,0.531075,67830.0,67831.0,1.036697,10.07,8.37,1.7,282,18.43,13.36,0.13,13.23,71,5,109
2879,2026-02-17T20:43:00,HYPE,6518.15,1124.57,0.628608,29.679,29.68,0.00127,152.62,575.59,-422.97,83,728.21,6.16,62.82,-56.66,21,0,111
2880,2026-02-17T20:43:00,BTC,256.14,0.93,0.519998,67859.0,67862.0,1.423423,16.03,2.68,13.36,378,18.71,6.66,0.56,6.09,84,8,111
2881,2026-02-17T20:44:00,HYPE,6126.98,3959.69,0.605122,29.647,29.657,0.001709,60.13,342.94,-282.81,62,403.07,27.7,70.86,-43.16,23,0,110
2882,2026-02-17T20:44:00,BTC,53.29,49.18,0.465348,67881.0,67882.0,1.236364,15.91,2.63,13.28,332,18.54,6.45,0.12,6.34,59,8,110
2883,2026-02-17T20:45:00,HYPE,5439.4,3371.34,0.560564,29.624,29.625,0.001318,17.51,245.25,-227.74,49,262.76,6.04,64.0,-57.96,16,0,107
2884,2026-02-17T20:45:00,BTC,37.18,91.1,0.527416,67844.0,67846.0,1.074766,7.33,6.35,0.98,226,13.68,6.45,0.12,6.33,83,2,107
2885,2026-02-17T20:46:00,HYPE,3774.24,3159.4,0.523493,29.61,29.611,0.001209,27.57,481.02,-453.45,46,508.59,5.74,57.13,-51.39,16,0,110
2886,2026-02-17T20:46:00,BTC,44.68,47.32,0.523976,67825.0,67826.0,1.118182,8.08,2.31,5.78,222,10.39,6.65,0.32,6.33,50,6,110
2887,2026-02-17T20:47:00,HYPE,3371.03,3681.91,0.553908,29.627,29.628,0.001436,551.22,65.13,486.09,51,616.35,7.49,264.73,-257.24,26,0,110
2888,2026-02-17T20:47:00,BTC,34.42,53.75,0.537696,67852.0,67853.0,1.218182,11.23,0.7,10.52,163,11.93,10.53,0.13,10.4,69,6,110
2889,2026-02-17T20:48:00,HYPE,4567.12,5739.3,0.568262,29.572,29.574,0.001627,515.13,1256.5,-741.37,104,1771.63,6.82,71.28,-64.46,20,0,110
2890,2026-02-17T20:48:00,BTC,24.87,93.15,0.493342,67764.0,67765.0,1.190909,14.59,19.85,-5.26,345,34.45,8.77,0.13,8.64,52,11,110
2891,2026-02-17T20:49:00,HYPE,6373.32,2402.48,0.609013,29.614,29.616,0.002266,51.86,101.92,-50.06,37,153.78,4.69,58.69,-54.0,18,0,109
2892,2026-02-17T20:49:00,BTC,33.31,64.19,0.494629,67796.0,67797.0,1.183486,9.45,1.02,8.43,152,10.47,6.45,0.11,6.34,66,6,109
2893,2026-02-17T20:50:00,HYPE,6611.04,4870.25,0.559457,29.596,29.6,0.002241,9.61,273.0,-263.39,38,282.61,5.49,71.49,-66.0,16,0,108
2894,2026-02-17T20:50:00,BTC,122.33,36.0,0.482934,67782.0,67783.0,1.12037,7.09,0.98,6.11,114,8.06,6.46,0.12,6.34,55,3,108
2895,2026-02-17T20:51:00,HYPE,5737.99,2763.45,0.575668,29.577,29.582,0.002908,142.61,908.29,-765.68,71,1050.9,71.23,57.28,13.95,24,0,109
2896,2026-02-17T20:51:00,BTC,134.19,21.21,0.495519,67745.0,67746.0,1.174312,7.61,3.24,4.38,226,10.85,6.45,0.13,6.32,63,4,109
2897,2026-02-17T20:52:00,HYPE,4345.0,2514.98,0.636095,29.605,29.606,0.002261,42.62,61.09,-18.47,26,103.71,25.62,59.94,-34.32,13,0,111
2898,2026-02-17T20:52:00,BTC,47.59,87.64,0.476097,67736.0,67737.0,1.072072,6.68,57.04,-50.36,298,63.72,6.51,0.12,6.39,59,53,111
2899,2026-02-17T20:53:00,HYPE,5814.45,3626.17,0.643355,29.6,29.601,0.001898,161.41,363.02,-201.61,62,524.43,49.21,72.19,-22.98,26,0,108
2900,2026-02-17T20:53:00,BTC,24.26,73.83,0.410678,67729.0,67730.0,1.212963,8.15,152.43,-144.28,567,160.58,7.17,0.11,7.06,28,63,108
2901,2026-02-17T20:54:00,HYPE,4461.31,5322.75,0.63479,29.622,29.623,0.001423,40.08,137.88,-97.8,42,177.96,5.48,61.81,-56.33,18,0,111
2902,2026-02-17T20:54:00,BTC,33.09,59.99,0.473726,67749.0,67750.0,1.099099,7.75,0.57,7.18,158,8.32,6.45,0.13,6.32,40,4,111
2903,2026-02-17T20:55:00,HYPE,5064.0,3272.52,0.586107,29.625,29.626,0.001889,104.62,454.61,-349.99,44,559.23,5.48,99.27,-93.79,18,0,108
2904,2026-02-17T20:55:00,BTC,79.72,18.58,0.477536,67760.0,67761.0,1.175926,6.86,1.27,5.59,133,8.14,6.63,0.12,6.52,36,2,108
2905,2026-02-17T20:56:00,HYPE,4838.25,2013.25,0.583593,29.634,29.635,0.001394,67.48,82.52,-15.04,32,150.0,5.09,52.76,-47.67,18,0,109
2906,2026-02-17T20:56:00,BTC,52.8,34.95,0.600005,67773.0,67774.0,1.082569,6.01,0.8,5.21,144,6.81,4.11,0.13,3.98,45,3,109
2907,2026-02-17T20:57:00,HYPE,6217.1,2407.96,0.646086,29.64,29.641,0.0014,649.28,116.87,532.41,63,766.15,5.09,110.61,-105.52,19,0,110
2908,2026-02-17T20:57:00,BTC,46.74,44.45,0.521306,67756.0,67757.0,1.054545,1.39,0.5,0.89,110,1.89,0.02,0.11,-0.09,21,0,110
2909,2026-02-17T20:58:00,HYPE,5926.37,2228.48,0.611687,29.641,29.642,0.001731,19.57,166.19,-146.62,49,185.76,5.49,62.74,-57.25,16,0,108
2910,2026-02-17T20:58:00,BTC,49.99,36.91,0.572373,67764.0,67765.0,1.25,1.01,1.16,-0.15,152,2.18,0.41,0.12,0.29,21,0,108
2911,2026-02-17T20:59:00,HYPE,6425.19,4849.99,0.605051,29.665,29.666,0.001318,26.5,122.21,-95.71,37,148.71,5.48,62.12,-56.64,18,0,110
2912,2026-02-17T20:59:00,BTC,31.32,65.89,0.47205,67753.0,67754.0,1.090909,1.1,20.84,-19.74,141,21.94,2.81,0.19,2.62,37,11,110
2913,2026-02-17T21:00:00,HYPE,4073.56,4717.53,0.576509,29.665,29.671,0.002176,206.34,266.6,-60.26,50,472.94,5.09,68.15,-63.06,19,0,108
2914,2026-02-17T21:00:00,BTC,22.32,95.48,0.610285,67738.0,67773.0,1.546296,4.81,3.21,1.61,227,8.02,1.93,2.18,-0.25,49,1,108
2915,2026-02-17T21:01:00,HYPE,4134.02,3018.74,0.543636,29.696,29.697,0.001898,5308.87,787.42,4521.45,279,6096.29,5.09,455.53,-450.44,27,0,108
2916,2026-02-17T21:01:00,BTC,66.15,36.42,0.475649,67718.0,67728.0,1.444444,4.48,6.21,-1.73,276,10.68,2.46,2.57,-0.11,66,4,108
2917,2026-02-17T21:02:00,HYPE,2862.44,5964.88,0.667376,29.73,29.731,0.001252,2306.48,172.56,2133.92,403,2479.04,4.7,59.0,-54.3,13,0,111
2918,2026-02-17T21:02:00,BTC,26.1,79.56,0.232543,67687.0,67688.0,1.054054,2.42,19.26,-16.84,161,21.67,2.16,1.95,0.2,45,6,111
2919,2026-02-17T21:03:00,HYPE,6599.81,2091.74,0.641791,29.738,29.739,0.001495,439.67,390.58,49.09,72,830.25,5.49,62.75,-57.26,20,0,109
2920,2026-02-17T21:03:00,BTC,61.01,35.39,0.468059,67673.0,67674.0,1.082569,2.69,4.04,-1.35,337,6.73,1.4,1.94,-0.54,67,0,109
2921,2026-02-17T21:04:00,HYPE,6233.75,2160.41,0.659271,29.749,29.75,0.001657,952.49,129.85,822.64,70,1082.34,4.69,107.78,-103.09,17,0,108
2922,2026-02-17T21:04:00,BTC,29.87,60.38,0.597773,67739.0,67740.0,1.074074,14.85,2.62,12.23,192,17.47,0.43,2.18,-1.74,37,12,108
2923,2026-02-17T21:05:00,HYPE,3781.67,2465.64,0.749815,29.763,29.764,0.001055,1219.85,80.91,1138.94,270,1300.76,10.76,57.7,-46.94,24,0,109
2924,2026-02-17T21:05:00,BTC,59.42,77.6,0.534807,67723.0,67724.0,1.321101,0.48,2.1,-1.62,155,2.58,0.25,1.05,-0.8,22,0,109
2925,2026-02-17T21:06:00,HYPE,3459.71,2759.43,0.628275,29.769,29.77,0.001773,2327.45,460.14,1867.31,346,2787.59,5.47,66.42,-60.95,22,0,110
2926,2026-02-17T21:06:00,BTC,42.9,56.02,0.52294,67669.0,67670.0,1.509091,0.28,0.81,-0.53,153,1.09,0.0,0.14,-0.13,15,0,110
2927,2026-02-17T21:07:00,HYPE,4424.48,3659.09,0.583653,29.765,29.766,0.003143,247.63,596.21,-348.58,85,843.84,18.8,70.06,-51.26,23,0,105
2928,2026-02-17T21:07:00,BTC,48.14,46.61,0.574175,67683.0,67684.0,1.057143,0.63,1.94,-1.31,87,2.57,0.04,0.12,-0.08,21,1,105
2929,2026-02-17T21:08:00,HYPE,1927.06,8309.68,0.526425,29.737,29.738,0.001579,9.95,3591.35,-3581.4,105,3601.3,408.13,77.38,330.75,22,0,107
2930,2026-02-17T21:08:00,BTC,52.63,32.03,0.533732,67676.0,67677.0,1.17757,0.34,0.55,-0.21,121,0.88,0.11,0.12,-0.02,19,0,107
2931,2026-02-17T21:09:00,HYPE,4085.32,2947.2,0.602743,29.736,29.737,0.001743,1802.21,658.99,1143.22,114,2461.2,9.71,393.32,-383.61,28,0,109
2932,2026-02-17T21:09:00,BTC,47.34,43.85,0.516704,67707.0,67708.0,1.12844,1.52,0.46,1.06,114,1.98,0.1,0.14,-0.04,28,1,109
2933,2026-02-17T21:10:00,HYPE,4696.65,3936.49,0.577876,29.727,29.728,0.001826,19.26,757.56,-738.3,88,776.82,5.49,58.68,-53.19,19,0,109
2934,2026-02-17T21:10:00,BTC,34.4,59.58,0.450377,67678.0,67679.0,1.091743,0.24,2.12,-1.88,106,2.35,0.11,0.12,-0.01,21,1,109
2935,2026-02-17T21:11:00,HYPE,3624.55,3617.63,0.55474,29.705,29.712,0.001713,365.06,182.67,182.39,77,547.73,4.69,83.42,-78.73,19,0,108
2936,2026-02-17T21:11:00,BTC,47.45,40.58,0.435724,67653.0,67654.0,1.037037,0.43,1.68,-1.25,104,2.11,0.11,0.12,-0.02,24,0,108
2937,2026-02-17T21:12:00,HYPE,5002.62,3971.69,0.569737,29.742,29.743,0.001798,1160.86,249.76,911.1,72,1410.62,5.11,430.1,-424.99,18,0,109
2938,2026-02-17T21:12:00,BTC,61.47,18.82,0.591801,67689.0,67690.0,1.082569,3.12,0.69,2.43,124,3.81,0.31,0.13,0.18,26,1,109
2939,2026-02-17T21:13:00,HYPE,4118.18,4061.57,0.560467,29.755,29.756,0.001972,324.81,390.35,-65.54,69,715.16,5.48,74.84,-69.36,22,0,106
2940,2026-02-17T21:13:00,BTC,45.18,49.87,0.584018,67725.0,67726.0,1.113208,0.5,0.39,0.1,103,0.89,0.1,0.14,-0.03,23,0,106
2941,2026-02-17T21:14:00,HYPE,4531.84,3851.93,0.582745,29.803,29.804,0.001427,1461.57,227.83,1233.74,111,1689.4,5.09,414.43,-409.34,24,0,110
2942,2026-02-17T21:14:00,BTC,66.98,11.93,0.667933,67840.0,67841.0,1.372727,175.15,1.63,173.52,514,176.77,0.09,5.84,-5.75,24,58,110
2943,2026-02-17T21:15:00,HYPE,4459.84,5525.61,0.496804,29.799,29.8,0.001532,251.1,357.1,-106.0,52,608.2,5.09,213.77,-208.68,23,0,109
2944,2026-02-17T21:15:00,BTC,67.36,26.9,0.725493,67867.0,67868.0,1.183486,7.66,1.98,5.68,287,9.63,0.33,0.12,0.21,23,3,109
2945,2026-02-17T21:16:00,HYPE,3256.4,2060.47,0.526285,29.78,29.781,0.002127,1072.11,526.26,545.85,117,1598.37,755.48,98.89,656.59,52,0,110
2946,2026-02-17T21:16:00,BTC,25.7,146.0,0.648517,67883.0,67884.0,1.190909,5.32,1.56,3.77,250,6.88,0.1,0.24,-0.13,30,3,110
2947,2026-02-17T21:17:00,HYPE,4853.72,4727.04,0.537767,29.807,29.808,0.002333,748.42,299.85,448.57,64,1048.27,647.73,204.02,443.71,43,0,111
2948,2026-02-17T21:17:00,BTC,74.17,70.47,0.681202,67845.0,67846.0,1.279279,4.56,2.1,2.46,182,6.67,0.1,0.13,-0.04,21,3,111
2949,2026-02-17T21:18:00,HYPE,4220.17,4803.85,0.48865,29.794,29.795,0.001633,2119.63,396.51,1723.12,182,2516.14,1068.23,415.62,652.61,54,0,109
2950,2026-02-17T21:18:00,BTC,96.17,14.99,0.717801,67810.0,67811.0,1.045872,1.77,4.67,-2.9,131,6.43,0.2,0.12,0.08,22,3,109
2951,2026-02-17T21:19:00,HYPE,3844.99,4281.38,0.458476,29.782,29.785,0.00137,2789.77,218.18,2571.59,106,3007.95,5.69,644.33,-638.64,27,0,108
2952,2026-02-17T21:19:00,BTC,75.36,25.17,0.667244,67797.0,67798.0,1.027778,4.1,0.77,3.32,147,4.87,0.14,0.19,-0.05,28,2,108
2953,2026-02-17T21:20:00,HYPE,4301.68,3144.61,0.481395,29.752,29.753,0.001578,9.16,383.32,-374.16,42,392.48,5.48,66.8,-61.32,18,0,109
2954,2026-02-17T21:20:00,BTC,59.49,30.45,0.594646,67725.0,67726.0,1.394495,1.75,201.0,-199.25,450,202.75,9.71,200.12,-190.41,303,89,109
2955,2026-02-17T21:21:00,HYPE,4406.02,2675.39,0.48784,29.739,29.74,0.001333,262.84,230.46,32.38,49,493.3,5.67,59.32,-53.65,22,0,108
2956,2026-02-17T21:21:00,BTC,59.0,49.17,0.500113,67713.0,67714.0,1.037037,0.81,0.64,0.17,95,1.45,0.12,0.13,-0.02,26,0,108
2957,2026-02-17T21:22:00,HYPE,4139.29,6351.94,0.415867,29.691,29.692,0.001936,143.98,661.65,-517.67,89,805.63,5.27,70.86,-65.59,17,0,110
2958,2026-02-17T21:22:00,BTC,58.08,32.58,0.524783,67635.0,67636.0,1.218182,0.82,26.98,-26.16,380,27.8,2.12,0.13,1.99,29,12,110
2959,2026-02-17T21:23:00,HYPE,6267.35,4148.55,0.501863,29.698,29.699,0.001555,9.0,155.39,-146.39,32,164.39,12.51,69.46,-56.95,18,0,110
2960,2026-02-17T21:23:00,BTC,38.61,44.16,0.607704,67624.0,67625.0,1.036364,0.24,1.58,-1.34,105,1.82,0.12,0.13,-0.01,16,1,110
2961,2026-02-17T21:24:00,HYPE,4069.84,4020.77,0.445563,29.705,29.706,0.001518,149.63,495.36,-345.73,51,644.99,42.39,60.87,-18.48,17,0,110
2962,2026-02-17T21:24:00,BTC,46.93,44.75,0.646208,67626.0,67627.0,1.127273,0.99,4.06,-3.08,104,5.05,0.08,0.12,-0.04,23,0,110
2963,2026-02-17T21:25:00,HYPE,5454.57,3160.61,0.401628,29.676,29.677,0.001651,2509.75,7543.32,-5033.57,189,10053.07,1171.26,94.02,1077.24,39,0,109
2964,2026-02-17T21:25:00,BTC,81.27,33.35,0.505076,67595.0,67596.0,1.100917,1.77,3.09,-1.32,220,4.85,0.1,0.13,-0.03,16,1,109
2965,2026-02-17T21:26:00,HYPE,4444.7,6451.39,0.423075,29.677,29.678,0.001297,8.36,215.99,-207.63,29,224.35,5.66,67.43,-61.77,18,0,111
2966,2026-02-17T21:26:00,BTC,43.92,44.25,0.567676,67573.0,67574.0,1.189189,1.0,5.92,-4.92,155,6.92,0.11,3.1,-2.99,40,2,111
2967,2026-02-17T21:27:00,HYPE,5333.26,6366.79,0.451296,29.691,29.692,0.001389,88.0,494.27,-406.27,44,582.27,29.14,51.51,-22.37,18,0,108
2968,2026-02-17T21:27:00,BTC,53.96,27.82,0.607531,67595.0,67596.0,1.037037,2.99,0.58,2.41,92,3.58,1.87,0.12,1.75,26,2,108
2969,2026-02-17T21:28:00,HYPE,5794.44,4584.28,0.424201,29.69,29.691,0.001321,213.47,120.76,92.71,36,334.23,22.1,64.93,-42.83,16,0,109
2970,2026-02-17T21:28:00,BTC,44.75,52.18,0.672641,67600.0,67601.0,1.036697,1.7,0.25,1.45,72,1.96,0.0,0.12,-0.12,12,1,109
2971,2026-02-17T21:29:00,HYPE,5423.1,5284.09,0.471553,29.693,29.694,0.001269,17.12,70.95,-53.83,30,88.07,5.08,59.63,-54.55,16,0,108
2972,2026-02-17T21:29:00,BTC,30.06,78.63,0.50581,67600.0,67601.0,1.064815,0.26,0.43,-0.17,65,0.68,0.0,0.14,-0.14,16,0,108
2973,2026-02-17T21:30:00,HYPE,3438.81,5513.62,0.445438,29.677,29.678,0.001367,345.21,272.63,72.58,49,617.84,4.74,71.17,-66.43,13,0,109
2974,2026-02-17T21:30:01,BTC,129.94,18.88,0.585897,67560.0,67564.0,1.321101,1.53,57.03,-55.5,220,58.56,1.93,17.63,-15.7,57,37,109
2975,2026-02-17T21:31:00,HYPE,3793.71,6106.52,0.482457,29.643,29.644,0.001314,47.53,883.75,-836.22,64,931.28,5.47,557.45,-551.98,32,0,105
2976,2026-02-17T21:31:00,BTC,63.72,25.35,0.510611,67530.0,67531.0,1.038095,0.56,2.12,-1.56,190,2.68,0.0,0.12,-0.12,15,0,105
2977,2026-02-17T21:32:00,HYPE,3642.6,7494.07,0.456321,29.646,29.647,0.00175,298.49,449.49,-151.0,56,747.98,22.05,70.34,-48.29,22,0,108
2978,2026-02-17T21:32:00,BTC,70.1,37.07,0.561417,67526.0,67527.0,1.0,23.41,1.13,22.28,141,24.55,0.0,0.13,-0.13,15,7,108
2979,2026-02-17T21:33:00,HYPE,4950.17,6403.26,0.447962,29.66,29.661,0.001345,97.76,143.51,-45.75,34,241.27,5.09,71.18,-66.09,16,0,110
2980,2026-02-17T21:33:00,BTC,41.62,49.1,0.675004,67525.0,67526.0,1.027273,0.21,1.94,-1.74,66,2.15,0.0,0.13,-0.13,11,1,110
2981,2026-02-17T21:34:00,HYPE,4892.98,4381.55,0.52259,29.677,29.678,0.001367,1007.45,59.53,947.92,45,1066.98,5.67,58.38,-52.71,18,0,109
2982,2026-02-17T21:34:00,BTC,34.37,71.43,0.578711,67541.0,67542.0,1.009174,0.2,2.71,-2.5,104,2.91,0.0,0.13,-0.13,14,2,109
2983,2026-02-17T21:35:00,HYPE,5281.24,3950.7,0.475744,29.675,29.676,0.001036,114.18,62.16,52.02,24,176.34,5.09,60.24,-55.15,14,0,110
2984,2026-02-17T21:35:00,BTC,32.0,48.96,0.572803,67559.0,67560.0,1.009091,0.66,2.73,-2.07,75,3.39,0.0,0.35,-0.35,13,2,110
2985,2026-02-17T21:36:00,HYPE,5001.86,4786.07,0.553809,29.676,29.677,0.001231,8.76,153.03,-144.27,31,161.79,10.55,61.42,-50.87,17,0,108
2986,2026-02-17T21:36:00,BTC,46.26,40.64,0.572634,67561.0,67562.0,1.185185,0.53,1.82,-1.29,100,2.36,0.0,0.12,-0.12,22,1,108
2987,2026-02-17T21:37:00,HYPE,4030.88,2595.87,0.52606,29.66,29.661,0.001148,127.38,228.35,-100.97,43,355.73,4.71,52.15,-47.44,13,0,108
2988,2026-02-17T21:37:00,BTC,49.21,27.14,0.594227,67538.0,67539.0,1.074074,0.49,0.49,0.0,75,0.99,0.0,0.14,-0.14,11,0,108
2989,2026-02-17T21:38:00,HYPE,3447.63,4234.72,0.535899,29.662,29.663,0.001138,59.67,70.21,-10.54,25,129.88,5.48,68.4,-62.92,16,0,109
2990,2026-02-17T21:38:00,BTC,42.59,52.48,0.490213,67536.0,67537.0,1.0,0.36,2.2,-1.84,66,2.56,0.0,0.12,-0.12,11,1,109
2991,2026-02-17T21:39:00,HYPE,5098.76,2117.32,0.618212,29.716,29.717,0.00113,1882.52,107.14,1775.38,68,1989.66,37.04,62.98,-25.94,20,1,108
2992,2026-02-17T21:39:00,BTC,58.61,40.01,0.721755,67535.0,67536.0,1.018519,0.34,0.65,-0.31,97,0.99,0.0,0.14,-0.14,16,0,108
2993,2026-02-17T21:40:00,HYPE,4752.07,2598.6,0.561788,29.711,29.716,0.001541,266.1,176.03,90.07,38,442.13,271.7,55.96,215.74,24,0,109
2994,2026-02-17T21:40:00,BTC,57.46,48.66,0.654531,67530.0,67531.0,1.018349,2.81,6.2,-3.4,111,9.01,0.0,3.27,-3.27,21,3,109
2995,2026-02-17T21:41:00,HYPE,4028.0,3104.52,0.624763,29.762,29.763,0.001162,236.9,768.33,-531.43,87,1005.23,121.9,61.83,60.07,27,0,111
2996,2026-02-17T21:41:00,BTC,53.14,54.77,0.647707,67550.0,67551.0,1.243243,9.76,2.5,7.26,121,12.27,0.0,0.14,-0.14,13,6,111
2997,2026-02-17T21:42:00,HYPE,23082.57,1394.63,0.669395,29.794,29.795,0.00138,380.86,332.08,48.78,74,712.94,5.09,53.01,-47.92,14,0,108
2998,2026-02-17T21:42:00,BTC,82.45,31.0,0.531089,67571.0,67572.0,1.046296,3.44,0.44,3.0,91,3.88,0.0,0.12,-0.12,14,2,108
2999,2026-02-17T21:43:00,HYPE,20009.33,4385.14,0.79881,29.792,29.795,0.001239,427.37,181.79,245.58,49,609.16,129.95,124.36,5.59,24,0,109
3000,2026-02-17T21:43:00,BTC,39.41,50.68,0.584553,67570.0,67571.0,1.073394,0.19,0.28,-0.09,60,0.46,0.0,0.13,-0.13,18,0,109
3001,2026-02-17T21:44:00,HYPE,20933.57,4069.44,0.794027,29.808,29.809,0.001444,725.45,120.82,604.63,54,846.27,5.08,189.53,-184.45,26,0,108
3002,2026-02-17T21:44:00,BTC,90.91,20.26,0.567802,67566.0,67567.0,1.027778,0.58,0.24,0.33,54,0.82,0.0,0.12,-0.12,11,0,108
3003,2026-02-17T21:45:00,HYPE,6600.45,1440.39,0.792092,29.857,29.858,0.002056,3440.5,173.9,3266.6,350,3614.4,5.1,133.4,-128.3,21,0,108
3004,2026-02-17T21:45:00,BTC,75.16,34.19,0.681749,67571.0,67572.0,1.0,0.13,0.96,-0.83,52,1.08,0.0,0.13,-0.13,12,0,108
3005,2026-02-17T21:46:00,HYPE,5462.11,2610.31,0.633749,29.859,29.86,0.00178,2643.01,1926.88,716.13,379,4569.89,5.46,57.56,-52.1,16,0,109
3006,2026-02-17T21:46:00,BTC,64.13,30.72,0.618962,67584.0,67585.0,1.073394,1.42,0.8,0.62,93,2.22,0.0,0.13,-0.13,11,0,109
3007,2026-02-17T21:47:00,HYPE,21004.81,2312.56,0.745378,29.854,29.855,0.001198,978.7,457.76,520.94,71,1436.46,5.49,68.98,-63.49,18,0,111
3008,2026-02-17T21:47:00,BTC,35.13,58.84,0.466492,67550.0,67551.0,1.126126,1.45,0.71,0.74,83,2.16,0.0,0.12,-0.12,11,0,111
3009,2026-02-17T21:48:00,HYPE,8009.13,5834.45,0.844204,29.86,29.861,0.001119,406.77,329.45,77.32,54,736.22,5.1,55.41,-50.31,17,0,109
3010,2026-02-17T21:48:00,BTC,56.37,39.81,0.682614,67617.0,67618.0,1.045872,3.19,0.59,2.6,116,3.78,0.0,0.14,-0.14,12,1,109
3011,2026-02-17T21:49:00,HYPE,21889.68,5091.93,0.81372,29.845,29.848,0.001277,184.9,892.9,-708.0,42,1077.8,5.47,86.08,-80.61,18,0,112
3012,2026-02-17T21:49:00,BTC,48.42,42.25,0.588972,67636.0,67637.0,1.089286,0.89,0.99,-0.1,72,1.88,0.0,0.12,-0.12,12,1,112
3013,2026-02-17T21:50:00,HYPE,3329.34,6037.92,0.612566,29.791,29.793,0.001836,158.98,29937.03,-29778.05,213,30096.01,18204.48,92.32,18112.16,57,4,110
3014,2026-02-17T21:50:00,BTC,35.96,51.23,0.517242,67633.0,67634.0,1.236364,10.62,8.29,2.33,162,18.91,5.0,0.85,4.15,49,4,110
3015,2026-02-17T21:51:00,HYPE,3943.18,4617.44,0.372186,29.776,29.777,0.001418,8.5,441.45,-432.95,45,449.95,4.69,60.7,-56.01,17,0,110
3016,2026-02-17T21:51:00,BTC,40.67,45.59,0.444596,67587.0,67588.0,1.163636,0.91,1.67,-0.76,103,2.58,0.0,0.13,-0.13,14,0,110
3017,2026-02-17T21:52:00,HYPE,7664.5,3387.98,0.443641,29.802,29.807,0.002658,49.33,880.94,-831.61,73,930.27,65.66,59.55,6.11,19,0,111
3018,2026-02-17T21:52:00,BTC,32.19,66.93,0.652206,67609.0,67610.0,1.054054,0.49,0.17,0.31,80,0.66,0.0,0.14,-0.13,14,0,111
3019,2026-02-17T21:53:00,HYPE,3434.36,6393.32,0.472194,29.823,29.824,0.002411,340.09,157.02,183.07,46,497.11,37.97,55.85,-17.88,21,0,107
3020,2026-02-17T21:53:00,BTC,77.32,21.73,0.669332,67610.0,67611.0,1.065421,0.25,2.14,-1.89,80,2.39,0.0,0.13,-0.12,11,0,107
3021,2026-02-17T21:54:00,HYPE,3958.93,5415.76,0.410791,29.818,29.819,0.001569,31.22,143.6,-112.38,32,174.82,5.48,52.43,-46.95,17,0,109
3022,2026-02-17T21:54:00,BTC,49.7,52.93,0.479192,67602.0,67603.0,1.06422,0.1,1.43,-1.33,68,1.53,0.0,0.13,-0.13,23,1,109
3023,2026-02-17T21:55:00,HYPE,7196.74,5034.83,0.494798,29.807,29.811,0.001729,162.58,1499.3,-1336.72,77,1661.88,359.86,58.99,300.87,23,0,107
3024,2026-02-17T21:55:00,BTC,42.84,42.2,0.574507,67609.0,67610.0,1.028037,1.45,1.29,0.15,87,2.74,0.0,0.13,-0.13,14,0,107
3025,2026-02-17T21:56:00,HYPE,7065.55,4763.75,0.591114,29.83,29.831,0.001582,219.08,466.26,-247.18,65,685.34,8.27,60.41,-52.14,24,0,110
3026,2026-02-17T21:56:00,BTC,42.28,45.5,0.505839,67634.0,67635.0,1.036364,4.24,0.19,4.05,115,4.43,0.0,0.11,-0.11,17,1,110
3027,2026-02-17T21:57:00,HYPE,6808.51,5399.96,0.61301,29.85,29.851,0.001602,2475.02,376.61,2098.41,69,2851.63,5.67,326.15,-320.48,16,0,108
3028,2026-02-17T21:57:00,BTC,67.95,23.78,0.530209,67633.0,67634.0,1.009259,1.34,0.64,0.7,59,1.97,0.0,0.09,-0.09,11,0,108
3029,2026-02-17T21:58:00,HYPE,6102.17,5312.63,0.555193,29.866,29.867,0.001731,138.37,34.9,103.47,34,173.27,5.48,17.68,-12.2,20,0,108
3030,2026-02-17T21:58:00,BTC,74.36,27.08,0.562774,67636.0,67637.0,1.12963,1.23,0.21,1.02,104,1.44,0.0,0.05,-0.05,10,0,108
3031,2026-02-17T21:59:00,HYPE,6984.39,5500.33,0.541199,29.862,29.865,0.001191,33.35,33.49,-0.14,30,66.84,4.7,25.62,-20.92,16,0,110
3032,2026-02-17T21:59:00,BTC,47.18,38.17,0.652091,67658.0,67659.0,1.081818,0.62,1.14,-0.52,72,1.76,0.0,1.1,-1.1,16,0,110
3033,2026-02-17T22:00:00,HYPE,6173.3,5388.06,0.546883,29.854,29.855,0.001245,60.46,374.99,-314.53,36,435.45,5.09,15.33,-10.24,13,0,106
3034,2026-02-17T22:00:00,BTC,34.41,70.11,0.465394,67658.0,67659.0,1.0,0.46,0.21,0.24,76,0.67,0.0,0.05,-0.05,13,0,106
3035,2026-02-17T22:01:00,HYPE,3681.02,7793.71,0.55166,29.852,29.853,0.001155,282.8,2384.27,-2101.47,66,2667.07,5.48,25.62,-20.14,15,0,110
3036,2026-02-17T22:01:00,BTC,48.82,55.39,0.450738,67621.0,67622.0,1.036364,2.01,0.95,1.07,135,2.96,0.0,0.04,-0.04,10,2,110
3037,2026-02-17T22:02:00,HYPE,4058.12,4476.69,0.474704,29.858,29.859,0.001333,5198.76,1837.68,3361.08,150,7036.44,5117.58,638.63,4478.95,92,0,108
3038,2026-02-17T22:02:00,BTC,54.65,29.17,0.572711,67612.0,67613.0,1.0,0.38,0.48,-0.1,66,0.86,0.0,0.25,-0.25,26,0,108
3039,2026-02-17T22:03:00,HYPE,4033.72,4735.15,0.486274,29.862,29.863,0.00115,88.86,115.84,-26.98,37,204.7,5.1,25.63,-20.53,16,0,107
3040,2026-02-17T22:03:00,BTC,59.02,22.69,0.657432,67633.0,67634.0,1.056075,0.34,0.32,0.02,73,0.65,0.0,0.35,-0.35,34,0,107
3041,2026-02-17T22:04:00,HYPE,4124.37,4882.19,0.423402,29.86,29.861,0.00113,107.08,33.72,73.36,26,140.8,5.08,22.79,-17.71,17,0,108
3042,2026-02-17T22:04:00,BTC,74.69,22.34,0.706757,67644.0,67645.0,1.009259,0.12,0.12,0.0,54,0.23,0.0,0.04,-0.04,9,0,108
3043,2026-02-17T22:05:00,HYPE,4300.19,4952.2,0.50042,29.856,29.857,0.001151,752.99,33.43,719.56,55,786.42,5.49,23.02,-17.53,17,0,106
3044,2026-02-17T22:05:00,BTC,40.78,51.03,0.49658,67635.0,67636.0,1.028302,0.16,2.87,-2.72,61,3.03,0.0,0.05,-0.05,9,1,106
3045,2026-02-17T22:06:00,HYPE,5207.58,3617.79,0.465187,29.865,29.866,0.001092,425.46,222.71,202.75,36,648.17,5.48,34.93,-29.45,16,0,109
3046,2026-02-17T22:06:00,BTC,44.47,46.24,0.498051,67609.0,67610.0,1.018349,0.13,0.62,-0.5,68,0.75,0.0,0.04,-0.04,12,0,109
3047,2026-02-17T22:07:00,HYPE,3418.67,4087.58,0.396695,29.841,29.842,0.001234,216.24,637.53,-421.29,68,853.77,78.21,30.57,47.64,29,0,111
3048,2026-02-17T22:07:00,BTC,88.82,42.16,0.491767,67519.0,67520.0,1.153153,0.25,1.95,-1.7,198,2.2,0.0,0.05,-0.05,9,0,111
3049,2026-02-17T22:08:00,HYPE,3877.12,4988.67,0.476759,29.854,29.855,0.001886,1315.82,306.92,1008.9,49,1622.74,5.5,214.21,-208.71,17,0,105
3050,2026-02-17T22:08:00,BTC,47.89,51.53,0.595992,67541.0,67542.0,1.019048,0.18,0.22,-0.04,60,0.4,0.0,0.04,-0.04,10,0,105
3051,2026-02-17T22:09:00,HYPE,3551.15,4942.71,0.492239,29.864,29.869,0.001716,1680.88,472.65,1208.23,77,2153.53,46.84,332.22,-285.38,24,0,109
3052,2026-02-17T22:09:00,BTC,79.24,33.64,0.67398,67580.0,67581.0,1.045872,0.27,10.55,-10.27,144,10.82,0.41,10.45,-10.04,77,3,109
3053,2026-02-17T22:10:00,HYPE,4791.68,3555.22,0.504278,29.841,29.842,0.001444,315.32,125.24,190.08,46,440.56,5.49,39.05,-33.56,19,0,108
3054,2026-02-17T22:10:00,BTC,42.29,51.4,0.46212,67538.0,67539.0,1.009259,0.27,0.55,-0.28,93,0.82,0.0,0.05,-0.04,9,0,108
3055,2026-02-17T22:11:00,HYPE,4095.05,3954.87,0.527171,29.851,29.852,0.001261,61.09,69.48,-8.39,31,130.57,4.69,22.06,-17.37,15,0,111
3056,2026-02-17T22:11:00,BTC,75.28,32.11,0.667639,67540.0,67541.0,1.009009,0.18,0.68,-0.5,51,0.85,0.0,0.04,-0.04,12,0,111
3057,2026-02-17T22:12:00,HYPE,3994.2,4354.87,0.512077,29.866,29.867,0.001352,831.75,116.97,714.78,71,948.72,51.67,22.02,29.65,21,0,105
3058,2026-02-17T22:12:00,BTC,41.3,44.9,0.556109,67558.0,67559.0,1.019048,0.66,0.67,-0.01,54,1.33,0.0,0.46,-0.46,10,0,105
3059,2026-02-17T22:13:00,HYPE,6546.65,8325.94,0.436292,29.895,29.896,0.001611,3531.94,33.65,3498.29,110,3565.59,2505.44,37.65,2467.79,54,1,108
3060,2026-02-17T22:13:00,BTC,67.9,29.06,0.584669,67564.0,67565.0,1.027778,0.17,2.74,-2.57,70,2.91,0.0,0.13,-0.13,13,0,108
3061,2026-02-17T22:14:00,HYPE,2564.24,8393.31,0.321607,29.883,29.884,0.002106,26.39,997.37,-970.98,63,1023.76,52.18,22.02,30.16,16,0,104
3062,2026-02-17T22:14:00,BTC,47.62,50.97,0.489937,67549.0,67550.0,1.278846,1.04,4.61,-3.56,99,5.65,0.0,0.7,-0.7,11,2,104
3063,2026-02-17T22:15:00,HYPE,4047.53,3366.84,0.498597,29.857,29.858,0.001785,358.79,360.69,-1.9,53,719.48,5.45,22.02,-16.57,16,0,107
3064,2026-02-17T22:15:00,BTC,76.61,33.49,0.620182,67566.0,67567.0,1.056075,0.1,0.08,0.02,46,0.18,0.0,0.05,-0.05,9,0,107
3065,2026-02-17T22:16:00,HYPE,2813.58,3716.97,0.497855,29.827,29.828,0.001615,245.14,510.33,-265.19,54,755.47,275.5,22.98,252.52,27,0,109
3066,2026-02-17T22:16:00,BTC,22.43,65.81,0.32256,67512.0,67513.0,1.06422,0.12,2.24,-2.12,105,2.36,0.0,0.05,-0.05,11,1,109
3067,2026-02-17T22:17:00,HYPE,4869.44,4405.04,0.486218,29.839,29.84,0.00121,42.12,247.22,-205.1,41,289.34,73.73,22.02,51.71,18,0,105
3068,2026-02-17T22:17:00,BTC,49.38,45.35,0.587724,67530.0,67531.0,1.095238,1.79,1.31,0.48,82,3.09,0.0,0.44,-0.44,16,0,105
3069,2026-02-17T22:18:00,HYPE,4566.11,4288.16,0.509353,29.869,29.871,0.001245,25.08,106.96,-81.88,34,132.04,5.09,23.59,-18.5,20,0,106
3070,2026-02-17T22:18:00,BTC,65.32,35.15,0.562696,67561.0,67562.0,1.075472,0.2,0.07,0.12,72,0.27,0.0,0.05,-0.05,9,0,106
3071,2026-02-17T22:19:00,HYPE,4553.85,8121.14,0.414393,29.88,29.885,0.002074,470.53,200.72,269.81,48,671.25,5.04,22.02,-16.98,20,0,108
3072,2026-02-17T22:19:00,BTC,37.93,46.19,0.590551,67604.0,67605.0,1.064815,2.67,0.08,2.59,109,2.75,0.0,1.41,-1.4,12,1,108
3073,2026-02-17T22:20:00,HYPE,2835.98,7172.97,0.361831,29.887,29.888,0.001269,202.69,24.17,178.52,28,226.86,5.02,55.48,-50.46,17,0,108
3074,2026-02-17T22:20:00,BTC,57.29,34.72,0.35879,67614.0,67615.0,1.046296,2.5,0.11,2.38,80,2.61,0.0,0.05,-0.05,12,1,108
3075,2026-02-17T22:21:00,HYPE,4590.05,6714.78,0.379559,29.891,29.892,0.001559,1656.11,28.16,1627.95,30,1684.27,5.4,22.01,-16.61,16,1,111
3076,2026-02-17T22:21:00,BTC,22.3,72.79,0.514456,67647.0,67648.0,1.099099,1.6,0.26,1.34,138,1.85,0.0,0.05,-0.05,9,0,111
3077,2026-02-17T22:22:00,HYPE,3841.82,6385.52,0.361199,29.883,29.884,0.001349,8.28,36.28,-28.0,24,44.56,5.02,22.03,-17.01,16,0,109
3078,2026-02-17T22:22:00,BTC,62.03,47.45,0.360794,67616.0,67617.0,1.119266,0.99,2.08,-1.09,105,3.06,0.0,0.05,-0.04,12,1,109
3079,2026-02-17T22:23:00,HYPE,3206.51,6375.46,0.380644,29.887,29.888,0.002018,840.92,322.78,518.14,96,1163.7,192.52,169.91,22.61,27,0,110
3080,2026-02-17T22:23:00,BTC,32.9,45.16,0.449771,67582.0,67583.0,1.090909,0.18,0.41,-0.23,90,0.58,0.08,0.05,0.03,13,0,110
3081,2026-02-17T22:24:00,HYPE,4029.32,5813.09,0.38066,29.894,29.895,0.001308,231.08,138.9,92.18,43,369.98,192.12,39.07,153.05,22,0,107
3082,2026-02-17T22:24:00,BTC,47.86,30.02,0.481006,67599.0,67600.0,1.074766,1.42,0.06,1.35,77,1.48,0.07,0.37,-0.3,18,0,107
3083,2026-02-17T22:25:00,HYPE,3587.7,7629.24,0.369676,29.891,29.892,0.001255,197.03,111.55,85.48,36,308.58,192.52,72.71,119.81,25,0,106
3084,2026-02-17T22:25:00,BTC,60.64,41.76,0.63302,67634.0,67635.0,1.066038,0.26,0.13,0.14,84,0.39,0.08,0.04,0.04,21,0,106
3085,2026-02-17T22:26:00,HYPE,4056.06,3864.29,0.468676,29.85,29.851,0.001454,251.8,718.0,-466.2,102,969.8,361.07,22.62,338.45,29,0,108
3086,2026-02-17T22:26:00,BTC,33.87,51.37,0.332734,67622.0,67623.0,1.009259,0.75,0.84,-0.09,73,1.58,0.08,0.05,0.03,15,0,108
3087,2026-02-17T22:27:00,HYPE,4495.12,5369.67,0.509663,29.804,29.805,0.001718,198.83,3306.61,-3107.78,110,3505.44,648.45,39.08,609.37,30,0,110
3088,2026-02-17T22:27:00,BTC,43.81,46.08,0.542142,67644.0,67645.0,1.2,149.05,0.53,148.51,346,149.58,0.08,1.72,-1.64,26,66,110
3089,2026-02-17T22:28:00,HYPE,4191.53,4101.04,0.496939,29.826,29.83,0.00143,556.26,60.55,495.71,56,616.81,192.6,4.94,187.66,28,0,107
3090,2026-02-17T22:28:00,BTC,50.71,47.49,0.544032,67639.0,67640.0,1.130841,4.19,0.93,3.27,97,5.12,0.08,0.04,0.04,11,1,107
3091,2026-02-17T22:29:00,HYPE,4964.07,4852.87,0.5007,29.851,29.852,0.001093,362.42,10.96,351.46,31,373.38,192.58,66.8,125.78,18,0,108
3092,2026-02-17T22:29:00,BTC,69.53,11.11,0.743912,67644.0,67645.0,1.101852,0.31,0.15,0.16,66,0.46,0.07,0.05,0.03,12,0,108
3093,2026-02-17T22:30:00,HYPE,4238.71,3991.71,0.547481,29.867,29.868,0.001083,325.17,19.95,305.22,35,345.12,192.6,4.93,187.67,19,0,109
3094,2026-02-17T22:30:00,BTC,67.76,37.96,0.796679,67684.0,67685.0,1.155963,0.31,0.44,-0.13,142,0.74,0.09,0.05,0.04,35,0,109
3095,2026-02-17T22:31:00,HYPE,2525.68,5107.62,0.386709,29.835,29.838,0.002606,391.76,90.62,301.14,64,482.38,192.13,22.06,170.07,31,0,109
3096,2026-02-17T22:31:00,BTC,74.12,33.03,0.696148,67700.0,67701.0,1.110092,3.87,0.55,3.32,184,4.42,0.07,0.19,-0.12,12,1,109
3097,2026-02-17T22:32:00,HYPE,5076.37,5643.36,0.417891,29.824,29.825,0.001467,195.58,204.93,-9.35,42,400.51,192.21,99.5,92.71,23,0,105
3098,2026-02-17T22:32:00,BTC,38.5,65.47,0.553929,67688.0,67689.0,1.057143,0.15,0.13,0.02,52,0.28,0.09,0.05,0.04,13,0,105
3099,2026-02-17T22:33:00,HYPE,4088.32,3302.14,0.524699,29.843,29.844,0.001324,604.82,1462.12,-857.3,98,2066.94,613.06,660.67,-47.61,38,0,111
3100,2026-02-17T22:33:00,BTC,68.86,38.09,0.651997,67712.0,67713.0,1.036036,0.79,7.64,-6.86,123,8.43,0.15,6.05,-5.9,63,1,111
3101,2026-02-17T22:34:00,HYPE,3526.98,4211.16,0.471751,29.827,29.828,0.001477,209.18,999.06,-789.88,71,1208.24,289.82,660.67,-370.85,47,0,107
3102,2026-02-17T22:34:00,BTC,37.06,74.08,0.432126,67712.0,67713.0,1.0,0.18,9.86,-9.68,46,10.04,0.0,0.04,-0.04,9,2,107
3103,2026-02-17T22:35:00,HYPE,3598.71,4501.26,0.50123,29.797,29.798,0.001519,207.63,1037.24,-829.61,73,1244.87,283.36,660.68,-377.32,50,0,106
3104,2026-02-17T22:35:00,BTC,50.97,46.0,0.548159,67688.0,67689.0,1.018868,0.1,16.37,-16.28,81,16.47,0.0,0.05,-0.05,10,5,106
3105,2026-02-17T22:36:00,HYPE,3476.1,3759.22,0.511798,29.788,29.793,0.00138,214.93,662.84,-447.91,59,877.77,243.36,660.68,-417.32,52,0,108
3106,2026-02-17T22:36:00,BTC,31.54,45.12,0.633347,67699.0,67700.0,1.0,0.29,0.24,0.05,52,0.53,0.0,0.04,-0.04,9,0,108
3107,2026-02-17T22:37:00,HYPE,7358.2,2705.42,0.488299,29.799,29.8,0.001509,663.29,1156.79,-493.5,95,1820.08,192.6,660.67,-468.07,42,0,110
3108,2026-02-17T22:37:00,BTC,89.8,22.13,0.665626,67760.0,67761.0,1.172727,7.85,4.16,3.69,242,12.02,0.0,0.12,-0.12,10,6,110
3109,2026-02-17T22:38:00,HYPE,4972.33,3557.21,0.522865,29.776,29.779,0.001802,290.84,793.12,-502.28,78,1083.96,324.12,684.65,-360.53,59,0,111
3110,2026-02-17T22:38:00,BTC,73.71,23.91,0.669698,67754.0,67755.0,1.135135,2.4,1.43,0.98,115,3.83,0.0,0.04,-0.04,10,1,111
3111,2026-02-17T22:39:00,HYPE,4132.86,2606.68,0.508323,29.76,29.766,0.002174,287.24,1058.06,-770.82,92,1345.3,308.05,694.01,-385.96,62,0,109
3112,2026-02-17T22:39:00,BTC,90.46,81.35,0.597749,67716.0,67717.0,1.110092,3.78,1.49,2.3,201,5.27,0.0,0.44,-0.44,12,0,109
3113,2026-02-17T22:40:00,HYPE,5348.56,4104.07,0.546957,29.723,29.724,0.001679,197.01,4002.8,-3805.79,143,4199.81,606.66,3160.68,-2554.02,100,0,112
3114,2026-02-17T22:40:00,BTC,37.29,42.95,0.635621,67698.0,67699.0,1.044643,0.26,0.65,-0.39,69,0.91,0.02,0.05,-0.03,10,0,112
3115,2026-02-17T22:41:00,HYPE,4474.7,3529.78,0.530083,29.726,29.727,0.001745,3475.24,943.16,2532.08,127,4418.4,192.59,1066.86,-874.27,49,0,110
3116,2026-02-17T22:41:00,BTC,65.14,27.62,0.670496,67725.0,67726.0,1.127273,0.21,0.32,-0.11,78,0.53,0.0,0.04,-0.04,14,0,110
3117,2026-02-17T22:42:00,HYPE,4872.54,3687.06,0.568213,29.712,29.713,0.002355,2236.69,684.57,1552.12,106,2921.26,191.81,1272.85,-1081.04,49,0,107
3118,2026-02-17T22:42:00,BTC,26.19,44.45,0.55929,67662.0,67663.0,1.271028,0.26,0.63,-0.37,127,0.89,0.0,0.06,-0.05,21,0,107
3119,2026-02-17T22:43:00,HYPE,1597.85,4920.69,0.566425,29.68,29.681,0.001519,209.23,10696.94,-10487.71,166,10906.17,1410.31,10660.67,-9250.36,165,0,108
3120,2026-02-17T22:43:00,BTC,43.98,42.16,0.617547,67650.0,67651.0,1.018519,0.31,1.81,-1.5,87,2.12,0.01,0.05,-0.04,12,1,108
3121,2026-02-17T22:44:00,HYPE,3653.28,3738.17,0.457156,29.661,29.663,0.002455,1276.01,2313.42,-1037.41,129,3589.43,440.2,967.1,-526.9,41,0,110
3122,2026-02-17T22:44:00,BTC,69.87,51.08,0.559116,67603.0,67604.0,1.0,0.31,8.8,-8.49,172,9.11,0.01,0.17,-0.17,19,4,110
3123,2026-02-17T22:45:00,HYPE,3786.69,3863.47,0.47514,29.664,29.665,0.002542,200.82,957.34,-756.52,67,1158.16,237.53,910.68,-673.15,55,0,107
3124,2026-02-17T22:45:00,BTC,84.39,72.5,0.628382,67605.0,67606.0,1.280374,31.97,2.71,29.26,178,34.67,0.15,29.26,-29.11,50,8,107
3125,2026-02-17T22:46:00,HYPE,3971.63,5086.35,0.425661,29.658,29.659,0.001973,232.45,700.06,-467.61,77,932.51,209.98,660.67,-450.69,61,0,110
3126,2026-02-17T22:46:00,BTC,67.95,33.38,0.556263,67579.0,67580.0,1.018182,0.57,0.82,-0.24,111,1.39,0.01,0.04,-0.04,20,0,110
3127,2026-02-17T22:47:00,HYPE,8384.9,4161.94,0.605404,29.699,29.7,0.002387,4662.31,1935.07,2727.24,147,6597.38,235.57,1208.19,-972.62,48,0,106
3128,2026-02-17T22:47:00,BTC,77.22,31.88,0.634235,67581.0,67582.0,1.141509,1.35,0.28,1.06,97,1.63,0.1,0.05,0.05,14,1,106
3129,2026-02-17T22:48:00,HYPE,5224.92,2808.8,0.632096,29.653,29.654,0.002131,1103.56,5581.67,-4478.11,122,6685.23,742.08,778.19,-36.11,53,1,107
3130,2026-02-17T22:48:00,BTC,52.09,31.92,0.598685,67604.0,67605.0,1.252336,1.83,0.42,1.41,113,2.26,0.01,0.05,-0.04,12,0,107
3131,2026-02-17T22:49:00,HYPE,4739.23,4709.32,0.501314,29.648,29.649,0.001953,1600.61,1681.24,-80.63,120,3281.85,191.8,965.73,-773.93,37,0,106
3132,2026-02-17T22:49:00,BTC,50.55,56.9,0.557952,67585.0,67586.0,1.216981,3.49,1.61,1.89,94,5.1,0.01,0.05,-0.04,12,3,106
3133,2026-02-17T22:50:00,HYPE,4960.06,3433.48,0.559889,29.639,29.64,0.001575,244.26,678.19,-433.93,47,922.45,464.35,664.07,-199.72,36,0,106
3134,2026-02-17T22:50:00,BTC,67.32,37.53,0.563696,67561.0,67562.0,1.056604,0.21,1.01,-0.8,92,1.22,0.01,0.04,-0.04,14,1,106
3135,2026-02-17T22:51:00,HYPE,5821.85,3748.55,0.587545,29.633,29.634,0.002234,398.35,745.68,-347.33,73,1144.03,192.58,692.34,-499.76,58,0,107
3136,2026-02-17T22:51:00,BTC,83.26,26.85,0.800484,67594.0,67595.0,1.018692,0.79,0.26,0.54,80,1.05,0.01,0.05,-0.04,17,1,107
3137,2026-02-17T22:52:00,HYPE,5028.85,4344.1,0.519702,29.616,29.617,0.001706,212.01,5648.53,-5436.52,196,5860.54,796.39,5585.68,-4789.29,186,0,109
3138,2026-02-17T22:52:00,BTC,53.33,35.43,0.569606,67580.0,67581.0,1.0,6.84,0.7,6.14,80,7.53,0.01,0.05,-0.04,20,4,109
3139,2026-02-17T22:53:00,HYPE,4862.78,4420.6,0.501176,29.619,29.62,0.001398,2449.61,1446.3,1003.31,105,3895.91,728.3,2931.17,-2202.87,84,0,108
3140,2026-02-17T22:53:00,BTC,63.92,39.45,0.656405,67560.0,67561.0,1.027778,1.52,0.52,1.0,88,2.04,0.01,0.08,-0.07,13,1,108
3141,2026-02-17T22:54:00,HYPE,4335.95,4660.08,0.493995,29.562,29.564,0.001459,348.22,4240.08,-3891.86,520,4588.3,357.06,1089.47,-732.41,152,0,109
3142,2026-02-17T22:54:00,BTC,101.49,15.71,0.657841,67518.0,67519.0,1.220183,0.43,16.46,-16.04,356,16.89,0.26,6.89,-6.62,51,8,109
3143,2026-02-17T22:55:00,HYPE,5099.38,3208.99,0.568881,29.594,29.595,0.002248,1459.65,1408.83,50.82,126,2868.48,373.75,1402.7,-1028.95,69,0,109
3144,2026-02-17T22:55:00,BTC,86.53,22.63,0.665514,67583.0,67584.0,1.247706,0.95,0.52,0.42,147,1.47,0.01,0.4,-0.39,14,0,109
3145,2026-02-17T22:56:00,HYPE,4754.98,3475.44,0.61541,29.582,29.583,0.002374,405.21,1485.26,-1080.05,107,1890.47,431.81,1333.62,-901.81,82,0,107
3146,2026-02-17T22:56:00,BTC,34.99,55.26,0.625342,67542.0,67543.0,1.084112,10.04,1.18,8.86,117,11.21,0.02,0.05,-0.02,18,4,107
3147,2026-02-17T22:57:00,HYPE,3582.21,4179.89,0.577288,29.557,29.563,0.002266,236.13,1546.24,-1310.11,110,1782.37,436.58,1315.76,-879.18,86,0,109
3148,2026-02-17T22:57:00,BTC,62.15,51.56,0.517415,67519.0,67520.0,1.036697,1.12,4.12,-3.0,94,5.25,0.01,0.05,-0.04,17,4,109
3149,2026-02-17T22:58:00,HYPE,6870.55,3798.41,0.665291,29.552,29.553,0.002421,246.07,2900.84,-2654.77,217,3146.91,413.04,1815.78,-1402.74,129,0,107
3150,2026-02-17T22:58:00,BTC,91.25,30.58,0.677405,67503.0,67504.0,1.018692,0.1,13.68,-13.58,111,13.78,1.59,0.05,1.55,17,7,107
3151,2026-02-17T22:59:00,HYPE,5861.8,3463.05,0.622512,29.566,29.567,0.002486,291.73,1454.94,-1163.21,103,1746.67,266.06,1315.74,-1049.68,66,0,107
3152,2026-02-17T22:59:00,BTC,58.47,38.13,0.764734,67523.0,67524.0,1.009346,0.19,2.28,-2.09,82,2.47,0.01,0.05,-0.04,15,0,107
3153,2026-02-17T23:00:00,HYPE,6073.22,3076.78,0.612631,29.547,29.548,0.001602,332.69,1455.34,-1122.65,106,1788.03,249.55,1342.09,-1092.54,68,0,108
3154,2026-02-17T23:00:00,BTC,19.37,128.69,0.725265,67516.0,67517.0,1.0,0.43,7.99,-7.57,111,8.42,0.24,0.05,0.19,22,6,108
3155,2026-02-17T23:01:00,HYPE,5074.84,3301.92,0.561368,29.489,29.49,0.001927,265.04,5913.02,-5647.98,481,6178.06,632.25,3850.18,-3217.93,206,0,109
3156,2026-02-17T23:01:00,BTC,88.97,8.83,0.519942,67491.0,67492.0,1.027523,2.23,5.32,-3.08,199,7.55,0.01,0.24,-0.24,20,4,109
3157,2026-02-17T23:02:00,HYPE,4538.7,8301.86,0.48804,29.463,29.464,0.001468,330.26,2003.16,-1672.9,295,2333.42,242.2,1316.92,-1074.72,124,0,111
3158,2026-02-17T23:02:00,BTC,85.48,21.41,0.558821,67455.0,67456.0,1.252252,1.76,5.57,-3.81,300,7.34,0.41,0.05,0.35,23,2,111
3159,2026-02-17T23:03:00,HYPE,6439.66,5641.78,0.445238,29.446,29.447,0.002,6287.86,3390.5,2897.36,299,9678.36,273.28,1814.31,-1541.03,89,1,109
3160,2026-02-17T23:03:00,BTC,55.18,39.56,0.575581,67460.0,67461.0,1.146789,29.76,12.3,17.47,318,42.06,0.72,0.98,-0.26,27,21,109
3161,2026-02-17T23:04:00,HYPE,4108.25,3223.14,0.513274,29.486,29.487,0.001607,7964.44,680.32,7284.12,141,8644.76,363.71,1456.46,-1092.75,65,2,107
3162,2026-02-17T23:04:01,BTC,66.53,41.32,0.637169,67505.0,67506.0,1.084112,8.41,1.73,6.68,189,10.15,0.01,0.66,-0.66,19,3,107
3163,2026-02-17T23:05:00,HYPE,7655.87,2701.21,0.485751,29.455,29.456,0.001581,357.62,1686.32,-1328.7,107,2043.94,211.15,705.83,-494.68,61,0,105
3164,2026-02-17T23:05:00,BTC,95.61,35.44,0.528729,67476.0,67477.0,1.047619,0.17,2.19,-2.02,79,2.36,0.12,0.05,0.07,17,1,105
3165,2026-02-17T23:06:00,HYPE,5633.52,7050.25,0.413828,29.48,29.481,0.001733,6765.38,931.04,5834.34,166,7696.42,192.2,1597.66,-1405.46,53,1,105
3166,2026-02-17T23:06:00,BTC,95.71,9.15,0.585845,67502.0,67503.0,1.047619,1.27,0.84,0.42,105,2.11,0.01,0.05,-0.04,13,1,105
3167,2026-02-17T23:07:00,HYPE,5675.33,4671.52,0.525073,29.492,29.493,0.001243,7260.5,677.78,6582.72,141,7938.28,278.16,694.78,-416.62,34,1,107
3168,2026-02-17T23:07:00,BTC,56.61,53.58,0.632509,67522.0,67523.0,1.11215,3.08,1.41,1.67,148,4.48,0.01,0.27,-0.26,18,1,107
3169,2026-02-17T23:08:00,HYPE,5614.58,12315.98,0.500323,29.475,29.476,0.001843,1014.52,891.45,123.07,111,1905.97,192.6,1096.87,-904.27,64,0,108
3170,2026-02-17T23:08:00,BTC,33.16,156.2,0.551065,67514.0,67515.0,1.305556,1.47,0.4,1.07,127,1.87,0.01,0.16,-0.16,16,0,108
3171,2026-02-17T23:09:00,HYPE,6633.32,3678.18,0.490572,29.442,29.443,0.001269,257.51,1013.29,-755.78,76,1270.8,192.19,536.19,-344.0,40,0,108
3172,2026-02-17T23:09:00,BTC,36.28,45.58,0.473916,67401.0,67402.0,1.203704,1.53,122.4,-120.87,540,123.94,4.39,0.05,4.34,26,54,108
3173,2026-02-17T23:10:00,HYPE,6679.46,8714.35,0.467544,29.472,29.48,0.002413,1854.3,1663.77,190.53,190,3518.07,1192.0,764.63,427.37,97,0,109
3174,2026-02-17T23:10:00,BTC,51.24,30.33,0.583777,67428.0,67429.0,1.220183,2.94,7.11,-4.17,318,10.05,0.41,0.3,0.11,41,1,109
3175,2026-02-17T23:11:00,HYPE,4679.94,4342.23,0.470735,29.482,29.483,0.002514,5225.0,994.53,4230.47,163,6219.53,190.99,951.8,-760.81,56,0,107
3176,2026-02-17T23:11:00,BTC,32.99,40.74,0.471525,67429.0,67430.0,1.336449,3.11,1.66,1.46,190,4.77,0.01,0.09,-0.08,33,1,107
3177,2026-02-17T23:12:00,HYPE,4766.93,11033.92,0.364844,29.472,29.473,0.002157,276.38,559.02,-282.64,69,835.4,191.39,375.18,-183.79,44,0,108
3178,2026-02-17T23:12:00,BTC,26.96,43.79,0.472211,67417.0,67418.0,1.194444,1.31,3.52,-2.21,156,4.83,0.44,0.3,0.14,37,1,108
3179,2026-02-17T23:13:00,HYPE,4203.21,7822.2,0.371477,29.486,29.487,0.00167,17436.72,3545.94,13890.78,174,20982.66,191.0,532.5,-341.5,43,5,109
3180,2026-02-17T23:13:00,BTC,45.97,34.01,0.585406,67400.0,67401.0,1.275229,0.1,0.96,-0.86,130,1.06,0.01,0.08,-0.08,34,0,109
3181,2026-02-17T23:14:00,HYPE,7005.39,6220.8,0.470145,29.49,29.497,0.001701,1456.52,374.35,1082.17,85,1830.87,191.38,674.0,-482.62,36,0,107
3182,2026-02-17T23:14:00,BTC,75.88,27.55,0.587951,67420.0,67421.0,1.009346,0.38,0.52,-0.14,87,0.9,0.01,0.07,-0.06,21,0,107
3183,2026-02-17T23:15:00,HYPE,7441.29,3338.4,0.572976,29.501,29.502,0.001147,2261.67,130.42,2131.25,55,2392.09,191.0,129.16,61.84,20,1,109
3184,2026-02-17T23:15:00,BTC,140.34,10.16,0.5344,67434.0,67435.0,1.110092,1.15,2.74,-1.58,118,3.89,0.01,0.05,-0.04,14,1,109
3185,2026-02-17T23:16:00,HYPE,5162.48,3283.08,0.652848,29.518,29.519,0.001413,1241.13,145.3,1095.83,77,1386.43,191.0,129.16,61.84,23,0,109
3186,2026-02-17T23:16:00,BTC,33.6,49.81,0.550916,67448.0,67449.0,1.055046,3.76,0.25,3.51,143,4.01,0.01,0.27,-0.26,16,0,109
3187,2026-02-17T23:17:00,HYPE,4363.32,3167.1,0.604851,29.548,29.549,0.0014,769.21,279.87,489.34,98,1049.08,191.39,216.11,-24.72,27,0,110
3188,2026-02-17T23:17:00,BTC,35.17,35.55,0.643587,67527.0,67528.0,1.081818,6.41,1.24,5.17,215,7.66,0.01,0.84,-0.84,17,2,110
3189,2026-02-17T23:18:00,HYPE,6552.69,4593.2,0.627404,29.557,29.558,0.00116,972.57,349.02,623.55,84,1321.59,190.61,214.56,-23.95,30,0,106
3190,2026-02-17T23:18:00,BTC,95.48,19.66,0.533698,67534.0,67535.0,1.188679,3.94,0.71,3.22,154,4.65,0.01,0.39,-0.38,14,1,106
3191,2026-02-17T23:19:00,HYPE,3522.84,3749.96,0.552241,29.564,29.565,0.00108,495.81,154.92,340.89,57,650.73,263.24,173.65,89.59,38,0,112
3192,2026-02-17T23:19:00,BTC,37.65,49.01,0.476394,67531.0,67532.0,1.116071,0.65,0.15,0.5,115,0.79,0.01,0.05,-0.04,14,0,112
3193,2026-02-17T23:20:00,HYPE,4482.22,4282.77,0.583676,29.557,29.558,0.001174,305.49,275.06,30.43,47,580.55,191.0,129.94,61.06,25,0,109
3194,2026-02-17T23:20:00,BTC,26.91,55.65,0.629569,67537.0,67538.0,1.036697,0.07,0.12,-0.05,58,0.19,0.01,0.05,-0.04,11,0,109
3195,2026-02-17T23:21:00,HYPE,4639.41,3072.96,0.595272,29.598,29.599,0.001283,1077.69,568.41,509.28,99,1646.1,192.59,130.91,61.68,32,0,106
3196,2026-02-17T23:21:00,BTC,54.39,34.09,0.6153,67541.0,67542.0,1.0,0.03,0.1,-0.08,38,0.13,0.01,0.05,-0.04,15,0,106
3197,2026-02-17T23:22:00,HYPE,5320.99,4740.83,0.520581,29.616,29.617,0.001477,2397.57,410.54,1987.03,131,2808.11,1880.32,587.67,1292.65,70,0,109
3198,2026-02-17T23:22:00,BTC,31.94,38.19,0.533126,67551.0,67552.0,1.036697,8.94,0.23,8.71,141,9.17,0.59,0.36,0.23,18,3,109
3199,2026-02-17T23:23:00,HYPE,3857.47,5554.42,0.520794,29.623,29.624,0.001075,489.65,142.57,347.08,62,632.22,191.2,129.16,62.04,18,0,106
3200,2026-02-17T23:23:00,BTC,10.44,78.67,0.562843,67580.0,67581.0,1.103774,1.94,7.35,-5.41,210,9.29,3.08,0.05,3.03,25,2,106
3201,2026-02-17T23:24:00,HYPE,4523.66,4784.76,0.429402,29.587,29.588,0.001569,265.59,594.86,-329.27,59,860.45,191.87,129.16,62.71,24,0,109
3202,2026-02-17T23:24:00,BTC,41.88,32.33,0.423996,67537.0,67538.0,1.036697,0.53,0.21,0.33,72,0.74,0.01,0.05,-0.04,16,0,109
3203,2026-02-17T23:25:00,HYPE,8111.07,5183.15,0.456366,29.598,29.599,0.001457,333.92,181.31,152.61,53,515.23,257.57,129.17,128.4,37,0,105
3204,2026-02-17T23:25:00,BTC,137.25,13.97,0.400089,67540.0,67541.0,1.019048,1.63,3.31,-1.69,113,4.94,0.01,0.05,-0.04,22,2,105
3205,2026-02-17T23:26:00,HYPE,4117.65,3199.78,0.477693,29.602,29.603,0.001352,1127.94,260.98,866.96,79,1388.92,226.5,129.15,97.35,25,0,108
3206,2026-02-17T23:26:00,BTC,73.89,31.95,0.481841,67526.0,67527.0,1.064815,0.1,1.84,-1.74,170,1.94,0.01,0.04,-0.03,19,1,108
3207,2026-02-17T23:27:00,HYPE,6694.95,4299.25,0.543751,29.626,29.627,0.001156,333.24,302.17,31.07,64,635.41,295.57,129.16,166.41,34,0,109
3208,2026-02-17T23:27:00,BTC,48.35,25.07,0.608645,67543.0,67544.0,1.0,0.26,0.5,-0.25,62,0.76,0.01,0.05,-0.05,15,0,109
3209,2026-02-17T23:28:00,HYPE,4848.2,4545.27,0.451739,29.582,29.583,0.001259,2846.54,241.44,2605.1,95,3087.98,2694.82,581.85,2112.97,66,0,108
3210,2026-02-17T23:28:00,BTC,57.37,28.56,0.42388,67463.0,67464.0,1.157407,0.3,2.54,-2.23,159,2.84,0.01,0.05,-0.04,19,1,108
3211,2026-02-17T23:29:00,HYPE,4392.03,3841.0,0.519847,29.581,29.582,0.001291,231.97,130.42,101.55,40,362.39,192.35,139.3,53.05,29,0,110
3212,2026-02-17T23:29:00,BTC,32.42,53.14,0.523613,67423.0,67424.0,1.172727,1.26,1.8,-0.54,148,3.06,0.01,0.05,-0.04,16,1,110
3213,2026-02-17T23:30:00,HYPE,5727.56,5418.04,0.532792,29.552,29.553,0.001264,256.24,8156.93,-7900.69,132,8413.17,1413.43,129.15,1284.28,29,0,106
3214,2026-02-17T23:30:00,BTC,26.69,44.63,0.576285,67418.0,67419.0,1.04717,0.55,2.99,-2.43,101,3.54,0.01,0.06,-0.06,17,3,106
3215,2026-02-17T23:31:00,HYPE,5649.88,3812.39,0.479812,29.535,29.536,0.001927,607.65,1352.12,-744.47,97,1959.77,477.79,129.17,348.62,35,0,110
3216,2026-02-17T23:31:00,BTC,39.57,30.8,0.532968,67392.0,67393.0,1.027273,0.59,2.67,-2.08,245,3.26,0.01,0.05,-0.04,16,1,110
3217,2026-02-17T23:32:00,HYPE,5423.94,4105.03,0.501335,29.576,29.577,0.00138,437.39,134.92,302.47,66,572.31,248.79,129.16,119.63,41,0,108
3218,2026-02-17T23:32:00,BTC,60.65,27.51,0.716745,67421.0,67422.0,1.018519,0.88,2.31,-1.44,90,3.19,0.01,0.05,-0.04,13,1,108
3219,2026-02-17T23:33:00,HYPE,4749.42,6582.63,0.469916,29.564,29.565,0.001215,318.31,132.51,185.8,45,450.82,192.36,129.17,63.19,25,0,107
3220,2026-02-17T23:33:00,BTC,37.4,38.8,0.555682,67413.0,67414.0,1.028037,0.76,1.07,-0.31,76,1.83,0.01,0.04,-0.03,18,1,107
3221,2026-02-17T23:34:00,HYPE,2955.35,7530.35,0.392254,29.547,29.548,0.001459,447.31,243.95,203.36,71,691.26,192.95,129.16,63.79,30,0,109
3222,2026-02-17T23:34:00,BTC,19.89,42.23,0.606596,67399.0,67400.0,1.137615,5.12,1.48,3.65,153,6.6,0.01,0.06,-0.05,16,1,109
3223,2026-02-17T23:35:00,HYPE,4523.05,4999.81,0.485284,29.552,29.553,0.002037,261.27,296.57,-35.3,42,557.84,191.58,129.15,62.43,21,0,108
3224,2026-02-17T23:35:00,BTC,115.71,15.61,0.669109,67435.0,67436.0,1.046296,1.46,4.36,-2.9,112,5.82,0.01,0.05,-0.04,21,3,108
3225,2026-02-17T23:36:00,HYPE,4467.25,4116.7,0.496415,29.561,29.562,0.001241,329.03,199.21,129.82,41,528.24,192.35,129.17,63.18,20,0,108
3226,2026-02-17T23:36:00,BTC,53.47,28.41,0.573434,67453.0,67454.0,1.12963,3.77,0.17,3.6,142,3.94,0.01,0.27,-0.27,17,1,108
3227,2026-02-17T23:37:00,HYPE,4478.91,4719.48,0.438335,29.569,29.57,0.001296,233.24,134.61,98.63,50,367.85,195.35,129.16,66.19,29,0,108
3228,2026-02-17T23:37:00,BTC,101.91,22.21,0.709924,67481.0,67482.0,1.009259,0.88,2.75,-1.87,92,3.63,0.01,0.27,-0.26,17,1,108
3229,2026-02-17T23:38:00,HYPE,3293.8,3278.52,0.451255,29.575,29.576,0.001174,289.09,209.63,79.46,66,498.72,196.7,129.16,67.54,29,0,109
3230,2026-02-17T23:38:00,BTC,33.79,46.87,0.592119,67503.0,67504.0,1.036697,0.43,1.91,-1.48,110,2.34,0.01,0.04,-0.04,16,2,109
3231,2026-02-17T23:39:00,HYPE,4466.36,3373.3,0.454406,29.512,29.513,0.001991,233.62,4712.79,-4479.17,161,4946.41,1158.2,129.16,1029.04,44,0,110
3232,2026-02-17T23:39:00,BTC,65.26,18.87,0.486467,67442.0,67443.0,1.190909,0.88,0.89,-0.01,106,1.77,0.01,0.05,-0.04,17,0,110
3233,2026-02-17T23:40:00,HYPE,5064.47,5532.93,0.500212,29.523,29.531,0.001413,355.31,247.04,108.27,69,602.35,209.61,129.16,80.45,29,0,109
3234,2026-02-17T23:40:00,BTC,127.21,143.5,0.586949,67449.0,67450.0,1.0,0.09,114.82,-114.73,128,114.91,0.01,0.07,-0.06,19,40,109
3235,2026-02-17T23:41:00,HYPE,2924.04,3879.87,0.516176,29.554,29.555,0.001173,519.44,131.44,388.0,57,650.88,191.96,172.55,19.41,27,0,110
3236,2026-02-17T23:41:00,BTC,73.17,17.74,0.734354,67488.0,67489.0,1.090909,7.13,15.8,-8.67,151,22.93,0.01,0.27,-0.26,22,10,110
3237,2026-02-17T23:42:00,HYPE,4727.33,5372.84,0.517568,29.564,29.565,0.001552,259.34,173.17,86.17,66,432.51,284.02,168.1,115.92,37,0,105
3238,2026-02-17T23:42:00,BTC,36.5,74.85,0.53053,67497.0,67498.0,1.180952,7.64,7.6,0.04,100,15.24,0.01,0.04,-0.04,20,7,105
3239,2026-02-17T23:43:00,HYPE,3719.33,4458.06,0.501193,29.57,29.571,0.001376,562.84,196.38,366.46,66,759.22,192.35,215.77,-23.42,33,0,109
3240,2026-02-17T23:43:00,BTC,61.16,19.34,0.56479,67469.0,67470.0,1.009174,1.96,1.14,0.82,107,3.11,0.01,0.05,-0.04,15,1,109
3241,2026-02-17T23:44:00,HYPE,4504.46,5963.97,0.46419,29.585,29.59,0.001406,575.15,196.81,378.34,65,771.96,192.35,164.28,28.07,29,0,106
3242,2026-02-17T23:44:00,BTC,54.01,33.46,0.68121,67495.0,67496.0,1.028302,4.72,0.66,4.06,84,5.39,0.01,0.05,-0.04,13,3,106
3243,2026-02-17T23:45:00,HYPE,4373.64,4903.79,0.399496,29.592,29.594,0.001131,420.36,192.81,227.55,65,613.17,191.97,220.53,-28.56,32,0,107
3244,2026-02-17T23:45:00,BTC,128.33,17.29,0.604852,67504.0,67505.0,1.046729,4.81,3.83,0.98,91,8.64,0.01,0.09,-0.08,18,5,107
3245,2026-02-17T23:46:00,HYPE,3080.53,4701.32,0.446472,29.599,29.6,0.00138,704.59,525.78,178.81,84,1230.37,191.95,173.97,17.98,28,0,108
3246,2026-02-17T23:46:00,BTC,48.49,37.72,0.561298,67505.0,67506.0,1.037037,5.29,0.15,5.14,126,5.44,2.97,0.05,2.92,25,2,108
3247,2026-02-17T23:47:00,HYPE,3793.21,4868.68,0.432396,29.586,29.587,0.001736,208.51,489.04,-280.53,73,697.55,335.88,175.06,160.82,42,0,110
3248,2026-02-17T23:47:00,BTC,48.17,38.43,0.510676,67503.0,67504.0,1.018182,0.03,3.17,-3.14,67,3.2,0.01,3.01,-3.01,25,1,110
3249,2026-02-17T23:48:00,HYPE,5448.71,5322.43,0.471259,29.603,29.604,0.00125,336.09,187.91,148.18,61,524.0,192.35,129.15,63.2,36,0,108
3250,2026-02-17T23:48:00,BTC,74.0,20.46,0.683026,67521.0,67522.0,1.0,6.36,0.19,6.17,98,6.55,0.01,0.04,-0.04,14,3,108
3251,2026-02-17T23:49:00,HYPE,2798.56,3370.74,0.450253,29.584,29.589,0.001736,837.74,794.93,42.81,93,1632.67,451.0,129.55,321.45,36,0,110
3252,2026-02-17T23:49:00,BTC,36.18,38.87,0.590606,67517.0,67518.0,1.118182,4.52,0.98,3.54,138,5.49,0.01,0.17,-0.16,16,2,110
3253,2026-02-17T23:50:00,HYPE,2634.08,3210.2,0.463107,29.557,29.558,0.001533,204.07,371.31,-167.24,63,575.38,191.97,181.17,10.8,34,0,107
3254,2026-02-17T23:50:00,BTC,104.26,20.61,0.740764,67501.0,67502.0,1.214953,5.39,0.75,4.65,144,6.14,0.01,0.04,-0.04,14,4,107
3255,2026-02-17T23:51:00,HYPE,3617.63,5490.13,0.499223,29.559,29.56,0.001609,205.6,130.86,74.74,36,336.46,191.95,129.16,62.79,23,0,110
3256,2026-02-17T23:51:00,BTC,58.78,26.13,0.632175,67505.0,67506.0,1.0,6.17,0.06,6.11,52,6.23,0.01,0.05,-0.04,16,5,110
3257,2026-02-17T23:52:00,HYPE,4423.94,4146.71,0.468551,29.562,29.564,0.001725,212.17,137.14,75.03,41,349.31,191.97,202.33,-10.36,29,0,109
3258,2026-02-17T23:52:00,BTC,86.75,20.96,0.644928,67508.0,67509.0,1.018349,3.55,0.38,3.17,64,3.93,0.01,0.05,-0.04,18,2,109
3259,2026-02-17T23:53:00,HYPE,4934.09,2998.79,0.492459,29.609,29.61,0.001615,350.03,192.18,157.85,73,542.21,209.05,129.17,79.88,29,0,109
3260,2026-02-17T23:53:00,BTC,61.14,28.04,0.645752,67546.0,67547.0,1.220183,22.89,0.75,22.14,208,23.64,0.01,0.05,-0.04,16,8,109
3261,2026-02-17T23:54:00,HYPE,3199.88,5567.37,0.440951,29.608,29.609,0.001422,259.78,158.21,101.57,51,417.99,254.45,129.16,125.29,32,0,109
3262,2026-02-17T23:54:00,BTC,56.17,33.01,0.508898,67504.0,67505.0,1.027523,0.03,6.28,-6.25,83,6.31,0.01,0.05,-0.04,17,2,109
3263,2026-02-17T23:55:00,HYPE,4454.07,4210.76,0.39318,29.59,29.591,0.00125,197.03,288.23,-91.2,51,485.26,192.36,129.16,63.2,22,0,108
3264,2026-02-17T23:55:00,BTC,69.36,28.82,0.677633,67486.0,67487.0,1.027778,0.59,5.59,-4.99,89,6.18,0.12,0.04,0.08,18,3,108
3265,2026-02-17T23:56:00,HYPE,3295.4,7038.65,0.450846,29.597,29.598,0.001349,202.83,332.21,-129.38,48,535.04,233.64,179.88,53.76,34,0,109
3266,2026-02-17T23:56:00,BTC,73.17,22.47,0.715964,67497.0,67498.0,1.055046,13.34,0.88,12.46,107,14.21,0.01,0.05,-0.04,17,6,109
3267,2026-02-17T23:57:00,HYPE,4978.07,3796.2,0.4851,29.604,29.605,0.001314,1239.03,692.2,546.83,76,1931.23,306.3,129.16,177.14,34,0,105
3268,2026-02-17T23:57:00,BTC,59.84,30.19,0.714691,67524.0,67525.0,1.028571,6.37,0.11,6.26,83,6.48,0.01,0.05,-0.04,16,2,105
3269,2026-02-17T23:58:00,HYPE,5008.62,4835.32,0.475667,29.603,29.604,0.001358,221.14,258.71,-37.57,35,479.85,192.36,130.82,61.54,26,0,106
3270,2026-02-17T23:58:00,BTC,99.16,21.2,0.654826,67516.0,67517.0,1.0,0.37,0.42,-0.05,57,0.79,0.01,0.05,-0.05,17,0,106
3271,2026-02-17T23:59:00,HYPE,4542.94,3684.43,0.438933,29.558,29.559,0.0013,196.27,199.58,-3.31,51,395.85,192.35,145.07,47.28,32,0,110
3272,2026-02-17T23:59:00,BTC,41.58,43.66,0.587424,67498.0,67499.0,1.072727,0.1,1.74,-1.64,68,1.84,0.01,0.05,-0.04,15,1,110
3273,2026-02-18T00:00:00,HYPE,2564.09,6578.49,0.402124,29.49,29.491,0.002318,195.59,4264.9,-4069.31,203,4460.49,690.63,630.09,60.54,58,0,110
3274,2026-02-18T00:00:00,BTC,57.19,16.71,0.421344,67480.0,67481.0,1.009091,0.35,0.33,0.02,73,0.68,0.01,0.05,-0.04,22,0,110
3275,2026-02-18T00:01:00,HYPE,3380.18,7600.11,0.346677,29.464,29.465,0.0023,2044.56,2334.44,-289.88,346,4379.0,191.96,400.58,-208.62,36,0,110
3276,2026-02-18T00:01:00,BTC,120.35,29.17,0.639297,67502.0,67515.0,1.154545,13.27,3.88,9.39,185,17.16,0.01,0.05,-0.04,16,3,110
3277,2026-02-18T00:02:00,HYPE,6042.08,3223.64,0.423778,29.471,29.472,0.002018,2456.75,827.88,1628.87,158,3284.63,192.36,201.96,-9.6,33,1,109
3278,2026-02-18T00:02:00,BTC,63.23,25.46,0.708324,67546.0,67547.0,1.155963,17.94,0.52,17.42,110,18.46,0.01,0.05,-0.05,15,8,109
3279,2026-02-18T00:03:00,HYPE,5263.23,3415.99,0.46625,29.491,29.493,0.001784,8204.39,941.91,7262.48,194,9146.3,5048.96,216.8,4832.16,75,0,111
3280,2026-02-18T00:03:00,BTC,35.86,33.19,0.531435,67544.0,67545.0,1.036036,3.49,1.63,1.86,85,5.12,0.01,0.05,-0.04,17,4,111
3281,2026-02-18T00:04:00,HYPE,5000.6,3070.05,0.568827,29.549,29.55,0.001817,2581.94,794.11,1787.83,132,3376.05,191.96,482.41,-290.45,30,0,109
3282,2026-02-18T00:04:00,BTC,65.73,27.41,0.600751,67535.0,67536.0,1.073394,4.43,0.13,4.3,83,4.56,0.01,0.04,-0.04,23,2,109
3283,2026-02-18T00:05:00,HYPE,4840.62,3783.13,0.561013,29.57,29.571,0.001587,979.06,322.38,656.68,103,1301.44,450.66,146.71,303.95,44,0,109
3284,2026-02-18T00:05:00,BTC,55.13,37.71,0.450483,67517.0,67518.0,1.12844,1.74,4.56,-2.83,93,6.3,0.01,0.05,-0.05,16,2,109
3285,2026-02-18T00:06:00,HYPE,3601.67,4715.34,0.55768,29.593,29.594,0.001266,2977.46,386.99,2590.47,97,3364.45,192.34,164.72,27.62,32,1,109
3286,2026-02-18T00:06:00,BTC,111.02,10.57,0.822992,67574.0,67575.0,1.100917,7.61,0.92,6.69,160,8.53,0.01,0.05,-0.04,19,6,109
3287,2026-02-18T00:07:00,HYPE,6011.94,4485.93,0.505572,29.516,29.521,0.001245,263.82,348.73,-84.91,75,612.55,191.97,147.17,44.8,33,0,110
3288,2026-02-18T00:07:00,BTC,51.78,36.93,0.584424,67547.0,67548.0,1.063636,2.85,0.16,2.69,90,3.02,0.01,0.05,-0.04,26,2,110
3289,2026-02-18T00:08:00,HYPE,7200.13,2983.7,0.574975,29.508,29.509,0.001194,342.25,821.41,-479.16,89,1163.66,229.35,129.16,100.19,26,0,108
3290,2026-02-18T00:08:00,BTC,46.4,28.32,0.58733,67549.0,67550.0,1.027778,3.37,0.72,2.65,66,4.09,0.01,0.05,-0.04,20,2,108
3291,2026-02-18T00:09:00,HYPE,5182.62,6144.31,0.494123,29.469,29.47,0.001505,337.1,1514.25,-1177.15,89,1851.35,204.18,131.43,72.75,31,0,105
3292,2026-02-18T00:09:00,BTC,70.93,21.47,0.537677,67548.0,67549.0,1.038095,9.39,4.96,4.43,121,14.36,0.01,0.05,-0.04,19,6,105
3293,2026-02-18T00:10:00,HYPE,4302.94,2987.27,0.509832,29.464,29.465,0.001606,616.0,3480.62,-2864.62,167,4096.62,817.96,133.66,684.3,36,0,109
3294,2026-02-18T00:10:00,BTC,102.37,9.51,0.659624,67576.0,67577.0,1.036697,0.33,4.65,-4.32,129,4.98,0.01,0.05,-0.05,24,4,109
3295,2026-02-18T00:11:00,HYPE,4103.72,3908.59,0.521792,29.506,29.507,0.001367,583.09,384.4,198.69,81,967.49,192.35,129.94,62.41,30,0,109
3296,2026-02-18T00:11:00,BTC,65.62,42.99,0.663256,67575.0,67576.0,1.045872,0.6,0.27,0.34,62,0.87,0.01,0.04,-0.04,16,0,109
3297,2026-02-18T00:12:00,HYPE,3899.95,3808.44,0.493835,29.45,29.453,0.001802,732.68,670.8,61.88,89,1403.48,191.57,137.18,54.39,37,0,111
3298,2026-02-18T00:12:00,BTC,64.89,29.73,0.606286,67583.0,67584.0,1.0,0.48,0.37,0.11,69,0.85,0.01,0.05,-0.05,18,0,111
3299,2026-02-18T00:13:00,HYPE,3755.79,4658.62,0.488234,29.459,29.463,0.001972,399.14,633.95,-234.81,97,1033.09,200.49,141.77,58.72,36,0,109
3300,2026-02-18T00:13:00,BTC,14.69,46.82,0.725977,67593.0,67594.0,1.045872,0.31,5.63,-5.32,106,5.94,0.01,0.05,-0.04,19,4,109
3301,2026-02-18T00:14:00,HYPE,3540.49,6172.3,0.408322,29.451,29.453,0.001273,444.47,176.19,268.28,47,620.66,191.95,129.65,62.3,23,0,110
3302,2026-02-18T00:14:00,BTC,36.7,51.86,0.615652,67594.0,67596.0,1.118182,1.58,0.33,1.25,94,1.91,0.01,0.27,-0.27,19,0,110
3303,2026-02-18T00:15:00,HYPE,3346.84,5137.98,0.399505,29.43,29.431,0.001185,195.39,204.35,-8.96,41,399.74,192.38,68.51,123.87,23,0,108
3304,2026-02-18T00:15:00,BTC,36.25,44.79,0.593676,67603.0,67604.0,1.018519,3.4,0.21,3.18,114,3.61,0.01,0.25,-0.25,17,1,108
3305,2026-02-18T00:16:00,HYPE,3969.95,3967.92,0.379652,29.421,29.422,0.001282,254.97,236.28,18.69,89,491.25,191.96,42.22,149.74,26,0,110
3306,2026-02-18T00:16:00,BTC,34.54,42.55,0.527554,67558.0,67559.0,1.2,0.74,1.32,-0.58,123,2.06,0.01,0.05,-0.04,25,1,110
3307,2026-02-18T00:17:00,HYPE,5200.8,3039.6,0.582172,29.413,29.414,0.001324,544.99,457.64,87.35,108,1002.63,248.05,91.02,157.03,28,0,108
3308,2026-02-18T00:17:00,BTC,44.37,42.25,0.588762,67543.0,67544.0,1.064815,1.5,4.13,-2.64,128,5.63,0.01,0.05,-0.04,22,1,108
3309,2026-02-18T00:18:00,HYPE,5547.84,3373.24,0.545161,29.401,29.402,0.001486,608.34,1438.98,-830.64,214,2047.32,391.73,495.61,-103.88,96,0,109
3310,2026-02-18T00:18:00,BTC,62.68,28.9,0.584686,67526.0,67527.0,1.119266,0.3,2.41,-2.11,199,2.72,0.01,0.05,-0.04,18,2,109
3311,2026-02-18T00:19:00,HYPE,4542.74,3569.98,0.52862,29.381,29.382,0.001778,778.75,3416.5,-2637.75,284,4195.25,1236.58,914.03,322.55,77,0,108
3312,2026-02-18T00:19:00,BTC,69.93,22.38,0.635789,67558.0,67559.0,1.166667,3.9,0.08,3.82,108,3.98,0.01,1.38,-1.37,21,2,108
3313,2026-02-18T00:20:00,HYPE,3519.51,5309.7,0.50316,29.368,29.369,0.001741,436.38,5165.13,-4728.75,367,5601.51,425.55,914.03,-488.48,99,0,108
3314,2026-02-18T00:20:00,BTC,62.97,37.23,0.570263,67558.0,67559.0,1.055556,0.1,1.11,-1.0,69,1.21,0.01,0.05,-0.05,16,1,108
3315,2026-02-18T00:21:00,HYPE,4467.5,6497.56,0.494825,29.366,29.368,0.002174,578.6,1171.36,-592.76,125,1749.96,815.74,945.5,-129.76,69,0,109
3316,2026-02-18T00:21:00,BTC,88.38,13.73,0.646349,67578.0,67579.0,1.027523,0.66,1.29,-0.63,80,1.96,0.01,0.05,-0.04,16,1,109
3317,2026-02-18T00:22:00,HYPE,5733.79,1822.78,0.54248,29.347,29.354,0.00245,1946.59,1769.3,177.29,149,3715.89,1230.9,1227.56,3.34,70,0,109
3318,2026-02-18T00:22:00,BTC,163.32,7.47,0.691494,67564.0,67565.0,1.082569,3.23,0.35,2.88,98,3.58,0.01,0.04,-0.04,15,2,109
3319,2026-02-18T00:23:00,HYPE,4126.41,9487.34,0.526848,29.332,29.333,0.001843,299.15,2105.31,-1806.16,127,2404.46,231.23,914.82,-683.59,67,0,108
3320,2026-02-18T00:23:00,BTC,45.46,24.4,0.599368,67570.0,67571.0,1.037037,0.16,1.08,-0.92,60,1.24,0.01,0.06,-0.05,18,0,108
3321,2026-02-18T00:24:00,HYPE,5742.27,3852.2,0.404319,29.304,29.305,0.002027,872.07,2391.4,-1519.33,301,3263.47,252.95,111.85,141.1,32,0,110
3322,2026-02-18T00:24:00,BTC,36.15,52.26,0.554839,67545.0,67546.0,1.045455,0.14,1.1,-0.96,76,1.24,0.12,0.05,0.07,19,1,110
3323,2026-02-18T00:25:01,HYPE,7664.78,5613.48,0.523247,29.291,29.292,0.00122,1178.81,2828.31,-1649.5,289,4007.12,235.01,442.09,-207.08,37,0,109
3324,2026-02-18T00:25:01,BTC,46.92,38.54,0.54569,67519.0,67520.0,1.027523,0.1,1.19,-1.1,79,1.29,0.01,0.05,-0.04,19,0,109
3325,2026-02-18T00:26:00,HYPE,6623.96,5062.36,0.57693,29.286,29.287,0.001361,2867.24,573.16,2294.08,244,3440.4,205.48,422.42,-216.94,46,0,108
3326,2026-02-18T00:26:00,BTC,86.21,23.01,0.554382,67447.0,67448.0,1.083333,0.17,4.85,-4.68,232,5.02,0.01,0.04,-0.04,19,0,108
3327,2026-02-18T00:27:00,HYPE,6496.78,5232.71,0.605927,29.279,29.28,0.001817,643.14,1800.03,-1156.89,166,2443.17,192.6,511.89,-319.29,73,0,109
3328,2026-02-18T00:27:00,BTC,38.06,58.89,0.561507,67446.0,67447.0,1.018349,0.08,1.42,-1.34,61,1.51,0.01,0.05,-0.05,16,1,109
3329,2026-02-18T00:28:00,HYPE,6976.58,5356.56,0.574461,29.28,29.281,0.001505,566.82,1635.04,-1068.22,97,2201.86,192.36,914.03,-721.67,28,0,111
3330,2026-02-18T00:28:00,BTC,47.82,28.31,0.62167,67443.0,67444.0,1.144144,1.0,2.43,-1.42,152,3.43,0.01,0.04,-0.04,15,0,111
3331,2026-02-18T00:29:00,HYPE,3493.96,9517.32,0.466005,29.325,29.326,0.001387,3189.62,1179.1,2010.52,177,4368.72,225.75,914.03,-688.28,44,0,111
3332,2026-02-18T00:29:00,BTC,40.84,38.85,0.605676,67481.0,67484.0,1.072072,5.65,0.19,5.46,106,5.84,0.01,0.05,-0.04,16,2,111
3333,2026-02-18T00:30:00,HYPE,3920.85,8971.74,0.385939,29.325,29.326,0.001787,1058.61,1109.34,-50.73,121,2167.95,230.16,914.03,-683.87,48,0,108
3334,2026-02-18T00:30:00,BTC,58.92,16.68,0.577567,67474.0,67475.0,1.092593,5.85,0.2,5.65,107,6.04,0.01,1.21,-1.2,16,4,108
3335,2026-02-18T00:31:00,HYPE,8099.34,7515.89,0.453008,29.328,29.329,0.00237,3223.74,3661.38,-437.64,174,6885.12,947.94,1228.63,-280.69,60,0,108
3336,2026-02-18T00:31:00,BTC,64.44,23.83,0.644615,67498.0,67499.0,1.12963,0.23,2.0,-1.77,83,2.24,0.01,0.04,-0.04,18,1,108
3337,2026-02-18T00:32:00,HYPE,7395.3,3456.57,0.545799,29.352,29.363,0.001411,9639.79,1176.39,8463.4,170,10816.18,276.85,1635.43,-1358.58,60,2,107
3338,2026-02-18T00:32:00,BTC,68.11,30.49,0.725475,67519.0,67520.0,1.093458,0.45,0.09,0.35,65,0.54,0.01,0.22,-0.22,16,0,107
3339,2026-02-18T00:33:00,HYPE,4128.3,4691.54,0.471134,29.376,29.377,0.001833,501.96,229.79,272.17,76,731.75,315.56,6.89,308.67,35,0,108
3340,2026-02-18T00:33:00,BTC,53.69,22.92,0.670733,67531.0,67532.0,1.074074,0.82,0.09,0.73,75,0.91,0.01,0.05,-0.04,15,0,108
3341,2026-02-18T00:34:00,HYPE,5347.14,2386.49,0.574451,29.383,29.384,0.001883,2762.3,496.74,2265.56,126,3259.04,673.78,284.0,389.78,46,0,111
3342,2026-02-18T00:34:00,BTC,65.75,26.12,0.706902,67568.0,67569.0,1.243243,4.59,1.12,3.46,150,5.71,0.01,0.04,-0.03,15,3,111
3343,2026-02-18T00:35:00,HYPE,4823.93,4973.02,0.510183,29.374,29.375,0.001349,950.09,182.48,767.61,72,1132.57,374.17,138.56,235.61,38,0,109
3344,2026-02-18T00:35:00,BTC,86.75,25.62,0.651291,67556.0,67557.0,1.036697,1.74,5.9,-4.17,102,7.64,0.12,0.05,0.07,21,3,109
3345,2026-02-18T00:36:00,HYPE,4214.75,4827.21,0.490666,29.357,29.358,0.001261,401.67,3262.29,-2860.62,101,3663.96,665.78,2605.73,-1939.95,65,0,111
3346,2026-02-18T00:36:00,BTC,45.82,33.17,0.678679,67585.0,67586.0,1.036036,7.91,0.11,7.8,140,8.02,0.01,0.48,-0.48,22,5,111
3347,2026-02-18T00:37:00,HYPE,3508.94,3971.49,0.434228,29.349,29.35,0.001283,521.11,192.96,328.15,69,714.07,373.39,7.7,365.69,32,0,106
3348,2026-02-18T00:37:00,BTC,87.81,17.89,0.577134,67565.0,67566.0,1.075472,4.26,0.33,3.93,67,4.59,0.01,0.04,-0.04,15,0,106
3349,2026-02-18T00:38:00,HYPE,7413.33,4033.24,0.645948,29.323,29.324,0.001509,448.86,660.84,-211.98,97,1109.7,374.18,26.08,348.1,48,0,108
3350,2026-02-18T00:38:00,BTC,65.09,13.0,0.566632,67555.0,67556.0,1.046296,0.12,1.11,-0.98,49,1.23,0.01,0.05,-0.04,15,1,108
3351,2026-02-18T00:39:00,HYPE,8650.92,5025.3,0.662849,29.327,29.328,0.0016,391.89,485.09,-93.2,60,876.98,192.35,40.35,152.0,28,0,110
3352,2026-02-18T00:39:00,BTC,36.87,44.44,0.612102,67561.0,67562.0,1.018182,0.69,0.09,0.6,66,0.78,0.01,0.04,-0.04,23,0,110
3353,2026-02-18T00:40:00,HYPE,7637.24,2754.71,0.655857,29.334,29.335,0.001148,1132.28,457.5,674.78,53,1589.78,226.89,4.93,221.96,18,0,108
3354,2026-02-18T00:40:00,BTC,47.57,34.64,0.580524,67557.0,67558.0,1.0,0.12,0.3,-0.18,54,0.41,0.01,0.05,-0.04,15,0,108
3355,2026-02-18T00:41:00,HYPE,8229.53,4738.73,0.627508,29.285,29.288,0.001361,231.57,4929.81,-4698.24,128,5161.38,191.18,39.39,151.79,20,0,108
3356,2026-02-18T00:41:00,BTC,95.45,18.36,0.568603,67519.0,67520.0,1.046296,0.9,0.36,0.54,104,1.26,0.01,0.04,-0.04,14,0,108
3357,2026-02-18T00:42:00,HYPE,4322.59,4225.13,0.547158,29.307,29.308,0.001738,377.91,125.91,252.0,51,503.82,192.37,144.1,48.27,28,0,107
3358,2026-02-18T00:42:00,BTC,40.83,43.96,0.705993,67555.0,67556.0,1.065421,0.13,0.22,-0.09,83,0.35,0.01,0.05,-0.04,17,0,107
3359,2026-02-18T00:43:00,HYPE,4897.77,4362.65,0.510831,29.314,29.315,0.001472,549.81,76.65,473.16,53,626.46,192.35,13.38,178.97,27,0,108
3360,2026-02-18T00:43:00,BTC,82.38,26.14,0.611833,67496.0,67497.0,1.037037,0.26,9.0,-8.74,173,9.26,0.0,0.04,-0.04,16,5,108
3361,2026-02-18T00:44:00,HYPE,3673.59,5636.85,0.552883,29.299,29.3,0.001836,588.58,163.15,425.43,49,751.73,191.96,146.63,45.33,28,0,110
3362,2026-02-18T00:44:00,BTC,40.26,78.17,0.553806,67471.0,67472.0,1.081818,0.29,12.48,-12.19,111,12.77,0.0,0.05,-0.05,15,8,110
3363,2026-02-18T00:45:00,HYPE,4533.88,2966.92,0.613227,29.286,29.287,0.002046,198.35,74.33,124.02,41,272.68,191.97,4.94,187.03,20,0,109
3364,2026-02-18T00:45:00,BTC,43.02,41.25,0.527796,67436.0,67437.0,1.082569,0.1,0.12,-0.02,106,0.22,0.0,0.05,-0.05,13,0,109
3365,2026-02-18T00:46:00,HYPE,6702.34,4681.74,0.602165,29.286,29.287,0.001764,260.04,123.06,136.98,57,383.1,191.95,26.17,165.78,25,0,110
3366,2026-02-18T00:46:00,BTC,40.56,41.47,0.500037,67354.0,67355.0,1.236364,1.21,8.23,-7.02,458,9.44,0.4,0.05,0.35,28,4,110
3367,2026-02-18T00:47:00,HYPE,6134.61,4732.55,0.553694,29.276,29.277,0.001725,654.2,246.35,407.85,46,900.55,192.36,4.94,187.42,23,0,109
3368,2026-02-18T00:47:00,BTC,54.68,30.86,0.576396,67354.0,67355.0,1.0,1.51,0.67,0.84,173,2.17,0.18,0.08,0.11,46,0,109
3369,2026-02-18T00:48:00,HYPE,11268.93,3821.54,0.594873,29.223,29.224,0.002609,3164.21,13217.17,-10052.96,819,16381.38,1573.42,10635.91,-9062.49,377,1,110
3370,2026-02-18T00:48:00,BTC,100.12,18.02,0.5561,67314.0,67315.0,1.154545,0.72,6.42,-5.7,298,7.14,0.25,0.08,0.17,33,2,110
3371,2026-02-18T00:49:00,HYPE,10127.55,5505.7,0.697395,29.215,29.216,0.001736,1274.98,3181.04,-1906.06,188,4456.02,822.48,2733.21,-1910.73,75,0,110
3372,2026-02-18T00:49:00,BTC,58.69,48.58,0.646093,67361.0,67363.0,1.181818,8.5,0.21,8.29,176,8.71,0.0,0.3,-0.3,30,4,110
3373,2026-02-18T00:50:00,HYPE,7120.23,6300.08,0.585457,29.205,29.206,0.002009,1071.28,5721.55,-4650.27,190,6792.83,1724.23,2767.02,-1042.79,72,2,108
3374,2026-02-18T00:50:00,BTC,45.82,35.27,0.543899,67337.0,67338.0,1.12037,0.97,4.3,-3.33,134,5.26,0.0,2.05,-2.05,30,1,108
3375,2026-02-18T00:51:00,HYPE,7234.58,5559.91,0.553224,29.21,29.211,0.002168,3716.46,2797.43,919.03,222,6513.89,1661.62,3134.67,-1473.05,84,0,107
3376,2026-02-18T00:51:00,BTC,42.27,40.74,0.554424,67325.0,67326.0,1.140187,0.6,0.49,0.11,119,1.08,0.0,0.05,-0.05,34,0,107
3377,2026-02-18T00:52:00,HYPE,8100.76,5669.87,0.578082,29.206,29.207,0.001626,1391.75,3024.72,-1632.97,157,4416.47,1031.97,2732.24,-1700.27,76,0,107
3378,2026-02-18T00:52:00,BTC,48.19,36.5,0.567375,67337.0,67338.0,1.102804,0.5,3.08,-2.58,195,3.59,0.49,0.12,0.37,46,1,107
3379,2026-02-18T00:53:00,HYPE,3446.2,4103.24,0.441117,29.167,29.168,0.002613,2131.79,15149.79,-13018.0,712,17281.58,1408.26,1823.44,-415.18,66,2,111
3380,2026-02-18T00:53:00,BTC,66.73,33.9,0.52739,67307.0,67308.0,1.198198,4.94,1.64,3.3,142,6.57,0.31,0.06,0.25,45,1,111
3381,2026-02-18T00:54:00,HYPE,4245.24,12041.28,0.423606,29.116,29.121,0.002245,1252.79,6953.54,-5700.75,486,8206.33,968.44,4.94,963.5,36,1,110
3382,2026-02-18T00:54:00,BTC,69.98,32.69,0.629451,67281.0,67282.0,1.190909,4.21,27.57,-23.36,355,31.78,0.78,0.16,0.61,39,12,110
3383,2026-02-18T00:55:00,HYPE,4954.3,15598.69,0.272461,29.106,29.107,0.002954,2978.72,4807.36,-1828.64,364,7786.08,2546.02,317.92,2228.1,74,0,109
3384,2026-02-18T00:55:00,BTC,42.36,39.39,0.636624,67284.0,67285.0,1.100917,1.63,6.24,-4.61,175,7.87,0.4,0.06,0.35,36,3,109
3385,2026-02-18T00:56:00,HYPE,2778.9,3733.18,0.258321,29.099,29.1,0.001394,1356.65,93.89,1262.76,88,1450.54,216.09,272.12,-56.03,34,0,109
3386,2026-02-18T00:56:00,BTC,70.39,20.18,0.689558,67297.0,67298.0,1.045872,1.92,4.47,-2.55,140,6.38,0.23,0.06,0.17,31,3,109
3387,2026-02-18T00:57:00,HYPE,6015.73,5968.1,0.351269,29.103,29.104,0.001596,233.72,982.14,-748.42,67,1215.86,371.75,6.21,365.54,39,0,109
3388,2026-02-18T00:57:00,BTC,52.17,40.2,0.690668,67313.0,67314.0,1.082569,1.69,0.55,1.14,127,2.24,0.0,0.51,-0.5,40,0,109
3389,2026-02-18T00:58:00,HYPE,5439.75,13754.03,0.308969,29.118,29.119,0.001411,2481.81,735.57,1746.24,99,3217.38,226.55,305.89,-79.34,32,1,107
3390,2026-02-18T00:58:00,BTC,82.09,21.68,0.628045,67318.0,67319.0,1.093458,0.81,1.19,-0.37,115,2.0,0.0,0.06,-0.06,34,0,107
3391,2026-02-18T00:59:00,HYPE,4425.51,5300.6,0.465195,29.069,29.073,0.002092,2141.68,3649.94,-1508.26,543,5791.62,575.81,447.08,128.73,51,0,109
3392,2026-02-18T00:59:00,BTC,66.03,37.47,0.602767,67307.0,67308.0,1.073394,1.38,0.54,0.84,132,1.91,0.0,0.06,-0.05,37,0,109
3393,2026-02-18T01:00:00,HYPE,1851.54,5641.31,0.446324,29.084,29.085,0.001907,5814.49,118.81,5695.68,146,5933.3,200.96,494.62,-293.66,41,1,107
3394,2026-02-18T01:00:00,BTC,145.06,84.23,0.649034,67300.0,67301.0,1.018692,1.1,33.58,-32.48,136,34.68,0.0,0.08,-0.08,37,10,107
3395,2026-02-18T01:01:00,HYPE,5030.36,13204.28,0.347738,29.116,29.117,0.00238,6506.21,3143.92,3362.29,219,9650.13,339.05,1375.5,-1036.45,57,0,108
3396,2026-02-18T01:01:00,BTC,106.31,34.24,0.771117,67340.0,67341.0,1.212963,16.27,8.66,7.6,222,24.93,0.0,0.77,-0.76,29,16,108
3397,2026-02-18T01:02:00,HYPE,4337.33,11748.46,0.272734,29.11,29.118,0.001606,1480.26,296.27,1183.99,120,1776.53,217.34,39.1,178.24,26,0,109
3398,2026-02-18T01:02:00,BTC,54.77,34.97,0.653289,67330.0,67331.0,1.06422,12.0,7.0,5.0,134,19.0,0.0,0.76,-0.76,19,9,109
3399,2026-02-18T01:03:00,HYPE,4392.46,4357.71,0.401126,29.06,29.061,0.002064,2358.73,522.16,1836.57,123,2880.89,234.54,369.12,-134.58,41,0,110
3400,2026-02-18T01:03:00,BTC,40.94,59.78,0.625519,67272.0,67273.0,1.172727,6.03,8.5,-2.47,206,14.52,0.0,0.77,-0.76,28,8,110
3401,2026-02-18T01:04:00,HYPE,5025.75,5269.33,0.469001,29.074,29.078,0.001587,4731.88,545.41,4186.47,141,5277.29,266.33,174.05,92.28,32,0,109
3402,2026-02-18T01:04:00,BTC,47.09,91.53,0.635027,67251.0,67252.0,1.018349,1.81,8.19,-6.38,143,10.0,0.59,0.78,-0.19,46,2,109
3403,2026-02-18T01:05:00,HYPE,16246.71,4589.66,0.543416,29.037,29.043,0.002345,252.96,9211.04,-8958.08,334,9464.0,1600.25,4861.33,-3261.08,143,0,110
3404,2026-02-18T01:05:00,BTC,24.62,43.24,0.549874,67125.0,67126.0,1.563636,10.82,131.13,-120.31,1230,141.94,4.59,3.48,1.11,95,55,110
3405,2026-02-18T01:06:00,HYPE,5078.99,4709.15,0.739021,29.071,29.076,0.002972,3215.33,4013.49,-798.16,185,7228.82,723.12,291.74,431.38,44,0,108
3406,2026-02-18T01:06:00,BTC,64.44,44.76,0.633814,67200.0,67201.0,1.694444,13.99,21.56,-7.57,386,35.55,0.26,3.51,-3.25,57,13,108
3407,2026-02-18T01:07:00,HYPE,5355.71,4443.57,0.473583,29.057,29.058,0.002073,2587.5,2128.65,458.85,121,4716.15,234.04,452.35,-218.31,42,1,110
3408,2026-02-18T01:07:00,BTC,87.75,26.65,0.640061,67157.0,67158.0,1.1,0.58,7.77,-7.19,160,8.35,0.0,3.47,-3.47,50,2,110
3409,2026-02-18T01:08:00,HYPE,4817.64,4819.88,0.44344,29.071,29.072,0.001564,797.63,213.33,584.3,70,1010.96,702.33,59.28,643.05,34,0,110
3410,2026-02-18T01:08:00,BTC,87.92,41.14,0.57738,67094.0,67095.0,1.127273,2.56,6.35,-3.8,213,8.91,0.0,3.77,-3.77,63,3,110
3411,2026-02-18T01:09:00,HYPE,16214.3,4428.71,0.548362,29.036,29.038,0.001874,5929.73,469.65,5460.08,183,6399.38,299.59,168.68,130.91,37,0,111
3412,2026-02-18T01:09:00,BTC,55.11,17.43,0.624974,67072.0,67073.0,1.351351,1.04,13.62,-12.58,267,14.65,0.87,3.47,-2.6,89,8,111
3413,2026-02-18T01:10:00,HYPE,22839.25,6707.19,0.723409,29.035,29.036,0.001486,609.96,849.24,-239.28,75,1459.2,203.11,37.72,165.39,24,0,107
3414,2026-02-18T01:10:00,BTC,64.4,51.51,0.706887,67091.0,67092.0,1.121495,7.0,8.24,-1.24,198,15.24,0.0,3.34,-3.34,48,4,107
3415,2026-02-18T01:11:00,HYPE,43904.0,4833.17,0.860886,29.001,29.002,0.001982,2616.65,26373.34,-23756.69,493,28989.99,225.92,581.78,-355.86,50,6,110
3416,2026-02-18T01:11:00,BTC,77.46,43.73,0.604311,67056.0,67057.0,1.145455,2.57,4.28,-1.71,158,6.86,0.0,0.78,-0.77,38,2,110
3417,2026-02-18T01:12:00,HYPE,44720.2,7787.56,0.878163,29.002,29.003,0.001072,961.79,3126.82,-2165.03,90,4088.61,198.4,37.73,160.67,18,0,111
3418,2026-02-18T01:12:00,BTC,73.51,17.75,0.645141,67044.0,67045.0,1.054054,1.6,18.38,-16.78,232,19.97,0.87,0.78,0.1,53,13,111
3419,2026-02-18T01:13:00,HYPE,46557.06,5320.66,0.882197,29.012,29.013,0.00244,4772.17,120.11,4652.06,146,4892.28,194.51,104.75,89.76,25,0,109
3420,2026-02-18T01:13:00,BTC,126.88,23.64,0.674416,67097.0,67098.0,1.376147,12.54,0.92,11.62,237,13.46,0.0,0.9,-0.89,36,6,109
3421,2026-02-18T01:14:00,HYPE,12080.11,8390.98,0.823323,29.035,29.036,0.002573,1705.77,1498.78,206.99,109,3204.55,1221.52,37.72,1183.8,36,0,110
3422,2026-02-18T01:14:00,BTC,64.65,33.83,0.728695,67129.0,67130.0,1.118182,20.56,1.22,19.34,255,21.78,2.0,2.26,-0.26,64,8,110
3423,2026-02-18T01:15:00,HYPE,51861.63,10733.58,0.687677,29.026,29.027,0.001418,686.3,545.45,140.85,56,1231.75,190.87,37.72,153.15,20,0,110
3424,2026-02-18T01:15:00,BTC,58.26,119.87,0.72551,67105.0,67106.0,1.190909,0.31,143.64,-143.33,233,143.95,0.0,0.8,-0.8,41,45,110
3425,2026-02-18T01:16:00,HYPE,14338.47,5214.06,0.756159,29.037,29.039,0.001327,1177.83,1438.33,-260.5,79,2616.16,413.17,37.73,375.44,28,0,110
3426,2026-02-18T01:16:00,BTC,42.6,67.88,0.742825,67153.0,67154.0,1.218182,9.19,3.84,5.35,234,13.03,0.0,2.37,-2.37,48,3,110
3427,2026-02-18T01:17:00,HYPE,14245.86,4871.91,0.743715,29.04,29.041,0.001101,248.98,1566.59,-1317.61,45,1815.57,190.88,130.21,60.67,24,0,109
3428,2026-02-18T01:17:00,BTC,88.41,70.94,0.630841,67122.0,67123.0,1.009174,19.32,1.72,17.6,201,21.04,0.0,0.78,-0.78,36,9,109
3429,2026-02-18T01:18:00,HYPE,4770.0,9240.13,0.472555,29.062,29.063,0.001426,1929.11,155.15,1773.96,66,2084.26,206.86,340.96,-134.1,25,0,108
3430,2026-02-18T01:18:00,BTC,103.98,17.73,0.804219,67146.0,67147.0,1.092593,15.02,0.19,14.83,130,15.2,0.0,0.03,-0.03,33,4,108
3431,2026-02-18T01:19:00,HYPE,15892.61,7190.51,0.464135,29.026,29.027,0.001178,512.38,2033.41,-1521.03,77,2545.79,191.28,53.46,137.82,30,0,107
3432,2026-02-18T01:19:00,BTC,77.12,65.3,0.602781,67122.0,67123.0,1.018692,13.51,7.21,6.3,165,20.71,10.0,0.03,9.97,61,7,107
3433,2026-02-18T01:20:00,HYPE,15973.89,6102.42,0.732259,29.024,29.025,0.001327,1104.63,462.64,641.99,81,1567.27,191.28,54.84,136.44,22,0,110
3434,2026-02-18T01:20:00,BTC,162.13,21.82,0.693135,67129.0,67130.0,1.036364,5.05,2.5,2.55,127,7.55,0.0,0.14,-0.14,34,1,110
3435,2026-02-18T01:21:00,HYPE,12752.24,7443.47,0.664359,29.041,29.042,0.001299,232.91,105.66,127.25,68,338.57,190.87,75.52,115.35,34,0,107
3436,2026-02-18T01:21:00,BTC,70.65,41.01,0.784166,67160.0,67161.0,1.028037,8.05,0.29,7.76,157,8.34,0.0,0.03,-0.03,33,4,107
3437,2026-02-18T01:22:00,HYPE,12232.45,8174.93,0.641314,29.041,29.042,0.001383,581.88,110.86,471.02,59,692.74,190.88,53.46,137.42,30,0,107
3438,2026-02-18T01:22:00,BTC,87.41,40.24,0.632452,67195.0,67196.0,1.0,22.02,0.54,21.48,198,22.57,0.0,2.15,-2.15,26,12,107
3439,2026-02-18T01:23:00,HYPE,13278.83,5880.23,0.668586,29.034,29.035,0.001202,214.28,884.58,-670.3,104,1098.86,276.68,53.46,223.22,30,0,109
3440,2026-02-18T01:23:00,BTC,108.96,29.04,0.717351,67205.0,67206.0,1.027523,3.96,2.22,1.74,152,6.17,0.0,0.01,-0.01,12,2,109
3441,2026-02-18T01:24:00,HYPE,13277.23,7504.47,0.628612,29.027,29.028,0.001472,242.24,1565.5,-1323.26,72,1807.74,361.26,53.46,307.8,24,0,108
3442,2026-02-18T01:24:00,BTC,35.49,76.23,0.593172,67183.0,67184.0,1.074074,3.53,23.26,-19.72,115,26.79,0.0,0.01,-0.01,12,7,108
3443,2026-02-18T01:25:00,HYPE,43920.76,6578.73,0.764403,29.005,29.006,0.001407,1200.65,17803.58,-16602.93,151,19004.23,559.38,53.47,505.91,32,2,108
3444,2026-02-18T01:25:00,BTC,31.39,88.33,0.405554,67140.0,67141.0,1.037037,1.34,2.06,-0.72,116,3.4,0.0,0.01,-0.01,14,1,108
3445,2026-02-18T01:26:00,HYPE,44352.72,7055.62,0.870105,29.019,29.02,0.001299,773.0,109.73,663.27,79,882.73,190.47,83.22,107.25,24,0,107
3446,2026-02-18T01:26:00,BTC,79.69,32.22,0.562213,67134.0,67135.0,1.074766,4.71,5.69,-0.98,87,10.4,0.0,0.01,-0.01,8,3,107
3447,2026-02-18T01:27:00,HYPE,43609.4,10667.99,0.848135,29.014,29.015,0.001991,309.67,843.05,-533.38,88,1152.72,192.54,53.84,138.7,26,0,106
3448,2026-02-18T01:27:00,BTC,76.28,29.79,0.672395,67138.0,67139.0,1.188679,39.96,1.0,38.96,243,40.96,0.0,1.47,-1.47,13,19,106
3449,2026-02-18T01:28:00,HYPE,31950.76,7506.61,0.832085,29.0,29.001,0.001743,1309.41,11987.56,-10678.15,175,13296.97,190.08,53.47,136.61,23,1,109
3450,2026-02-18T01:28:00,BTC,90.46,20.83,0.526713,67038.0,67039.0,1.137615,4.16,4.47,-0.31,222,8.63,0.0,0.01,-0.01,12,3,109
3451,2026-02-18T01:29:00,HYPE,27441.87,9384.17,0.802325,29.0,29.001,0.002109,1289.09,1019.05,270.04,72,2308.14,190.47,38.96,151.51,29,0,110
3452,2026-02-18T01:29:00,BTC,71.75,47.23,0.703159,67028.0,67029.0,1.127273,7.65,1.72,5.93,116,9.38,0.0,0.01,-0.01,7,3,110
3453,2026-02-18T01:30:00,HYPE,25089.42,4899.28,0.808173,29.018,29.02,0.002055,1918.38,8306.5,-6388.12,134,10224.88,229.09,514.56,-285.47,42,2,109
3454,2026-02-18T01:30:00,BTC,70.97,51.65,0.696303,67028.0,67029.0,1.036697,10.17,2.79,7.38,103,12.96,0.0,0.01,-0.01,9,7,109
3455,2026-02-18T01:31:00,HYPE,23615.05,5972.49,0.786031,29.001,29.008,0.002264,221.3,802.59,-581.29,91,1023.89,283.4,78.86,204.54,42,0,110
3456,2026-02-18T01:31:00,BTC,77.89,33.59,0.562639,66965.0,66966.0,1.118182,8.29,24.63,-16.34,518,32.93,0.87,0.04,0.84,41,14,110
3457,2026-02-18T01:32:00,HYPE,5498.63,8946.21,0.46138,28.887,28.897,0.003174,2793.16,49425.59,-46632.43,1376,52218.75,3736.75,395.05,3341.7,81,4,109
3458,2026-02-18T01:32:00,BTC,112.36,9.83,0.746138,67007.0,67008.0,1.155963,14.43,1.04,13.39,172,15.46,0.0,0.01,-0.01,7,8,109
3459,2026-02-18T01:33:00,HYPE,13082.72,11330.22,0.430284,28.906,28.907,0.002486,3467.18,9557.76,-6090.58,651,13024.94,822.33,557.79,264.54,51,0,111
3460,2026-02-18T01:33:00,BTC,73.39,35.78,0.703173,67029.0,67030.0,1.126126,9.1,0.67,8.43,109,9.78,0.0,0.01,-0.01,9,5,111
3461,2026-02-18T01:34:00,HYPE,4060.36,5181.92,0.504767,28.864,28.869,0.002036,1603.57,7989.58,-6386.01,193,9593.15,285.71,439.65,-153.94,55,1,110
3462,2026-02-18T01:34:00,BTC,19.81,77.66,0.484996,66885.0,66886.0,1.545455,5.31,485.84,-480.53,949,491.15,16.2,0.24,15.96,52,155,110
3463,2026-02-18T01:35:00,HYPE,9836.26,12025.55,0.459086,28.92,28.921,0.001532,1688.55,320.12,1368.43,114,2008.67,227.76,176.53,51.23,39,0,109
3464,2026-02-18T01:35:00,BTC,63.27,57.06,0.353025,66886.0,66887.0,1.009174,5.51,4.96,0.55,145,10.47,0.0,0.17,-0.17,13,4,109
3465,2026-02-18T01:36:00,HYPE,5777.59,4681.69,0.493316,28.943,28.944,0.002427,7667.65,2444.4,5223.25,170,10112.05,409.58,152.23,257.35,37,0,110
3466,2026-02-18T01:36:00,BTC,41.56,37.73,0.551171,66902.0,66903.0,1.036364,45.32,2.34,42.98,234,47.66,0.4,0.15,0.26,37,34,110
3467,2026-02-18T01:37:00,HYPE,5998.26,6075.24,0.588627,28.943,28.946,0.001773,2769.63,1481.45,1288.18,125,4251.08,334.48,528.96,-194.48,49,1,110
3468,2026-02-18T01:37:00,BTC,47.4,45.56,0.688198,66916.0,66917.0,1.009091,4.08,0.26,3.82,91,4.34,0.0,0.27,-0.27,25,3,110
3469,2026-02-18T01:38:00,HYPE,5886.59,5695.64,0.517436,28.998,28.999,0.001964,6414.45,644.45,5770.0,183,7058.9,508.45,631.79,-123.34,57,0,110
3470,2026-02-18T01:38:00,BTC,28.79,42.88,0.673434,66967.0,66968.0,1.181818,4.57,0.7,3.86,144,5.27,0.0,0.52,-0.52,22,2,110
3471,2026-02-18T01:39:00,HYPE,6795.7,10305.67,0.458653,29.033,29.04,0.001523,2610.13,213.51,2396.62,134,2823.64,364.77,455.79,-91.02,53,0,109
3472,2026-02-18T01:39:00,BTC,24.54,52.76,0.462467,66984.0,66985.0,1.220183,13.14,1.53,11.61,237,14.67,0.0,1.89,-1.89,23,10,109
3473,2026-02-18T01:40:00,HYPE,6002.19,6029.69,0.402902,29.003,29.004,0.001495,803.65,311.24,492.41,105,1114.89,363.34,134.63,228.71,58,0,109
3474,2026-02-18T01:40:00,BTC,69.17,31.49,0.356952,66931.0,66932.0,1.137615,2.85,13.19,-10.34,127,16.04,0.0,0.09,-0.09,18,5,109
3475,2026-02-18T01:41:00,HYPE,4898.73,4931.59,0.507508,28.994,28.995,0.002278,1114.91,2119.66,-1004.75,117,3234.57,363.66,990.5,-626.84,58,0,108
3476,2026-02-18T01:41:00,BTC,41.23,36.3,0.5194,66919.0,66920.0,1.166667,3.9,1.29,2.61,126,5.19,0.0,0.2,-0.2,26,1,108
3477,2026-02-18T01:42:00,HYPE,5452.88,8361.53,0.485891,29.029,29.032,0.002009,2398.34,759.34,1639.0,141,3157.68,397.39,483.03,-85.64,55,0,108
3478,2026-02-18T01:42:00,BTC,90.16,8.33,0.671423,67056.0,67057.0,1.25,203.82,1.04,202.78,548,204.86,0.0,11.79,-11.79,41,101,108
3479,2026-02-18T01:43:00,HYPE,8844.28,4824.02,0.55127,29.088,29.096,0.002321,6511.73,1248.39,5263.34,280,7760.12,440.51,520.77,-80.26,63,1,109
3480,2026-02-18T01:43:00,BTC,80.74,27.89,0.670798,67096.0,67097.0,1.284404,5.82,2.95,2.87,265,8.77,0.0,0.09,-0.09,19,2,109
3481,2026-02-18T01:44:00,HYPE,5192.48,4260.0,0.521479,29.067,29.068,0.001194,657.73,882.13,-224.4,110,1539.86,363.15,381.63,-18.48,54,0,108
3482,2026-02-18T01:44:00,BTC,30.59,51.06,0.530584,67100.0,67101.0,1.157407,61.03,1.91,59.12,339,62.94,0.0,2.78,-2.78,26,37,108
3483,2026-02-18T01:45:00,HYPE,4318.53,5409.4,0.523342,29.079,29.085,0.001472,1480.58,434.72,1045.86,130,1915.3,420.62,654.45,-233.83,59,0,108
3484,2026-02-18T01:45:00,BTC,67.06,40.49,0.543418,67151.0,67152.0,1.018519,233.43,10.64,222.79,647,244.07,0.0,9.9,-9.9,34,116,108
3485,2026-02-18T01:46:00,HYPE,9272.47,4192.63,0.485112,29.069,29.07,0.001468,532.82,1045.42,-512.6,102,1578.24,477.28,369.99,107.29,59,0,109
3486,2026-02-18T01:46:00,BTC,98.27,19.55,0.707017,67151.0,67152.0,1.091743,5.03,2.15,2.87,188,7.18,0.23,0.14,0.09,30,2,109
3487,2026-02-18T01:47:00,HYPE,3071.83,5603.53,0.505964,29.069,29.07,0.00167,1809.97,500.55,1309.42,126,2310.52,477.58,582.26,-104.68,75,0,109
3488,2026-02-18T01:47:00,BTC,58.15,23.59,0.71421,67137.0,67138.0,1.211009,0.44,27.66,-27.22,149,28.1,0.57,25.14,-24.57,56,10,109
3489,2026-02-18T01:48:00,HYPE,4711.09,8513.82,0.471038,29.053,29.054,0.001495,3562.82,6472.99,-2910.17,191,10035.81,1259.25,762.55,496.7,60,0,107
3490,2026-02-18T01:48:00,BTC,71.6,38.99,0.673323,67123.0,67124.0,1.17757,1.43,4.01,-2.57,115,5.44,0.0,0.14,-0.14,24,2,107
3491,2026-02-18T01:49:00,HYPE,7292.3,4435.45,0.497979,29.015,29.016,0.001532,637.45,2123.45,-1486.0,122,2760.9,656.93,1160.42,-503.49,76,0,109
3492,2026-02-18T01:49:00,BTC,45.06,60.56,0.644244,67106.0,67107.0,1.009174,1.23,0.33,0.9,96,1.57,0.02,0.14,-0.12,28,0,109
3493,2026-02-18T01:50:00,HYPE,8055.76,3924.93,0.61503,29.011,29.012,0.001927,739.57,2123.96,-1384.39,139,2863.53,1036.86,2003.47,-966.61,117,0,110
3494,2026-02-18T01:50:00,BTC,63.67,25.27,0.569716,67092.0,67093.0,1.145455,0.24,4.35,-4.11,110,4.59,0.0,0.14,-0.14,27,3,110
3495,2026-02-18T01:51:00,HYPE,5508.78,4798.69,0.57667,29.036,29.037,0.001764,614.48,1126.93,-512.45,122,1741.41,600.8,1063.58,-462.78,93,0,110
3496,2026-02-18T01:51:00,BTC,83.09,26.16,0.713715,67100.0,67101.0,1.163636,0.23,0.79,-0.55,96,1.02,0.0,0.15,-0.14,37,0,110
3497,2026-02-18T01:52:00,HYPE,5902.08,4879.3,0.51564,29.032,29.033,0.001935,1427.56,1049.27,378.29,137,2476.83,534.5,1422.43,-887.93,90,0,107
3498,2026-02-18T01:52:00,BTC,52.43,26.57,0.738347,67133.0,67134.0,1.093458,1.97,0.21,1.76,104,2.18,0.0,0.17,-0.17,26,1,107
3499,2026-02-18T01:53:00,HYPE,8403.76,4031.81,0.635702,29.07,29.071,0.002009,16283.59,1273.9,15009.69,252,17557.49,15591.77,2232.23,13359.54,184,1,108
3500,2026-02-18T01:53:00,BTC,50.38,46.27,0.647476,67098.0,67099.0,1.12037,0.03,0.26,-0.22,99,0.29,0.0,0.18,-0.18,49,0,108
3501,2026-02-18T01:54:00,HYPE,7066.73,4797.36,0.646148,29.05,29.051,0.002147,826.8,1429.58,-602.78,112,2256.38,534.89,1046.96,-512.07,77,0,109
3502,2026-02-18T01:54:00,BTC,76.26,34.19,0.629753,67066.0,67067.0,1.018349,0.21,1.91,-1.7,90,2.12,0.0,0.17,-0.17,36,1,109
3503,2026-02-18T01:55:00,HYPE,6766.42,5651.04,0.613799,29.05,29.051,0.001615,578.44,1538.46,-960.02,96,2116.9,534.42,1093.02,-558.6,62,0,109
3504,2026-02-18T01:55:00,BTC,58.47,32.47,0.604204,67060.0,67061.0,1.100917,0.22,1.49,-1.27,96,1.71,0.0,0.17,-0.17,27,0,109
3505,2026-02-18T01:56:00,HYPE,6646.26,2195.5,0.648865,29.068,29.072,0.001972,954.76,1071.65,-116.89,120,2026.41,534.27,1067.85,-533.58,70,0,107
3506,2026-02-18T01:56:00,BTC,93.67,14.15,0.656279,67073.0,67074.0,1.056075,0.5,1.15,-0.65,111,1.65,0.0,0.17,-0.17,33,0,107
3507,2026-02-18T01:57:00,HYPE,5128.97,4156.25,0.587625,29.064,29.067,0.001679,1242.46,1609.19,-366.73,125,2851.65,534.29,1086.52,-552.23,75,0,106
3508,2026-02-18T01:57:00,BTC,112.13,14.87,0.761048,67115.0,67116.0,1.188679,0.72,20.23,-19.51,157,20.94,1.27,20.17,-18.9,69,8,106
3509,2026-02-18T01:58:00,HYPE,4702.4,4940.18,0.573599,29.058,29.059,0.001824,2172.7,1277.0,895.7,173,3449.7,534.91,1107.48,-572.57,79,0,108
3510,2026-02-18T01:58:00,BTC,59.63,31.55,0.700928,67133.0,67134.0,1.12963,2.56,0.29,2.27,118,2.86,0.0,0.27,-0.26,38,1,108
3511,2026-02-18T01:59:00,HYPE,6076.88,4646.35,0.543925,29.062,29.066,0.002057,1988.65,1164.8,823.85,125,3153.45,534.21,1121.96,-587.75,74,0,106
3512,2026-02-18T01:59:00,BTC,105.74,16.11,0.669378,67136.0,67137.0,1.103774,3.26,0.2,3.06,95,3.46,0.0,0.17,-0.17,32,0,106
3513,2026-02-18T02:00:00,HYPE,3723.38,6074.22,0.543483,29.068,29.069,0.001682,1139.83,1210.82,-70.99,113,2350.65,475.01,1072.62,-597.61,71,0,107
3514,2026-02-18T02:00:00,BTC,89.55,96.82,0.744143,67142.0,67143.0,1.037383,1.08,0.92,0.16,82,2.0,0.0,0.4,-0.4,25,0,107
3515,2026-02-18T02:01:00,HYPE,6176.74,4639.29,0.509938,29.085,29.086,0.001327,776.13,1474.69,-698.56,125,2250.82,590.09,1078.64,-488.55,68,0,107
3516,2026-02-18T02:01:00,BTC,57.52,36.56,0.67376,67158.0,67159.0,1.056075,8.14,0.99,7.16,172,9.13,0.0,0.17,-0.17,25,5,107
3517,2026-02-18T02:02:00,HYPE,4113.28,3654.43,0.492309,29.085,29.086,0.001712,2309.97,1800.62,509.35,287,4110.59,1476.58,1455.83,20.75,166,0,111
3518,2026-02-18T02:02:00,BTC,33.78,43.58,0.721998,67202.0,67203.0,1.126126,4.47,0.31,4.16,251,4.78,0.0,0.41,-0.41,37,1,111
3519,2026-02-18T02:03:00,HYPE,5019.7,4283.21,0.518955,29.08,29.084,0.002164,4503.09,1557.56,2945.53,155,6060.65,792.27,1320.95,-528.68,64,0,110
3520,2026-02-18T02:03:00,BTC,57.73,33.23,0.699337,67214.0,67215.0,1.045455,4.74,0.32,4.42,161,5.06,0.01,0.17,-0.17,29,3,110
3521,2026-02-18T02:04:00,HYPE,5147.42,4729.94,0.535095,29.075,29.078,0.001873,953.71,1625.67,-671.96,150,2579.38,575.88,1106.57,-530.69,72,0,110
3522,2026-02-18T02:04:00,BTC,89.73,18.56,0.609817,67215.0,67216.0,1.1,6.65,0.91,5.73,138,7.56,0.0,0.17,-0.17,30,2,110
3523,2026-02-18T02:05:00,HYPE,4501.66,5023.0,0.54129,29.068,29.073,0.00189,629.85,1326.71,-696.86,121,1956.56,634.83,1077.63,-442.8,93,0,109
3524,2026-02-18T02:05:01,BTC,65.2,24.03,0.656267,67215.0,67216.0,1.045872,0.92,0.62,0.3,110,1.54,0.0,0.19,-0.19,32,0,109
3525,2026-02-18T02:06:00,HYPE,6114.94,4572.69,0.542552,29.062,29.063,0.001575,1559.78,1061.65,498.13,113,2621.43,743.65,1301.15,-557.5,62,0,106
3526,2026-02-18T02:06:00,BTC,70.7,28.36,0.664049,67204.0,67205.0,1.0,0.09,1.38,-1.29,104,1.46,0.0,0.19,-0.19,34,0,106
3527,2026-02-18T02:07:00,HYPE,6091.48,1959.6,0.579693,29.094,29.095,0.002523,3715.75,1385.37,2330.38,176,5101.12,846.94,1526.28,-679.34,79,0,107
3528,2026-02-18T02:07:00,BTC,121.45,10.54,0.71812,67232.0,67233.0,1.093458,0.68,2.13,-1.45,154,2.82,0.0,0.19,-0.19,36,2,107
3529,2026-02-18T02:08:00,HYPE,4550.46,15821.72,0.336347,29.096,29.097,0.001821,1279.65,1172.88,106.77,139,2452.53,631.06,1100.72,-469.66,84,0,106
3530,2026-02-18T02:08:00,BTC,74.57,14.47,0.716035,67257.0,67258.0,1.207547,11.15,0.5,10.65,347,11.65,0.0,0.76,-0.76,40,7,106
3531,2026-02-18T02:09:00,HYPE,5865.7,13624.79,0.304615,29.111,29.124,0.002935,3914.74,1249.1,2665.64,246,5163.84,572.62,1208.11,-635.49,86,0,108
3532,2026-02-18T02:09:00,BTC,98.81,20.42,0.707527,67266.0,67267.0,1.222222,1.1,1.74,-0.64,139,2.84,0.1,0.19,-0.09,37,0,108
3533,2026-02-18T02:10:00,HYPE,6048.48,5181.47,0.448639,29.142,29.143,0.001752,9604.94,1136.74,8468.2,342,10741.68,560.47,972.93,-412.46,94,0,109
3534,2026-02-18T02:10:00,BTC,62.12,66.99,0.720626,67353.0,67354.0,1.12844,23.0,1.54,21.46,450,24.54,0.0,0.98,-0.98,32,5,109
3535,2026-02-18T02:11:00,HYPE,4525.42,6036.52,0.47481,29.116,29.122,0.002009,1122.61,1955.63,-833.02,171,3078.24,1212.13,1023.37,188.76,86,0,108
3536,2026-02-18T02:11:00,BTC,78.53,15.47,0.679549,67363.0,67364.0,1.157407,8.78,3.26,5.52,227,12.04,1.22,0.41,0.8,45,4,108
3537,2026-02-18T02:12:00,HYPE,6351.44,3973.27,0.511823,29.137,29.138,0.001982,3325.57,1067.77,2257.8,180,4393.34,2917.49,1100.07,1817.42,104,1,109
3538,2026-02-18T02:12:00,BTC,81.72,29.86,0.63214,67339.0,67340.0,1.027523,0.15,0.69,-0.54,105,0.84,0.0,0.19,-0.19,39,0,109
3539,2026-02-18T02:13:00,HYPE,4755.4,3651.95,0.517349,29.097,29.098,0.0024,779.14,1616.88,-837.74,141,2396.02,831.7,1032.65,-200.95,71,0,110
3540,2026-02-18T02:13:00,BTC,69.06,26.79,0.680964,67311.0,67312.0,1.081818,0.72,0.63,0.09,106,1.35,0.0,0.19,-0.19,41,0,110
3541,2026-02-18T02:14:00,HYPE,5653.42,5222.97,0.525804,29.071,29.072,0.002145,793.25,1225.1,-431.85,156,2018.35,545.13,986.09,-440.96,78,0,110
3542,2026-02-18T02:14:00,BTC,87.84,26.99,0.602476,67269.0,67270.0,1.218182,1.83,3.21,-1.38,204,5.04,0.19,0.19,0.0,32,1,110
3543,2026-02-18T02:15:00,HYPE,6626.79,4374.81,0.535618,29.058,29.062,0.002009,900.55,1278.8,-378.25,140,2179.35,776.37,983.29,-206.92,81,0,111
3544,2026-02-18T02:15:00,BTC,63.47,31.45,0.671257,67254.0,67255.0,1.027027,1.35,3.53,-2.18,164,4.88,0.11,0.19,-0.08,28,2,111
3545,2026-02-18T02:16:00,HYPE,7332.8,10429.78,0.520473,29.087,29.091,0.002602,4062.14,3436.52,625.62,230,7498.66,859.45,1488.53,-629.08,82,0,108
3546,2026-02-18T02:16:00,BTC,59.64,30.14,0.756607,67296.0,67297.0,1.046296,20.19,0.86,19.34,189,21.05,0.0,0.31,-0.31,28,13,108
3547,2026-02-18T02:17:00,HYPE,5421.38,4166.1,0.439507,29.069,29.07,0.001688,762.62,1016.94,-254.32,134,1779.56,559.47,1083.11,-523.64,92,0,109
3548,2026-02-18T02:17:00,BTC,105.8,18.73,0.606444,67263.0,67264.0,1.055046,0.47,2.92,-2.46,89,3.39,0.0,0.19,-0.19,44,1,109
3549,2026-02-18T02:18:00,HYPE,5221.13,10731.75,0.439011,29.088,29.092,0.001682,831.42,1141.42,-310.0,153,1972.84,688.33,955.17,-266.84,78,0,110
3550,2026-02-18T02:18:00,BTC,155.49,10.52,0.806359,67288.0,67289.0,1.027273,2.84,0.43,2.41,97,3.26,0.0,0.23,-0.23,28,1,110
3551,2026-02-18T02:19:00,HYPE,7289.83,8645.45,0.448068,29.086,29.087,0.001645,1611.02,715.46,895.56,127,2326.48,544.33,776.57,-232.24,72,0,107
3552,2026-02-18T02:19:00,BTC,62.06,31.77,0.652379,67286.0,67287.0,1.046729,0.27,0.28,-0.01,80,0.55,0.06,0.19,-0.13,42,0,107
3553,2026-02-18T02:20:00,HYPE,4524.71,4544.04,0.436725,29.044,29.045,0.00145,585.38,376.7,208.68,99,962.08,545.58,254.39,291.19,72,0,111
3554,2026-02-18T02:20:00,BTC,50.51,127.22,0.587294,67239.0,67242.0,1.054054,0.72,3.79,-3.06,118,4.51,0.12,0.19,-0.07,34,1,111
3555,2026-02-18T02:21:00,HYPE,5213.34,4651.46,0.526282,29.059,29.06,0.001523,791.09,369.03,422.06,118,1160.12,546.14,227.89,318.25,67,0,107
3556,2026-02-18T02:21:00,BTC,95.66,17.99,0.67389,67228.0,67229.0,1.028037,0.2,1.44,-1.24,122,1.64,0.0,0.19,-0.19,29,0,107
3557,2026-02-18T02:22:00,HYPE,4921.03,5509.46,0.483033,29.077,29.078,0.001573,645.47,319.39,326.08,88,964.86,609.01,254.08,354.93,51,0,110
3558,2026-02-18T02:22:00,BTC,65.96,31.88,0.784058,67275.0,67276.0,1.109091,0.31,0.51,-0.2,115,0.81,0.0,0.19,-0.19,31,0,110
3559,2026-02-18T02:23:00,HYPE,5952.13,7532.93,0.472343,29.085,29.086,0.001459,459.68,192.14,267.54,74,651.82,469.06,244.09,224.97,53,0,109
3560,2026-02-18T02:23:00,BTC,54.11,38.67,0.735246,67279.0,67280.0,1.174312,2.34,2.76,-0.42,129,5.1,0.0,0.19,-0.19,29,4,109
3561,2026-02-18T02:24:00,HYPE,4298.93,3036.83,0.491206,29.076,29.077,0.002099,376.23,583.61,-207.38,85,959.84,478.96,257.95,221.01,55,0,111
3562,2026-02-18T02:24:00,BTC,43.28,33.97,0.595165,67264.0,67265.0,1.045045,4.87,0.73,4.14,95,5.6,0.0,0.19,-0.19,40,2,111
3563,2026-02-18T02:25:00,HYPE,5755.07,3480.04,0.468839,29.055,29.056,0.001613,539.63,291.27,248.36,94,830.9,392.08,228.44,163.64,56,0,106
3564,2026-02-18T02:25:00,BTC,44.36,36.36,0.632035,67199.0,67200.0,1.226415,0.16,1.87,-1.71,158,2.03,0.0,0.18,-0.18,52,1,106
3565,2026-02-18T02:26:00,HYPE,5422.26,6577.76,0.477086,29.078,29.079,0.001569,1279.51,225.38,1054.13,96,1504.89,345.45,327.09,18.36,37,0,109
3566,2026-02-18T02:26:00,BTC,59.33,36.51,0.66825,67233.0,67234.0,1.100917,0.17,3.45,-3.28,110,3.61,0.0,0.18,-0.18,29,1,109
3567,2026-02-18T02:27:00,HYPE,5298.07,11504.67,0.364241,29.092,29.093,0.001916,852.68,469.57,383.11,117,1322.25,411.57,218.08,193.49,55,0,107
3568,2026-02-18T02:27:00,BTC,66.07,32.79,0.690688,67229.0,67230.0,1.065421,0.11,0.59,-0.49,59,0.7,0.04,0.18,-0.14,32,0,107
3569,2026-02-18T02:28:00,HYPE,7934.32,9998.71,0.378552,29.099,29.1,0.00122,460.11,407.64,52.47,66,867.75,384.42,223.81,160.61,36,0,109
3570,2026-02-18T02:28:00,BTC,94.37,21.65,0.749837,67241.0,67242.0,1.009174,0.53,0.27,0.26,74,0.8,0.03,0.18,-0.14,30,0,109
3571,2026-02-18T02:29:00,HYPE,7675.02,9896.53,0.39956,29.095,29.096,0.001132,631.74,292.51,339.23,65,924.25,359.71,188.55,171.16,34,0,106
3572,2026-02-18T02:29:00,BTC,28.03,64.03,0.696223,67231.0,67232.0,1.037736,0.03,0.32,-0.28,68,0.35,0.0,0.22,-0.22,36,0,106
3573,2026-02-18T02:30:00,HYPE,7198.51,10780.53,0.445995,29.094,29.095,0.001442,501.06,378.5,122.56,78,879.56,386.66,220.71,165.95,38,0,104
3574,2026-02-18T02:30:00,BTC,64.29,32.3,0.633881,67195.0,67196.0,1.25,1.33,1.23,0.1,136,2.55,1.21,0.7,0.5,74,0,104
3575,2026-02-18T02:31:00,HYPE,5281.16,10940.61,0.463162,29.094,29.095,0.001352,487.17,331.46,155.71,79,818.63,349.65,213.45,136.2,38,0,108
3576,2026-02-18T02:31:00,BTC,63.67,27.76,0.716303,67217.0,67218.0,1.055556,1.59,1.81,-0.21,106,3.4,0.0,0.26,-0.26,46,1,108
3577,2026-02-18T02:32:00,HYPE,6136.39,7855.46,0.439565,29.095,29.096,0.001594,475.72,1622.31,-1146.59,107,2098.03,522.31,226.61,295.7,42,0,106
3578,2026-02-18T02:32:00,BTC,110.49,14.47,0.712061,67217.0,67218.0,1.037736,0.22,1.27,-1.06,136,1.49,0.0,0.26,-0.26,66,0,106
3579,2026-02-18T02:33:00,HYPE,5132.89,7645.63,0.417308,29.101,29.102,0.001037,1044.57,311.43,733.14,61,1356.0,364.49,211.36,153.13,43,0,109
3580,2026-02-18T02:33:00,BTC,45.65,40.25,0.743393,67246.0,67247.0,1.027523,1.6,0.56,1.04,162,2.16,0.0,0.2,-0.2,34,0,109
3581,2026-02-18T02:34:00,HYPE,5418.68,2125.82,0.520881,29.147,29.148,0.001182,4912.04,505.48,4406.56,113,5417.52,375.23,235.23,140.0,40,0,110
3582,2026-02-18T02:34:00,BTC,61.3,40.1,0.739664,67337.0,67338.0,1.054545,2.22,0.35,1.87,188,2.57,0.0,0.21,-0.21,30,1,110
3583,2026-02-18T02:35:00,HYPE,4620.12,3854.45,0.578716,29.143,29.144,0.001355,690.93,1662.81,-971.88,134,2353.74,469.55,251.24,218.31,79,0,107
3584,2026-02-18T02:35:00,BTC,33.04,42.52,0.59984,67321.0,67322.0,1.056075,0.59,0.4,0.19,70,0.99,0.0,0.18,-0.18,28,0,107
3585,2026-02-18T02:36:00,HYPE,4469.18,3797.66,0.598818,29.157,29.158,0.001444,643.92,1041.8,-397.88,197,1685.72,349.97,248.89,101.08,69,0,108
3586,2026-02-18T02:36:00,BTC,52.6,20.12,0.739015,67375.0,67376.0,1.611111,148.95,4.81,144.15,474,153.76,0.19,3.96,-3.77,43,77,108
3587,2026-02-18T02:37:00,HYPE,4413.83,3689.92,0.577595,29.17,29.176,0.001798,517.35,316.54,200.81,112,833.89,349.99,223.18,126.81,77,0,109
3588,2026-02-18T02:37:00,BTC,112.03,8.82,0.76799,67388.0,67389.0,1.12844,4.1,2.01,2.09,145,6.11,0.04,0.17,-0.13,31,0,109
3589,2026-02-18T02:38:00,HYPE,4847.5,2801.12,0.538145,29.147,29.148,0.001617,3114.37,846.18,2268.19,197,3960.55,932.6,837.17,95.43,116,0,107
3590,2026-02-18T02:38:00,BTC,80.26,39.17,0.673912,67338.0,67339.0,1.093458,0.85,0.74,0.11,149,1.59,0.03,0.12,-0.09,24,0,107
3591,2026-02-18T02:39:00,HYPE,5377.08,3234.6,0.572212,29.175,29.18,0.001587,1391.33,219.81,1171.52,222,1611.14,235.29,262.06,-26.77,59,0,109
3592,2026-02-18T02:39:00,BTC,64.7,44.6,0.728422,67356.0,67357.0,1.174312,0.61,8.35,-7.74,98,8.96,0.11,0.16,-0.05,30,3,109
3593,2026-02-18T02:40:00,HYPE,3830.71,3803.22,0.560385,29.141,29.142,0.001697,243.67,659.95,-416.28,75,903.62,235.79,201.0,34.79,38,0,109
3594,2026-02-18T02:40:00,BTC,55.37,48.23,0.757116,67357.0,67361.0,1.036697,1.62,0.26,1.35,71,1.88,0.0,0.12,-0.12,25,0,109
3595,2026-02-18T02:41:00,HYPE,5707.5,3698.63,0.53879,29.14,29.141,0.001573,296.18,1844.77,-1548.59,99,2140.95,236.29,233.15,3.14,32,0,110
3596,2026-02-18T02:41:00,BTC,72.46,42.94,0.765464,67361.0,67362.0,1.027273,1.51,0.35,1.17,139,1.86,0.01,0.12,-0.11,31,0,110
3597,2026-02-18T02:42:00,HYPE,5308.5,4086.74,0.532763,29.134,29.135,0.001817,243.19,613.86,-370.67,76,857.05,253.3,276.52,-23.22,49,0,109
3598,2026-02-18T02:42:00,BTC,74.83,33.8,0.697978,67348.0,67349.0,1.0,1.28,0.88,0.4,83,2.16,0.03,0.12,-0.09,34,0,109
3599,2026-02-18T02:43:00,HYPE,4693.59,2926.79,0.560207,29.143,29.144,0.001415,239.93,381.23,-141.3,64,621.16,285.79,209.3,76.49,30,0,106
3600,2026-02-18T02:43:00,BTC,87.86,30.3,0.695468,67350.0,67351.0,1.0,0.23,1.1,-0.87,56,1.33,0.0,0.12,-0.12,25,0,106
3601,2026-02-18T02:44:00,HYPE,4902.92,4554.19,0.544347,29.157,29.158,0.001407,238.37,353.56,-115.19,65,591.93,235.67,234.19,1.48,34,0,108
3602,2026-02-18T02:44:00,BTC,71.97,39.08,0.675211,67356.0,67357.0,1.055556,3.63,0.25,3.38,107,3.88,0.0,0.32,-0.32,32,2,108
3603,2026-02-18T02:45:00,HYPE,3555.07,2892.71,0.52107,29.169,29.17,0.001468,351.89,228.8,123.09,67,580.69,235.68,246.5,-10.82,46,0,109
3604,2026-02-18T02:45:00,BTC,93.92,26.73,0.674393,67347.0,67348.0,1.0,1.1,0.18,0.92,68,1.28,0.0,0.12,-0.12,25,1,109
3605,2026-02-18T02:46:00,HYPE,4164.5,4972.77,0.527755,29.167,29.168,0.001468,250.15,1272.14,-1021.99,83,1522.29,475.04,185.01,290.03,36,0,109
3606,2026-02-18T02:46:00,BTC,74.43,30.0,0.694331,67341.0,67342.0,1.018349,2.19,1.42,0.77,114,3.62,0.0,0.07,-0.07,20,1,109
3607,2026-02-18T02:47:00,HYPE,4616.44,4948.36,0.561938,29.187,29.188,0.001541,332.48,369.41,-36.93,73,701.89,119.92,241.96,-122.04,35,0,109
3608,2026-02-18T02:47:00,BTC,78.45,70.28,0.660547,67324.0,67325.0,1.119266,0.09,5.08,-4.99,80,5.18,0.0,0.07,-0.07,20,2,109
3609,2026-02-18T02:48:00,HYPE,7786.43,4700.11,0.526132,29.144,29.145,0.001138,166.17,207.79,-41.62,63,373.96,116.88,228.28,-111.4,28,0,109
3610,2026-02-18T02:48:00,BTC,87.06,22.69,0.66948,67264.0,67265.0,1.091743,6.58,1.28,5.3,209,7.85,0.2,0.07,0.13,30,1,109
3611,2026-02-18T02:49:00,HYPE,5392.26,3494.41,0.545283,29.142,29.143,0.001585,353.39,253.03,100.36,61,606.42,135.64,260.26,-124.62,32,0,106
3612,2026-02-18T02:49:00,BTC,94.47,19.11,0.719404,67265.0,67266.0,1.009434,0.13,0.27,-0.14,68,0.4,0.0,0.07,-0.07,18,0,106
3613,2026-02-18T02:50:00,HYPE,4762.27,2163.9,0.621219,29.166,29.167,0.001862,272.21,679.6,-407.39,61,951.81,135.63,176.09,-40.46,21,0,109
3614,2026-02-18T02:50:00,BTC,86.75,26.6,0.751425,67274.0,67275.0,1.091743,0.43,0.18,0.24,84,0.61,0.0,0.09,-0.09,20,0,109
3615,2026-02-18T02:51:00,HYPE,4572.76,3629.75,0.593285,29.151,29.152,0.001398,274.26,586.33,-312.07,56,860.59,159.4,235.23,-75.83,29,0,108
3616,2026-02-18T02:51:00,BTC,69.54,39.34,0.712887,67289.0,67290.0,1.12963,1.73,0.36,1.36,75,2.09,0.0,0.06,-0.06,16,1,108
3617,2026-02-18T02:52:00,HYPE,8727.75,3130.91,0.575157,29.134,29.135,0.001208,188.14,434.34,-246.2,58,622.48,142.17,219.05,-76.88,30,0,106
3618,2026-02-18T02:52:00,BTC,79.17,36.51,0.761362,67300.0,67301.0,1.056604,1.6,2.22,-0.61,78,3.82,0.0,0.07,-0.07,16,3,106
3619,2026-02-18T02:53:00,HYPE,4388.59,3711.81,0.603685,29.158,29.159,0.001213,153.01,225.13,-72.12,42,378.14,116.48,222.79,-106.31,23,0,108
3620,2026-02-18T02:53:00,BTC,70.28,46.06,0.700509,67338.0,67339.0,1.009259,12.13,1.2,10.93,145,13.33,0.0,0.27,-0.27,21,6,108
3621,2026-02-18T02:54:00,HYPE,3412.01,2990.81,0.548746,29.126,29.127,0.00156,198.17,244.14,-45.97,48,442.31,116.47,214.47,-98.0,24,0,109
3622,2026-02-18T02:54:00,BTC,73.87,37.04,0.636206,67290.0,67291.0,1.055046,0.09,37.26,-37.17,125,37.34,1.26,0.07,1.2,25,13,109
3623,2026-02-18T02:55:00,HYPE,5011.51,2573.38,0.613841,29.136,29.138,0.001374,391.9,1051.96,-660.06,81,1443.86,350.87,234.73,116.14,26,0,107
3624,2026-02-18T02:55:00,BTC,59.35,25.38,0.733366,67322.0,67323.0,1.196262,2.44,0.64,1.8,82,3.07,0.0,0.07,-0.06,18,1,107
3625,2026-02-18T02:56:00,HYPE,4768.72,3831.58,0.541315,29.101,29.102,0.001308,140.94,1775.56,-1634.62,81,1916.5,394.77,204.79,189.98,23,0,107
3626,2026-02-18T02:56:00,BTC,77.69,77.78,0.657679,67300.0,67301.0,1.093458,2.89,7.73,-4.84,102,10.62,1.0,0.06,0.94,29,6,107
3627,2026-02-18T02:57:00,HYPE,4317.44,4797.72,0.561915,29.123,29.124,0.001165,158.12,425.33,-267.21,51,583.45,116.52,195.81,-79.29,19,0,109
3628,2026-02-18T02:57:00,BTC,38.11,43.74,0.690069,67336.0,67337.0,1.045872,47.14,0.37,46.77,141,47.51,0.0,0.24,-0.24,16,9,109
3629,2026-02-18T02:58:00,HYPE,5916.11,4481.22,0.512213,29.133,29.134,0.001206,243.76,306.22,-62.46,69,549.98,116.53,202.03,-85.5,28,0,107
3630,2026-02-18T02:58:00,BTC,92.08,27.72,0.613983,67313.0,67314.0,1.0,1.83,1.63,0.2,114,3.47,0.35,0.06,0.29,24,1,107
3631,2026-02-18T02:59:00,HYPE,5057.87,3387.34,0.580947,29.167,29.169,0.001291,154.64,239.55,-84.91,57,394.19,134.13,232.11,-97.98,23,0,110
3632,2026-02-18T02:59:00,BTC,73.86,26.65,0.744637,67319.0,67320.0,1.018182,0.04,0.59,-0.55,59,0.63,0.0,0.07,-0.07,18,0,110
3633,2026-02-18T03:00:00,HYPE,5566.86,3537.63,0.582644,29.163,29.164,0.001176,329.54,527.41,-197.87,51,856.95,116.47,212.41,-95.94,25,0,108
3634,2026-02-18T03:00:00,BTC,93.54,22.69,0.707338,67305.0,67306.0,1.0,0.59,0.55,0.04,97,1.15,0.01,0.07,-0.06,21,0,108
3635,2026-02-18T03:01:00,HYPE,5174.05,5044.32,0.555782,29.169,29.17,0.001037,326.67,1530.12,-1203.45,65,1856.79,116.47,226.93,-110.46,22,0,109
3636,2026-02-18T03:01:00,BTC,56.34,37.37,0.700528,67327.0,67328.0,1.119266,2.52,1.04,1.48,147,3.56,0.0,0.07,-0.07,19,1,109
3637,2026-02-18T03:02:00,HYPE,6700.37,5765.29,0.527488,29.188,29.189,0.001191,251.91,237.46,14.45,52,489.37,116.86,184.4,-67.54,25,0,110
3638,2026-02-18T03:02:00,BTC,77.34,28.44,0.787956,67372.0,67373.0,1.081818,7.0,2.25,4.75,137,9.25,0.0,0.07,-0.07,16,5,110
3639,2026-02-18T03:03:00,HYPE,3074.24,3682.97,0.520456,29.192,29.193,0.001193,539.37,705.48,-166.11,63,1244.85,116.87,327.8,-210.93,26,0,109
3640,2026-02-18T03:03:00,BTC,50.05,41.24,0.708957,67367.0,67369.0,1.146789,5.19,1.37,3.82,129,6.56,0.0,0.07,-0.07,16,3,109
3641,2026-02-18T03:04:00,HYPE,3378.73,3320.2,0.551171,29.212,29.213,0.001091,3186.58,229.02,2957.56,152,3415.6,116.48,587.67,-471.19,25,0,110
3642,2026-02-18T03:04:00,BTC,123.56,15.97,0.678834,67384.0,67385.0,1.054545,0.19,0.22,-0.04,61,0.41,0.0,0.06,-0.06,15,0,110
3643,2026-02-18T03:05:00,HYPE,3722.61,4455.62,0.503334,29.2,29.208,0.00116,497.32,308.26,189.06,179,805.58,116.47,245.53,-129.06,30,0,106
3644,2026-02-18T03:05:00,BTC,85.22,21.7,0.710272,67442.0,67443.0,1.018868,31.47,0.71,30.76,373,32.17,27.59,0.61,26.97,79,16,106
3645,2026-02-18T03:06:00,HYPE,4100.12,3528.84,0.484032,29.169,29.17,0.00186,5994.27,6271.47,-277.2,183,12265.74,802.67,1176.65,-373.98,48,0,107
3646,2026-02-18T03:06:00,BTC,56.13,41.72,0.599976,67419.0,67420.0,1.018692,19.81,1.53,18.28,159,21.34,0.0,0.27,-0.27,20,9,107
3647,2026-02-18T03:07:00,HYPE,4697.22,5577.9,0.514304,29.128,29.129,0.001633,207.21,1101.53,-894.32,91,1308.74,132.57,223.81,-91.24,33,0,109
3648,2026-02-18T03:07:00,BTC,43.64,46.1,0.635789,67399.0,67400.0,1.110092,0.39,4.15,-3.76,105,4.55,0.0,0.07,-0.07,16,1,109
3649,2026-02-18T03:08:00,HYPE,4173.29,4691.26,0.528001,29.119,29.123,0.001407,760.87,980.51,-219.64,91,1741.38,116.53,250.58,-134.05,25,0,108
3650,2026-02-18T03:08:00,BTC,67.89,29.81,0.684249,67380.0,67381.0,1.037037,0.49,0.81,-0.32,100,1.31,0.16,0.07,0.1,17,0,108
3651,2026-02-18T03:09:00,HYPE,5971.21,5801.95,0.509804,29.15,29.151,0.001288,270.65,338.48,-67.83,69,609.13,116.86,245.6,-128.74,24,0,111
3652,2026-02-18T03:09:00,BTC,40.43,37.12,0.601276,67383.0,67384.0,1.189189,0.9,1.0,-0.1,117,1.89,0.0,0.07,-0.07,16,0,111
3653,2026-02-18T03:10:00,HYPE,2312.52,3603.58,0.497468,29.129,29.13,0.001128,167.24,2713.27,-2546.03,100,2880.51,146.61,284.38,-137.77,30,0,109
3654,2026-02-18T03:10:00,BTC,65.55,36.58,0.593774,67378.0,67379.0,1.009174,0.32,0.29,0.02,78,0.61,0.0,0.14,-0.14,28,0,109
3655,2026-02-18T03:11:00,HYPE,4240.17,4051.73,0.42938,29.133,29.134,0.001415,718.6,340.29,378.31,73,1058.89,152.82,251.51,-98.69,33,0,106
3656,2026-02-18T03:11:00,BTC,111.7,14.55,0.644401,67355.0,67356.0,1.132075,0.84,0.52,0.32,98,1.36,0.77,0.07,0.71,34,0,106
3657,2026-02-18T03:12:00,HYPE,4914.58,5328.71,0.473212,29.163,29.164,0.001664,778.87,290.96,487.91,61,1069.83,116.47,220.7,-104.23,32,0,107
3658,2026-02-18T03:12:00,BTC,83.97,20.85,0.675574,67348.0,67349.0,1.102804,0.6,1.38,-0.78,92,1.98,0.0,0.07,-0.07,16,0,107
3659,2026-02-18T03:13:00,HYPE,3469.84,3288.92,0.507898,29.195,29.197,0.001523,748.86,221.08,527.78,60,969.94,133.77,716.55,-582.78,36,0,107
3660,2026-02-18T03:13:00,BTC,68.99,24.25,0.705553,67385.0,67386.0,1.149533,1.0,0.19,0.81,111,1.19,0.0,0.06,-0.06,17,0,107
3661,2026-02-18T03:14:00,HYPE,5431.5,4083.36,0.521236,29.208,29.209,0.001407,309.19,234.17,75.02,74,543.36,164.6,219.67,-55.07,41,0,108
3662,2026-02-18T03:14:00,BTC,38.38,53.54,0.633842,67384.0,67385.0,1.046296,1.8,0.14,1.66,86,1.93,0.03,0.07,-0.04,22,1,108
3663,2026-02-18T03:15:00,HYPE,4483.34,2983.73,0.532918,29.204,29.205,0.001324,1895.28,197.07,1698.21,86,2092.35,116.47,222.52,-106.05,26,0,108
3664,2026-02-18T03:15:00,BTC,98.47,21.89,0.60558,67391.0,67392.0,1.009259,0.47,5.15,-4.67,85,5.62,0.0,0.07,-0.07,20,4,108
3665,2026-02-18T03:16:00,HYPE,5417.76,3453.35,0.512511,29.22,29.221,0.001385,752.83,586.42,166.41,80,1339.25,203.83,260.8,-56.97,25,0,109
3666,2026-02-18T03:16:00,BTC,129.91,12.62,0.692374,67402.0,67403.0,1.12844,0.66,2.86,-2.2,123,3.52,0.11,0.07,0.05,19,0,109
3667,2026-02-18T03:17:00,HYPE,5448.57,1335.35,0.565159,29.239,29.24,0.00122,508.78,244.98,263.8,111,753.76,117.64,240.41,-122.77,28,0,109
3668,2026-02-18T03:17:00,BTC,59.23,33.33,0.704465,67443.0,67444.0,1.192661,0.41,0.72,-0.31,114,1.13,0.0,0.17,-0.17,22,0,109
3669,2026-02-18T03:18:00,HYPE,4314.79,4941.4,0.61289,29.235,29.236,0.001072,1143.37,5743.37,-4600.0,257,6886.74,1053.37,202.04,851.33,41,0,111
3670,2026-02-18T03:18:00,BTC,74.61,24.45,0.691889,67446.0,67447.0,1.0,0.73,0.13,0.6,62,0.87,0.0,0.07,-0.07,19,0,111
3671,2026-02-18T03:19:00,HYPE,3653.94,3813.75,0.523812,29.229,29.23,0.002,6117.16,1398.08,4719.08,207,7515.24,117.65,755.09,-637.44,35,0,106
3672,2026-02-18T03:19:00,BTC,63.16,23.99,0.591505,67424.0,67425.0,1.028302,0.24,0.52,-0.28,97,0.76,0.0,0.07,-0.07,27,0,106
3673,2026-02-18T03:20:00,HYPE,4190.34,3959.89,0.572381,29.253,29.254,0.001738,228.46,202.1,26.36,61,430.56,117.25,199.59,-82.34,39,0,107
3674,2026-02-18T03:20:00,BTC,104.75,18.61,0.66661,67429.0,67430.0,1.037383,0.69,0.13,0.56,90,0.82,0.0,0.07,-0.07,28,0,107
3675,2026-02-18T03:21:00,HYPE,4344.84,5625.54,0.54075,29.279,29.28,0.001704,3506.02,550.51,2955.51,310,4056.53,118.63,462.0,-343.37,39,0,108
3676,2026-02-18T03:21:00,BTC,85.51,19.96,0.732652,67429.0,67430.0,1.027778,0.07,0.51,-0.44,63,0.58,0.0,0.07,-0.07,16,0,108
3677,2026-02-18T03:22:00,HYPE,5371.99,6126.21,0.500147,29.293,29.294,0.001467,622.78,575.49,47.29,229,1198.27,261.35,340.05,-78.7,80,0,107
3678,2026-02-18T03:22:00,BTC,99.81,20.57,0.686152,67415.0,67416.0,1.065421,0.01,0.24,-0.23,54,0.26,0.0,0.07,-0.07,24,0,107
3679,2026-02-18T03:23:00,HYPE,10223.86,3471.79,0.699875,29.322,29.323,0.001165,2845.61,1385.57,1460.04,253,4231.18,153.17,2180.93,-2027.76,56,0,109
3680,2026-02-18T03:23:00,BTC,76.76,25.07,0.762818,67447.0,67448.0,1.009174,21.18,0.22,20.96,156,21.4,20.0,1.41,18.59,92,14,109
3681,2026-02-18T03:24:00,HYPE,9639.74,4230.78,0.738544,29.326,29.327,0.001173,476.78,327.12,149.66,154,803.9,116.87,292.13,-175.26,60,0,110
3682,2026-02-18T03:24:00,BTC,72.13,31.89,0.678225,67459.0,67460.0,1.0,2.01,0.13,1.88,115,2.14,0.0,0.07,-0.07,18,1,110
3683,2026-02-18T03:25:00,HYPE,9501.9,4748.94,0.665754,29.331,29.332,0.001345,538.93,251.29,287.64,60,790.22,116.86,300.72,-183.86,38,0,110
3684,2026-02-18T03:25:00,BTC,57.81,41.06,0.69886,67482.0,67483.0,1.181818,15.57,0.64,14.93,227,16.21,0.02,0.38,-0.36,33,12,110
3685,2026-02-18T03:26:00,HYPE,9271.34,4841.29,0.660757,29.329,29.33,0.001423,854.75,875.26,-20.51,103,1730.01,774.86,324.42,450.44,54,0,111
3686,2026-02-18T03:26:00,BTC,86.25,23.83,0.662694,67466.0,67467.0,1.09009,0.84,0.9,-0.06,90,1.73,0.57,0.07,0.51,25,0,111
3687,2026-02-18T03:27:00,HYPE,11595.24,2190.03,0.690618,29.336,29.337,0.001682,389.61,453.3,-63.69,70,842.91,116.47,306.97,-190.5,35,0,110
3688,2026-02-18T03:27:00,BTC,55.95,34.3,0.666435,67496.0,67497.0,1.063636,0.67,0.57,0.1,120,1.24,0.0,0.27,-0.27,19,0,110
3689,2026-02-18T03:28:00,HYPE,6189.91,3086.58,0.654704,29.339,29.343,0.001394,394.75,683.18,-288.43,115,1077.93,116.86,237.77,-120.91,29,0,109
3690,2026-02-18T03:28:00,BTC,81.56,29.18,0.640336,67506.0,67507.0,1.174312,1.85,0.58,1.27,232,2.43,0.02,0.07,-0.04,19,1,109
3691,2026-02-18T03:29:00,HYPE,7623.58,3797.29,0.620136,29.334,29.335,0.001364,458.64,852.7,-394.06,79,1311.34,129.27,699.6,-570.33,44,0,110
3692,2026-02-18T03:29:00,BTC,57.19,40.05,0.620553,67528.0,67529.0,1.072727,22.11,0.93,21.18,211,23.03,20.0,0.39,19.61,124,14,110
3693,2026-02-18T03:30:00,HYPE,6494.8,3755.04,0.616237,29.325,29.326,0.00138,327.83,2373.61,-2045.78,72,2701.44,116.47,327.8,-211.33,27,0,108
3694,2026-02-18T03:30:00,BTC,56.64,33.22,0.663434,67522.0,67523.0,1.009259,1.33,0.26,1.06,95,1.59,0.01,0.07,-0.05,26,0,108
3695,2026-02-18T03:31:00,HYPE,6846.38,3524.11,0.60602,29.336,29.337,0.001327,801.95,696.29,105.66,94,1498.24,116.86,346.88,-230.02,32,0,110
3696,2026-02-18T03:31:00,BTC,88.73,19.36,0.679005,67525.0,67526.0,1.054545,0.44,5.83,-5.39,130,6.27,0.43,0.07,0.37,25,3,110
3697,2026-02-18T03:32:00,HYPE,6163.69,3865.72,0.60981,29.325,29.33,0.001482,570.27,587.81,-17.54,170,1158.08,124.07,264.93,-140.86,32,0,110
3698,2026-02-18T03:32:00,BTC,43.08,46.01,0.634282,67537.0,67538.0,1.090909,12.54,0.24,12.31,191,12.78,0.0,0.27,-0.27,22,8,110
3699,2026-02-18T03:33:00,HYPE,7480.55,1566.52,0.621742,29.369,29.37,0.001321,810.34,306.9,503.44,161,1117.24,135.63,262.03,-126.4,46,0,109
3700,2026-02-18T03:33:00,BTC,105.24,15.35,0.669067,67568.0,67569.0,1.110092,2.95,1.06,1.88,277,4.01,0.03,0.07,-0.04,34,1,109
3701,2026-02-18T03:34:00,HYPE,7133.39,4061.24,0.627547,29.388,29.389,0.001725,1426.14,350.13,1076.01,211,1776.27,971.9,310.07,661.83,126,0,109
3702,2026-02-18T03:34:00,BTC,62.3,29.01,0.648168,67582.0,67583.0,1.06422,2.42,2.8,-0.38,172,5.22,0.0,0.07,-0.07,20,1,109
3703,2026-02-18T03:35:00,HYPE,6814.15,3838.19,0.622196,29.373,29.376,0.001364,156.37,1463.93,-1307.56,78,1620.3,140.22,249.6,-109.38,33,0,110
3704,2026-02-18T03:35:00,BTC,79.23,27.45,0.654598,67571.0,67572.0,1.109091,3.72,1.84,1.88,136,5.56,0.07,0.07,0.0,21,1,110
3705,2026-02-18T03:36:00,HYPE,6212.46,3670.05,0.621365,29.381,29.383,0.001138,377.17,464.89,-87.72,69,842.06,116.86,257.89,-141.03,29,0,109
3706,2026-02-18T03:36:00,BTC,21.8,41.41,0.686073,67575.0,67576.0,1.12844,1.41,1.05,0.36,117,2.45,0.0,0.07,-0.06,17,0,109
3707,2026-02-18T03:37:00,HYPE,3766.58,5833.24,0.603989,29.405,29.407,0.001352,3182.12,821.57,2360.55,318,4003.69,225.66,636.31,-410.65,45,0,108
3708,2026-02-18T03:37:00,BTC,18.64,40.65,0.693839,67616.0,67617.0,1.435185,10.48,3.31,7.17,356,13.79,0.27,0.47,-0.2,32,4,108
3709,2026-02-18T03:38:00,HYPE,5072.85,4453.49,0.519847,29.408,29.409,0.001565,628.36,373.2,255.16,108,1001.56,59.1,253.73,-194.63,27,0,108
3710,2026-02-18T03:38:00,BTC,66.65,29.68,0.688288,67631.0,67632.0,1.12037,12.38,1.19,11.19,230,13.56,0.0,0.44,-0.44,18,5,108
3711,2026-02-18T03:39:00,HYPE,2798.63,3461.64,0.605203,29.393,29.394,0.001333,111.14,1300.51,-1189.37,76,1411.65,147.39,235.07,-87.68,26,0,111
3712,2026-02-18T03:39:00,BTC,80.78,21.15,0.514679,67594.0,67595.0,1.108108,5.24,2.4,2.84,163,7.63,1.14,0.26,0.88,24,2,111
3713,2026-02-18T03:40:00,HYPE,5416.71,6760.26,0.490021,29.422,29.423,0.001755,1365.04,449.09,915.95,188,1814.13,77.11,353.1,-275.99,33,0,106
3714,2026-02-18T03:40:00,BTC,41.15,41.18,0.636832,67576.0,67577.0,1.066038,0.05,1.13,-1.08,86,1.18,0.0,0.04,-0.04,16,0,106
3715,2026-02-18T03:41:00,HYPE,3925.76,1903.34,0.494623,29.377,29.378,0.001618,241.04,4098.67,-3857.63,149,4339.71,510.96,290.03,220.93,39,0,110
3716,2026-02-18T03:41:00,BTC,34.09,38.41,0.588526,67577.0,67578.0,1.045455,6.26,10.51,-4.26,160,16.77,0.19,0.04,0.15,22,10,110
3717,2026-02-18T03:42:00,HYPE,7137.58,26066.58,0.270103,29.365,29.366,0.001713,1156.08,1168.55,-12.47,97,2324.63,104.82,151.04,-46.22,25,0,108
3718,2026-02-18T03:42:00,BTC,109.21,14.85,0.550494,67576.0,67577.0,1.037037,0.02,0.69,-0.68,67,0.71,0.2,0.04,0.17,22,0,108
3719,2026-02-18T03:43:00,HYPE,4854.66,23055.56,0.343246,29.34,29.341,0.001324,66.99,2594.95,-2527.96,83,2661.94,110.77,53.54,57.23,21,0,108
3720,2026-02-18T03:43:01,BTC,115.75,18.19,0.694164,67582.0,67583.0,1.018519,0.18,0.14,0.05,62,0.32,0.0,0.04,-0.04,15,0,108
3721,2026-02-18T03:44:00,HYPE,4965.08,4003.83,0.54183,29.365,29.366,0.001333,100.77,57.65,43.12,25,158.42,60.72,53.54,7.18,15,0,108
3722,2026-02-18T03:44:00,BTC,108.68,13.18,0.777626,67606.0,67607.0,1.101852,0.81,0.39,0.42,87,1.19,0.0,0.04,-0.04,13,0,108
3723,2026-02-18T03:45:00,HYPE,3732.52,12693.83,0.380405,29.354,29.355,0.001155,62.43,259.66,-197.23,36,322.09,59.5,53.54,5.96,17,0,110
3724,2026-02-18T03:45:00,BTC,73.39,35.5,0.623016,67605.0,67606.0,1.027273,6.27,13.39,-7.13,175,19.66,0.55,0.04,0.51,22,13,110
3725,2026-02-18T03:46:00,HYPE,3154.3,15558.94,0.366963,29.356,29.357,0.001255,142.88,204.79,-61.91,55,347.67,60.88,53.53,7.35,19,0,106
3726,2026-02-18T03:46:00,BTC,90.45,27.61,0.693073,67624.0,67625.0,1.169811,14.75,1.22,13.52,203,15.97,0.0,0.04,-0.04,21,6,106
3727,2026-02-18T03:47:00,HYPE,4298.38,4702.94,0.260034,29.348,29.349,0.001276,63.39,153.44,-90.05,39,216.83,61.89,53.53,8.36,23,0,105
3728,2026-02-18T03:47:00,BTC,52.42,44.9,0.634158,67610.0,67611.0,1.028571,0.05,0.87,-0.82,79,0.91,0.22,0.04,0.18,41,0,105
3729,2026-02-18T03:48:00,HYPE,3984.01,13145.55,0.412844,29.277,29.278,0.001213,74.58,4857.24,-4782.66,128,4931.82,487.16,66.6,420.56,32,0,108
3730,2026-02-18T03:48:00,BTC,75.63,31.75,0.622143,67569.0,67570.0,1.166667,0.11,14.35,-14.24,156,14.47,9.8,0.04,9.76,35,5,108
3731,2026-02-18T03:49:00,HYPE,5567.07,12417.38,0.285377,29.287,29.288,0.001881,70.27,225.77,-155.5,55,296.04,61.9,53.54,8.36,26,0,109
3732,2026-02-18T03:49:00,BTC,55.53,37.29,0.763943,67588.0,67589.0,1.009174,0.56,0.46,0.1,75,1.02,0.0,0.04,-0.04,16,0,109
3733,2026-02-18T03:50:00,HYPE,7090.29,2714.93,0.352829,29.299,29.3,0.001056,7593.83,60.61,7533.22,110,7654.44,63.13,53.54,9.59,16,0,107
3734,2026-02-18T03:50:00,BTC,192.86,4.2,0.780608,67615.0,67616.0,1.0,0.88,0.11,0.76,84,0.99,0.03,0.04,-0.01,18,0,107
3735,2026-02-18T03:51:00,HYPE,5225.25,4159.53,0.496879,29.314,29.315,0.001156,1441.46,176.09,1265.37,62,1617.55,62.28,29.23,33.05,14,0,109
3736,2026-02-18T03:51:00,BTC,66.05,34.79,0.753562,67621.0,67622.0,1.0,0.23,1.02,-0.79,70,1.25,0.0,0.04,-0.04,16,0,109
3737,2026-02-18T03:52:00,HYPE,3968.27,5269.79,0.509699,29.309,29.31,0.001239,42.91,130.13,-87.22,32,173.04,32.93,4.94,27.99,11,0,109
3738,2026-02-18T03:52:00,BTC,97.64,20.14,0.708326,67622.0,67623.0,1.009174,0.81,0.21,0.6,77,1.02,0.0,0.03,-0.03,14,0,109
3739,2026-02-18T03:53:00,HYPE,5175.45,3734.25,0.54485,29.314,29.315,0.0012,179.44,6.2,173.24,20,185.64,5.31,4.94,0.37,11,0,110
3740,2026-02-18T03:53:00,BTC,84.99,26.8,0.670864,67626.0,67627.0,1.054545,4.71,0.2,4.51,178,4.92,0.0,0.01,-0.01,12,0,110
3741,2026-02-18T03:54:00,HYPE,4743.02,4116.74,0.585115,29.321,29.322,0.001336,38.68,199.18,-160.5,41,237.86,4.35,4.94,-0.59,13,0,107
3742,2026-02-18T03:54:00,BTC,63.27,30.6,0.673383,67640.0,67641.0,1.0,1.54,1.33,0.21,69,2.87,0.0,2.21,-2.21,31,0,107
3743,2026-02-18T03:55:00,HYPE,3893.86,5865.35,0.495271,29.312,29.313,0.001136,157.72,311.71,-153.99,39,469.43,4.35,4.93,-0.58,11,0,110
3744,2026-02-18T03:55:00,BTC,41.9,83.21,0.698643,67619.0,67621.0,1.290909,11.01,1.59,9.42,266,12.61,0.0,0.16,-0.16,17,3,110
3745,2026-02-18T03:56:00,HYPE,3403.65,5578.55,0.481875,29.305,29.306,0.001102,7.65,133.76,-126.11,32,141.41,4.35,6.72,-2.37,13,0,108
3746,2026-02-18T03:56:00,BTC,72.26,22.37,0.728232,67640.0,67641.0,1.027778,0.87,0.08,0.79,56,0.95,0.0,0.01,-0.01,10,0,108
3747,2026-02-18T03:57:00,HYPE,5621.83,3617.97,0.512435,29.303,29.304,0.001282,61.9,543.04,-481.14,55,604.94,4.35,4.94,-0.59,12,0,110
3748,2026-02-18T03:57:00,BTC,38.67,45.46,0.663942,67652.0,67653.0,1.090909,4.79,0.65,4.14,247,5.44,0.0,0.12,-0.12,13,1,110
3749,2026-02-18T03:58:00,HYPE,5037.34,4671.39,0.511265,29.29,29.292,0.001196,91.08,123.15,-32.07,39,214.23,3.96,4.94,-0.98,11,0,107
3750,2026-02-18T03:58:00,BTC,74.23,30.78,0.65603,67647.0,67648.0,1.028037,1.16,0.13,1.04,79,1.29,0.04,0.59,-0.55,20,0,107
3751,2026-02-18T03:59:00,HYPE,4263.64,4240.74,0.565046,29.28,29.281,0.001318,92.11,125.91,-33.8,30,218.02,4.36,52.22,-47.86,11,0,110
3752,2026-02-18T03:59:00,BTC,58.7,32.68,0.703199,67653.0,67654.0,1.036364,0.81,0.75,0.06,159,1.55,0.03,0.01,0.02,21,0,110
3753,2026-02-18T04:00:00,HYPE,4139.91,5863.15,0.470348,29.254,29.255,0.001315,41.17,575.18,-534.01,49,616.35,3.96,4.94,-0.98,9,0,111
3754,2026-02-18T04:00:00,BTC,56.5,37.69,0.629564,67607.0,67608.0,1.126126,0.92,2.84,-1.92,127,3.75,0.13,0.01,0.12,20,1,111
3755,2026-02-18T04:01:00,HYPE,5113.28,3439.4,0.613773,29.295,29.296,0.001176,461.66,1269.69,-808.03,116,1731.35,4.35,46.07,-41.72,13,0,108
3756,2026-02-18T04:01:00,BTC,49.67,40.71,0.61771,67608.0,67609.0,1.277778,3.0,2.68,0.32,128,5.69,0.0,0.01,-0.01,10,0,108
3757,2026-02-18T04:02:00,HYPE,6752.03,4472.45,0.615592,29.286,29.287,0.001418,495.11,164.56,330.55,83,659.67,4.35,58.41,-54.06,13,0,110
3758,2026-02-18T04:02:00,BTC,121.02,15.65,0.608537,67553.0,67555.0,1.063636,0.37,2.88,-2.51,173,3.25,0.84,0.01,0.83,14,1,110
3759,2026-02-18T04:03:00,HYPE,7072.35,3586.02,0.671768,29.313,29.314,0.001345,316.27,271.3,44.97,63,587.57,4.35,40.58,-36.23,10,0,110
3760,2026-02-18T04:03:00,BTC,37.81,38.99,0.646312,67554.0,67555.0,1.018182,0.35,2.3,-1.95,145,2.65,0.0,0.01,-0.01,11,1,110
3761,2026-02-18T04:04:00,HYPE,4709.42,3725.05,0.604095,29.279,29.28,0.001211,792.25,353.32,438.93,43,1145.57,3.96,6.33,-2.37,8,0,109
3762,2026-02-18T04:04:00,BTC,90.62,26.36,0.646354,67540.0,67541.0,1.027523,0.07,0.85,-0.78,66,0.92,0.0,0.01,-0.01,11,0,109
3763,2026-02-18T04:05:00,HYPE,5306.02,2317.56,0.610129,29.275,29.276,0.0011,292.42,348.35,-55.93,57,640.77,4.35,22.02,-17.67,11,0,110
3764,2026-02-18T04:05:00,BTC,78.47,26.63,0.67153,67488.0,67489.0,1.018182,0.98,15.48,-14.5,341,16.46,1.06,0.02,1.04,32,5,110
3765,2026-02-18T04:06:00,HYPE,4853.24,3547.58,0.626106,29.291,29.292,0.001147,190.31,224.32,-34.01,52,414.63,4.35,22.01,-17.66,9,0,109
3766,2026-02-18T04:06:00,BTC,33.96,48.91,0.708379,67508.0,67509.0,1.036697,3.25,0.7,2.55,108,3.94,0.0,0.01,-0.01,10,1,109
3767,2026-02-18T04:07:00,HYPE,4447.07,2335.96,0.61039,29.335,29.336,0.001578,2720.46,187.59,2532.87,115,2908.05,4.35,482.36,-478.01,13,1,109
3768,2026-02-18T04:07:00,BTC,46.73,52.98,0.532393,67490.0,67491.0,1.0,0.21,1.25,-1.04,112,1.45,0.0,0.01,-0.01,12,0,109
3769,2026-02-18T04:08:00,HYPE,3174.12,4035.46,0.538382,29.364,29.365,0.001164,1757.56,10.04,1747.52,59,1767.6,4.35,351.05,-346.7,14,0,110
3770,2026-02-18T04:08:00,BTC,90.6,22.17,0.742144,67498.0,67499.0,1.0,0.11,0.71,-0.61,74,0.82,0.0,0.01,-0.01,10,0,110
3771,2026-02-18T04:09:00,HYPE,4865.63,3793.08,0.538241,29.351,29.352,0.001145,30.86,123.26,-92.4,33,154.12,4.35,5.33,-0.98,11,0,110
3772,2026-02-18T04:09:00,BTC,105.45,7.47,0.79865,67511.0,67512.0,1.0,1.18,5.62,-4.43,138,6.8,1.21,0.01,1.2,14,1,110
3773,2026-02-18T04:10:00,HYPE,4133.29,4550.47,0.54566,29.376,29.377,0.001565,141.24,193.49,-52.25,44,334.73,3.96,43.45,-39.49,13,0,108
3774,2026-02-18T04:10:00,BTC,68.68,28.45,0.722811,67572.0,67573.0,1.203704,1.74,2.68,-0.95,181,4.42,0.0,0.24,-0.24,12,0,108
3775,2026-02-18T04:11:00,HYPE,5251.98,4406.49,0.535531,29.387,29.388,0.001404,149.8,156.92,-7.12,43,306.72,4.35,5.33,-0.98,14,0,109
3776,2026-02-18T04:11:00,BTC,62.99,21.64,0.83507,67669.0,67670.0,1.412844,4.78,1.0,3.78,316,5.78,0.0,0.2,-0.19,12,1,109
3777,2026-02-18T04:12:00,HYPE,5377.58,4468.9,0.557025,29.394,29.395,0.001523,215.18,18.02,197.16,40,233.2,4.35,47.95,-43.6,11,0,109
3778,2026-02-18T04:12:00,BTC,68.99,22.73,0.706283,67665.0,67666.0,1.293578,5.67,1.25,4.42,240,6.91,0.0,0.24,-0.24,11,2,109
3779,2026-02-18T04:13:00,HYPE,5237.46,3023.05,0.551024,29.372,29.373,0.001449,322.39,869.93,-547.54,46,1192.32,4.35,138.33,-133.98,14,0,107
3780,2026-02-18T04:13:00,BTC,61.8,35.92,0.560779,67590.0,67591.0,1.252336,4.91,1.93,2.98,219,6.85,0.0,0.01,-0.01,12,1,107
3781,2026-02-18T04:14:00,HYPE,4464.87,4565.55,0.495959,29.316,29.317,0.001157,6.06,132.51,-126.45,33,138.57,4.77,5.75,-0.98,18,0,108
3782,2026-02-18T04:14:00,BTC,47.06,46.23,0.572306,67533.0,67534.0,1.111111,0.26,2.84,-2.58,195,3.1,0.0,0.01,-0.01,11,0,108
3783,2026-02-18T04:15:00,HYPE,3893.01,3433.69,0.532097,29.327,29.328,0.001514,98.96,56.75,42.21,42,155.71,3.18,4.94,-1.76,6,0,111
3784,2026-02-18T04:15:00,BTC,171.52,14.75,0.6751,67536.0,67537.0,1.0,0.16,5.26,-5.09,108,5.42,0.0,0.01,-0.01,10,3,111
3785,2026-02-18T04:16:00,HYPE,4095.82,2536.5,0.564667,29.333,29.334,0.001642,22.58,19.42,3.16,29,42.0,3.62,4.94,-1.32,12,0,109
3786,2026-02-18T04:16:00,BTC,121.32,30.58,0.767084,67568.0,67569.0,1.073394,2.41,0.46,1.94,139,2.87,0.0,0.37,-0.37,17,1,109
3787,2026-02-18T04:17:00,HYPE,4199.5,3540.09,0.54437,29.326,29.327,0.001327,3.94,41.51,-37.57,24,45.45,2.8,4.93,-2.13,8,0,107
3788,2026-02-18T04:17:00,BTC,87.56,15.42,0.734376,67555.0,67556.0,1.102804,1.15,0.21,0.94,97,1.36,0.05,0.01,0.04,23,0,107
3789,2026-02-18T04:18:00,HYPE,5495.72,3516.14,0.560224,29.343,29.344,0.001407,499.87,59.07,440.8,34,558.94,0.78,4.94,-4.16,5,0,108
3790,2026-02-18T04:18:00,BTC,110.76,18.02,0.772361,67575.0,67576.0,1.037037,0.32,0.2,0.13,94,0.52,0.02,0.01,0.0,18,0,108
3791,2026-02-18T04:19:00,HYPE,3600.4,2895.97,0.509441,29.35,29.351,0.001174,46.97,10.01,36.96,22,56.98,0.78,4.94,-4.16,6,0,109
3792,2026-02-18T04:19:00,BTC,74.04,26.92,0.774828,67599.0,67600.0,1.0,0.27,0.11,0.16,95,0.38,0.0,0.01,-0.01,12,0,109
3793,2026-02-18T04:20:00,HYPE,3105.14,4176.47,0.543267,29.369,29.37,0.001174,627.89,92.08,535.81,39,719.97,0.78,39.72,-38.94,7,0,109
3794,2026-02-18T04:20:00,BTC,63.53,31.58,0.716021,67640.0,67641.0,1.018349,4.6,2.35,2.25,199,6.95,0.2,0.23,-0.03,15,2,109
3795,2026-02-18T04:21:00,HYPE,2306.19,3770.73,0.525954,29.366,29.37,0.001972,475.53,67.71,407.82,53,543.24,0.39,4.93,-4.54,3,0,107
3796,2026-02-18T04:21:00,BTC,74.26,18.89,0.737635,67646.0,67647.0,1.009346,1.14,0.17,0.97,77,1.32,0.01,0.01,0.0,20,1,107
3797,2026-02-18T04:22:00,HYPE,4931.87,3966.5,0.469577,29.375,29.376,0.001206,3.64,41.68,-38.04,21,45.32,0.78,4.94,-4.16,5,0,107
3798,2026-02-18T04:22:00,BTC,85.64,41.61,0.673212,67655.0,67656.0,1.0,1.42,1.44,-0.01,114,2.86,0.0,0.01,-0.01,12,1,107
3799,2026-02-18T04:23:00,HYPE,3963.94,4786.15,0.424279,29.35,29.351,0.001248,51.83,154.71,-102.88,32,206.54,0.78,5.33,-4.55,5,0,109
3800,2026-02-18T04:23:00,BTC,45.65,51.81,0.639871,67592.0,67593.0,1.110092,2.32,1.05,1.26,238,3.37,0.02,0.22,-0.21,15,1,109
3801,2026-02-18T04:24:00,HYPE,3614.22,4723.88,0.45521,29.337,29.338,0.001292,125.66,3018.78,-2893.12,81,3144.44,667.16,4.94,662.22,11,0,106
3802,2026-02-18T04:24:00,BTC,87.44,19.88,0.717826,67603.0,67604.0,1.141509,0.27,0.17,0.11,85,0.44,0.0,0.02,-0.01,15,0,106
3803,2026-02-18T04:25:00,HYPE,3714.82,3918.11,0.518942,29.36,29.361,0.001355,12.17,11.07,1.1,19,23.24,3.24,4.93,-1.69,6,0,107
3804,2026-02-18T04:25:00,BTC,70.02,36.5,0.699057,67636.0,67637.0,1.009346,1.52,2.53,-1.01,126,4.05,0.0,0.01,-0.01,14,2,107
3805,2026-02-18T04:26:00,HYPE,4364.94,4818.92,0.521934,29.36,29.361,0.001222,112.99,24.06,88.93,35,137.05,2.88,14.94,-12.06,9,0,108
3806,2026-02-18T04:26:00,BTC,67.67,30.93,0.551893,67612.0,67613.0,1.101852,0.1,0.34,-0.24,81,0.43,0.19,0.01,0.17,29,0,108
3807,2026-02-18T04:27:00,HYPE,4956.15,4917.39,0.544166,29.373,29.374,0.001151,134.1,9.35,124.75,27,143.45,5.82,4.94,0.88,7,0,106
3808,2026-02-18T04:27:00,BTC,140.03,19.73,0.776616,67624.0,67625.0,1.037736,0.14,0.14,0.0,70,0.27,0.0,0.01,-0.01,14,0,106
3809,2026-02-18T04:28:00,HYPE,5621.74,4184.49,0.553025,29.379,29.38,0.00113,140.0,65.69,74.31,28,205.69,5.76,4.94,0.82,6,0,108
3810,2026-02-18T04:28:00,BTC,101.02,24.71,0.809214,67639.0,67640.0,1.009259,0.11,0.46,-0.36,70,0.57,0.0,0.01,-0.01,13,0,108
3811,2026-02-18T04:29:00,HYPE,4172.75,4132.31,0.512378,29.35,29.351,0.001541,166.56,75.64,90.92,45,242.2,5.77,4.94,0.83,6,0,109
3812,2026-02-18T04:29:00,BTC,85.41,26.28,0.706372,67639.0,67640.0,1.027523,0.73,0.12,0.61,81,0.85,0.0,0.01,-0.01,13,1,109
3813,2026-02-18T04:30:00,HYPE,3076.34,3822.98,0.422928,29.325,29.326,0.00163,105.63,41.4,64.23,34,147.03,5.76,4.93,0.83,7,0,108
3814,2026-02-18T04:30:00,BTC,87.62,12.14,0.770485,67648.0,67649.0,1.009259,9.51,2.75,6.75,100,12.26,0.49,0.01,0.48,14,3,108
3815,2026-02-18T04:31:00,HYPE,4215.52,3631.85,0.456963,29.336,29.337,0.001339,57.43,17.1,40.33,37,74.53,5.77,4.94,0.83,8,0,109
3816,2026-02-18T04:31:00,BTC,79.51,17.15,0.762218,67673.0,67674.0,1.06422,0.97,0.19,0.78,173,1.16,0.0,0.01,-0.01,13,0,109
3817,2026-02-18T04:32:00,HYPE,4005.2,4025.67,0.487455,29.322,29.323,0.001312,16.39,54.22,-37.83,39,70.61,5.38,4.94,0.44,8,0,109
3818,2026-02-18T04:32:00,BTC,109.49,13.23,0.748769,67680.0,67681.0,1.009174,0.66,1.22,-0.57,116,1.88,0.0,0.01,-0.01,10,0,109
3819,2026-02-18T04:33:00,HYPE,2742.21,4137.33,0.479046,29.325,29.326,0.001131,134.89,207.96,-73.07,36,342.85,5.76,4.94,0.82,11,0,107
3820,2026-02-18T04:33:00,BTC,89.74,27.95,0.828707,67684.0,67685.0,1.093458,1.54,0.39,1.15,59,1.93,0.0,0.01,0.0,11,0,107
3821,2026-02-18T04:34:00,HYPE,2807.86,4683.72,0.490079,29.322,29.323,0.001093,11.05,9.6,1.45,20,20.65,5.77,4.93,0.84,8,0,107
3822,2026-02-18T04:34:00,BTC,23.14,46.56,0.715897,67706.0,67707.0,1.149533,5.7,0.3,5.4,291,6.0,0.0,0.3,-0.29,20,1,107
3823,2026-02-18T04:35:00,HYPE,4764.0,5736.31,0.40864,29.317,29.318,0.001294,464.36,84.1,380.26,45,548.46,5.76,22.5,-16.74,7,0,109
3824,2026-02-18T04:35:00,BTC,90.06,20.58,0.66957,67714.0,67715.0,1.146789,8.14,9.01,-0.88,269,17.15,0.01,0.65,-0.64,40,8,109
3825,2026-02-18T04:36:00,HYPE,4078.95,3351.92,0.428137,29.301,29.302,0.001055,16.78,66.32,-49.54,25,83.1,5.77,8.74,-2.97,9,0,109
3826,2026-02-18T04:36:00,BTC,59.67,41.25,0.6001,67712.0,67713.0,1.0,0.32,1.38,-1.06,79,1.7,0.0,0.01,0.0,12,0,109
3827,2026-02-18T04:37:00,HYPE,4392.77,3816.14,0.496265,29.282,29.283,0.001315,202.14,1237.49,-1035.35,75,1439.63,376.43,4.94,371.49,11,0,108
3828,2026-02-18T04:37:00,BTC,49.82,36.89,0.578861,67680.0,67681.0,1.018519,1.38,2.96,-1.58,131,4.33,1.77,0.01,1.76,35,1,108
3829,2026-02-18T04:38:00,HYPE,3603.04,3270.73,0.460604,29.248,29.249,0.001509,692.24,1886.38,-1194.14,138,2578.62,5.37,4.93,0.44,9,0,110
3830,2026-02-18T04:38:00,BTC,74.91,23.59,0.572341,67679.0,67680.0,1.209091,0.81,4.29,-3.48,209,5.11,4.26,0.01,4.25,32,1,110
3831,2026-02-18T04:39:00,HYPE,4165.32,4565.05,0.472018,29.257,29.258,0.001173,159.13,9.99,149.14,35,169.12,5.77,4.94,0.83,13,0,110
3832,2026-02-18T04:39:00,BTC,73.46,23.91,0.757557,67695.0,67696.0,1.009091,0.76,0.79,-0.03,73,1.55,0.46,0.01,0.46,22,0,110
3833,2026-02-18T04:40:00,HYPE,3608.17,3958.4,0.378415,29.227,29.228,0.001218,55.25,801.47,-746.22,68,856.72,5.76,4.94,0.82,7,0,110
3834,2026-02-18T04:40:00,BTC,69.51,25.86,0.693572,67688.0,67689.0,1.090909,0.65,1.07,-0.42,115,1.72,0.69,0.01,0.68,41,0,110
3835,2026-02-18T04:41:00,HYPE,3778.58,4141.12,0.434425,29.222,29.223,0.001651,47.53,1526.59,-1479.06,92,1574.12,418.81,4.94,413.87,15,0,106
3836,2026-02-18T04:41:00,BTC,66.15,31.56,0.713525,67697.0,67698.0,1.04717,0.56,0.07,0.49,74,0.63,0.46,0.01,0.46,20,0,106
3837,2026-02-18T04:42:00,HYPE,4272.05,4121.24,0.434931,29.21,29.211,0.001234,21.84,50.33,-28.49,27,72.17,5.76,4.94,0.82,9,0,107
3838,2026-02-18T04:42:00,BTC,46.04,44.53,0.571046,67684.0,67685.0,1.0,0.66,0.2,0.46,65,0.87,0.46,0.01,0.46,18,0,107
3839,2026-02-18T04:43:00,HYPE,3442.67,3656.59,0.4977,29.222,29.223,0.001243,14.54,832.58,-818.04,44,847.12,47.84,4.93,42.91,11,0,107
3840,2026-02-18T04:43:00,BTC,76.3,19.79,0.560506,67686.0,67687.0,1.009346,0.63,2.53,-1.9,90,3.17,0.51,0.01,0.5,30,1,107
3841,2026-02-18T04:44:00,HYPE,4519.89,2336.13,0.501956,29.237,29.238,0.001065,64.12,13.45,50.67,28,77.57,5.38,4.94,0.44,7,0,108
3842,2026-02-18T04:44:00,BTC,58.38,40.61,0.603831,67671.0,67672.0,1.0,0.62,8.44,-7.82,127,9.05,2.4,0.01,2.4,25,4,108
3843,2026-02-18T04:45:00,HYPE,4268.09,3701.82,0.468037,29.231,29.232,0.001202,704.93,52.85,652.08,56,757.78,40.3,271.37,-231.07,16,0,109
3844,2026-02-18T04:45:00,BTC,67.57,37.24,0.7061,67668.0,67669.0,1.0,1.89,3.19,-1.3,88,5.08,2.28,1.13,1.14,26,2,109
3845,2026-02-18T04:46:00,HYPE,3460.07,3248.34,0.498494,29.242,29.243,0.00138,375.16,219.65,155.51,63,594.81,69.89,4.94,64.95,12,0,108
3846,2026-02-18T04:46:00,BTC,82.61,23.07,0.756287,67677.0,67678.0,1.092593,0.76,0.54,0.22,94,1.3,0.47,0.01,0.46,29,0,108
3847,2026-02-18T04:47:00,HYPE,3561.82,6948.18,0.469887,29.233,29.234,0.00122,488.89,3134.13,-2645.24,77,3623.02,864.8,2801.66,-1936.86,36,1,109
3848,2026-02-18T04:47:00,BTC,63.67,30.82,0.675469,67662.0,67663.0,1.284404,1.2,9.46,-8.26,195,10.66,0.46,0.01,0.46,19,3,109
3849,2026-02-18T04:48:00,HYPE,5040.25,3074.3,0.484605,29.213,29.214,0.001362,39.13,2913.31,-2874.18,75,2952.44,379.6,22.16,357.44,10,0,105
3850,2026-02-18T04:48:00,BTC,73.0,38.45,0.745155,67661.0,67662.0,1.019048,0.66,0.19,0.47,72,0.85,0.47,0.01,0.46,28,0,105
3851,2026-02-18T04:49:00,HYPE,5595.99,6209.77,0.466482,29.222,29.224,0.001364,76.36,57.48,18.88,34,133.84,0.39,5.33,-4.94,4,0,107
3852,2026-02-18T04:49:00,BTC,97.76,14.2,0.757807,67698.0,67699.0,1.11215,1.31,0.14,1.17,107,1.44,0.47,0.29,0.18,44,0,107
3853,2026-02-18T04:50:00,HYPE,5469.53,4853.32,0.454242,29.221,29.222,0.001955,6.47,10595.83,-10589.36,147,10602.3,839.43,4.94,834.49,12,0,110
3854,2026-02-18T04:50:00,BTC,48.01,47.63,0.656961,67714.0,67715.0,1.063636,14.31,14.0,0.31,183,28.31,0.46,0.34,0.13,21,11,110
3855,2026-02-18T04:51:00,HYPE,2656.37,3915.5,0.484061,29.218,29.219,0.001318,9.27,959.02,-949.75,55,968.29,42.38,4.93,37.45,6,0,110
3856,2026-02-18T04:51:00,BTC,86.66,20.97,0.742716,67728.0,67729.0,1.027273,0.93,0.41,0.52,110,1.34,0.46,0.01,0.46,22,0,110
3857,2026-02-18T04:52:00,HYPE,5205.04,4626.34,0.473622,29.201,29.202,0.001065,3.95,143.8,-139.85,25,147.75,0.78,4.94,-4.16,4,0,108
3858,2026-02-18T04:52:00,BTC,68.03,28.96,0.657881,67725.0,67726.0,1.009259,1.79,0.82,0.96,120,2.61,0.46,0.01,0.46,15,0,108
3859,2026-02-18T04:53:00,HYPE,3249.94,3414.44,0.469535,29.2,29.201,0.001171,115.81,251.21,-135.4,32,367.02,0.78,61.11,-60.33,5,0,111
3860,2026-02-18T04:53:00,BTC,58.14,38.37,0.505237,67719.0,67720.0,1.018018,0.57,0.07,0.5,51,0.64,0.46,0.01,0.46,18,0,111
3861,2026-02-18T04:54:00,HYPE,4931.14,4688.83,0.519221,29.225,29.228,0.001404,45.89,6.21,39.68,13,52.1,0.78,5.33,-4.55,5,0,109
3862,2026-02-18T04:54:00,BTC,72.32,22.0,0.719509,67727.0,67728.0,1.018349,0.58,0.05,0.52,60,0.63,0.46,0.01,0.46,17,0,109
3863,2026-02-18T04:55:00,HYPE,3300.94,3030.53,0.496083,29.294,29.295,0.001583,1380.26,153.45,1226.81,116,1533.71,0.78,22.5,-21.72,6,0,108
3864,2026-02-18T04:55:00,BTC,42.58,34.34,0.663297,67825.0,67826.0,1.916667,38.48,6.85,31.64,954,45.33,1.92,1.04,0.88,48,14,108
3865,2026-02-18T04:56:00,HYPE,5252.48,5491.54,0.525786,29.306,29.307,0.001596,562.86,205.31,357.55,53,768.17,0.39,5.83,-5.44,4,0,109
3866,2026-02-18T04:56:00,BTC,68.43,20.35,0.760068,67840.0,67841.0,1.155963,0.75,21.01,-20.26,215,21.76,0.46,0.72,-0.25,25,9,109
3867,2026-02-18T04:57:00,HYPE,5529.72,3626.35,0.505287,29.286,29.287,0.001376,13.2,574.11,-560.91,67,587.31,0.78,5.33,-4.55,5,0,109
3868,2026-02-18T04:57:00,BTC,41.65,51.32,0.591627,67815.0,67816.0,1.055046,0.89,2.25,-1.35,87,3.14,0.67,0.01,0.66,21,1,109
3869,2026-02-18T04:58:00,HYPE,4483.79,6098.15,0.541286,29.31,29.311,0.001231,148.72,116.98,31.74,39,265.7,0.78,49.61,-48.83,7,0,108
3870,2026-02-18T04:58:00,BTC,42.33,76.91,0.625471,67800.0,67801.0,1.064815,1.78,2.61,-0.83,162,4.38,0.46,0.01,0.46,31,1,108
3871,2026-02-18T04:59:00,HYPE,3529.02,4872.28,0.488347,29.304,29.305,0.001635,349.44,72.16,277.28,34,421.6,0.78,4.94,-4.16,4,0,104
3872,2026-02-18T04:59:00,BTC,95.87,23.51,0.49587,67784.0,67785.0,1.105769,3.76,0.18,3.58,87,3.94,0.46,0.01,0.46,17,1,104
3873,2026-02-18T05:00:00,HYPE,3315.28,3075.24,0.460091,29.314,29.315,0.00143,1561.88,20.46,1541.42,41,1582.34,0.78,135.6,-134.82,6,0,107
3874,2026-02-18T05:00:00,BTC,99.18,15.97,0.799649,67797.0,67798.0,1.009346,0.82,0.52,0.31,66,1.34,0.46,0.09,0.37,26,0,107
3875,2026-02-18T05:01:00,HYPE,5845.66,5438.28,0.491613,29.328,29.331,0.001127,328.8,84.68,244.12,42,413.48,0.4,90.0,-89.6,7,0,110
3876,2026-02-18T05:01:00,BTC,65.64,77.06,0.60698,67774.0,67775.0,1.027273,1.31,1.09,0.22,115,2.41,0.68,0.47,0.21,32,0,110
3877,2026-02-18T05:02:00,HYPE,5138.68,5590.23,0.466059,29.336,29.337,0.001139,596.76,13.91,582.85,68,610.67,0.78,91.02,-90.24,7,0,108
3878,2026-02-18T05:02:00,BTC,53.36,38.23,0.56129,67790.0,67791.0,1.0,4.95,0.79,4.16,150,5.74,0.47,0.01,0.46,29,1,108
3879,2026-02-18T05:03:00,HYPE,4510.15,5952.24,0.457003,29.35,29.351,0.001245,990.54,18.46,972.08,82,1009.0,0.78,215.11,-214.33,20,0,110
3880,2026-02-18T05:03:00,BTC,67.96,27.67,0.511625,67785.0,67786.0,1.018182,1.26,1.61,-0.34,53,2.87,0.46,0.47,0.0,17,1,110
3881,2026-02-18T05:04:00,HYPE,4000.65,5013.18,0.485859,29.366,29.367,0.001541,1241.19,370.82,870.37,92,1612.01,233.7,383.02,-149.32,16,0,109
3882,2026-02-18T05:04:00,BTC,97.57,25.44,0.590863,67750.0,67751.0,1.073394,0.75,1.98,-1.23,145,2.73,0.64,0.01,0.63,22,0,109
3883,2026-02-18T05:05:00,HYPE,7544.25,4036.24,0.614954,29.386,29.388,0.001495,9505.39,206.76,9298.63,190,9712.15,0.78,988.78,-988.0,21,1,111
3884,2026-02-18T05:05:00,BTC,71.07,32.55,0.606012,67751.0,67752.0,1.018018,0.69,1.02,-0.33,123,1.7,0.47,0.01,0.46,24,0,111
3885,2026-02-18T05:06:00,HYPE,4632.29,3476.14,0.636909,29.387,29.388,0.001252,278.81,1115.88,-837.07,81,1394.69,39.66,88.08,-48.42,10,0,111
3886,2026-02-18T05:06:00,BTC,65.91,30.74,0.628582,67744.0,67745.0,1.045045,0.74,7.22,-6.48,87,7.95,1.3,0.01,1.29,27,4,111
3887,2026-02-18T05:07:00,HYPE,4784.09,4541.19,0.57917,29.396,29.397,0.001514,3314.56,55.43,3259.13,118,3369.99,0.78,466.72,-465.94,14,0,109
3888,2026-02-18T05:07:00,BTC,69.37,37.68,0.594195,67744.0,67745.0,1.018349,1.13,1.77,-0.65,86,2.9,0.25,0.03,0.22,34,0,109
3889,2026-02-18T05:08:00,HYPE,3994.35,4643.55,0.512127,29.404,29.405,0.001173,1436.55,9.62,1426.93,70,1446.17,0.78,344.97,-344.19,15,0,110
3890,2026-02-18T05:08:00,BTC,74.04,34.76,0.690777,67774.0,67775.0,1.109091,2.45,2.24,0.21,130,4.69,0.0,0.01,0.0,11,0,110
3891,2026-02-18T05:09:00,HYPE,4907.83,5290.06,0.496187,29.376,29.377,0.001093,182.21,124.47,57.74,51,306.68,100.78,4.93,95.85,23,0,108
3892,2026-02-18T05:09:00,BTC,66.88,30.97,0.65795,67743.0,67744.0,1.083333,2.11,19.81,-17.7,171,21.92,3.54,0.01,3.53,20,14,108
3893,2026-02-18T05:10:00,HYPE,4870.15,4152.2,0.520451,29.365,29.366,0.00133,217.28,303.14,-85.86,39,520.42,0.78,57.06,-56.28,7,0,109
3894,2026-02-18T05:10:00,BTC,74.31,28.83,0.656821,67742.0,67743.0,1.045872,0.81,0.67,0.14,91,1.49,0.0,0.24,-0.24,16,0,109
3895,2026-02-18T05:11:00,HYPE,4289.75,4045.09,0.524727,29.375,29.376,0.001349,349.66,10.53,339.13,33,360.19,0.78,37.76,-36.98,8,0,109
3896,2026-02-18T05:11:00,BTC,84.98,24.41,0.665349,67763.0,67764.0,1.045872,0.91,0.53,0.38,83,1.44,0.0,0.01,0.0,15,1,109
3897,2026-02-18T05:12:00,HYPE,4094.73,5328.24,0.482653,29.374,29.375,0.00112,503.71,129.33,374.38,48,633.04,0.39,39.37,-38.98,6,0,108
3898,2026-02-18T05:12:00,BTC,58.23,36.84,0.665374,67755.0,67756.0,1.0,0.19,1.34,-1.15,75,1.53,0.5,0.01,0.5,20,0,108
3899,2026-02-18T05:13:00,HYPE,5070.81,4854.01,0.479907,29.337,29.338,0.001361,169.85,211.67,-41.82,62,381.52,0.78,5.8,-5.02,12,0,108
3900,2026-02-18T05:13:00,BTC,66.05,25.24,0.826086,67773.0,67774.0,1.018519,0.51,2.7,-2.19,69,3.21,0.0,0.01,-0.01,14,0,108
3901,2026-02-18T05:14:00,HYPE,5030.24,3770.03,0.503476,29.357,29.358,0.001385,2390.03,61.11,2328.92,70,2451.14,2.5,324.45,-321.95,12,0,109
3902,2026-02-18T05:14:00,BTC,132.61,9.59,0.780924,67856.0,67857.0,1.238532,0.95,5.89,-4.94,253,6.84,0.21,0.01,0.21,18,1,109
3903,2026-02-18T05:15:00,HYPE,4429.61,4194.97,0.536166,29.345,29.346,0.001173,140.32,47.27,93.05,29,187.59,2.07,4.94,-2.87,9,0,110
3904,2026-02-18T05:15:00,BTC,44.46,36.29,0.607077,67851.0,67852.0,1.109091,8.02,22.43,-14.41,160,30.45,0.0,0.01,0.0,13,10,110
3905,2026-02-18T05:16:00,HYPE,3706.61,3614.34,0.511231,29.348,29.349,0.00137,117.86,191.22,-73.36,43,309.08,2.5,6.37,-3.87,9,0,108
3906,2026-02-18T05:16:00,BTC,51.84,44.59,0.619592,67888.0,67889.0,1.175926,8.77,2.77,6.0,247,11.54,0.0,1.0,-1.0,18,4,108
3907,2026-02-18T05:17:00,HYPE,4811.56,4582.06,0.48481,29.34,29.341,0.001055,70.6,206.91,-136.31,30,277.51,2.07,4.93,-2.86,10,0,109
3908,2026-02-18T05:17:00,BTC,56.76,40.75,0.666397,67876.0,67877.0,1.036697,1.8,3.5,-1.69,107,5.3,0.0,0.28,-0.27,16,1,109
3909,2026-02-18T05:18:00,HYPE,4146.31,4246.15,0.525951,29.335,29.336,0.001182,118.87,116.88,1.99,34,235.75,2.11,37.94,-35.83,8,0,110
3910,2026-02-18T05:18:00,BTC,68.25,30.71,0.602412,67851.0,67852.0,1.081818,4.77,2.3,2.47,138,7.07,0.02,0.01,0.01,18,3,110
3911,2026-02-18T05:19:00,HYPE,3337.83,5386.69,0.433552,29.307,29.312,0.001229,577.46,1599.63,-1022.17,88,2177.09,275.54,59.78,215.76,16,0,109
3912,2026-02-18T05:19:00,BTC,86.85,25.38,0.673189,67855.0,67856.0,1.06422,2.94,3.22,-0.28,112,6.16,0.0,0.01,-0.01,13,2,109
3913,2026-02-18T05:20:00,HYPE,2401.25,4970.51,0.42797,29.369,29.37,0.00162,2882.13,24.31,2857.82,101,2906.44,2.07,646.94,-644.87,16,0,108
3914,2026-02-18T05:20:00,BTC,52.17,51.0,0.793944,67894.0,67895.0,1.175926,25.69,0.22,25.47,154,25.91,0.0,0.28,-0.27,17,14,108
3915,2026-02-18T05:21:00,HYPE,3034.8,3939.29,0.488062,29.382,29.383,0.001245,247.23,13.53,233.7,51,260.76,2.5,20.71,-18.21,10,0,106
3916,2026-02-18T05:21:00,BTC,105.72,20.8,0.645211,67885.0,67886.0,1.103774,9.38,0.18,9.2,131,9.57,0.0,0.01,0.0,16,2,106
3917,2026-02-18T05:22:00,HYPE,2589.82,4651.5,0.443503,29.367,29.368,0.001532,434.41,54.5,379.91,61,488.91,2.5,39.37,-36.87,19,0,109
3918,2026-02-18T05:22:00,BTC,27.58,67.4,0.544062,67849.0,67850.0,1.256881,17.54,1.96,15.58,208,19.5,1.51,0.01,1.5,22,8,109
3919,2026-02-18T05:23:00,HYPE,3831.83,4094.3,0.415386,29.349,29.35,0.001308,77.91,355.35,-277.44,59,433.26,2.07,10.96,-8.89,11,0,107
3920,2026-02-18T05:23:00,BTC,68.41,27.1,0.600378,67827.0,67828.0,1.168224,1.16,0.69,0.47,94,1.85,0.03,0.01,0.02,20,0,107
3921,2026-02-18T05:24:00,HYPE,4110.25,5488.89,0.447314,29.339,29.343,0.001176,69.91,40.46,29.45,37,110.37,1.68,4.94,-3.26,11,0,108
3922,2026-02-18T05:24:00,BTC,84.02,20.59,0.781058,67845.0,67846.0,1.046296,0.1,0.32,-0.22,59,0.42,0.0,0.01,-0.01,14,0,108
3923,2026-02-18T05:25:00,HYPE,3839.53,2841.7,0.419867,29.37,29.373,0.001164,533.72,14.78,518.94,44,548.5,2.5,42.07,-39.57,10,0,110
3924,2026-02-18T05:25:00,BTC,59.44,42.28,0.749361,67899.0,67900.0,1.036364,6.39,0.54,5.85,147,6.93,0.0,1.35,-1.35,17,3,110
3925,2026-02-18T05:26:00,HYPE,2721.59,4032.0,0.458993,29.368,29.369,0.001286,89.24,7.63,81.61,27,96.87,2.07,4.93,-2.86,8,0,105
3926,2026-02-18T05:26:00,BTC,29.81,108.04,0.641939,67890.0,67892.0,1.114286,0.38,1.76,-1.38,81,2.14,0.0,0.01,0.0,17,0,105
3927,2026-02-18T05:27:00,HYPE,3122.37,4493.78,0.473885,29.367,29.368,0.001407,226.14,90.6,135.54,46,316.74,2.5,35.25,-32.75,11,0,108
3928,2026-02-18T05:27:00,BTC,84.95,25.29,0.584812,67871.0,67872.0,1.083333,0.12,0.28,-0.16,63,0.41,0.0,0.01,0.0,22,0,108
3929,2026-02-18T05:28:00,HYPE,4260.35,4928.81,0.46083,29.376,29.377,0.001159,86.93,11.11,75.82,24,98.04,2.07,4.94,-2.87,11,0,107
3930,2026-02-18T05:28:00,BTC,53.19,40.61,0.671666,67869.0,67870.0,1.028037,0.23,0.4,-0.17,52,0.63,0.0,0.01,0.0,17,0,107
3931,2026-02-18T05:29:00,HYPE,3191.2,4270.05,0.466078,29.354,29.355,0.001369,345.17,168.62,176.55,59,513.79,2.18,57.21,-55.03,10,0,111
3932,2026-02-18T05:29:00,BTC,65.46,47.22,0.533964,67798.0,67799.0,1.225225,2.06,7.25,-5.19,209,9.32,0.41,0.01,0.4,21,4,111
3933,2026-02-18T05:30:00,HYPE,4547.8,3718.03,0.424009,29.305,29.306,0.001426,119.96,2095.34,-1975.38,100,2215.3,413.75,5.36,408.39,19,0,108
3934,2026-02-18T05:30:00,BTC,59.36,42.56,0.539212,67696.0,67697.0,1.092593,5.9,1012.07,-1006.17,1397,1017.97,29.71,1.72,27.99,86,306,108
3935,2026-02-18T05:31:00,HYPE,3870.94,5108.28,0.462443,29.293,29.294,0.001587,209.48,6147.37,-5937.89,156,6356.85,793.32,5004.94,-4211.62,108,0,109
3936,2026-02-18T05:31:00,BTC,54.83,54.09,0.412143,67700.0,67701.0,1.100917,6.05,8.49,-2.45,188,14.54,0.47,1.76,-1.29,41,6,109
3937,2026-02-18T05:32:00,HYPE,3669.86,4605.13,0.469671,29.318,29.319,0.00133,343.47,97.4,246.07,58,440.87,2.07,4.97,-2.9,10,0,109
3938,2026-02-18T05:32:00,BTC,72.45,22.43,0.595969,67721.0,67722.0,1.027523,6.7,0.2,6.5,108,6.9,0.0,1.29,-1.29,36,4,109
3939,2026-02-18T05:33:00,HYPE,4121.3,4546.87,0.467299,29.289,29.29,0.001194,193.95,57.78,136.17,33,251.73,2.5,4.94,-2.44,8,0,108
3940,2026-02-18T05:33:00,BTC,76.24,30.89,0.469742,67669.0,67670.0,1.074074,0.65,11.32,-10.67,207,11.97,0.4,0.24,0.15,27,3,108
3941,2026-02-18T05:34:00,HYPE,3940.83,3888.73,0.460617,29.262,29.263,0.001725,151.89,941.24,-789.35,75,1093.13,317.2,5.37,311.83,12,0,109
3942,2026-02-18T05:34:00,BTC,65.17,24.09,0.542874,67658.0,67659.0,1.036697,0.23,0.83,-0.6,138,1.06,0.0,0.03,-0.03,27,0,109
3943,2026-02-18T05:35:00,HYPE,2763.13,5075.91,0.522898,29.289,29.298,0.001873,2218.31,56.5,2161.81,89,2274.81,1511.62,452.21,1059.41,54,0,110
3944,2026-02-18T05:35:00,BTC,93.28,6.75,0.687389,67666.0,67667.0,1.027273,0.37,1.09,-0.73,94,1.46,0.0,0.25,-0.25,17,0,110
3945,2026-02-18T05:36:00,HYPE,3756.39,3683.69,0.535881,29.306,29.307,0.001296,662.91,58.25,604.66,40,721.16,365.19,53.78,311.41,22,0,108
3946,2026-02-18T05:36:00,BTC,90.03,34.38,0.660242,67671.0,67672.0,1.018519,8.42,0.11,8.3,108,8.53,0.0,0.54,-0.54,23,3,108
3947,2026-02-18T05:37:00,HYPE,3133.87,6572.0,0.484558,29.327,29.328,0.001482,148.55,428.18,-279.63,54,576.73,141.56,49.47,92.09,14,0,110
3948,2026-02-18T05:37:00,BTC,78.66,11.11,0.588572,67692.0,67693.0,1.072727,2.97,0.71,2.26,96,3.67,0.0,0.48,-0.48,15,0,110
3949,2026-02-18T05:38:00,HYPE,3193.65,3863.29,0.408848,29.345,29.347,0.001173,22.43,55.26,-32.83,31,77.69,2.5,21.95,-19.45,15,0,110
3950,2026-02-18T05:38:00,BTC,41.41,66.26,0.565946,67680.0,67681.0,1.009091,0.93,0.63,0.29,88,1.56,0.0,0.12,-0.12,14,0,110
3951,2026-02-18T05:39:00,HYPE,4932.86,3862.68,0.529999,29.344,29.345,0.001131,263.5,124.8,138.7,43,388.3,2.66,91.88,-89.22,12,0,107
3952,2026-02-18T05:39:00,BTC,94.77,19.33,0.579875,67688.0,67689.0,1.028037,16.23,6.46,9.77,138,22.69,15.0,2.64,12.36,74,12,107
3953,2026-02-18T05:40:00,HYPE,4708.25,2913.11,0.509994,29.315,29.316,0.001111,7.23,67.1,-59.87,37,74.33,3.61,4.94,-1.33,8,0,108
3954,2026-02-18T05:40:00,BTC,85.16,19.58,0.689741,67680.0,67681.0,1.018519,2.39,3.25,-0.86,122,5.64,0.0,1.15,-1.15,20,1,108
3955,2026-02-18T05:41:00,HYPE,3605.81,5509.53,0.552945,29.33,29.331,0.001376,7.26,204.42,-197.16,35,211.68,4.36,4.94,-0.58,9,0,109
3956,2026-02-18T05:41:00,BTC,2.89,74.09,0.631261,67674.0,67675.0,1.266055,1.99,13.0,-11.01,174,14.99,0.0,0.22,-0.22,28,3,109
3957,2026-02-18T05:42:00,HYPE,3970.33,3313.71,0.557367,29.322,29.323,0.001381,581.76,34.22,547.54,56,615.98,234.75,94.85,139.9,19,0,105
3958,2026-02-18T05:42:00,BTC,43.68,61.07,0.488702,67622.0,67623.0,1.342857,0.08,8.92,-8.84,198,9.01,0.0,0.01,-0.01,17,3,105
3959,2026-02-18T05:43:00,HYPE,5149.49,3061.1,0.565038,29.311,29.313,0.001565,251.52,985.44,-733.92,68,1236.96,387.14,4.93,382.21,24,0,108
3960,2026-02-18T05:43:00,BTC,43.87,61.69,0.564803,67588.0,67589.0,1.046296,0.34,16.86,-16.52,259,17.19,0.21,0.02,0.19,22,7,108
3961,2026-02-18T05:44:00,HYPE,4891.32,3553.77,0.551112,29.312,29.313,0.001187,254.34,38.92,215.42,36,293.26,253.2,56.95,196.25,25,0,107
3962,2026-02-18T05:44:00,BTC,50.93,59.45,0.553552,67595.0,67596.0,1.168224,0.63,10.5,-9.87,164,11.13,0.14,0.25,-0.11,19,3,107
3963,2026-02-18T05:45:00,HYPE,4421.5,3969.05,0.525175,29.338,29.339,0.001435,2844.25,341.65,2502.6,86,3185.9,2839.67,273.55,2566.12,59,0,108
3964,2026-02-18T05:45:00,BTC,60.94,49.49,0.682803,67609.0,67610.0,1.027778,3.63,0.14,3.49,71,3.77,0.0,1.2,-1.2,20,2,108
3965,2026-02-18T05:46:00,HYPE,4077.42,4193.98,0.553491,29.343,29.344,0.001091,329.35,7.28,322.07,32,336.63,257.66,77.4,180.26,26,0,110
3966,2026-02-18T05:46:00,BTC,61.38,48.43,0.435484,67580.0,67581.0,1.072727,7.04,5.86,1.18,151,12.89,0.01,1.22,-1.21,24,3,110
3967,2026-02-18T05:47:00,HYPE,3751.67,4232.31,0.511269,29.373,29.374,0.001445,1840.51,33.71,1806.8,90,1874.22,262.59,403.21,-140.62,29,0,110
3968,2026-02-18T05:47:00,BTC,75.09,29.0,0.497098,67622.0,67623.0,1.2,3.13,1.16,1.98,170,4.29,0.01,0.01,0.0,20,1,110
3969,2026-02-18T05:48:00,HYPE,4522.96,4263.17,0.494554,29.386,29.387,0.001136,396.24,33.97,362.27,55,430.21,218.32,88.07,130.25,29,0,110
3970,2026-02-18T05:48:00,BTC,56.61,56.35,0.708753,67648.0,67649.0,1.109091,3.03,0.64,2.39,133,3.67,0.13,0.01,0.12,27,2,110
3971,2026-02-18T05:49:00,HYPE,4273.55,3827.34,0.498048,29.395,29.396,0.001185,481.69,21.93,459.76,50,503.62,273.66,4.94,268.72,20,0,108
3972,2026-02-18T05:49:00,BTC,70.51,49.38,0.589282,67694.0,67695.0,1.101852,0.3,0.25,0.05,99,0.55,0.0,0.03,-0.03,17,0,108
3973,2026-02-18T05:50:00,HYPE,3950.62,4092.65,0.447433,29.397,29.398,0.001361,2781.81,69.45,2712.36,82,2851.26,2744.59,448.42,2296.17,62,0,108
3974,2026-02-18T05:50:00,BTC,42.58,64.89,0.384101,67687.0,67688.0,1.0,4.35,1.21,3.14,89,5.56,0.0,0.01,-0.01,16,0,108
3975,2026-02-18T05:51:00,HYPE,3475.2,4494.87,0.437956,29.376,29.377,0.001606,317.97,25.87,292.1,44,343.84,262.59,22.5,240.09,21,0,109
3976,2026-02-18T05:51:00,BTC,69.95,38.95,0.278531,67634.0,67635.0,1.06422,0.18,1.35,-1.16,173,1.53,0.08,0.01,0.07,21,0,109
3977,2026-02-18T05:52:00,HYPE,5027.2,4679.92,0.430149,29.364,29.367,0.00163,256.47,42.26,214.21,59,298.73,241.68,10.34,231.34,29,0,108
3978,2026-02-18T05:52:00,BTC,59.54,46.66,0.583312,67647.0,67648.0,1.055556,0.99,0.2,0.79,59,1.19,0.0,0.01,-0.01,15,1,108
3979,2026-02-18T05:53:00,HYPE,4873.59,4751.2,0.473876,29.368,29.369,0.001102,253.33,72.06,181.27,29,325.39,246.6,91.89,154.71,20,0,108
3980,2026-02-18T05:53:00,BTC,59.99,45.5,0.628068,67654.0,67655.0,1.0,2.16,0.07,2.1,60,2.23,0.0,0.95,-0.95,17,1,108
3981,2026-02-18T05:54:00,HYPE,2760.78,3374.98,0.41663,29.347,29.348,0.001296,274.8,8.98,265.82,42,283.78,272.43,5.33,267.1,32,0,108
3982,2026-02-18T05:54:00,BTC,36.97,64.11,0.465773,67629.0,67630.0,1.055556,0.08,2.87,-2.79,98,2.95,0.01,0.01,0.0,17,1,108
3983,2026-02-18T05:55:00,HYPE,3388.17,4586.19,0.457903,29.373,29.374,0.001119,409.04,52.36,356.68,56,461.4,220.39,4.94,215.45,21,0,109
3984,2026-02-18T05:55:00,BTC,63.09,45.58,0.44702,67626.0,67627.0,1.0,0.0,0.11,-0.1,45,0.11,0.0,0.01,-0.01,15,0,109
3985,2026-02-18T05:56:00,HYPE,3082.25,5099.09,0.421948,29.33,29.331,0.001252,320.12,84.48,235.64,50,404.6,265.04,4.93,260.11,21,0,107
3986,2026-02-18T05:56:00,BTC,27.58,68.57,0.441166,67608.0,67609.0,1.037383,0.2,0.9,-0.7,87,1.11,0.0,0.14,-0.13,26,0,107
3987,2026-02-18T05:57:00,HYPE,3289.79,6508.95,0.489748,29.36,29.361,0.001183,561.41,34.64,526.77,54,596.05,248.67,4.94,243.73,28,0,109
3988,2026-02-18T05:57:00,BTC,1.36,88.26,0.46061,67607.0,67608.0,1.0,0.02,0.66,-0.64,74,0.68,0.01,0.01,0.0,17,0,109
3989,2026-02-18T05:58:00,HYPE,4502.42,6129.06,0.483442,29.362,29.363,0.001343,266.15,26.27,239.88,42,292.42,241.68,4.94,236.74,22,0,108
3990,2026-02-18T05:58:00,BTC,61.42,47.33,0.608789,67610.0,67611.0,1.018519,1.08,0.55,0.53,66,1.63,0.0,0.01,-0.01,13,0,108
3991,2026-02-18T05:59:00,HYPE,3618.3,5849.39,0.448123,29.353,29.355,0.001236,280.52,30.18,250.34,47,310.7,238.68,5.33,233.35,21,0,110
3992,2026-02-18T05:59:00,BTC,50.02,49.76,0.560315,67617.0,67618.0,1.045455,5.7,1.01,4.69,140,6.71,0.01,0.09,-0.08,19,3,110
3993,2026-02-18T06:00:00,HYPE,2577.07,4392.23,0.412183,29.346,29.347,0.001132,275.1,59.0,216.1,46,334.1,311.85,4.94,306.91,25,0,106
3994,2026-02-18T06:00:00,BTC,16.94,64.29,0.425272,67615.0,67616.0,1.028302,0.11,0.29,-0.18,72,0.4,0.0,0.01,0.0,17,0,106
3995,2026-02-18T06:01:00,HYPE,2844.62,3961.51,0.437311,29.355,29.358,0.001306,345.95,122.27,223.68,62,468.22,247.43,38.96,208.47,30,0,111
3996,2026-02-18T06:01:00,BTC,26.71,68.24,0.544414,67619.0,67620.0,1.027027,0.9,0.79,0.11,77,1.7,0.0,0.01,-0.01,13,0,111
3997,2026-02-18T06:02:00,HYPE,4455.43,4798.97,0.430786,29.352,29.353,0.001518,269.17,14.3,254.87,43,283.47,257.28,4.94,252.34,22,0,110
3998,2026-02-18T06:02:00,BTC,48.0,40.59,0.378279,67596.0,67597.0,1.027273,0.2,0.92,-0.72,115,1.12,0.0,0.12,-0.12,19,0,110
3999,2026-02-18T06:03:00,HYPE,2332.08,3420.46,0.450185,29.336,29.337,0.001239,522.68,46.69,475.99,60,569.37,260.13,31.48,228.65,25,0,109
4000,2026-02-18T06:03:00,BTC,27.43,69.71,0.592924,67609.0,67610.0,1.0,2.77,0.05,2.72,56,2.83,0.0,0.01,-0.01,15,2,109
4001,2026-02-18T06:04:00,HYPE,5568.34,4854.58,0.482862,29.347,29.348,0.002259,727.0,897.96,-170.96,92,1624.96,1036.22,81.4,954.82,65,0,108
4002,2026-02-18T06:04:00,BTC,76.24,23.65,0.596485,67615.0,67616.0,1.009259,0.65,0.14,0.51,57,0.79,0.0,0.03,-0.03,18,0,108
4003,2026-02-18T06:05:00,HYPE,4379.11,4426.37,0.49965,29.372,29.373,0.001775,873.86,128.6,745.26,91,1002.46,226.93,148.15,78.78,51,0,111
4004,2026-02-18T06:05:00,BTC,46.65,63.11,0.593988,67630.0,67631.0,1.054054,1.11,0.47,0.64,81,1.59,0.0,0.01,-0.01,13,0,111
4005,2026-02-18T06:06:00,HYPE,3423.78,3895.29,0.474927,29.398,29.399,0.001398,330.46,169.15,161.31,71,499.61,247.82,66.27,181.55,34,0,108
4006,2026-02-18T06:06:00,BTC,75.98,45.26,0.617887,67654.0,67655.0,1.083333,0.78,0.11,0.67,108,0.88,0.0,0.01,-0.01,16,0,108
4007,2026-02-18T06:07:00,HYPE,3744.94,4589.24,0.464581,29.393,29.394,0.001704,2959.31,180.12,2779.19,90,3139.43,2740.07,591.66,2148.41,77,0,108
4008,2026-02-18T06:07:00,BTC,85.13,24.06,0.580264,67668.0,67669.0,1.055556,0.39,0.01,0.38,66,0.4,0.0,0.01,-0.01,14,0,108
4009,2026-02-18T06:08:00,HYPE,3612.93,3667.35,0.488253,29.419,29.42,0.001174,591.8,105.38,486.42,85,697.18,280.97,58.66,222.31,48,0,109
4010,2026-02-18T06:08:00,BTC,22.94,68.43,0.536594,67680.0,67681.0,1.06422,4.59,1.18,3.41,121,5.78,0.0,0.01,0.0,15,3,109
4011,2026-02-18T06:09:00,HYPE,4984.47,5571.22,0.546592,29.435,29.436,0.001207,1946.64,259.96,1686.68,242,2206.6,289.14,13.42,275.72,24,0,111
4012,2026-02-18T06:09:00,BTC,34.03,66.76,0.586472,67694.0,67695.0,1.081081,3.6,0.68,2.92,81,4.28,0.0,1.4,-1.4,23,1,111
4013,2026-02-18T06:10:00,HYPE,4171.46,4298.47,0.488557,29.396,29.397,0.001303,241.31,584.14,-342.83,58,825.45,275.11,40.06,235.05,28,0,109
4014,2026-02-18T06:10:00,BTC,49.57,52.74,0.422232,67675.0,67676.0,1.018349,0.61,2.17,-1.56,99,2.78,0.01,0.01,0.0,23,0,109
4015,2026-02-18T06:11:00,HYPE,3741.59,6809.91,0.500949,29.409,29.41,0.001185,424.59,632.59,-208.0,69,1057.18,242.9,30.44,212.46,21,0,108
4016,2026-02-18T06:11:00,BTC,61.56,73.72,0.545696,67717.0,67718.0,1.138889,7.0,0.99,6.02,164,7.99,0.0,0.22,-0.21,18,3,108
4017,2026-02-18T06:12:00,HYPE,4637.01,6657.49,0.41375,29.407,29.408,0.001183,147.55,548.13,-400.58,53,695.68,194.03,13.44,180.59,20,0,109
4018,2026-02-18T06:12:00,BTC,62.32,44.79,0.517539,67723.0,67724.0,1.018349,2.02,0.05,1.97,66,2.08,0.0,0.57,-0.57,18,0,109
4019,2026-02-18T06:13:00,HYPE,5122.01,5638.84,0.488148,29.405,29.406,0.001093,35.27,27.94,7.33,65,63.21,15.19,14.81,0.38,20,0,108
4020,2026-02-18T06:13:00,BTC,81.45,46.24,0.46085,67720.0,67721.0,1.037037,0.28,0.17,0.11,76,0.45,0.01,0.01,0.0,29,0,108
4021,2026-02-18T06:14:00,HYPE,6541.43,4309.4,0.478066,29.39,29.391,0.001046,289.76,1844.24,-1554.48,49,2134.0,4.39,4.96,-0.57,11,1,108
4022,2026-02-18T06:14:00,BTC,37.97,63.8,0.624078,67747.0,67748.0,1.064815,1.61,0.17,1.44,124,1.78,0.0,0.01,-0.01,15,0,108
4023,2026-02-18T06:15:00,HYPE,5454.92,3420.91,0.563645,29.435,29.436,0.001342,2904.87,121.18,2783.69,125,3026.05,4.0,450.3,-446.3,22,0,111
4024,2026-02-18T06:15:00,BTC,65.97,39.55,0.440841,67764.0,67765.0,1.036036,1.77,0.28,1.49,130,2.05,0.08,0.04,0.04,22,0,111
4025,2026-02-18T06:16:00,HYPE,5891.98,2427.19,0.561389,29.44,29.441,0.00144,39.02,78.27,-39.25,46,117.29,4.38,21.92,-17.54,15,0,109
4026,2026-02-18T06:16:00,BTC,12.11,112.53,0.47577,67769.0,67771.0,1.247706,5.36,0.69,4.67,150,6.05,0.23,0.35,-0.13,25,1,109
4027,2026-02-18T06:17:00,HYPE,2789.93,2957.24,0.473516,29.438,29.439,0.001596,3283.46,107.02,3176.44,272,3390.48,2504.0,303.29,2200.71,83,0,109
4028,2026-02-18T06:17:00,BTC,38.05,55.4,0.423073,67760.0,67761.0,1.018349,0.92,1.45,-0.53,92,2.37,0.0,0.23,-0.22,19,0,109
4029,2026-02-18T06:18:00,HYPE,6299.19,3548.13,0.518329,29.367,29.368,0.001491,128.38,5783.42,-5655.04,169,5911.8,1427.99,2504.93,-1076.94,66,0,110
4030,2026-02-18T06:18:00,BTC,66.95,41.65,0.45374,67752.0,67753.0,1.027273,1.35,0.43,0.92,80,1.78,0.0,0.01,-0.01,14,0,110
4031,2026-02-18T06:19:00,HYPE,4778.08,5103.42,0.571645,29.365,29.366,0.001,14.28,152.52,-138.24,25,166.8,4.0,4.94,-0.94,12,0,108
4032,2026-02-18T06:19:00,BTC,39.82,49.76,0.410926,67723.0,67724.0,1.018519,0.6,1.4,-0.8,110,1.99,0.29,0.01,0.28,14,0,108
4033,2026-02-18T06:20:00,HYPE,7324.8,3062.59,0.617219,29.389,29.39,0.001018,8.29,24.3,-16.01,30,32.59,4.42,4.94,-0.52,12,0,110
4034,2026-02-18T06:20:00,BTC,59.1,39.61,0.495408,67723.0,67724.0,1.0,0.12,0.21,-0.09,50,0.33,0.0,0.02,-0.02,26,0,110
4035,2026-02-18T06:21:00,HYPE,4804.81,5830.61,0.50753,29.363,29.364,0.001198,8.02,41.14,-33.12,35,49.16,4.38,4.94,-0.56,9,0,111
4036,2026-02-18T06:21:00,BTC,46.5,57.29,0.436942,67723.0,67724.0,1.0,0.12,0.02,0.11,39,0.14,0.0,0.13,-0.13,30,0,111
4037,2026-02-18T06:22:00,HYPE,3836.72,3694.91,0.518372,29.373,29.374,0.001075,5.17,29.5,-24.33,26,34.67,4.39,5.27,-0.88,16,0,107
4038,2026-02-18T06:22:00,BTC,63.03,43.48,0.426985,67723.0,67724.0,1.0,0.08,0.16,-0.08,36,0.23,0.0,0.08,-0.08,27,0,107
4039,2026-02-18T06:23:00,HYPE,3694.03,4554.8,0.52643,29.367,29.368,0.001537,505.97,35.42,470.55,54,541.39,4.0,30.83,-26.83,16,0,108
4040,2026-02-18T06:23:00,BTC,50.46,57.86,0.636615,67732.0,67733.0,1.009259,4.52,0.02,4.51,52,4.54,0.0,0.22,-0.22,37,2,108
4041,2026-02-18T06:24:00,HYPE,4365.47,4881.34,0.506108,29.364,29.365,0.001468,394.56,742.6,-348.04,92,1137.16,6.69,22.33,-15.64,14,0,109
4042,2026-02-18T06:24:00,BTC,53.65,120.56,0.585526,67769.0,67770.0,1.100917,0.79,0.78,0.01,184,1.56,0.0,0.01,-0.01,14,0,109
4043,2026-02-18T06:25:00,HYPE,3812.07,4226.09,0.517536,29.381,29.382,0.00113,34.67,44.33,-9.66,36,79.0,4.06,4.94,-0.88,14,0,108
4044,2026-02-18T06:25:00,BTC,27.71,105.58,0.573519,67839.0,67840.0,1.12963,8.39,3.81,4.58,379,12.2,0.0,0.12,-0.12,15,3,108
4045,2026-02-18T06:26:00,HYPE,3232.82,5189.91,0.57581,29.374,29.375,0.001336,8.06,28.89,-20.83,27,36.95,4.38,4.94,-0.56,11,0,110
4046,2026-02-18T06:26:00,BTC,73.25,32.45,0.527541,67831.0,67832.0,1.036364,0.79,1.02,-0.23,161,1.82,0.0,0.01,-0.01,12,0,110
4047,2026-02-18T06:27:00,HYPE,4038.34,3933.56,0.51785,29.381,29.382,0.001396,249.84,119.59,130.25,43,369.43,4.39,4.93,-0.54,14,0,106
4048,2026-02-18T06:27:00,BTC,32.87,64.56,0.524391,67840.0,67841.0,1.09434,0.41,0.54,-0.13,72,0.96,0.0,0.01,-0.01,16,0,106
4049,2026-02-18T06:28:00,HYPE,4855.0,4943.96,0.524886,29.39,29.394,0.001133,38.15,85.92,-47.77,33,124.07,4.0,4.94,-0.94,12,0,105
4050,2026-02-18T06:28:00,BTC,80.91,24.73,0.502432,67864.0,67865.0,1.038095,0.55,0.24,0.31,115,0.78,0.0,0.01,-0.01,14,0,105
4051,2026-02-18T06:29:00,HYPE,3767.96,5830.81,0.528702,29.384,29.391,0.001454,179.44,24.02,155.42,42,203.46,4.39,4.94,-0.55,12,0,108
4052,2026-02-18T06:29:00,BTC,23.82,73.05,0.414177,67836.0,67837.0,1.101852,1.79,0.7,1.09,96,2.49,0.0,0.01,-0.01,13,0,108
4053,2026-02-18T06:30:00,HYPE,4118.6,4359.5,0.459772,29.375,29.376,0.001321,48.73,81.84,-33.11,41,130.57,4.06,5.33,-1.27,14,0,109
4054,2026-02-18T06:30:00,BTC,67.65,33.49,0.547934,67833.0,67834.0,1.0,0.32,0.44,-0.12,57,0.76,0.0,0.01,-0.01,13,0,109
4055,2026-02-18T06:31:00,HYPE,4365.36,4637.56,0.499279,29.393,29.394,0.001321,532.95,31.02,501.93,58,563.97,4.38,4.93,-0.55,14,0,106
4056,2026-02-18T06:31:00,BTC,55.29,33.74,0.460258,67832.0,67833.0,1.0,0.18,0.83,-0.64,41,1.01,0.0,0.01,-0.01,14,0,106
4057,2026-02-18T06:32:00,HYPE,3495.59,2841.9,0.493144,29.431,29.432,0.001477,492.83,144.63,348.2,74,637.46,4.39,22.33,-17.94,11,0,109
4058,2026-02-18T06:32:00,BTC,55.94,43.47,0.475839,67831.0,67832.0,1.009174,2.62,0.52,2.1,87,3.14,0.0,0.01,-0.01,14,1,109
4059,2026-02-18T06:33:00,HYPE,3497.9,5639.86,0.470248,29.432,29.433,0.00162,414.3,28.03,386.27,60,442.33,4.39,48.01,-43.62,12,0,108
4060,2026-02-18T06:33:00,BTC,74.88,47.56,0.383052,67819.0,67820.0,1.148148,0.35,4.16,-3.81,137,4.51,0.0,0.01,-0.01,14,1,108
4061,2026-02-18T06:34:00,HYPE,3539.28,4404.41,0.448132,29.436,29.437,0.001287,161.34,123.49,37.85,51,284.83,4.39,39.72,-35.33,17,0,108
4062,2026-02-18T06:34:00,BTC,45.49,55.84,0.419562,67807.0,67808.0,1.0,0.26,0.94,-0.69,77,1.2,0.0,0.01,-0.01,15,0,108
4063,2026-02-18T06:35:00,HYPE,2496.03,11744.32,0.481675,29.452,29.453,0.001183,346.96,186.74,160.22,55,533.7,9.63,6.34,3.29,14,0,109
4064,2026-02-18T06:35:00,BTC,56.87,44.97,0.501534,67810.0,67811.0,1.009174,0.16,3.13,-2.97,66,3.3,0.0,0.01,-0.01,14,0,109
4065,2026-02-18T06:36:00,HYPE,3822.87,4915.89,0.404954,29.423,29.424,0.001459,23.8,403.0,-379.2,36,426.8,3.99,4.94,-0.95,10,0,109
4066,2026-02-18T06:36:00,BTC,50.6,47.99,0.398227,67798.0,67799.0,1.0,0.0,6.91,-6.91,84,6.92,0.0,0.01,-0.01,15,3,109
4067,2026-02-18T06:37:00,HYPE,3108.05,4524.48,0.467233,29.445,29.446,0.001676,18.94,460.71,-441.77,60,479.65,4.39,4.94,-0.55,10,0,111
4068,2026-02-18T06:37:00,BTC,96.22,36.28,0.754469,67819.0,67820.0,1.018018,0.13,0.14,-0.01,72,0.27,0.0,0.01,-0.01,17,0,111
4069,2026-02-18T06:38:00,HYPE,3340.3,12145.76,0.314624,29.455,29.456,0.001358,27.87,13.08,14.79,44,40.95,19.29,4.94,14.35,19,0,106
4070,2026-02-18T06:38:00,BTC,63.91,25.33,0.587545,67862.0,67863.0,1.084906,10.39,0.22,10.17,213,10.6,0.0,0.98,-0.98,18,4,106
4071,2026-02-18T06:39:00,HYPE,3937.82,14085.82,0.267549,29.456,29.463,0.001712,2904.38,8.72,2895.66,89,2913.1,2504.0,313.01,2190.99,61,0,111
4072,2026-02-18T06:39:00,BTC,24.53,60.33,0.520216,67868.0,67869.0,1.009009,5.96,1.15,4.82,176,7.11,0.0,0.44,-0.44,16,4,111
4073,2026-02-18T06:40:00,HYPE,4409.52,10953.7,0.358315,29.465,29.466,0.001284,633.66,14.23,619.43,42,647.89,4.38,203.73,-199.35,10,0,109
4074,2026-02-18T06:40:00,BTC,99.72,18.38,0.47531,67828.0,67829.0,1.146789,2.61,3.31,-0.7,167,5.92,0.0,0.01,-0.01,13,1,109
4075,2026-02-18T06:41:00,HYPE,4760.4,10589.31,0.27774,29.472,29.474,0.001389,684.83,12.01,672.82,49,696.84,4.0,47.58,-43.58,12,0,108
4076,2026-02-18T06:41:00,BTC,81.39,42.79,0.698451,67877.0,67878.0,1.074074,1.58,0.32,1.26,112,1.89,0.0,0.01,-0.01,14,0,108
4077,2026-02-18T06:42:00,HYPE,5269.41,3851.19,0.387746,29.451,29.452,0.001633,5.51,56.37,-50.86,39,61.88,4.39,4.94,-0.55,20,0,109
4078,2026-02-18T06:42:00,BTC,43.42,46.13,0.490681,67870.0,67871.0,1.0,0.19,2.27,-2.08,105,2.45,0.59,0.01,0.58,42,0,109
4079,2026-02-18T06:43:00,HYPE,5334.11,10475.58,0.343621,29.463,29.464,0.001333,54.69,7.9,46.79,26,62.59,4.39,4.94,-0.55,9,0,108
4080,2026-02-18T06:43:00,BTC,71.56,39.0,0.625593,67875.0,67876.0,1.0,0.52,0.39,0.13,60,0.9,0.05,0.01,0.05,18,0,108
4081,2026-02-18T06:44:00,HYPE,4193.92,5411.96,0.410966,29.452,29.453,0.001352,46.61,89.53,-42.92,43,136.14,4.39,4.93,-0.54,12,0,108
4082,2026-02-18T06:44:00,BTC,41.98,55.44,0.450793,67901.0,67902.0,1.027778,1.43,1.79,-0.36,173,3.22,0.54,0.01,0.53,36,0,108
4083,2026-02-18T06:45:00,HYPE,3812.17,5119.96,0.382557,29.447,29.448,0.001229,927.49,113.48,814.01,55,1040.97,4.38,303.58,-299.2,15,0,109
4084,2026-02-18T06:45:00,BTC,40.29,57.92,0.474056,67881.0,67882.0,1.192661,14.3,2.96,11.33,270,17.26,0.61,1.21,-0.6,43,8,109
4085,2026-02-18T06:46:00,HYPE,3910.62,9721.93,0.42843,29.464,29.465,0.001239,701.23,247.91,453.32,44,949.14,18.05,4.94,13.11,7,0,109
4086,2026-02-18T06:46:00,BTC,47.55,45.26,0.535602,67930.0,67931.0,1.311927,7.6,3.14,4.46,388,10.73,0.76,0.48,0.27,36,1,109
4087,2026-02-18T06:47:00,HYPE,4992.55,11110.38,0.307284,29.459,29.463,0.001103,3.06,45.98,-42.92,21,49.04,1.56,29.94,-28.38,9,0,107
4088,2026-02-18T06:47:00,BTC,32.62,73.42,0.377288,67900.0,67901.0,1.149533,0.2,0.62,-0.42,85,0.82,0.0,0.0,0.0,14,0,107
4089,2026-02-18T06:48:00,HYPE,4255.15,4034.49,0.369892,29.428,29.429,0.001283,1189.7,568.62,621.08,62,1758.32,46.6,4.94,41.66,12,1,106
4090,2026-02-18T06:48:00,BTC,48.06,52.09,0.50552,67891.0,67892.0,1.103774,1.1,4.52,-3.42,93,5.62,0.0,0.0,0.0,12,2,106
4091,2026-02-18T06:49:00,HYPE,8667.94,11541.92,0.682841,29.463,29.464,0.001151,1160.67,44.0,1116.67,42,1204.67,1.56,4.93,-3.37,7,1,106
4092,2026-02-18T06:49:00,BTC,44.67,67.73,0.482351,67894.0,67895.0,1.009434,1.1,0.15,0.95,49,1.25,0.0,0.0,0.0,13,1,106
4093,2026-02-18T06:50:00,HYPE,20938.33,11519.5,0.608358,29.477,29.478,0.001167,2780.32,574.8,2205.52,105,3355.12,1.56,203.29,-201.73,13,1,108
4094,2026-02-18T06:50:00,BTC,39.7,57.65,0.394397,67891.0,67892.0,1.0,0.2,4.81,-4.6,45,5.01,0.0,0.0,0.0,12,2,108
4095,2026-02-18T06:51:00,HYPE,27314.78,7173.71,0.760367,29.479,29.48,0.001036,7385.22,307.72,7077.5,87,7692.94,7.34,84.23,-76.89,12,1,111
4096,2026-02-18T06:51:00,BTC,59.92,42.3,0.415626,67891.0,67892.0,1.054054,0.56,0.36,0.2,87,0.92,0.0,0.0,0.0,10,0,111
4097,2026-02-18T06:52:00,HYPE,22817.52,6752.07,0.785505,29.477,29.478,0.001187,1774.4,1021.11,753.29,148,2795.51,1.17,258.73,-257.56,7,0,107
4098,2026-02-18T06:52:00,BTC,30.55,74.22,0.487523,67886.0,67887.0,1.056075,1.01,0.28,0.74,73,1.29,0.0,0.0,0.0,12,1,107
4099,2026-02-18T06:53:00,HYPE,28598.33,7720.67,0.805284,29.48,29.481,0.001055,592.26,197.02,395.24,45,789.28,579.34,43.38,535.96,31,0,109
4100,2026-02-18T06:53:00,BTC,81.75,37.17,0.416643,67849.0,67850.0,1.045872,0.71,2.54,-1.83,121,3.25,0.0,0.0,0.0,12,1,109
4101,2026-02-18T06:54:00,HYPE,27266.8,6034.05,0.796271,29.48,29.483,0.001698,18.21,159.23,-141.02,38,177.44,1.56,4.94,-3.38,11,0,106
4102,2026-02-18T06:54:00,BTC,29.63,58.17,0.375974,67832.0,67833.0,1.056604,2.83,4.31,-1.49,108,7.14,0.0,0.0,0.0,12,1,106
4103,2026-02-18T06:55:00,HYPE,25177.07,6697.58,0.801815,29.478,29.479,0.001224,349.46,2596.24,-2246.78,52,2945.7,13.89,4.94,8.95,11,0,107
4104,2026-02-18T06:55:00,BTC,154.19,46.27,0.468995,67812.0,67813.0,1.0,3.92,2.51,1.4,131,6.43,0.0,0.0,0.0,12,3,107
4105,2026-02-18T06:56:00,HYPE,22369.17,6455.11,0.777257,29.477,29.48,0.001119,349.72,8798.74,-8449.02,141,9148.46,1.56,354.94,-353.38,12,0,109
4106,2026-02-18T06:56:00,BTC,59.09,42.94,0.437004,67798.0,67799.0,1.06422,1.31,2.58,-1.28,216,3.89,0.0,0.44,-0.44,19,0,109
4107,2026-02-18T06:57:00,HYPE,21999.74,4812.81,0.740371,29.476,29.477,0.001173,694.0,690.73,3.27,76,1384.73,87.12,490.04,-402.92,24,0,110
4108,2026-02-18T06:57:01,BTC,46.11,54.13,0.572454,67807.0,67808.0,1.009091,4.77,10.03,-5.26,111,14.8,0.21,0.0,0.21,12,3,110
4109,2026-02-18T06:58:00,HYPE,20323.82,5298.89,0.779983,29.469,29.475,0.001421,136.18,2638.61,-2502.43,83,2774.79,400.24,2504.94,-2104.7,40,0,107
4110,2026-02-18T06:58:00,BTC,45.46,66.25,0.472529,67802.0,67803.0,1.0,0.32,0.14,0.18,50,0.45,0.0,0.0,0.0,15,0,107
4111,2026-02-18T06:59:00,HYPE,13637.05,4612.69,0.7663,29.47,29.471,0.001213,2013.63,5078.85,-3065.22,136,7092.48,18.07,50.0,-31.93,9,0,108
4112,2026-02-18T06:59:00,BTC,66.7,60.62,0.681285,67821.0,67822.0,1.037037,1.26,0.18,1.08,84,1.44,0.0,0.22,-0.22,28,0,108
4113,2026-02-18T07:00:00,HYPE,15741.23,4458.47,0.726018,29.474,29.475,0.00167,2166.6,212.52,1954.08,113,2379.12,801.56,309.8,491.76,30,0,109
4114,2026-02-18T07:00:00,BTC,63.03,41.68,0.530953,67812.0,67813.0,1.0,0.99,0.07,0.91,58,1.06,0.0,0.0,0.0,13,0,109
4115,2026-02-18T07:01:00,HYPE,2861.46,5130.7,0.552527,29.504,29.511,0.001509,3008.07,966.56,2041.51,332,3974.63,10.81,380.51,-369.7,20,1,108
4116,2026-02-18T07:01:00,BTC,49.5,44.21,0.536215,67814.0,67815.0,1.009259,1.09,0.07,1.02,51,1.16,0.0,0.0,0.0,10,0,108
4117,2026-02-18T07:02:00,HYPE,9771.32,3818.46,0.49241,29.571,29.572,0.001936,4496.17,1906.79,2589.38,637,6402.96,406.02,1018.69,-612.67,44,0,109
4118,2026-02-18T07:02:00,BTC,61.17,37.29,0.585298,67849.0,67850.0,1.009174,0.98,0.26,0.72,97,1.24,0.0,0.25,-0.25,26,0,109
4119,2026-02-18T07:03:00,HYPE,9618.45,6101.7,0.574192,29.476,29.477,0.001591,675.3,20694.46,-20019.16,260,21369.76,2081.31,5.64,2075.67,24,2,110
4120,2026-02-18T07:03:00,BTC,58.42,46.64,0.460594,67835.0,67836.0,1.018182,0.13,0.06,0.06,51,0.19,0.0,0.01,0.0,15,0,110
4121,2026-02-18T07:04:00,HYPE,13060.69,4354.32,0.572186,29.496,29.497,0.001248,1759.43,2712.92,-953.49,91,4472.35,1.56,4.94,-3.38,10,0,109
4122,2026-02-18T07:04:00,BTC,34.32,75.43,0.393378,67832.0,67833.0,1.137615,0.76,0.48,0.28,70,1.24,0.0,0.0,0.0,13,0,109
4123,2026-02-18T07:05:00,HYPE,5467.12,5154.29,0.643562,29.524,29.525,0.001119,416.48,12.1,404.38,50,428.58,1.56,39.39,-37.83,8,0,109
4124,2026-02-18T07:05:00,BTC,56.85,51.89,0.566079,67825.0,67826.0,1.0,0.08,4.23,-4.15,83,4.31,0.23,0.0,0.23,13,2,109
4125,2026-02-18T07:06:00,HYPE,5865.6,4584.26,0.558324,29.509,29.51,0.001046,276.04,364.9,-88.86,59,640.94,1.56,131.5,-129.94,9,0,108
4126,2026-02-18T07:06:00,BTC,51.55,48.12,0.566488,67836.0,67837.0,1.0,0.73,0.79,-0.06,94,1.51,0.59,0.0,0.59,20,0,108
4127,2026-02-18T07:07:00,HYPE,12373.74,3761.52,0.716923,29.502,29.503,0.001208,671.23,4303.53,-3632.3,124,4974.76,209.87,385.47,-175.6,22,0,106
4128,2026-02-18T07:07:00,BTC,90.29,42.82,0.392856,67774.0,67775.0,1.09434,0.65,6.86,-6.21,172,7.5,0.0,0.0,0.0,18,3,106
4129,2026-02-18T07:08:00,HYPE,3951.63,4655.93,0.628861,29.508,29.509,0.001091,439.62,308.04,131.58,78,747.66,167.65,254.94,-87.29,25,0,110
4130,2026-02-18T07:08:00,BTC,65.55,35.2,0.694547,67775.0,67776.0,1.0,0.33,0.04,0.28,41,0.37,0.0,0.0,0.0,12,0,110
4131,2026-02-18T07:09:00,HYPE,3162.88,4053.46,0.47698,29.509,29.51,0.001185,424.94,83.92,341.02,78,508.86,168.04,4.94,163.1,23,0,108
4132,2026-02-18T07:09:00,BTC,53.89,53.62,0.601349,67809.0,67810.0,1.111111,1.53,0.44,1.09,110,1.97,0.0,0.0,0.0,11,0,108
4133,2026-02-18T07:10:00,HYPE,13685.38,6081.69,0.569916,29.497,29.498,0.0013,850.18,857.69,-7.51,78,1707.87,167.66,4.93,162.73,15,0,110
4134,2026-02-18T07:10:00,BTC,35.28,52.7,0.348298,67790.0,67791.0,1.090909,0.3,0.31,-0.01,64,0.6,0.0,0.0,0.0,11,0,110
4135,2026-02-18T07:11:00,HYPE,11974.55,4554.49,0.727263,29.492,29.493,0.001038,552.33,106.79,445.54,67,659.12,168.04,73.46,94.58,20,0,106
4136,2026-02-18T07:11:00,BTC,32.73,79.83,0.552859,67780.0,67781.0,1.0,0.19,0.12,0.07,59,0.3,0.0,0.0,0.0,12,0,106
4137,2026-02-18T07:12:00,HYPE,18029.16,3846.79,0.814623,29.491,29.492,0.001092,427.25,1831.91,-1404.66,67,2259.16,168.05,4.94,163.11,19,0,109
4138,2026-02-18T07:12:00,BTC,34.82,57.67,0.294353,67747.0,67748.0,1.036697,0.09,0.99,-0.9,121,1.08,0.0,0.0,0.0,21,0,109
4139,2026-02-18T07:13:00,HYPE,20467.19,5698.94,0.810122,29.488,29.489,0.001101,300.24,124.87,175.37,49,425.11,167.65,34.0,133.65,15,0,109
4140,2026-02-18T07:13:00,BTC,33.87,82.14,0.365468,67726.0,67727.0,1.091743,0.59,5.57,-4.98,133,6.16,0.0,0.0,0.0,14,3,109
4141,2026-02-18T07:14:00,HYPE,18349.45,4193.19,0.834447,29.49,29.491,0.001019,264.07,40.43,223.64,41,304.5,168.05,4.94,163.11,18,0,108
4142,2026-02-18T07:14:00,BTC,52.47,44.34,0.40434,67738.0,67739.0,1.166667,1.41,2.42,-1.02,96,3.83,0.0,0.0,0.0,11,1,108
4143,2026-02-18T07:15:00,HYPE,21289.09,4145.95,0.83926,29.488,29.489,0.001,227.38,59.61,167.77,38,286.99,168.04,4.93,163.11,17,0,108
4144,2026-02-18T07:15:00,BTC,46.71,51.1,0.406276,67722.0,67723.0,1.018519,0.06,0.75,-0.69,71,0.82,0.39,0.0,0.38,18,0,108
4145,2026-02-18T07:16:00,HYPE,20177.3,3971.41,0.813959,29.488,29.489,0.001183,307.86,949.45,-641.59,58,1257.31,167.65,4.94,162.71,23,0,109
4146,2026-02-18T07:16:00,BTC,37.18,71.59,0.465201,67730.0,67731.0,1.0,2.93,6.1,-3.17,101,9.03,0.0,0.0,0.0,11,1,109
4147,2026-02-18T07:17:00,HYPE,15611.51,4484.4,0.76837,29.484,29.485,0.001036,177.07,5532.41,-5355.34,100,5709.48,168.04,4.94,163.1,20,0,110
4148,2026-02-18T07:17:00,BTC,83.58,37.72,0.485298,67747.0,67748.0,1.018182,0.31,0.21,0.09,62,0.52,0.0,0.0,0.0,12,0,110
4149,2026-02-18T07:18:00,HYPE,15117.08,4872.77,0.760068,29.485,29.486,0.001,711.58,174.34,537.24,46,885.92,167.66,4.94,162.72,11,0,107
4150,2026-02-18T07:18:00,BTC,36.8,65.39,0.294777,67737.0,67738.0,1.028037,0.34,4.17,-3.84,64,4.51,0.08,0.0,0.07,15,2,107
4151,2026-02-18T07:19:00,HYPE,14116.04,5624.88,0.747203,29.487,29.488,0.001038,402.31,425.72,-23.41,50,828.03,171.13,4.93,166.2,19,0,106
4152,2026-02-18T07:19:00,BTC,48.04,57.67,0.379005,67737.0,67738.0,1.0,0.44,0.15,0.29,39,0.59,0.08,0.0,0.07,17,0,106
4153,2026-02-18T07:20:00,HYPE,15368.32,3848.55,0.745814,29.489,29.49,0.001029,423.89,121.53,302.36,45,545.42,168.04,4.94,163.1,11,0,104
4154,2026-02-18T07:20:00,BTC,69.42,47.93,0.361331,67723.0,67724.0,1.019231,0.21,0.52,-0.31,63,0.73,0.08,0.0,0.07,15,0,104
4155,2026-02-18T07:21:00,HYPE,11441.29,4960.54,0.731156,29.494,29.495,0.001239,202.8,1707.92,-1505.12,60,1910.72,206.33,4.94,201.39,18,0,109
4156,2026-02-18T07:21:00,BTC,64.4,49.99,0.621162,67744.0,67745.0,1.055046,2.13,0.71,1.42,85,2.83,0.0,0.0,0.0,11,1,109
4157,2026-02-18T07:22:00,HYPE,9342.04,4708.34,0.675622,29.493,29.494,0.001124,180.84,24.39,156.45,37,205.23,176.5,4.94,171.56,23,0,105
4158,2026-02-18T07:22:00,BTC,39.43,58.61,0.423436,67734.0,67737.0,1.047619,1.34,0.26,1.08,72,1.6,0.16,0.0,0.16,16,0,105
4159,2026-02-18T07:23:00,HYPE,9324.29,5622.33,0.676198,29.475,29.476,0.001138,188.82,4131.51,-3942.69,58,4320.33,168.04,5.32,162.72,15,1,109
4160,2026-02-18T07:23:00,BTC,52.74,47.31,0.347068,67671.0,67672.0,1.229358,0.59,3.87,-3.28,243,4.47,0.06,0.0,0.05,17,3,109
4161,2026-02-18T07:24:00,HYPE,7041.25,7752.31,0.67837,29.502,29.503,0.001009,328.67,55.63,273.04,45,384.3,167.66,4.94,162.72,10,0,107
4162,2026-02-18T07:24:00,BTC,41.22,56.09,0.432591,67668.0,67669.0,1.0,0.82,3.28,-2.46,91,4.11,0.0,0.0,0.0,13,2,107
4163,2026-02-18T07:25:00,HYPE,3842.29,7089.97,0.446901,29.468,29.469,0.001602,360.23,4596.58,-4236.35,112,4956.81,168.04,5.72,162.32,19,0,108
4164,2026-02-18T07:25:00,BTC,47.72,57.41,0.529821,67668.0,67669.0,1.009259,0.25,0.54,-0.29,59,0.78,0.0,0.0,0.0,11,0,108
4165,2026-02-18T07:26:00,HYPE,4845.14,5541.83,0.444897,29.474,29.475,0.001038,406.17,157.74,248.43,54,563.91,194.57,21.77,172.8,21,0,106
4166,2026-02-18T07:26:00,BTC,77.32,47.87,0.565631,67702.0,67703.0,1.037736,0.57,1.14,-0.57,111,1.71,0.0,0.21,-0.21,12,0,106
4167,2026-02-18T07:27:00,HYPE,6095.21,7589.18,0.480507,29.484,29.485,0.001045,312.27,17.6,294.67,52,329.87,168.04,5.78,162.26,23,0,110
4168,2026-02-18T07:27:00,BTC,44.23,60.39,0.52042,67698.0,67699.0,1.0,0.18,0.09,0.09,58,0.27,0.0,0.0,0.0,12,0,110
4169,2026-02-18T07:28:00,HYPE,2983.71,4670.2,0.394069,29.508,29.509,0.001028,649.12,16.77,632.35,62,665.89,167.65,53.66,113.99,12,0,108
4170,2026-02-18T07:28:00,BTC,34.84,65.77,0.476303,67706.0,67707.0,1.064815,0.72,0.61,0.12,106,1.33,0.0,0.0,0.0,11,0,108
4171,2026-02-18T07:29:00,HYPE,5919.97,4923.46,0.446288,29.481,29.482,0.001352,488.22,126.87,361.35,67,615.09,168.04,5.7,162.34,18,0,108
4172,2026-02-18T07:29:00,BTC,65.21,37.9,0.483619,67700.0,67701.0,1.157407,0.31,0.42,-0.11,60,0.73,0.0,0.0,0.0,17,0,108
4173,2026-02-18T07:30:00,HYPE,5682.49,5241.8,0.512213,29.491,29.492,0.001194,238.26,539.21,-300.95,66,777.47,167.66,5.33,162.33,22,0,108
4174,2026-02-18T07:30:00,BTC,59.78,47.1,0.617299,67715.0,67716.0,1.018519,0.1,0.05,0.05,53,0.15,0.0,0.0,0.0,11,0,108
4175,2026-02-18T07:31:00,HYPE,12369.71,5429.87,0.505797,29.444,29.445,0.001505,509.74,7527.4,-7017.66,186,8037.14,1312.77,5.33,1307.44,26,1,109
4176,2026-02-18T07:31:00,BTC,46.27,56.78,0.642512,67743.0,67744.0,1.018349,0.27,0.6,-0.33,104,0.87,0.0,0.02,-0.02,13,0,109
4177,2026-02-18T07:32:00,HYPE,12314.43,6970.44,0.6582,29.438,29.439,0.001371,514.64,1184.71,-670.07,88,1699.35,229.33,4.93,224.4,15,0,105
4178,2026-02-18T07:32:00,BTC,72.07,29.75,0.473182,67738.0,67739.0,1.009524,0.9,0.08,0.82,50,0.98,0.0,0.0,0.0,14,0,105
4179,2026-02-18T07:33:00,HYPE,10233.25,5703.58,0.610414,29.433,29.435,0.001491,254.05,2496.39,-2242.34,69,2750.44,167.65,4.94,162.71,11,0,110
4180,2026-02-18T07:33:00,BTC,52.32,46.74,0.580973,67763.0,67764.0,1.054545,2.16,0.03,2.13,101,2.19,0.0,0.0,0.0,13,1,110
4181,2026-02-18T07:34:00,HYPE,8994.93,2952.8,0.637521,29.433,29.434,0.001537,176.94,998.23,-821.29,54,1175.17,168.04,4.94,163.1,16,0,108
4182,2026-02-18T07:34:00,BTC,31.88,97.52,0.397027,67752.0,67753.0,1.0,0.12,0.02,0.1,37,0.14,0.0,0.0,0.0,12,0,108
4183,2026-02-18T07:35:00,HYPE,9916.82,5724.48,0.657353,29.444,29.445,0.001423,1333.89,307.21,1026.68,98,1641.1,168.04,320.71,-152.67,25,0,111
4184,2026-02-18T07:35:00,BTC,68.66,42.71,0.461586,67752.0,67753.0,1.054054,0.07,0.48,-0.41,46,0.55,0.0,0.0,0.0,15,0,111
4185,2026-02-18T07:36:00,HYPE,9847.88,5329.46,0.639144,29.443,29.444,0.001398,854.05,673.21,180.84,97,1527.26,281.01,310.1,-29.09,26,0,108
4186,2026-02-18T07:36:00,BTC,52.07,51.18,0.580955,67782.0,67783.0,1.018519,1.13,0.07,1.06,113,1.2,0.0,0.0,0.0,17,1,108
4187,2026-02-18T07:37:00,HYPE,7245.48,5131.41,0.6117,29.509,29.51,0.001425,1114.26,63.62,1050.64,93,1177.88,168.14,77.41,90.73,16,0,106
4188,2026-02-18T07:37:00,BTC,79.77,52.53,0.608342,67836.0,67837.0,1.056604,2.04,2.15,-0.11,227,4.18,0.0,0.01,-0.01,13,0,106
4189,2026-02-18T07:38:00,HYPE,6095.93,2168.84,0.480228,29.519,29.52,0.002167,4815.93,202.39,4613.54,138,5018.32,168.13,1331.63,-1163.5,32,0,108
4190,2026-02-18T07:38:00,BTC,51.81,50.02,0.527403,67853.0,67854.0,1.111111,1.22,0.25,0.97,169,1.47,0.0,0.69,-0.69,17,0,108
4191,2026-02-18T07:39:00,HYPE,3727.51,3629.2,0.525247,29.541,29.542,0.001661,1588.16,401.8,1186.36,115,1989.96,1482.62,22.55,1460.07,47,0,109
4192,2026-02-18T07:39:00,BTC,93.33,16.13,0.559066,67898.0,67899.0,1.201835,4.42,10.64,-6.22,334,15.06,0.12,1.05,-0.93,17,4,109
4193,2026-02-18T07:40:00,HYPE,5467.54,3800.65,0.457033,29.57,29.571,0.001791,3005.96,321.41,2684.55,134,3327.37,1460.55,179.61,1280.94,55,0,110
4194,2026-02-18T07:40:00,BTC,93.56,31.86,0.545448,67925.0,67926.0,1.127273,0.67,1.69,-1.02,129,2.36,0.0,0.0,0.0,11,0,110
4195,2026-02-18T07:41:00,HYPE,3985.95,19615.69,0.192023,29.579,29.583,0.002082,1453.27,641.02,812.25,130,2094.29,297.69,338.99,-41.3,22,0,110
4196,2026-02-18T07:41:00,BTC,58.35,31.28,0.535214,67933.0,67934.0,1.118182,17.93,7.9,10.03,414,25.83,0.0,1.17,-1.17,14,6,110
4197,2026-02-18T07:42:00,HYPE,5420.42,17957.89,0.191899,29.589,29.59,0.001473,3340.14,525.63,2814.51,188,3865.77,2713.82,522.32,2191.5,85,0,110
4198,2026-02-18T07:42:00,BTC,73.12,25.8,0.519244,67927.0,67928.0,1.090909,0.23,3.52,-3.29,136,3.75,0.0,0.0,0.0,11,1,110
4199,2026-02-18T07:43:00,HYPE,3769.44,23265.32,0.181678,29.581,29.586,0.001963,471.7,335.57,136.13,71,807.27,177.0,50.98,126.02,21,0,107
4200,2026-02-18T07:43:00,BTC,51.5,52.76,0.580044,67934.0,67935.0,1.0,30.11,0.6,29.52,143,30.71,0.0,0.0,0.0,13,24,107
4201,2026-02-18T07:44:00,HYPE,5760.57,1875.27,0.267483,29.622,29.623,0.001505,21025.63,392.98,20632.65,340,21418.61,203.89,578.42,-374.53,28,3,109
4202,2026-02-18T07:44:00,BTC,88.49,18.78,0.536907,68042.0,68043.0,1.311927,59.4,6.03,53.38,763,65.43,0.21,2.75,-2.54,28,28,109
4203,2026-02-18T07:45:00,HYPE,3850.74,3866.33,0.576666,29.641,29.642,0.001352,3468.07,362.98,3105.09,268,3831.05,2672.72,573.73,2098.99,153,0,108
4204,2026-02-18T07:45:00,BTC,52.4,47.86,0.54326,68037.0,68038.0,1.101852,1.17,5.93,-4.76,174,7.09,0.23,0.0,0.22,14,0,108
4205,2026-02-18T07:46:00,HYPE,6451.78,2404.71,0.598386,29.609,29.61,0.001618,236.22,1331.4,-1095.18,118,1567.62,219.56,5.29,214.27,22,0,110
4206,2026-02-18T07:46:00,BTC,52.7,34.04,0.522798,68011.0,68012.0,1.045455,5.97,11.62,-5.66,224,17.59,0.21,0.0,0.2,16,5,110
4207,2026-02-18T07:47:00,HYPE,4118.23,1537.45,0.609443,29.677,29.678,0.001555,2262.7,831.14,1431.56,340,3093.84,345.05,505.33,-160.28,75,0,110
4208,2026-02-18T07:47:00,BTC,60.37,32.13,0.652818,68089.0,68090.0,1.536364,9.43,6.28,3.14,344,15.71,0.21,0.0,0.21,14,4,110
4209,2026-02-18T07:48:00,HYPE,6351.37,2073.02,0.562697,29.65,29.651,0.001505,233.0,2177.94,-1944.94,74,2410.94,170.13,5.33,164.8,28,0,109
4210,2026-02-18T07:48:00,BTC,25.69,99.5,0.559218,68130.0,68131.0,1.449541,18.35,7.49,10.86,469,25.83,0.0,1.53,-1.53,19,8,109
4211,2026-02-18T07:49:00,HYPE,3863.93,4925.15,0.516795,29.675,29.676,0.001963,462.28,340.26,122.02,85,802.54,171.51,24.1,147.41,31,0,109
4212,2026-02-18T07:49:00,BTC,53.03,27.29,0.567496,68173.0,68174.0,1.40367,22.75,8.67,14.08,499,31.42,0.13,0.24,-0.11,16,8,109
4213,2026-02-18T07:50:00,HYPE,3230.69,5420.22,0.538613,29.696,29.697,0.0023,7955.38,174.01,7781.37,438,8129.39,5168.13,1601.64,3566.49,240,0,110
4214,2026-02-18T07:50:00,BTC,18.45,58.91,0.423047,68149.0,68150.0,1.145455,9.75,1.03,8.72,219,10.78,0.0,0.94,-0.93,12,6,110
4215,2026-02-18T07:51:00,HYPE,4319.66,1550.85,0.559525,29.663,29.664,0.002826,9504.29,12765.41,-3261.12,489,22269.7,1339.1,970.76,368.34,50,1,109
4216,2026-02-18T07:51:00,BTC,84.59,23.5,0.514781,68149.0,68150.0,1.045872,4.38,6.39,-2.02,187,10.77,4.81,0.0,4.81,31,4,109
4217,2026-02-18T07:52:00,HYPE,4494.0,3457.51,0.535735,29.626,29.627,0.002222,229.56,499.81,-270.25,77,729.37,168.13,12.36,155.77,15,0,108
4218,2026-02-18T07:52:00,BTC,14.59,93.98,0.438003,68115.0,68116.0,1.046296,15.79,20.26,-4.47,260,36.05,8.35,0.23,8.11,62,17,108
4219,2026-02-18T07:53:00,HYPE,4125.15,5323.21,0.560108,29.662,29.663,0.001477,541.96,152.0,389.96,74,693.96,167.75,65.74,102.01,25,0,109
4220,2026-02-18T07:53:00,BTC,81.28,30.8,0.507474,68124.0,68125.0,1.091743,13.0,7.79,5.2,204,20.79,8.33,0.0,8.33,51,8,109
4221,2026-02-18T07:54:00,HYPE,3028.92,6752.62,0.391502,29.647,29.648,0.001873,424.3,418.24,6.06,81,842.54,168.14,66.96,101.18,23,0,110
4222,2026-02-18T07:54:00,BTC,48.93,36.45,0.517128,68115.0,68116.0,1.3,12.53,9.22,3.32,186,21.75,6.67,0.32,6.36,41,11,110
4223,2026-02-18T07:55:00,HYPE,5127.68,4112.6,0.395537,29.668,29.669,0.001896,535.03,110.5,424.53,49,645.53,168.13,8.47,159.66,15,0,106
4224,2026-02-18T07:55:00,BTC,280.82,38.81,0.439088,68130.0,68131.0,1.09434,12.93,5.04,7.89,174,17.97,6.45,0.22,6.23,52,6,106
4225,2026-02-18T07:56:00,HYPE,4284.68,2446.47,0.56177,29.674,29.675,0.001318,2139.5,204.03,1935.47,61,2343.53,168.14,1956.74,-1788.6,36,0,110
4226,2026-02-18T07:56:00,BTC,33.91,47.26,0.569937,68110.0,68111.0,1.054545,6.65,57.02,-50.37,164,63.67,57.83,0.0,57.82,79,24,110
4227,2026-02-18T07:57:00,HYPE,3838.76,3805.19,0.521082,29.688,29.689,0.002135,423.52,153.31,270.21,89,576.83,167.74,22.52,145.22,17,0,111
4228,2026-02-18T07:57:00,BTC,40.76,59.45,0.661965,68125.0,68126.0,1.045045,9.92,1.09,8.82,162,11.01,6.45,0.47,5.98,58,5,111
4229,2026-02-18T07:58:00,HYPE,3775.72,4429.03,0.487235,29.645,29.646,0.001633,863.02,29.87,833.15,91,892.89,167.75,158.01,9.74,23,0,109
4230,2026-02-18T07:58:00,BTC,48.74,71.35,0.441483,68112.0,68113.0,1.073394,7.69,6.21,1.48,144,13.9,6.86,0.0,6.85,49,7,109
4231,2026-02-18T07:59:00,HYPE,3104.83,3376.76,0.473143,29.632,29.633,0.0017,186.04,2511.17,-2325.13,100,2697.21,814.06,2505.74,-1691.68,66,0,110
4232,2026-02-18T07:59:00,BTC,36.04,58.51,0.400186,68103.0,68104.0,1.027273,7.4,26.91,-19.52,141,34.31,30.52,0.0,30.52,63,9,110
4233,2026-02-18T08:00:00,HYPE,3382.0,4078.17,0.457732,29.642,29.643,0.00113,1033.33,497.64,535.69,89,1530.97,168.13,1257.19,-1089.06,62,0,108
4234,2026-02-18T08:00:00,BTC,34.22,36.87,0.513744,68086.0,68087.0,1.027778,6.82,5.79,1.03,141,12.61,6.45,0.24,6.22,44,8,108
4235,2026-02-18T08:01:00,HYPE,3700.57,4694.02,0.569485,29.655,29.656,0.001645,1284.65,472.92,811.73,101,1757.57,168.79,879.35,-710.56,44,0,110
4236,2026-02-18T08:01:00,BTC,75.49,35.81,0.418556,68074.0,68075.0,1.354545,9.47,0.88,8.59,224,10.35,6.45,0.99,5.46,41,6,110
4237,2026-02-18T08:02:00,HYPE,2956.5,2716.08,0.571417,29.684,29.685,0.001269,271.59,105.86,165.73,68,377.45,167.79,42.01,125.78,19,0,108
4238,2026-02-18T08:02:00,BTC,36.67,69.59,0.445289,68106.0,68107.0,1.055556,10.12,0.79,9.33,169,10.91,6.45,0.12,6.33,64,7,108
4239,2026-02-18T08:03:00,HYPE,2059.16,4495.96,0.444443,29.617,29.618,0.002299,631.77,768.76,-136.99,105,1400.53,168.14,404.93,-236.79,16,0,107
4240,2026-02-18T08:03:00,BTC,49.73,41.57,0.493068,68113.0,68114.0,1.271028,18.52,9.09,9.43,249,27.6,6.45,0.0,6.45,46,11,107
4241,2026-02-18T08:04:00,HYPE,2873.78,2286.38,0.426072,29.536,29.537,0.002491,365.09,2809.1,-2444.01,123,3174.19,813.5,2592.48,-1778.98,66,0,110
4242,2026-02-18T08:04:00,BTC,102.3,22.2,0.56237,68092.0,68094.0,1.218182,7.83,7.48,0.35,250,15.31,6.49,1.11,5.39,118,6,110
4243,2026-02-18T08:05:00,HYPE,2719.96,4149.67,0.452369,29.513,29.515,0.002409,735.64,1884.43,-1148.79,153,2620.07,293.86,552.72,-258.86,35,0,110
4244,2026-02-18T08:05:00,BTC,179.59,32.83,0.556432,68099.0,68100.0,1.263636,8.66,3.33,5.33,294,11.99,6.45,0.9,5.55,86,3,110
4245,2026-02-18T08:06:00,HYPE,4604.24,3946.03,0.492395,29.538,29.539,0.001798,417.85,1002.23,-584.38,78,1420.08,718.74,1016.28,-297.54,35,0,109
4246,2026-02-18T08:06:00,BTC,37.67,48.87,0.531761,68140.0,68141.0,1.045872,28.55,1.44,27.1,251,29.99,6.45,1.48,4.97,49,17,109
4247,2026-02-18T08:07:00,HYPE,2732.49,2908.48,0.505374,29.593,29.594,0.002774,1792.49,1839.21,-46.72,112,3631.7,168.13,972.67,-804.54,31,0,106
4248,2026-02-18T08:07:00,BTC,72.29,27.63,0.477324,68144.0,68145.0,1.04717,3.86,0.86,3.0,103,4.71,3.23,0.0,3.22,29,0,106
4249,2026-02-18T08:08:00,HYPE,4812.08,5914.47,0.457854,29.581,29.585,0.003532,402.86,1004.67,-601.81,52,1407.53,202.18,972.68,-770.5,34,0,109
4250,2026-02-18T08:08:00,BTC,58.44,33.54,0.4643,68152.0,68153.0,1.045872,6.69,0.49,6.2,149,7.17,6.45,0.24,6.22,69,1,109
4251,2026-02-18T08:09:00,HYPE,2980.41,2570.15,0.459774,29.569,29.57,0.001882,261.28,1033.17,-771.89,64,1294.45,298.94,972.68,-673.74,40,0,110
4252,2026-02-18T08:09:00,BTC,42.77,39.62,0.481057,68131.0,68132.0,1.154545,7.04,16.88,-9.85,191,23.92,6.57,0.23,6.34,57,9,110
4253,2026-02-18T08:10:00,HYPE,4692.22,3358.62,0.587286,29.559,29.56,0.001624,213.44,1202.4,-988.96,71,1415.84,234.9,972.69,-737.79,50,0,109
4254,2026-02-18T08:10:00,BTC,36.74,47.06,0.354106,68123.0,68124.0,1.009174,6.63,0.89,5.75,110,7.52,6.45,0.0,6.45,53,2,109
4255,2026-02-18T08:11:00,HYPE,5529.78,5724.23,0.565383,29.587,29.588,0.001364,511.64,1338.66,-827.02,95,1850.3,392.79,972.67,-579.88,46,0,110
4256,2026-02-18T08:11:00,BTC,33.92,48.99,0.540578,68165.0,68166.0,1.090909,8.72,0.41,8.31,182,9.13,6.45,0.0,6.45,74,4,110
4257,2026-02-18T08:12:00,HYPE,4080.85,2822.26,0.558643,29.619,29.62,0.001486,887.07,1013.22,-126.15,88,1900.29,484.73,972.68,-487.95,31,0,109
4258,2026-02-18T08:12:00,BTC,35.74,71.09,0.509381,68234.0,68235.0,1.293578,24.63,6.69,17.95,465,31.32,11.58,2.28,9.3,87,14,109
4259,2026-02-18T08:13:00,HYPE,5217.68,2993.5,0.563641,29.635,29.636,0.002018,2912.36,1015.44,1896.92,136,3927.8,2753.7,2039.03,714.67,99,0,110
4260,2026-02-18T08:13:00,BTC,63.97,9.53,0.442509,68203.0,68204.0,1.290909,17.06,53.46,-36.4,446,70.51,6.56,0.73,5.84,46,27,110
4261,2026-02-18T08:14:00,HYPE,2773.53,2877.53,0.534817,29.604,29.605,0.001954,1008.25,1044.92,-36.67,83,2053.17,434.54,1024.27,-589.73,32,0,109
4262,2026-02-18T08:14:00,BTC,26.55,39.63,0.426346,68147.0,68148.0,1.110092,7.0,1.51,5.48,261,8.51,6.75,0.0,6.74,57,0,109
4263,2026-02-18T08:15:00,HYPE,3768.22,3299.72,0.615193,29.645,29.646,0.001716,408.83,980.95,-572.12,100,1389.78,286.08,973.07,-686.99,47,0,109
4264,2026-02-18T08:15:00,BTC,63.2,37.24,0.600793,68188.0,68189.0,1.027523,9.55,0.81,8.74,120,10.36,6.46,0.0,6.46,44,6,109
4265,2026-02-18T08:16:00,HYPE,3042.94,2325.95,0.54725,29.602,29.604,0.002407,330.72,6252.51,-5921.79,175,6583.23,927.16,5972.68,-5045.52,128,0,108
4266,2026-02-18T08:16:00,BTC,37.3,52.06,0.586151,68216.0,68217.0,1.046296,7.57,0.49,7.08,176,8.06,6.45,0.0,6.45,53,3,108
4267,2026-02-18T08:17:00,HYPE,3640.31,4226.65,0.570027,29.695,29.696,0.003523,8390.42,1065.04,7325.38,268,9455.46,2950.51,2091.79,858.72,104,1,107
4268,2026-02-18T08:17:00,BTC,58.55,90.3,0.562463,68343.0,68344.0,1.514019,27.9,9.48,18.42,919,37.38,7.47,2.02,5.44,67,14,107
4269,2026-02-18T08:18:00,HYPE,4354.14,2926.37,0.611125,29.726,29.73,0.002697,5594.34,1478.36,4115.98,325,7072.7,5169.75,1851.08,3318.67,189,0,109
4270,2026-02-18T08:18:00,BTC,33.04,68.44,0.490161,68341.0,68342.0,1.477064,18.94,31.97,-13.02,377,50.91,6.45,1.5,4.95,49,26,109
4271,2026-02-18T08:19:00,HYPE,4251.01,3801.96,0.571151,29.724,29.729,0.001514,2684.07,2604.32,79.75,295,5288.39,193.35,1012.8,-819.45,34,0,111
4272,2026-02-18T08:19:00,BTC,52.65,28.09,0.505778,68350.0,68351.0,1.315315,47.06,4.32,42.74,599,51.37,7.26,1.51,5.75,91,28,111
4273,2026-02-18T08:20:00,HYPE,3853.01,5594.4,0.488043,29.684,29.685,0.001833,519.34,1340.87,-821.53,109,1860.21,168.14,1080.62,-912.48,39,0,108
4274,2026-02-18T08:20:00,BTC,54.17,39.31,0.493185,68306.0,68307.0,1.083333,9.07,10.57,-1.49,343,19.64,7.27,0.2,7.07,79,11,108
4275,2026-02-18T08:21:00,HYPE,4387.02,2407.37,0.526182,29.665,29.666,0.00191,444.25,3726.94,-3282.69,101,4171.19,170.55,2526.39,-2355.84,44,0,111
4276,2026-02-18T08:21:00,BTC,55.95,30.4,0.504558,68297.0,68298.0,1.054054,7.79,0.67,7.12,170,8.45,6.45,0.03,6.42,59,3,111
4277,2026-02-18T08:22:00,HYPE,3818.89,2864.07,0.541469,29.665,29.666,0.002266,402.15,50.03,352.12,41,452.18,168.14,5.72,162.42,23,0,109
4278,2026-02-18T08:22:00,BTC,77.29,34.11,0.581602,68305.0,68306.0,1.027523,6.78,1.59,5.19,126,8.37,6.45,0.26,6.19,49,4,109
4279,2026-02-18T08:23:00,HYPE,4397.01,3158.68,0.519735,29.687,29.688,0.002119,742.69,532.95,209.74,84,1275.64,180.57,183.6,-3.03,24,0,109
4280,2026-02-18T08:23:00,BTC,34.67,49.25,0.633506,68300.0,68301.0,1.394495,6.27,3.53,2.74,213,9.8,0.23,0.03,0.2,15,2,109
4281,2026-02-18T08:24:00,HYPE,3960.24,2614.34,0.489639,29.66,29.661,0.001294,193.76,9.61,184.15,33,203.37,168.13,4.93,163.2,11,0,109
4282,2026-02-18T08:24:00,BTC,39.62,46.31,0.405026,68275.0,68276.0,1.036697,1.1,1.23,-0.12,98,2.33,0.2,0.03,0.17,18,0,109
4283,2026-02-18T08:25:00,HYPE,3761.67,2380.41,0.513855,29.701,29.702,0.002009,2676.23,159.07,2517.16,84,2835.3,2667.75,456.53,2211.22,60,0,110
4284,2026-02-18T08:25:00,BTC,24.93,76.85,0.605523,68351.0,68352.0,1.254545,2.84,0.56,2.27,297,3.4,0.0,0.3,-0.3,21,1,110
4285,2026-02-18T08:26:00,HYPE,2782.44,4097.08,0.498171,29.727,29.728,0.002027,3756.59,23.86,3732.73,101,3780.45,167.74,513.54,-345.8,18,0,110
4286,2026-02-18T08:26:00,BTC,50.91,35.82,0.560896,68416.0,68417.0,1.209091,7.97,5.84,2.13,345,13.81,0.12,1.06,-0.95,37,4,110
4287,2026-02-18T08:27:00,HYPE,3663.46,3830.81,0.465292,29.728,29.729,0.001651,1051.01,40.7,1010.31,68,1091.71,168.14,142.08,26.06,18,0,109
4288,2026-02-18T08:27:00,BTC,16.46,109.98,0.419767,68365.0,68366.0,1.082569,7.19,6.0,1.19,327,13.19,0.11,5.56,-5.44,42,0,109
4289,2026-02-18T08:28:00,HYPE,4515.8,4575.77,0.503435,29.688,29.689,0.001807,517.0,1621.11,-1104.11,91,2138.11,352.84,5.28,347.56,14,0,109
4290,2026-02-18T08:28:00,BTC,101.82,28.8,0.513117,68256.0,68257.0,1.192661,0.19,4.25,-4.06,303,4.44,0.09,0.03,0.06,17,2,109
4291,2026-02-18T08:29:00,HYPE,4131.69,2097.86,0.568098,29.689,29.69,0.001844,756.76,175.63,581.13,57,932.39,168.13,111.66,56.47,15,0,109
4292,2026-02-18T08:29:00,BTC,53.16,42.81,0.688273,68263.0,68264.0,1.018349,0.34,0.43,-0.09,87,0.77,0.0,0.03,-0.03,13,0,109
4293,2026-02-18T08:30:00,HYPE,2699.75,3897.73,0.586287,29.705,29.706,0.001688,736.9,120.39,616.51,57,857.29,168.14,61.68,106.46,16,0,109
4294,2026-02-18T08:30:00,BTC,104.18,20.6,0.524607,68248.0,68249.0,1.0,1.57,0.89,0.68,117,2.46,0.0,0.03,-0.03,21,0,109
4295,2026-02-18T08:31:00,HYPE,4163.43,3185.4,0.576209,29.702,29.703,0.002148,220.22,87.91,132.31,44,308.13,167.74,29.61,138.13,16,0,108
4296,2026-02-18T08:31:01,BTC,53.84,43.45,0.593682,68251.0,68252.0,1.101852,0.64,3.57,-2.93,130,4.21,0.0,0.03,-0.03,14,1,108
4297,2026-02-18T08:32:00,HYPE,4067.89,3406.94,0.491775,29.708,29.709,0.001443,176.12,391.68,-215.56,56,567.8,169.98,5.36,164.62,20,0,106
4298,2026-02-18T08:32:00,BTC,38.69,41.99,0.527509,68223.0,68224.0,1.150943,0.41,1.44,-1.03,128,1.85,0.13,0.03,0.1,16,0,106
4299,2026-02-18T08:33:00,HYPE,4694.42,4313.38,0.490013,29.671,29.672,0.00167,548.5,350.68,197.82,64,899.18,168.13,4.93,163.2,10,0,109
4300,2026-02-18T08:33:00,BTC,71.95,18.31,0.507514,68201.0,68202.0,1.082569,12.52,1.77,10.74,226,14.29,0.06,0.03,0.03,15,7,109
4301,2026-02-18T08:34:00,HYPE,5463.49,2339.18,0.488627,29.663,29.668,0.001257,400.31,105.04,295.27,43,505.35,168.14,4.94,163.2,8,0,109
4302,2026-02-18T08:34:00,BTC,41.22,86.43,0.593633,68209.0,68210.0,1.027523,15.57,11.4,4.17,157,26.97,0.0,11.52,-11.51,42,14,109
4303,2026-02-18T08:35:00,HYPE,4246.77,5619.59,0.532622,29.685,29.686,0.001972,653.85,2553.34,-1899.49,114,3207.19,680.34,2558.7,-1878.36,78,0,108
4304,2026-02-18T08:35:00,BTC,19.84,92.86,0.471784,68241.0,68242.0,1.101852,0.09,1.45,-1.36,102,1.54,0.08,0.03,0.05,21,0,108
4305,2026-02-18T08:36:00,HYPE,4395.84,3899.75,0.42775,29.674,29.675,0.001368,215.25,129.0,86.25,41,344.25,167.74,4.94,162.8,18,0,106
4306,2026-02-18T08:36:00,BTC,51.6,79.54,0.427678,68198.0,68199.0,1.009434,16.91,2.36,14.55,200,19.28,0.99,0.03,0.96,33,10,106
4307,2026-02-18T08:37:00,HYPE,3968.59,4486.06,0.493161,29.664,29.665,0.001627,645.06,104.54,540.52,57,749.6,167.75,8.05,159.7,17,0,110
4308,2026-02-18T08:37:00,BTC,64.3,55.0,0.453849,68157.0,68158.0,1.2,0.63,19.29,-18.66,254,19.92,0.0,0.03,-0.02,14,9,110
4309,2026-02-18T08:38:00,HYPE,3418.16,3333.59,0.487834,29.66,29.661,0.001453,374.7,780.02,-405.32,53,1154.72,168.13,4.94,163.19,15,0,106
4310,2026-02-18T08:38:00,BTC,39.46,53.22,0.509334,68142.0,68143.0,1.028302,0.58,15.53,-14.95,158,16.11,0.12,0.03,0.09,15,3,106
4311,2026-02-18T08:39:00,HYPE,3591.77,4511.0,0.443382,29.622,29.623,0.001486,248.44,1061.65,-813.21,81,1310.09,252.77,4.94,247.83,15,0,109
4312,2026-02-18T08:39:00,BTC,73.02,39.8,0.62683,68133.0,68134.0,1.036697,0.09,0.38,-0.3,66,0.47,0.0,0.03,-0.03,19,0,109
4313,2026-02-18T08:40:00,HYPE,5230.65,2275.49,0.53971,29.622,29.623,0.001645,863.7,3323.94,-2460.24,114,4187.64,619.58,2504.94,-1885.36,38,2,110
4314,2026-02-18T08:40:00,BTC,84.08,30.64,0.60876,68129.0,68130.0,1.0,0.26,19.49,-19.22,193,19.75,0.2,0.03,0.16,19,2,110
4315,2026-02-18T08:41:00,HYPE,3140.25,4491.12,0.473949,29.653,29.654,0.001218,290.23,38.29,251.94,51,328.52,168.13,55.93,112.2,18,0,110
4316,2026-02-18T08:41:00,BTC,36.71,48.95,0.52652,68137.0,68138.0,1.036364,0.33,0.71,-0.38,78,1.05,0.0,0.35,-0.35,16,0,110
4317,2026-02-18T08:42:00,HYPE,4740.91,6751.37,0.46515,29.679,29.68,0.001596,1254.75,26.82,1227.93,80,1281.57,167.36,34.66,132.7,15,0,109
4318,2026-02-18T08:42:00,BTC,73.16,31.43,0.602028,68149.0,68150.0,1.073394,0.71,1.64,-0.93,61,2.35,0.01,0.3,-0.29,24,0,109
4319,2026-02-18T08:43:00,HYPE,5030.42,4047.7,0.456128,29.638,29.639,0.001892,226.91,614.12,-387.21,71,841.03,168.13,5.74,162.39,17,0,111
4320,2026-02-18T08:43:00,BTC,79.08,29.44,0.643389,68166.0,68167.0,1.072072,3.89,0.91,2.98,105,4.8,0.0,0.03,-0.03,16,2,111
4321,2026-02-18T08:44:00,HYPE,3258.56,3338.59,0.427526,29.612,29.614,0.001908,307.22,102.63,204.59,57,409.85,168.14,5.35,162.79,13,0,109
4322,2026-02-18T08:44:00,BTC,89.22,21.49,0.610668,68125.0,68126.0,1.055046,0.27,2.14,-1.87,96,2.41,0.0,0.03,-0.03,18,1,109
4323,2026-02-18T08:45:00,HYPE,3153.66,4465.98,0.48123,29.603,29.604,0.001222,182.58,628.96,-446.38,54,811.54,168.14,38.7,129.44,13,0,108
4324,2026-02-18T08:45:00,BTC,51.11,41.08,0.65259,68137.0,68138.0,1.083333,0.51,4.69,-4.18,99,5.19,0.0,0.03,-0.03,15,2,108
4325,2026-02-18T08:46:00,HYPE,3201.01,4128.22,0.496919,29.599,29.6,0.001321,194.91,337.81,-142.9,46,532.72,185.4,29.93,155.47,16,0,109
4326,2026-02-18T08:46:00,BTC,41.6,40.16,0.659494,68160.0,68161.0,1.0,0.23,0.24,-0.02,94,0.47,0.0,0.03,-0.03,14,0,109
4327,2026-02-18T08:47:00,HYPE,6352.86,3001.25,0.604352,29.655,29.656,0.001127,12721.42,815.99,11905.43,175,13537.41,167.75,814.87,-647.12,18,0,110
4328,2026-02-18T08:47:00,BTC,30.89,52.8,0.491259,68137.0,68138.0,1.036364,0.06,0.9,-0.84,66,0.96,0.0,0.03,-0.03,14,0,110
4329,2026-02-18T08:48:00,HYPE,3214.07,4947.51,0.55395,29.674,29.675,0.001661,862.46,1823.97,-961.51,116,2686.43,168.15,47.59,120.56,31,0,109
4330,2026-02-18T08:48:00,BTC,50.45,48.92,0.527199,68147.0,68148.0,1.027523,0.11,0.34,-0.23,66,0.46,0.0,0.03,-0.03,15,0,109
4331,2026-02-18T08:49:00,HYPE,3795.57,3475.99,0.489099,29.653,29.654,0.001287,188.87,149.01,39.86,51,337.88,167.75,22.46,145.29,15,0,108
4332,2026-02-18T08:49:00,BTC,84.21,29.35,0.602017,68171.0,68172.0,1.12963,0.6,0.44,0.16,95,1.04,0.0,0.0,0.0,12,0,108
4333,2026-02-18T08:50:00,HYPE,5347.56,2809.93,0.535702,29.67,29.671,0.001072,180.25,74.53,105.72,44,254.78,169.13,4.93,164.2,16,0,111
4334,2026-02-18T08:50:00,BTC,37.94,68.47,0.348319,68142.0,68143.0,1.027027,0.7,0.45,0.25,71,1.16,0.0,0.0,0.0,12,0,111
4335,2026-02-18T08:51:00,HYPE,3396.45,4664.78,0.487425,29.666,29.667,0.001918,5471.36,1582.48,3888.88,132,7053.84,168.14,407.56,-239.42,21,1,110
4336,2026-02-18T08:51:00,BTC,33.71,47.82,0.476011,68127.0,68128.0,1.290909,2.38,1.43,0.95,149,3.81,0.0,0.0,0.0,14,1,110
4337,2026-02-18T08:52:00,HYPE,2784.55,2349.38,0.465026,29.629,29.63,0.001402,491.83,676.83,-185.0,67,1168.66,171.24,4.94,166.3,18,0,107
4338,2026-02-18T08:52:00,BTC,69.53,65.97,0.532007,68086.0,68087.0,1.102804,0.29,132.03,-131.73,362,132.32,7.93,0.0,7.93,17,57,107
4339,2026-02-18T08:53:00,HYPE,2888.27,2915.19,0.446122,29.611,29.612,0.001236,750.78,206.01,544.77,69,956.79,168.13,109.05,59.08,16,0,110
4340,2026-02-18T08:53:00,BTC,79.13,56.68,0.45942,68099.0,68100.0,1.063636,3.2,61.12,-57.92,266,64.32,1.81,0.0,1.81,16,29,110
4341,2026-02-18T08:54:00,HYPE,2658.58,5094.81,0.34544,29.477,29.478,0.002327,616.35,6391.91,-5775.56,498,7008.26,244.66,5.28,239.38,18,0,110
4342,2026-02-18T08:54:00,BTC,41.79,42.88,0.488078,68061.0,68062.0,1.045455,10.11,122.56,-112.46,425,132.67,1.93,0.0,1.93,15,68,110
4343,2026-02-18T08:55:00,HYPE,3605.97,4974.84,0.343982,29.447,29.448,0.001615,233.8,3722.23,-3488.43,280,3956.03,1072.31,2511.32,-1439.01,181,0,109
4344,2026-02-18T08:55:00,BTC,45.31,25.26,0.664255,68062.0,68063.0,1.220183,25.94,120.04,-94.11,446,145.98,4.86,0.01,4.85,22,79,109
4345,2026-02-18T08:56:00,HYPE,3657.11,3918.65,0.42989,29.451,29.456,0.002796,11119.32,1218.28,9901.04,206,12337.6,225.65,1560.39,-1334.74,36,0,108
4346,2026-02-18T08:56:00,BTC,42.67,42.36,0.513094,68038.0,68039.0,1.194444,1.21,38.34,-37.13,311,39.55,0.47,0.0,0.46,15,19,108
4347,2026-02-18T08:57:00,HYPE,3935.24,4236.85,0.456461,29.477,29.482,0.001981,360.55,308.56,51.99,49,669.11,168.14,56.18,111.96,23,0,108
4348,2026-02-18T08:57:00,BTC,92.13,18.15,0.681623,68064.0,68065.0,1.027778,1.78,2.9,-1.12,104,4.69,0.0,0.0,0.0,12,0,108
4349,2026-02-18T08:58:00,HYPE,4354.91,4180.79,0.486573,29.502,29.503,0.001627,418.08,225.56,192.52,43,643.64,168.13,6.06,162.07,15,0,110
4350,2026-02-18T08:58:00,BTC,24.79,68.97,0.423453,68083.0,68084.0,1.0,6.82,0.79,6.03,75,7.6,0.0,0.0,0.0,11,3,110
4351,2026-02-18T08:59:00,HYPE,2221.51,5077.81,0.419166,29.481,29.482,0.001138,206.18,478.17,-271.99,48,684.35,168.14,4.93,163.21,11,0,109
4352,2026-02-18T08:59:00,BTC,37.31,56.39,0.517619,68097.0,68098.0,1.06422,0.35,1.83,-1.49,101,2.18,0.0,0.19,-0.19,18,0,109
4353,2026-02-18T09:00:00,HYPE,2591.62,4258.45,0.430685,29.471,29.472,0.0014,193.96,52.15,141.81,30,246.11,167.35,4.94,162.41,11,0,110
4354,2026-02-18T09:00:00,BTC,39.25,43.21,0.378931,68094.0,68095.0,1.009091,0.06,0.32,-0.26,51,0.38,0.0,0.0,0.0,12,0,110
4355,2026-02-18T09:01:00,HYPE,1543.86,5284.47,0.418921,29.474,29.493,0.001802,819.43,73.1,746.33,61,892.53,168.14,50.6,117.54,14,0,106
4356,2026-02-18T09:01:00,BTC,30.88,57.65,0.449183,68096.0,68097.0,1.132075,0.48,2.15,-1.67,137,2.63,0.0,0.0,0.0,11,0,106
4357,2026-02-18T09:02:00,HYPE,5484.25,4657.46,0.428489,29.422,29.432,0.002345,247.23,3261.33,-3014.1,237,3508.56,846.75,2504.94,-1658.19,200,0,110
4358,2026-02-18T09:02:00,BTC,88.14,17.26,0.305104,68051.0,68052.0,1.072727,0.14,4.53,-4.39,121,4.67,0.0,0.0,0.0,13,0,110
4359,2026-02-18T09:03:00,HYPE,3253.81,4050.96,0.512713,29.428,29.43,0.002569,265.22,6.19,259.03,29,271.41,168.92,4.93,163.99,14,0,109
4360,2026-02-18T09:03:00,BTC,55.25,50.94,0.386961,68028.0,68029.0,1.045872,0.31,14.52,-14.21,174,14.83,0.0,0.0,0.0,12,5,109
4361,2026-02-18T09:04:00,HYPE,3359.63,4422.06,0.470329,29.468,29.469,0.002404,549.13,108.02,441.11,55,657.15,170.19,4.94,165.25,17,0,109
4362,2026-02-18T09:04:00,BTC,44.64,34.25,0.619791,68026.0,68027.0,1.036697,4.31,5.7,-1.39,175,10.02,0.0,1.35,-1.35,13,6,109
4363,2026-02-18T09:05:00,HYPE,4033.59,4513.75,0.447577,29.463,29.466,0.003083,171.38,49.68,121.7,26,221.06,205.64,4.94,200.7,18,0,109
4364,2026-02-18T09:05:00,BTC,63.15,41.33,0.420313,68007.0,68008.0,1.018349,1.59,3.73,-2.14,103,5.32,0.0,0.0,0.0,11,2,109
4365,2026-02-18T09:06:00,HYPE,4821.69,4147.01,0.523053,29.495,29.496,0.001743,226.63,11.14,215.49,40,237.77,168.92,4.94,163.98,19,0,109
4366,2026-02-18T09:06:00,BTC,19.73,59.33,0.369096,68031.0,68032.0,1.06422,2.7,2.34,0.36,135,5.05,0.0,0.0,0.0,13,2,109
4367,2026-02-18T09:07:00,HYPE,3767.37,2923.66,0.528162,29.496,29.498,0.001565,310.61,172.62,137.99,43,483.23,168.91,4.93,163.98,12,0,108
4368,2026-02-18T09:07:00,BTC,39.58,66.85,0.401285,68011.0,68012.0,1.055556,0.6,0.45,0.15,59,1.05,0.0,0.0,0.0,12,1,108
4369,2026-02-18T09:08:00,HYPE,3514.44,4952.63,0.524567,29.512,29.513,0.001917,2656.51,338.59,2317.92,92,2995.1,2429.82,379.89,2049.93,67,0,109
4370,2026-02-18T09:08:00,BTC,3.57,107.41,0.417412,68030.0,68032.0,1.027523,0.32,0.31,0.01,70,0.62,0.0,0.0,0.0,12,0,109
4371,2026-02-18T09:09:00,HYPE,4342.69,4229.64,0.487608,29.494,29.495,0.001645,334.94,2327.39,-1992.45,78,2662.33,796.2,2272.33,-1476.13,56,0,107
4372,2026-02-18T09:09:00,BTC,34.22,63.73,0.438674,68002.0,68003.0,1.168224,2.92,12.94,-10.02,333,15.86,0.2,1.35,-1.15,24,4,107
4373,2026-02-18T09:10:00,HYPE,4154.41,3428.59,0.527424,29.497,29.498,0.001476,445.46,482.09,-36.63,57,927.55,341.2,9.88,331.32,25,0,105
4374,2026-02-18T09:10:00,BTC,27.35,74.67,0.331024,68010.0,68011.0,1.019048,0.76,1.02,-0.26,121,1.78,0.0,0.14,-0.13,20,0,105
4375,2026-02-18T09:11:00,HYPE,4383.31,3687.33,0.483293,29.455,29.456,0.001339,253.77,9.56,244.21,36,263.33,168.92,5.33,163.59,20,0,109
4376,2026-02-18T09:11:00,BTC,46.68,66.17,0.399436,68007.0,68008.0,1.06422,0.55,9.21,-8.66,137,9.76,0.0,0.01,-0.01,11,4,109
4377,2026-02-18T09:12:00,HYPE,2838.55,4713.51,0.554358,29.462,29.463,0.001409,178.67,183.13,-4.46,39,361.8,188.82,4.93,183.89,18,0,110
4378,2026-02-18T09:12:00,BTC,65.97,29.29,0.378928,68015.0,68016.0,1.0,1.25,1.31,-0.06,84,2.56,0.0,0.04,-0.04,13,0,110
4379,2026-02-18T09:13:00,HYPE,3897.25,2786.77,0.52956,29.484,29.485,0.001523,344.22,8.73,335.49,32,352.95,168.92,4.94,163.98,11,0,107
4380,2026-02-18T09:13:00,BTC,16.17,91.28,0.387979,68122.0,68123.0,1.168224,2.63,1.05,1.58,184,3.68,0.0,1.26,-1.26,30,1,107
4381,2026-02-18T09:14:00,HYPE,3024.78,4040.21,0.514333,29.488,29.489,0.001514,550.17,6.2,543.97,37,556.37,168.92,279.32,-110.4,18,0,109
4382,2026-02-18T09:14:00,BTC,39.98,54.32,0.348964,68167.0,68168.0,1.192661,6.57,2.25,4.31,272,8.82,0.0,0.22,-0.22,14,0,109
4383,2026-02-18T09:15:00,HYPE,4211.43,3447.44,0.512221,29.519,29.52,0.001514,290.38,30.51,259.87,39,320.89,168.91,100.81,68.1,23,0,109
4384,2026-02-18T09:15:00,BTC,23.4,81.36,0.277445,68164.0,68165.0,1.137615,11.5,2.94,8.56,171,14.44,10.0,1.2,8.8,39,6,109
4385,2026-02-18T09:16:00,HYPE,4273.32,1927.58,0.570165,29.545,29.547,0.00145,299.24,40.28,258.96,52,339.52,168.53,4.93,163.6,20,0,109
4386,2026-02-18T09:16:00,BTC,35.78,51.59,0.423563,68199.0,68200.0,1.110092,8.33,2.9,5.43,282,11.24,0.0,0.26,-0.26,16,4,109
4387,2026-02-18T09:17:00,HYPE,5413.03,2584.49,0.563298,29.576,29.578,0.002167,755.07,174.77,580.3,72,929.84,168.52,42.96,125.56,17,0,108
4388,2026-02-18T09:17:00,BTC,24.01,81.71,0.333684,68192.0,68193.0,1.092593,153.67,6.71,146.96,378,160.38,0.0,5.85,-5.85,20,73,108
4389,2026-02-18T09:18:00,HYPE,4238.11,3003.66,0.564257,29.577,29.578,0.002236,1452.14,277.5,1174.64,96,1729.64,170.92,198.55,-27.63,24,0,110
4390,2026-02-18T09:18:00,BTC,46.09,43.96,0.445502,68190.0,68191.0,1.090909,0.12,2.44,-2.32,131,2.57,0.68,0.0,0.68,16,0,110
4391,2026-02-18T09:19:00,HYPE,4478.69,3846.6,0.528658,29.534,29.535,0.0015,295.61,972.65,-677.04,79,1268.26,204.56,22.16,182.4,21,0,108
4392,2026-02-18T09:19:00,BTC,46.58,45.0,0.413991,68177.0,68178.0,1.12963,0.2,0.77,-0.57,88,0.97,0.17,0.0,0.16,13,0,108
4393,2026-02-18T09:20:00,HYPE,4566.99,3905.33,0.565604,29.551,29.553,0.00155,400.8,695.37,-294.57,71,1096.17,175.99,42.56,133.43,20,0,109
4394,2026-02-18T09:20:00,BTC,80.41,31.5,0.515016,68185.0,68186.0,1.073394,0.23,0.17,0.06,52,0.39,0.0,0.01,-0.01,13,0,109
4395,2026-02-18T09:21:00,HYPE,4948.88,3241.23,0.580511,29.542,29.543,0.001275,224.37,249.45,-25.08,42,473.82,168.53,4.94,163.59,16,0,109
4396,2026-02-18T09:21:00,BTC,48.23,46.15,0.416303,68175.0,68176.0,1.009174,0.13,1.16,-1.04,62,1.29,0.0,0.0,0.0,13,0,109
4397,2026-02-18T09:22:00,HYPE,4291.7,2302.53,0.550288,29.563,29.564,0.001832,226.24,762.74,-536.5,57,988.98,187.53,4.94,182.59,20,0,107
4398,2026-02-18T09:22:00,BTC,69.39,37.99,0.494667,68168.0,68169.0,1.028037,0.29,1.25,-0.96,70,1.53,0.0,0.0,0.0,10,0,107
4399,2026-02-18T09:23:00,HYPE,4062.28,3333.77,0.574422,29.561,29.562,0.001165,172.53,416.46,-243.93,44,588.99,173.1,4.94,168.16,18,0,109
4400,2026-02-18T09:23:00,BTC,40.19,60.52,0.485753,68168.0,68169.0,1.036697,0.03,0.04,-0.01,50,0.07,0.0,0.0,0.0,13,0,109
4401,2026-02-18T09:24:00,HYPE,5496.32,4483.2,0.573563,29.558,29.56,0.001185,172.9,49.4,123.5,29,222.3,169.54,4.94,164.6,16,0,108
4402,2026-02-18T09:24:00,BTC,26.07,64.22,0.380014,68170.0,68171.0,1.009259,0.07,0.83,-0.76,51,0.9,0.0,0.0,0.0,12,0,108
4403,2026-02-18T09:25:00,HYPE,4361.06,3387.53,0.529174,29.543,29.544,0.001187,173.3,76.88,96.42,28,250.18,168.92,4.93,163.99,14,0,107
4404,2026-02-18T09:25:00,BTC,29.32,59.15,0.388718,68164.0,68165.0,1.018692,0.21,0.47,-0.26,53,0.68,0.0,0.0,0.0,12,0,107
4405,2026-02-18T09:26:00,HYPE,3526.88,3004.2,0.510385,29.552,29.553,0.001236,235.19,48.02,187.17,36,283.21,168.92,7.91,161.01,22,0,110
4406,2026-02-18T09:26:00,BTC,22.89,73.73,0.482172,68157.0,68158.0,1.063636,0.8,0.59,0.21,78,1.39,0.0,0.0,0.0,10,1,110
4407,2026-02-18T09:27:00,HYPE,4368.3,3751.73,0.553217,29.556,29.557,0.001103,190.45,8.67,181.78,32,199.12,168.52,67.22,101.3,18,0,107
4408,2026-02-18T09:27:00,BTC,20.66,79.05,0.46394,68178.0,68179.0,1.037383,22.13,0.27,21.86,133,22.41,0.0,2.71,-2.71,16,12,107
4409,2026-02-18T09:28:00,HYPE,5180.8,4465.2,0.53595,29.566,29.567,0.001148,372.12,52.15,319.97,46,424.27,168.53,4.94,163.59,17,0,108
4410,2026-02-18T09:28:00,BTC,53.78,37.44,0.470159,68170.0,68171.0,1.027778,0.07,0.37,-0.3,86,0.44,0.0,0.0,0.0,16,0,108
4411,2026-02-18T09:29:00,HYPE,3736.09,3829.56,0.5194,29.532,29.533,0.00125,352.78,315.88,36.9,52,668.66,168.91,22.24,146.67,23,0,108
4412,2026-02-18T09:29:00,BTC,23.59,67.46,0.392482,68162.0,68163.0,1.0,0.13,0.66,-0.53,56,0.79,0.04,0.0,0.04,21,0,108
4413,2026-02-18T09:30:00,HYPE,4574.96,4478.88,0.480031,29.491,29.492,0.001128,298.83,449.09,-150.26,75,747.92,168.92,114.95,53.97,31,0,109
4414,2026-02-18T09:30:00,BTC,51.29,64.31,0.360653,68121.0,68122.0,1.027523,0.01,6.59,-6.59,113,6.6,0.79,0.0,0.79,20,2,109
4415,2026-02-18T09:31:00,HYPE,3634.4,4936.87,0.48516,29.441,29.443,0.0013,361.78,505.21,-143.43,83,866.99,168.91,98.46,70.45,36,0,110
4416,2026-02-18T09:31:00,BTC,13.64,82.08,0.344424,68110.0,68111.0,1.027273,0.29,1.58,-1.29,84,1.87,0.51,0.0,0.5,37,0,110
4417,2026-02-18T09:32:00,HYPE,2564.34,4320.83,0.442715,29.365,29.369,0.001364,185.49,4012.4,-3826.91,448,4197.89,168.92,2607.32,-2438.4,168,0,110
4418,2026-02-18T09:32:00,BTC,25.36,64.61,0.307098,68109.0,68110.0,1.090909,2.2,0.53,1.67,75,2.73,0.15,0.0,0.14,16,0,110
4419,2026-02-18T09:33:00,HYPE,4548.63,2262.7,0.535239,29.4,29.401,0.001583,1481.98,120.01,1361.97,112,1601.99,169.55,53.64,115.91,26,0,108
4420,2026-02-18T09:33:00,BTC,23.32,63.08,0.472904,68184.0,68185.0,1.092593,1.52,0.62,0.9,162,2.15,0.0,0.0,0.0,11,0,108
4421,2026-02-18T09:34:00,HYPE,5154.81,2734.66,0.568298,29.436,29.437,0.001771,1412.83,595.23,817.6,98,2008.06,202.65,57.29,145.36,28,0,109
4422,2026-02-18T09:34:00,BTC,43.19,45.53,0.490894,68189.0,68190.0,1.009174,1.32,1.09,0.23,70,2.41,0.0,0.0,0.0,13,0,109
4423,2026-02-18T09:35:00,HYPE,3530.77,2927.3,0.609958,29.443,29.445,0.001491,331.85,59.98,271.87,38,391.83,202.62,13.43,189.19,18,0,106
4424,2026-02-18T09:35:00,BTC,41.48,54.98,0.469726,68189.0,68190.0,1.0,0.19,0.17,0.02,67,0.35,0.0,0.0,0.0,13,0,106
4425,2026-02-18T09:36:00,HYPE,3078.06,2902.74,0.557895,29.42,29.421,0.001972,203.68,49.76,153.92,35,253.44,168.52,47.79,120.73,21,0,109
4426,2026-02-18T09:36:00,BTC,38.34,48.19,0.474501,68189.0,68190.0,1.100917,1.04,2.15,-1.12,82,3.19,0.0,0.27,-0.27,17,1,109
4427,2026-02-18T09:37:00,HYPE,3398.45,3989.02,0.509172,29.399,29.4,0.001916,232.12,271.69,-39.57,64,503.81,168.92,31.12,137.8,36,0,107
4428,2026-02-18T09:37:00,BTC,34.88,60.2,0.429488,68204.0,68205.0,1.046729,8.38,0.55,7.83,82,8.93,0.0,1.07,-1.07,20,6,107
4429,2026-02-18T09:38:00,HYPE,4517.39,3190.03,0.537818,29.392,29.394,0.002315,272.77,114.57,158.2,46,387.34,168.92,49.32,119.6,24,0,108
4430,2026-02-18T09:38:00,BTC,41.27,44.06,0.362166,68204.0,68205.0,1.046296,3.67,2.34,1.33,149,6.0,0.0,0.14,-0.13,15,3,108
4431,2026-02-18T09:39:00,HYPE,5017.9,3943.22,0.492303,29.391,29.392,0.00191,368.97,15.35,353.62,40,384.32,168.52,50.44,118.08,19,0,111
4432,2026-02-18T09:39:00,BTC,42.18,53.46,0.45446,68217.0,68218.0,1.036036,0.09,0.12,-0.03,50,0.21,0.0,0.05,-0.05,16,0,111
4433,2026-02-18T09:40:00,HYPE,4372.33,4319.03,0.584783,29.386,29.388,0.003541,309.77,424.41,-114.64,70,734.18,253.84,38.96,214.88,29,0,109
4434,2026-02-18T09:40:00,BTC,34.74,50.92,0.268536,68193.0,68194.0,1.036697,1.53,0.58,0.95,70,2.11,0.0,0.0,0.0,12,0,109
4435,2026-02-18T09:41:00,HYPE,3503.79,2966.47,0.535759,29.439,29.445,0.002065,485.17,840.03,-354.86,69,1325.2,168.91,53.08,115.83,23,0,107
4436,2026-02-18T09:41:00,BTC,69.52,34.99,0.434781,68204.0,68205.0,1.084112,2.31,0.09,2.22,62,2.41,0.0,0.14,-0.13,15,0,107
4437,2026-02-18T09:42:00,HYPE,3993.54,3469.84,0.525839,29.443,29.448,0.001459,1547.17,260.03,1287.14,96,1807.2,187.12,161.06,26.06,30,0,111
4438,2026-02-18T09:42:00,BTC,66.15,33.62,0.483792,68198.0,68199.0,1.081081,0.24,0.29,-0.06,83,0.53,0.0,0.0,0.0,11,0,111
4439,2026-02-18T09:43:00,HYPE,6344.82,1606.09,0.530818,29.466,29.467,0.001259,179.61,36.95,142.66,48,216.56,168.92,42.24,126.68,29,0,108
4440,2026-02-18T09:43:00,BTC,39.27,50.67,0.591584,68226.0,68227.0,1.037037,0.34,0.28,0.07,65,0.62,0.0,0.0,0.0,11,0,108
4441,2026-02-18T09:44:00,HYPE,5439.12,3089.12,0.496381,29.422,29.423,0.001676,209.41,116.07,93.34,50,325.48,174.52,5.33,169.19,14,0,108
4442,2026-02-18T09:44:00,BTC,25.31,61.4,0.460791,68239.0,68240.0,1.027778,1.65,3.1,-1.45,101,4.74,0.0,2.91,-2.91,32,3,108
4443,2026-02-18T09:45:00,HYPE,4223.77,2663.59,0.573797,29.417,29.418,0.001218,177.32,590.55,-413.23,52,767.87,168.92,552.24,-383.32,40,0,110
4444,2026-02-18T09:45:00,BTC,34.14,58.19,0.476576,68249.0,68251.0,1.063636,0.36,0.1,0.27,93,0.46,0.0,0.0,0.0,13,0,110
4445,2026-02-18T09:46:00,HYPE,4966.81,2922.62,0.508746,29.373,29.374,0.001398,200.04,40.96,159.08,51,241.0,168.52,45.0,123.52,26,0,108
4446,2026-02-18T09:46:00,BTC,26.39,66.45,0.35396,68212.0,68213.0,1.037037,0.21,2.13,-1.92,91,2.34,0.0,0.0,0.0,15,0,108
4447,2026-02-18T09:47:00,HYPE,3259.63,3731.01,0.559541,29.378,29.379,0.001541,351.7,109.72,241.98,52,461.42,177.42,57.45,119.97,28,0,109
4448,2026-02-18T09:47:00,BTC,33.76,47.37,0.377683,68214.0,68215.0,1.110092,0.17,0.14,0.03,74,0.31,0.0,0.04,-0.04,12,0,109
4449,2026-02-18T09:48:00,HYPE,4846.22,3151.88,0.564985,29.434,29.435,0.0015,362.1,574.61,-212.51,67,936.71,198.6,53.41,145.19,22,0,108
4450,2026-02-18T09:48:00,BTC,20.43,57.26,0.559913,68235.0,68236.0,1.092593,1.09,0.28,0.81,85,1.37,0.0,0.66,-0.66,30,0,108
4451,2026-02-18T09:49:00,HYPE,5520.99,2479.14,0.562309,29.436,29.437,0.001164,372.28,137.92,234.36,59,510.2,168.92,118.92,50.0,32,0,110
4452,2026-02-18T09:49:00,BTC,42.57,61.26,0.353366,68198.0,68199.0,1.145455,0.54,0.25,0.28,88,0.79,0.0,0.07,-0.07,25,0,110
4453,2026-02-18T09:50:00,HYPE,2737.6,4392.26,0.396972,29.405,29.406,0.001591,218.74,794.81,-576.07,65,1013.55,168.53,95.78,72.75,31,0,110
4454,2026-02-18T09:50:00,BTC,21.5,105.11,0.410132,68168.0,68169.0,1.027273,0.13,1.53,-1.39,97,1.66,0.0,0.08,-0.08,15,0,110
4455,2026-02-18T09:51:00,HYPE,3211.59,3755.03,0.472161,29.402,29.403,0.001422,192.31,1601.12,-1408.81,65,1793.43,436.86,38.13,398.73,24,0,109
4456,2026-02-18T09:51:00,BTC,37.62,56.32,0.501504,68184.0,68185.0,1.073394,1.67,1.31,0.37,92,2.98,0.0,1.14,-1.13,25,0,109
4457,2026-02-18T09:52:00,HYPE,4246.97,3473.19,0.489393,29.389,29.395,0.001604,208.83,62.4,146.43,31,271.23,168.14,7.56,160.58,14,0,106
4458,2026-02-18T09:52:00,BTC,84.69,22.68,0.594941,68201.0,68203.0,1.075472,0.88,6.6,-5.72,115,7.48,0.0,1.77,-1.77,21,3,106
4459,2026-02-18T09:53:00,HYPE,4851.73,2595.03,0.548861,29.398,29.399,0.001596,174.54,582.18,-407.64,49,756.72,168.91,30.32,138.59,23,0,109
4460,2026-02-18T09:53:00,BTC,26.97,52.23,0.415259,68190.0,68191.0,1.055046,1.53,0.61,0.92,79,2.14,0.0,0.29,-0.29,17,0,109
4461,2026-02-18T09:54:00,HYPE,4233.99,3729.87,0.523445,29.37,29.371,0.001648,194.1,354.57,-160.47,46,548.67,168.92,38.94,129.98,17,0,108
4462,2026-02-18T09:54:00,BTC,34.23,40.07,0.373585,68140.0,68141.0,1.111111,2.62,0.76,1.86,109,3.38,0.0,0.07,-0.07,20,0,108
4463,2026-02-18T09:55:00,HYPE,4527.85,3138.92,0.503582,29.389,29.391,0.001604,516.53,310.44,206.09,43,826.97,172.6,13.83,158.77,17,0,106
4464,2026-02-18T09:55:00,BTC,123.54,37.07,0.49705,68181.0,68182.0,1.066038,2.11,1.52,0.59,176,3.64,0.0,0.08,-0.08,16,1,106
4465,2026-02-18T09:56:00,HYPE,3359.68,3827.06,0.53879,29.364,29.365,0.001761,703.72,810.0,-106.28,81,1513.72,268.86,14.76,254.1,20,0,109
4466,2026-02-18T09:56:00,BTC,27.46,60.49,0.377663,68171.0,68172.0,1.009174,1.04,0.35,0.7,101,1.39,0.0,0.08,-0.08,16,0,109
4467,2026-02-18T09:57:00,HYPE,3830.86,4613.65,0.577778,29.353,29.355,0.00138,376.9,383.87,-6.97,97,760.77,168.53,4.94,163.59,12,0,108
4468,2026-02-18T09:57:00,BTC,33.85,55.25,0.459026,68188.0,68189.0,1.064815,10.72,1.76,8.95,132,12.48,10.0,1.95,8.05,67,4,108
4469,2026-02-18T09:58:00,HYPE,3454.67,3928.18,0.549691,29.33,29.331,0.001355,276.84,3064.13,-2787.29,216,3340.97,168.91,15.65,153.26,23,0,110
4470,2026-02-18T09:58:00,BTC,118.24,35.76,0.253556,68149.0,68152.0,1.072727,0.07,5.15,-5.09,107,5.22,5.0,0.09,4.91,21,2,110
4471,2026-02-18T09:59:00,HYPE,3345.49,3878.22,0.564448,29.358,29.359,0.002551,660.62,2072.24,-1411.62,93,2732.86,524.51,74.36,450.15,25,0,107
4472,2026-02-18T09:59:00,BTC,19.64,75.32,0.387633,68141.0,68142.0,1.028037,0.73,0.24,0.48,76,0.97,0.0,0.08,-0.08,24,1,107
4473,2026-02-18T10:00:00,HYPE,4593.82,3544.76,0.524867,29.344,29.345,0.002907,272.85,154.45,118.4,53,427.3,168.91,25.45,143.46,16,0,107
4474,2026-02-18T10:00:00,BTC,25.61,41.95,0.422295,68131.0,68132.0,1.0,0.15,0.29,-0.14,66,0.43,0.0,0.07,-0.07,14,0,107
4475,2026-02-18T10:01:00,HYPE,4233.03,3751.88,0.476191,29.342,29.343,0.001748,418.58,153.85,264.73,55,572.43,168.53,121.09,47.44,28,0,111
4476,2026-02-18T10:01:00,BTC,6.76,91.85,0.463287,68122.0,68123.0,1.036036,1.3,0.36,0.93,127,1.66,0.0,0.07,-0.07,18,1,111
4477,2026-02-18T10:02:00,HYPE,3298.72,4018.42,0.448116,29.351,29.353,0.001657,185.17,239.48,-54.31,43,424.65,168.92,90.71,78.21,23,0,108
4478,2026-02-18T10:02:00,BTC,38.13,33.37,0.40758,68070.0,68071.0,1.064815,1.3,7.47,-6.18,288,8.77,0.03,0.08,-0.05,18,3,108
4479,2026-02-18T10:03:00,HYPE,2931.21,4030.63,0.485972,29.361,29.362,0.001752,474.97,115.82,359.15,47,590.79,168.52,47.92,120.6,21,0,109
4480,2026-02-18T10:03:00,BTC,48.1,32.7,0.492002,68074.0,68075.0,1.027523,0.09,3.08,-2.99,137,3.16,0.0,0.08,-0.08,14,0,109
4481,2026-02-18T10:04:00,HYPE,3435.64,4420.24,0.463332,29.352,29.353,0.0015,210.06,130.98,79.08,40,341.04,168.92,56.75,112.17,24,0,110
4482,2026-02-18T10:04:00,BTC,15.48,62.5,0.464967,68073.0,68074.0,1.009091,0.75,0.93,-0.18,92,1.67,0.0,0.07,-0.07,20,0,110
4483,2026-02-18T10:05:00,HYPE,3568.75,4244.45,0.450247,29.359,29.368,0.001701,344.53,93.11,251.42,46,437.64,168.91,81.09,87.82,26,0,107
4484,2026-02-18T10:05:00,BTC,25.94,57.91,0.565346,68080.0,68081.0,1.018692,1.5,4.12,-2.62,166,5.62,0.0,1.39,-1.38,21,1,107
4485,2026-02-18T10:06:00,HYPE,3587.34,4277.35,0.504379,29.362,29.363,0.001757,550.25,97.31,452.94,40,647.56,168.54,187.62,-19.08,22,0,107
4486,2026-02-18T10:06:00,BTC,24.26,57.54,0.473507,68068.0,68069.0,1.102804,0.26,0.23,0.04,87,0.49,0.0,0.08,-0.08,15,0,107
4487,2026-02-18T10:07:00,HYPE,3889.7,4470.23,0.452364,29.346,29.347,0.001571,178.64,733.49,-554.85,54,912.13,178.88,90.04,88.84,29,0,112
4488,2026-02-18T10:07:00,BTC,31.91,52.28,0.399684,68083.0,68084.0,1.026786,1.68,1.38,0.3,113,3.06,0.0,0.07,-0.07,17,1,112
4489,2026-02-18T10:08:00,HYPE,2116.34,3847.14,0.495515,29.325,29.326,0.001618,209.65,174.22,35.43,35,383.87,168.52,21.97,146.55,17,0,110
4490,2026-02-18T10:08:00,BTC,31.72,55.26,0.523273,68101.0,68103.0,1.072727,0.44,0.41,0.03,69,0.85,0.0,0.08,-0.08,14,0,110
4491,2026-02-18T10:09:00,HYPE,2025.33,3215.27,0.494946,29.323,29.324,0.001435,193.87,289.39,-95.52,61,483.26,180.15,21.98,158.17,18,0,108
4492,2026-02-18T10:09:00,BTC,79.22,29.65,0.48188,68113.0,68114.0,1.092593,1.65,0.65,0.99,130,2.3,0.0,0.08,-0.08,17,0,108
4493,2026-02-18T10:10:00,HYPE,2724.01,4752.08,0.39614,29.297,29.298,0.001054,174.94,1216.17,-1041.23,218,1391.11,168.91,4.94,163.97,13,0,111
4494,2026-02-18T10:10:00,BTC,93.74,19.81,0.606348,68128.0,68129.0,1.018018,0.53,0.98,-0.45,91,1.51,0.0,0.49,-0.49,45,0,111
4495,2026-02-18T10:11:00,HYPE,3923.92,3333.57,0.457451,29.331,29.332,0.001745,516.38,2321.62,-1805.24,171,2838.0,296.86,21.99,274.87,22,0,110
4496,2026-02-18T10:11:00,BTC,30.4,65.8,0.579894,68144.0,68145.0,1.0,0.66,0.23,0.43,100,0.88,0.0,0.48,-0.48,33,0,110
4497,2026-02-18T10:12:00,HYPE,3962.15,6867.44,0.490046,29.416,29.417,0.001464,1558.47,108.3,1450.17,85,1666.77,168.91,393.6,-224.69,26,0,110
4498,2026-02-18T10:12:00,BTC,35.74,56.24,0.494303,68144.0,68145.0,1.0,0.35,3.82,-3.47,49,4.16,0.0,0.08,-0.08,14,3,110
4499,2026-02-18T10:13:00,HYPE,22491.84,4507.87,0.756705,29.425,29.426,0.001135,1788.27,410.96,1377.31,138,2199.23,168.92,123.06,45.86,30,0,111
4500,2026-02-18T10:13:00,BTC,59.96,26.43,0.511381,68143.0,68144.0,1.018018,0.86,0.39,0.48,75,1.25,0.0,0.58,-0.58,35,0,111
4501,2026-02-18T10:14:00,HYPE,21022.46,6040.04,0.854329,29.434,29.435,0.001159,578.69,444.79,133.9,76,1023.48,272.52,123.94,148.58,32,0,107
4502,2026-02-18T10:14:00,BTC,53.86,32.04,0.716638,68148.0,68149.0,1.009346,1.91,0.94,0.97,94,2.86,0.0,0.53,-0.52,27,1,107
4503,2026-02-18T10:15:00,HYPE,21681.21,5188.6,0.784465,29.385,29.386,0.001194,407.93,3353.84,-2945.91,120,3761.77,587.91,132.29,455.62,34,0,108
4504,2026-02-18T10:15:00,BTC,37.51,76.53,0.479742,68135.0,68136.0,1.027778,2.07,1.41,0.67,84,3.48,0.0,0.08,-0.08,14,1,108
4505,2026-02-18T10:16:00,HYPE,4338.93,3360.19,0.444984,29.34,29.341,0.00175,234.97,980.95,-745.98,83,1215.92,307.43,5.33,302.1,21,0,108
4506,2026-02-18T10:16:00,BTC,33.4,37.38,0.463884,68093.0,68094.0,1.157407,0.76,5.79,-5.02,125,6.55,0.42,0.09,0.33,25,3,108
4507,2026-02-18T10:17:00,HYPE,3712.73,5066.74,0.463358,29.334,29.335,0.001231,172.76,71.64,101.12,30,244.4,176.62,4.93,171.69,14,0,108
4508,2026-02-18T10:17:00,BTC,91.66,13.33,0.556843,68070.0,68071.0,1.009259,1.61,2.0,-0.39,81,3.6,0.0,0.35,-0.35,38,2,108
4509,2026-02-18T10:18:00,HYPE,3389.83,3923.64,0.480869,29.296,29.297,0.001147,743.13,1999.42,-1256.29,90,2742.55,482.25,4.94,477.31,15,0,109
4510,2026-02-18T10:18:00,BTC,77.1,23.34,0.585063,68061.0,68062.0,1.009174,0.04,1.64,-1.6,77,1.67,0.0,0.01,0.0,13,0,109
4511,2026-02-18T10:19:00,HYPE,2874.71,4739.5,0.512185,29.284,29.286,0.001171,173.24,106.04,67.2,41,279.28,168.92,4.94,163.98,16,0,111
4512,2026-02-18T10:19:00,BTC,26.27,48.74,0.529923,68052.0,68053.0,1.018018,0.63,13.35,-12.72,126,13.97,0.0,0.0,0.0,17,7,111
4513,2026-02-18T10:20:00,HYPE,3735.27,3450.74,0.401069,29.203,29.204,0.001741,501.7,13191.77,-12690.07,927,13693.47,1139.94,5.33,1134.61,26,0,108
4514,2026-02-18T10:20:00,BTC,24.32,93.7,0.433675,68023.0,68024.0,1.018519,0.89,4.32,-3.43,145,5.21,0.0,0.01,-0.01,16,1,108
4515,2026-02-18T10:21:00,HYPE,3137.63,2908.05,0.518044,29.229,29.23,0.001697,1634.07,2052.05,-417.98,102,3686.12,378.97,722.25,-343.28,25,0,109
4516,2026-02-18T10:21:00,BTC,40.16,44.39,0.540418,68017.0,68018.0,1.110092,0.69,16.1,-15.41,167,16.79,0.34,1.47,-1.14,17,10,109
4517,2026-02-18T10:22:00,HYPE,3726.21,3515.29,0.504111,29.229,29.23,0.002692,1113.49,1027.68,85.81,85,2141.17,511.35,367.69,143.66,30,0,107
4518,2026-02-18T10:22:00,BTC,25.87,52.78,0.455927,67989.0,67990.0,1.168224,5.9,3.3,2.6,293,9.2,0.23,0.0,0.23,17,3,107
4519,2026-02-18T10:23:00,HYPE,3874.59,5177.29,0.517907,29.253,29.254,0.001717,315.76,2069.37,-1753.61,66,2385.13,555.34,5.33,550.01,21,0,106
4520,2026-02-18T10:23:00,BTC,31.26,139.32,0.568445,67979.0,67980.0,1.04717,1.98,2.0,-0.02,147,3.98,0.0,0.01,-0.01,15,1,106
4521,2026-02-18T10:24:00,HYPE,3485.29,3718.97,0.551794,29.241,29.242,0.0017,515.38,19.17,496.21,41,534.55,168.92,116.55,52.37,23,0,110
4522,2026-02-18T10:24:00,BTC,41.43,54.51,0.629277,67998.0,67999.0,1.045455,0.34,0.16,0.18,77,0.5,0.0,0.0,0.0,13,0,110
4523,2026-02-18T10:25:00,HYPE,7893.46,3891.89,0.460748,29.222,29.223,0.001376,1528.05,266.39,1261.66,62,1794.44,168.52,220.3,-51.78,16,0,109
4524,2026-02-18T10:25:00,BTC,86.34,103.6,0.417675,68006.0,68007.0,1.146789,0.4,0.56,-0.16,110,0.96,0.0,0.0,0.0,11,0,109
4525,2026-02-18T10:26:00,HYPE,3734.87,4433.03,0.473567,29.198,29.199,0.002227,214.31,8096.4,-7882.09,300,8310.71,225.83,5.88,219.95,21,1,110
4526,2026-02-18T10:26:00,BTC,56.53,31.34,0.619751,67957.0,67958.0,1.236364,0.19,4.43,-4.23,204,4.62,0.0,0.0,0.0,12,1,110
4527,2026-02-18T10:27:00,HYPE,5137.15,4930.87,0.447042,29.176,29.177,0.001759,304.63,985.11,-680.48,51,1289.74,168.91,22.5,146.41,13,0,108
4528,2026-02-18T10:27:00,BTC,47.44,45.69,0.612202,67992.0,67993.0,1.12037,0.77,1.8,-1.03,116,2.58,0.0,0.01,-0.01,15,1,108
4529,2026-02-18T10:28:00,HYPE,4793.6,5620.0,0.436992,29.154,29.155,0.001361,782.25,3142.75,-2360.5,126,3925.0,373.73,22.33,351.4,21,0,108
4530,2026-02-18T10:28:00,BTC,31.7,56.91,0.650067,67993.0,67994.0,1.0,0.24,0.11,0.14,62,0.35,0.0,0.0,0.0,11,0,108
4531,2026-02-18T10:29:00,HYPE,3345.95,5051.07,0.372451,29.144,29.147,0.001312,424.81,727.83,-303.02,59,1152.64,330.24,43.22,287.02,22,0,109
4532,2026-02-18T10:29:00,BTC,60.09,37.35,0.574412,67982.0,67983.0,1.036697,0.29,0.19,0.1,76,0.49,0.0,0.0,0.0,13,0,109
4533,2026-02-18T10:30:00,HYPE,3105.25,5774.97,0.329517,29.141,29.142,0.001224,344.34,53.21,291.13,48,397.55,349.33,60.44,288.89,44,0,107
4534,2026-02-18T10:30:00,BTC,83.81,41.38,0.588521,67996.0,67997.0,1.11215,35.96,0.21,35.75,87,36.18,0.02,0.0,0.02,14,6,107
4535,2026-02-18T10:31:00,HYPE,3699.34,3225.9,0.454551,29.133,29.134,0.001721,2458.4,740.07,1718.33,167,3198.47,335.25,43.22,292.03,29,0,111
4536,2026-02-18T10:31:00,BTC,67.03,29.65,0.516902,67944.0,67945.0,1.324324,15.53,12.61,2.93,225,28.14,0.0,0.0,0.0,11,8,111
4537,2026-02-18T10:32:00,HYPE,3573.17,3567.27,0.496994,29.129,29.13,0.002038,460.32,201.78,258.54,48,662.1,345.6,77.29,268.31,28,0,106
4538,2026-02-18T10:32:00,BTC,26.07,48.16,0.615846,67987.0,67988.0,1.103774,2.18,6.35,-4.17,153,8.52,0.0,0.01,0.0,17,5,106
4539,2026-02-18T10:33:00,HYPE,3820.14,5051.61,0.462912,29.159,29.162,0.002046,406.35,988.91,-582.56,170,1395.26,348.96,42.83,306.13,26,0,109
4540,2026-02-18T10:33:00,BTC,35.09,47.67,0.410855,67962.0,67963.0,1.12844,0.06,4.6,-4.55,78,4.66,0.0,0.0,0.0,12,2,109
4541,2026-02-18T10:34:00,HYPE,4854.68,4037.33,0.450927,29.129,29.13,0.002167,396.2,704.33,-308.13,64,1100.53,355.95,43.3,312.65,27,0,108
4542,2026-02-18T10:34:00,BTC,43.23,44.87,0.507586,67964.0,67965.0,1.074074,0.41,1.87,-1.46,87,2.27,0.0,0.0,0.0,11,1,108
4543,2026-02-18T10:35:00,HYPE,3659.18,4420.97,0.480922,29.123,29.124,0.001796,527.87,1478.75,-950.88,159,2006.62,383.17,42.84,340.33,33,0,108
4544,2026-02-18T10:35:00,BTC,87.24,26.49,0.367833,67887.0,67888.0,1.481481,1.67,102.34,-100.68,627,104.01,18.62,20.01,-1.39,76,58,108
4545,2026-02-18T10:36:00,HYPE,3915.37,4331.19,0.467176,29.132,29.133,0.002182,1935.31,3168.52,-1233.21,178,5103.83,497.88,3041.43,-2543.55,107,0,110
4546,2026-02-18T10:36:00,BTC,35.04,74.67,0.377764,67880.0,67881.0,1.018182,1.37,28.39,-27.02,221,29.76,1.92,0.0,1.92,16,19,110
4547,2026-02-18T10:37:00,HYPE,2026.97,4122.85,0.447766,29.192,29.194,0.001891,2509.39,1619.66,889.73,141,4129.05,495.94,518.19,-22.25,40,0,110
4548,2026-02-18T10:37:00,BTC,41.0,45.95,0.562339,67906.0,67907.0,1.018182,22.08,7.44,14.65,191,29.52,0.22,0.0,0.21,15,16,110
4549,2026-02-18T10:38:00,HYPE,4102.24,3518.76,0.511376,29.141,29.142,0.002327,349.82,4748.17,-4398.35,144,5097.99,1360.78,42.82,1317.96,37,0,110
4550,2026-02-18T10:38:00,BTC,37.35,65.19,0.439615,67898.0,67899.0,1.154545,1.63,7.48,-5.85,132,9.11,0.0,1.51,-1.51,18,3,110
4551,2026-02-18T10:39:00,HYPE,4957.95,3902.29,0.527032,29.129,29.13,0.001648,333.74,1094.45,-760.71,64,1428.19,490.48,43.24,447.24,31,0,108
4552,2026-02-18T10:39:00,BTC,103.32,19.72,0.522497,67883.0,67884.0,1.101852,0.63,3.28,-2.65,175,3.92,0.0,0.0,0.0,14,1,108
4553,2026-02-18T10:40:00,HYPE,3861.9,3261.27,0.560568,29.13,29.131,0.001991,671.74,254.09,417.65,46,925.83,329.9,89.31,240.59,28,0,108
4554,2026-02-18T10:40:00,BTC,10.66,283.28,0.302817,67884.0,67885.0,1.009259,7.17,5.76,1.41,152,12.93,0.0,0.0,0.0,11,6,108
4555,2026-02-18T10:41:00,HYPE,3562.84,3073.89,0.539752,29.044,29.045,0.001918,1551.02,11998.22,-10447.2,779,13549.24,1128.09,101.2,1026.89,41,0,110
4556,2026-02-18T10:41:00,BTC,58.54,327.38,0.13957,67878.0,67879.0,1.0,19.96,1.8,18.15,132,21.76,0.0,0.01,0.0,13,5,110
4557,2026-02-18T10:42:00,HYPE,6919.2,3072.3,0.614693,29.021,29.023,0.001312,473.88,553.31,-79.43,82,1027.19,329.9,43.24,286.66,22,0,109
4558,2026-02-18T10:42:00,BTC,91.56,303.47,0.181752,67878.0,67879.0,1.0,0.41,1.14,-0.74,102,1.55,0.0,0.0,0.0,12,0,109
4559,2026-02-18T10:43:00,HYPE,6500.47,3718.37,0.661334,29.016,29.017,0.001275,657.04,3189.1,-2532.06,176,3846.14,737.71,47.82,689.89,26,0,109
4560,2026-02-18T10:43:00,BTC,33.62,326.37,0.19355,67878.0,67879.0,1.0,7.98,0.65,7.33,127,8.62,0.0,0.0,0.0,11,3,109
4561,2026-02-18T10:44:00,HYPE,4476.75,2994.36,0.524954,28.989,28.99,0.002102,1353.14,6766.52,-5413.38,609,8119.66,450.76,107.84,342.92,46,1,108
4562,2026-02-18T10:44:00,BTC,79.3,173.73,0.328515,67749.0,67750.0,1.231481,24.36,208.5,-184.14,955,232.86,11.32,0.99,10.33,33,88,108
4563,2026-02-18T10:45:00,HYPE,4730.91,3269.8,0.534666,28.989,28.99,0.001432,3392.49,570.76,2821.73,134,3963.25,430.3,974.75,-544.45,40,0,111
4564,2026-02-18T10:45:00,BTC,26.89,52.92,0.411374,67750.0,67751.0,1.396396,63.06,159.31,-96.25,997,222.37,7.62,1.12,6.5,67,101,111
4565,2026-02-18T10:46:00,HYPE,6125.19,3773.11,0.538877,28.999,29.0,0.001104,512.66,176.2,336.46,53,688.86,329.9,126.52,203.38,22,0,106
4566,2026-02-18T10:46:00,BTC,51.04,41.79,0.44405,67761.0,67762.0,1.226415,2.65,2.0,0.65,189,4.65,0.0,0.0,0.0,12,0,106
4567,2026-02-18T10:47:00,HYPE,3465.88,4293.18,0.508901,29.018,29.019,0.00227,1926.82,144.5,1782.32,73,2071.32,339.79,352.95,-13.16,41,0,111
4568,2026-02-18T10:47:00,BTC,49.75,40.33,0.47532,67778.0,67779.0,1.126126,1.7,0.65,1.06,183,2.35,0.0,0.17,-0.17,34,0,111
4569,2026-02-18T10:48:00,HYPE,5128.36,3196.59,0.473726,29.043,29.044,0.002339,1403.72,2785.33,-1381.61,153,4189.05,524.9,360.32,164.58,41,0,109
4570,2026-02-18T10:48:00,BTC,40.69,54.53,0.445893,67765.0,67766.0,1.12844,0.3,3.81,-3.51,191,4.11,0.0,0.08,-0.08,25,0,109
4571,2026-02-18T10:49:00,HYPE,3628.8,3995.04,0.514819,29.018,29.021,0.002418,693.2,1057.91,-364.71,76,1751.11,611.33,156.16,455.17,28,0,110
4572,2026-02-18T10:49:00,BTC,53.85,39.69,0.425634,67777.0,67778.0,1.036364,2.77,2.17,0.6,169,4.93,0.0,0.18,-0.18,29,1,110
4573,2026-02-18T10:50:00,HYPE,5550.52,3671.82,0.514849,29.0,29.002,0.002275,595.62,54.53,541.09,59,650.15,340.1,47.84,292.26,35,0,109
4574,2026-02-18T10:50:00,BTC,48.27,52.1,0.428334,67780.0,67781.0,1.174312,6.4,2.15,4.26,216,8.55,0.0,1.84,-1.83,21,2,109
4575,2026-02-18T10:51:00,HYPE,4392.03,4987.51,0.517751,29.018,29.019,0.002255,442.96,1433.06,-990.1,67,1876.02,349.18,119.15,230.03,34,0,106
4576,2026-02-18T10:51:00,BTC,19.05,76.57,0.419871,67798.0,67799.0,1.084906,0.51,0.58,-0.08,108,1.09,0.0,0.0,0.0,13,0,106
4577,2026-02-18T10:52:00,HYPE,6242.8,2345.92,0.555162,28.98,28.981,0.002273,679.19,643.9,35.29,66,1323.09,343.37,123.9,219.47,36,0,110
4578,2026-02-18T10:52:00,BTC,22.45,92.08,0.359932,67747.0,67748.0,1.154545,0.47,3.22,-2.75,152,3.7,0.0,0.0,0.0,11,1,110
4579,2026-02-18T10:53:00,HYPE,5095.22,4501.09,0.59153,29.021,29.025,0.004243,1585.11,120.23,1464.88,97,1705.34,344.7,339.72,4.98,41,0,107
4580,2026-02-18T10:53:00,BTC,47.35,16.59,0.455132,67770.0,67772.0,1.186916,0.28,0.3,-0.02,85,0.58,0.0,0.01,-0.01,14,0,107
4581,2026-02-18T10:54:00,HYPE,2766.25,4428.72,0.528996,29.034,29.035,0.002421,1877.4,55.4,1822.0,83,1932.8,340.1,317.55,22.55,29,0,107
4582,2026-02-18T10:54:00,BTC,18.88,62.45,0.411298,67801.0,67802.0,1.168224,13.37,0.79,12.58,150,14.16,0.0,0.52,-0.52,22,2,107
4583,2026-02-18T10:55:00,HYPE,3230.36,3687.63,0.461881,29.048,29.049,0.00155,465.54,155.6,309.94,62,621.14,340.1,47.74,292.36,28,0,111
4584,2026-02-18T10:55:00,BTC,18.35,86.56,0.395634,67810.0,67811.0,1.135135,0.74,0.39,0.35,88,1.14,0.0,0.06,-0.05,17,0,111
4585,2026-02-18T10:56:00,HYPE,4463.84,4805.12,0.460047,29.032,29.033,0.001425,369.63,2554.74,-2185.11,81,2924.37,693.74,2548.12,-1854.38,65,0,106
4586,2026-02-18T10:56:00,BTC,40.11,52.63,0.260064,67770.0,67771.0,1.04717,0.09,0.56,-0.47,86,0.65,0.0,0.02,-0.02,15,0,106
4587,2026-02-18T10:57:00,HYPE,3642.58,4563.62,0.486861,29.039,29.04,0.001182,411.52,1429.21,-1017.69,74,1840.73,340.1,51.26,288.84,29,0,110
4588,2026-02-18T10:57:00,BTC,26.73,75.9,0.362265,67740.0,67741.0,1.090909,0.67,2.92,-2.26,111,3.59,0.0,0.03,-0.02,14,1,110
4589,2026-02-18T10:58:00,HYPE,4675.03,3873.66,0.464289,29.047,29.048,0.001382,2593.08,121.06,2472.02,84,2714.14,340.1,181.21,158.89,27,0,110
4590,2026-02-18T10:58:00,BTC,27.47,63.53,0.476447,67758.0,67759.0,1.009091,0.29,0.95,-0.65,63,1.24,0.0,0.02,-0.02,15,0,110
4591,2026-02-18T10:59:00,HYPE,3489.82,4032.81,0.504101,29.067,29.068,0.001336,573.85,103.54,470.31,65,677.39,339.7,42.84,296.86,28,0,110
4592,2026-02-18T10:59:00,BTC,26.73,61.9,0.371274,67749.0,67750.0,1.054545,0.16,1.21,-1.05,89,1.37,0.0,0.02,-0.02,13,0,110
4593,2026-02-18T11:00:00,HYPE,4195.98,2990.25,0.521727,29.085,29.086,0.001536,2106.0,67.42,2038.58,104,2173.42,339.7,218.86,120.84,34,0,110
4594,2026-02-18T11:00:00,BTC,46.97,22.83,0.52755,67759.0,67760.0,1.009091,0.59,0.45,0.13,109,1.04,0.0,0.02,-0.02,14,0,110
4595,2026-02-18T11:01:00,HYPE,3825.79,7512.85,0.451662,29.077,29.078,0.001348,911.83,2708.93,-1797.1,124,3620.76,726.28,234.52,491.76,42,0,112
4596,2026-02-18T11:01:00,BTC,12.73,99.53,0.296349,67744.0,67745.0,1.035714,0.32,0.8,-0.48,114,1.13,0.0,0.02,-0.02,11,0,112
4597,2026-02-18T11:02:00,HYPE,3361.53,4422.61,0.494716,29.074,29.079,0.001634,296.12,292.93,3.19,58,589.05,335.27,40.37,294.9,39,0,101
4598,2026-02-18T11:02:00,BTC,15.27,70.81,0.31385,67739.0,67740.0,1.079208,1.11,4.65,-3.54,120,5.76,0.0,0.25,-0.25,19,1,101
4599,2026-02-18T11:03:00,HYPE,8002.22,3697.74,0.535627,29.116,29.117,0.002637,6322.19,192.74,6129.45,183,6514.93,435.07,1232.79,-797.72,72,0,80
4600,2026-02-18T11:03:00,BTC,15.01,60.39,0.432083,67769.0,67770.0,1.0125,0.71,2.71,-2.0,116,3.42,0.0,0.02,-0.02,15,1,80
4601,2026-02-18T11:04:00,HYPE,5169.52,4016.81,0.528463,29.09,29.091,0.001617,388.2,159.49,228.71,64,547.69,354.01,42.83,311.18,35,0,107
4602,2026-02-18T11:04:00,BTC,21.52,60.18,0.261378,67738.0,67739.0,1.093458,0.77,2.73,-1.96,117,3.5,0.0,0.02,-0.02,11,0,107
4603,2026-02-18T11:05:00,HYPE,3814.12,7893.71,0.491813,29.098,29.099,0.001309,554.43,297.57,256.86,67,852.0,353.6,42.84,310.76,32,0,110
4604,2026-02-18T11:05:00,BTC,27.62,134.02,0.283023,67744.0,67745.0,1.154545,0.17,2.38,-2.2,92,2.55,0.0,0.02,-0.02,12,1,110
4605,2026-02-18T11:06:00,HYPE,6932.09,3838.3,0.635155,29.092,29.093,0.001183,429.8,163.07,266.73,66,592.87,346.66,42.83,303.83,35,0,109
4606,2026-02-18T11:06:00,BTC,28.24,35.07,0.420097,67763.0,67764.0,1.027523,2.47,0.69,1.78,103,3.16,0.0,0.02,-0.02,13,1,109
4607,2026-02-18T11:07:00,HYPE,4143.96,6716.09,0.527742,29.044,29.046,0.001422,492.47,4538.84,-4046.37,118,5031.31,340.1,42.84,297.26,28,1,109
4608,2026-02-18T11:07:00,BTC,21.47,38.37,0.352225,67601.0,67602.0,1.376147,3.69,24.04,-20.36,575,27.73,1.91,0.25,1.66,22,12,109
4609,2026-02-18T11:08:00,HYPE,4868.82,7828.31,0.459897,28.992,29.004,0.001862,1797.13,4318.8,-2521.67,192,6115.93,369.41,381.9,-12.49,37,0,109
4610,2026-02-18T11:08:00,BTC,28.27,43.84,0.33706,67480.0,67487.0,2.110092,13.41,50.78,-37.37,950,64.19,0.73,1.21,-0.48,34,26,109
4611,2026-02-18T11:09:00,HYPE,5747.32,4855.83,0.440084,28.87,28.874,0.003009,4442.17,29070.17,-24628.0,1460,33512.34,2091.09,2769.08,-677.99,89,4,110
4612,2026-02-18T11:09:00,BTC,28.36,63.27,0.249762,67261.0,67262.0,1.736364,12.41,22.73,-10.32,1277,35.14,0.76,1.48,-0.71,33,6,110
4613,2026-02-18T11:10:00,HYPE,4965.8,4557.76,0.430656,28.843,28.844,0.004627,4293.84,15425.31,-11131.47,428,19719.15,1452.8,2626.33,-1173.53,87,2,110
4614,2026-02-18T11:10:00,BTC,1.5,78.8,0.296059,67148.0,67149.0,2.618182,39.43,85.91,-46.48,1189,125.34,5.16,30.55,-25.39,128,44,110
4615,2026-02-18T11:11:00,HYPE,15265.88,5439.86,0.498753,28.875,28.876,0.00363,4584.07,8736.85,-4152.78,298,13320.92,1330.98,95.41,1235.57,42,0,108
4616,2026-02-18T11:11:00,BTC,16.28,69.32,0.283648,67094.0,67095.0,1.768519,25.4,12.5,12.9,514,37.9,0.2,0.52,-0.32,23,12,108
4617,2026-02-18T11:12:00,HYPE,15655.91,6613.12,0.669746,28.851,28.852,0.003119,3495.98,14844.81,-11348.83,346,18340.79,5367.31,218.65,5148.66,57,6,109
4618,2026-02-18T11:12:00,BTC,33.67,29.67,0.340322,67158.0,67159.0,1.926606,83.4,5.21,78.19,692,88.61,0.0,2.86,-2.86,35,36,109
4619,2026-02-18T11:13:00,HYPE,10401.59,4892.61,0.684507,28.887,28.888,0.002755,9090.96,7077.38,2013.58,325,16168.34,847.82,981.91,-134.09,75,0,110
4620,2026-02-18T11:13:00,BTC,135.12,27.53,0.347985,67238.0,67241.0,1.445455,38.35,8.31,30.04,614,46.65,0.0,1.76,-1.76,30,30,110
4621,2026-02-18T11:14:00,HYPE,12700.63,4983.48,0.689239,28.897,28.898,0.001458,1442.64,630.65,811.99,133,2073.29,380.14,389.04,-8.9,38,0,107
4622,2026-02-18T11:14:00,BTC,19.94,65.65,0.403958,67277.0,67278.0,1.28972,7.26,5.21,2.05,320,12.46,0.0,0.15,-0.15,16,6,107
4623,2026-02-18T11:15:00,HYPE,5911.89,3958.02,0.582229,28.932,28.933,0.001679,933.18,186.55,746.63,97,1119.73,330.29,59.85,270.44,29,0,109
4624,2026-02-18T11:15:00,BTC,20.47,75.86,0.449909,67360.0,67361.0,1.330275,16.03,1.74,14.3,458,17.77,0.0,1.55,-1.55,24,8,109
4625,2026-02-18T11:16:00,HYPE,8014.93,3720.03,0.605641,28.925,28.926,0.001481,1199.52,684.96,514.56,136,1884.48,399.39,177.99,221.4,39,0,108
4626,2026-02-18T11:16:00,BTC,93.41,28.96,0.417412,67331.0,67332.0,1.537037,3.2,24.72,-21.51,453,27.92,0.63,0.0,0.63,11,12,108
4627,2026-02-18T11:17:00,HYPE,7281.31,3304.13,0.645877,28.931,28.935,0.001528,3959.58,1597.92,2361.66,143,5557.5,3780.66,469.22,3311.44,75,0,108
4628,2026-02-18T11:17:00,BTC,27.02,58.69,0.416812,67308.0,67309.0,1.148148,2.97,5.3,-2.33,295,8.27,0.0,0.01,0.0,9,2,108
4629,2026-02-18T11:18:00,HYPE,8612.13,2909.54,0.65336,28.965,28.967,0.002073,1401.45,253.16,1148.29,104,1654.61,334.87,231.0,103.87,34,0,110
4630,2026-02-18T11:18:00,BTC,30.55,79.75,0.366812,67283.0,67284.0,1.227273,4.12,5.58,-1.46,250,9.7,0.0,0.01,-0.01,8,5,110
4631,2026-02-18T11:19:00,HYPE,8600.81,5140.6,0.646892,28.958,28.959,0.001713,893.93,542.81,351.12,144,1436.74,329.51,47.62,281.89,27,0,108
4632,2026-02-18T11:19:00,BTC,13.95,117.49,0.439486,67233.0,67234.0,1.527778,1.73,9.58,-7.85,324,11.31,0.2,0.01,0.18,11,2,108
4633,2026-02-18T11:20:00,HYPE,4811.62,4409.94,0.640869,28.973,28.974,0.002082,1678.72,4211.66,-2532.94,158,5890.38,395.03,410.97,-15.94,31,0,110
4634,2026-02-18T11:20:00,BTC,38.4,42.38,0.410599,67274.0,67275.0,1.281818,1.54,0.74,0.8,231,2.27,0.03,0.26,-0.23,15,0,110
4635,2026-02-18T11:21:00,HYPE,5215.07,5039.43,0.599291,28.982,28.983,0.001366,1591.05,474.37,1116.68,122,2065.42,330.31,47.83,282.48,27,0,112
4636,2026-02-18T11:21:00,BTC,21.27,98.0,0.412763,67322.0,67323.0,1.383929,6.94,2.35,4.59,252,9.29,0.08,0.14,-0.06,18,4,112
4637,2026-02-18T11:22:00,HYPE,5435.68,4330.57,0.615866,29.004,29.005,0.001426,753.72,1002.05,-248.33,123,1755.77,330.93,42.83,288.1,44,0,108
4638,2026-02-18T11:22:00,BTC,42.09,36.43,0.417129,67269.0,67270.0,1.388889,40.51,3.98,36.53,261,44.48,0.08,0.02,0.06,18,15,108
4639,2026-02-18T11:23:00,HYPE,4977.65,4445.93,0.570421,28.984,28.985,0.001075,424.19,329.11,95.08,80,753.3,329.54,141.9,187.64,30,0,107
4640,2026-02-18T11:23:00,BTC,28.29,49.28,0.497173,67347.0,67348.0,1.149533,16.86,4.03,12.83,284,20.89,0.08,0.47,-0.39,17,13,107
4641,2026-02-18T11:24:00,HYPE,7122.8,4424.39,0.563908,28.948,28.949,0.001308,1103.31,2337.18,-1233.87,182,3440.49,330.31,634.11,-303.8,35,0,107
4642,2026-02-18T11:24:00,BTC,166.48,16.69,0.45598,67360.0,67361.0,1.056075,4.77,6.88,-2.11,220,11.65,0.17,0.02,0.15,14,5,107
4643,2026-02-18T11:25:00,HYPE,6847.55,3587.61,0.591565,28.991,28.992,0.001532,1544.96,849.06,695.9,122,2394.02,330.65,646.06,-315.41,44,0,111
4644,2026-02-18T11:25:00,BTC,40.44,52.78,0.31921,67367.0,67368.0,1.081081,7.21,1.68,5.53,271,8.89,0.35,1.81,-1.46,38,4,111
4645,2026-02-18T11:26:00,HYPE,5164.13,4333.2,0.576395,29.0,29.001,0.00187,550.18,845.54,-295.36,82,1395.72,344.21,493.22,-149.01,38,0,108
4646,2026-02-18T11:26:01,BTC,42.64,51.47,0.367101,67324.0,67325.0,1.407407,1.48,10.43,-8.95,301,11.91,0.9,0.08,0.83,28,3,108
4647,2026-02-18T11:27:00,HYPE,6553.38,4641.16,0.597137,29.003,29.007,0.001453,1619.69,840.53,779.16,91,2460.22,354.89,927.23,-572.34,41,0,106
4648,2026-02-18T11:27:00,BTC,52.29,32.25,0.478703,67345.0,67346.0,1.066038,2.16,0.84,1.33,203,3.0,0.31,0.02,0.28,18,0,106
4649,2026-02-18T11:28:00,HYPE,7363.94,3978.77,0.607157,29.015,29.016,0.001759,5426.38,558.62,4867.76,120,5985.0,329.91,611.76,-281.85,51,1,108
4650,2026-02-18T11:28:00,BTC,35.77,52.95,0.347505,67332.0,67333.0,1.138889,3.25,3.05,0.2,215,6.3,0.28,1.4,-1.12,20,2,108
4651,2026-02-18T11:29:00,HYPE,5648.09,5237.23,0.636302,29.03,29.033,0.001509,1379.93,2137.99,-758.06,190,3517.92,847.38,1217.6,-370.22,95,0,110
4652,2026-02-18T11:29:00,BTC,49.32,30.54,0.50837,67451.0,67452.0,1.318182,17.98,1.25,16.73,466,19.23,0.59,0.4,0.2,43,4,110
4653,2026-02-18T11:30:00,HYPE,5337.28,4290.43,0.590254,28.988,28.989,0.001193,424.91,1749.1,-1324.19,60,2174.01,330.3,1694.9,-1364.6,38,0,109
4654,2026-02-18T11:30:00,BTC,32.25,34.07,0.37742,67413.0,67414.0,1.06422,1.16,2.14,-0.98,220,3.31,0.79,0.09,0.7,27,0,109
4655,2026-02-18T11:31:00,HYPE,5732.02,3802.0,0.560807,28.965,28.966,0.001725,1695.34,2826.09,-1130.75,123,4521.43,1599.03,1749.51,-150.48,73,0,109
4656,2026-02-18T11:31:00,BTC,40.76,41.65,0.387858,67386.0,67387.0,1.100917,6.98,5.1,1.88,256,12.08,0.76,0.97,-0.21,62,3,109
4657,2026-02-18T11:32:00,HYPE,5601.27,4641.38,0.569283,28.973,28.975,0.001945,766.7,1783.1,-1016.4,99,2549.8,443.52,1671.2,-1227.68,59,0,110
4658,2026-02-18T11:32:00,BTC,16.75,68.8,0.463516,67446.0,67447.0,1.254545,17.31,19.35,-2.04,368,36.65,1.55,0.29,1.26,33,17,110
4659,2026-02-18T11:33:00,HYPE,6022.95,3303.98,0.561517,28.943,28.944,0.00171,869.59,4171.78,-3302.19,134,5041.37,873.54,1538.05,-664.51,75,0,107
4660,2026-02-18T11:33:00,BTC,52.89,23.6,0.312509,67376.0,67377.0,1.084112,1.26,4.63,-3.37,194,5.88,0.77,0.07,0.7,23,1,107
4661,2026-02-18T11:34:00,HYPE,3675.26,3709.58,0.618492,29.001,29.003,0.002757,1770.95,1669.67,101.28,133,3440.62,1444.33,2008.48,-564.15,107,0,107
4662,2026-02-18T11:34:00,BTC,9.4,60.81,0.488399,67438.0,67439.0,1.214953,13.48,1.48,12.0,298,14.96,0.66,0.72,-0.07,38,11,107
4663,2026-02-18T11:35:00,HYPE,5810.62,3910.62,0.600777,28.992,28.993,0.002037,513.98,1834.51,-1320.53,78,2348.49,443.93,1789.75,-1345.82,55,0,107
4664,2026-02-18T11:35:00,BTC,30.59,39.29,0.380227,67429.0,67430.0,1.242991,8.3,3.84,4.46,248,12.15,0.87,2.86,-1.99,79,1,107
4665,2026-02-18T11:36:00,HYPE,5331.2,3210.57,0.584616,28.975,28.977,0.002063,566.7,5906.33,-5339.63,117,6473.03,818.54,1633.59,-815.05,63,0,111
4666,2026-02-18T11:36:00,BTC,27.75,71.33,0.434688,67486.0,67487.0,1.189189,19.47,5.87,13.6,475,25.34,0.72,1.86,-1.14,39,9,111
4667,2026-02-18T11:37:00,HYPE,5740.28,5636.44,0.589333,28.983,28.984,0.002309,598.11,1724.7,-1126.59,84,2322.81,443.92,1668.58,-1224.66,61,0,110
4668,2026-02-18T11:37:00,BTC,22.39,95.6,0.356257,67475.0,67476.0,1.081818,8.6,0.2,8.4,164,8.8,0.68,0.07,0.61,26,2,110
4669,2026-02-18T11:38:00,HYPE,5721.51,3768.26,0.577792,28.966,28.968,0.002257,548.6,1945.75,-1397.15,103,2494.35,478.1,1727.81,-1249.71,84,0,109
4670,2026-02-18T11:38:00,BTC,47.61,57.02,0.407818,67467.0,67468.0,1.220183,5.04,9.11,-4.08,284,14.15,0.85,0.44,0.41,36,4,109
4671,2026-02-18T11:39:00,HYPE,5889.82,4263.35,0.579952,28.982,28.984,0.002262,1165.58,1712.04,-546.46,93,2877.62,444.32,1729.75,-1285.43,57,0,107
4672,2026-02-18T11:39:00,BTC,23.92,74.6,0.416644,67500.0,67501.0,1.299065,2.35,0.89,1.46,234,3.24,0.75,0.19,0.56,29,1,107
4673,2026-02-18T11:40:00,HYPE,4494.58,5366.73,0.55683,28.951,28.953,0.002171,1210.82,1543.82,-333.0,102,2754.64,444.34,1666.56,-1222.22,65,0,105
4674,2026-02-18T11:40:00,BTC,24.86,95.73,0.388153,67470.0,67471.0,1.07619,1.31,19.03,-17.72,207,20.34,1.32,0.07,1.25,30,10,105
4675,2026-02-18T11:41:00,HYPE,5353.23,3299.42,0.603992,28.957,28.958,0.002411,576.47,2080.42,-1503.95,101,2656.89,650.33,1897.41,-1247.08,65,0,107
4676,2026-02-18T11:41:00,BTC,42.62,37.89,0.393423,67484.0,67485.0,1.056075,7.51,0.51,7.0,271,8.01,0.77,0.07,0.7,35,0,107
4677,2026-02-18T11:42:00,HYPE,5475.46,3388.4,0.536898,28.952,28.955,0.001755,2758.27,1642.09,1116.18,121,4400.36,685.58,1615.31,-929.73,88,0,110
4678,2026-02-18T11:42:00,BTC,136.89,45.56,0.440575,67497.0,67498.0,1.045455,1.84,0.19,1.65,156,2.03,0.78,0.07,0.7,38,1,110
4679,2026-02-18T11:43:00,HYPE,4818.36,4300.2,0.575167,28.927,28.928,0.002454,703.22,1786.91,-1083.69,87,2490.13,450.16,1573.1,-1122.94,60,0,108
4680,2026-02-18T11:43:00,BTC,31.95,96.69,0.38052,67459.0,67460.0,1.231481,2.79,2.01,0.78,239,4.8,0.74,0.07,0.67,23,1,108
4681,2026-02-18T11:44:00,HYPE,7357.01,4283.85,0.589803,28.92,28.921,0.001587,1002.75,3098.71,-2095.96,115,4101.46,530.25,1666.91,-1136.66,63,0,109
4682,2026-02-18T11:44:00,BTC,24.34,92.19,0.409171,67467.0,67468.0,1.018349,2.4,39.15,-36.75,396,41.55,0.72,0.07,0.65,25,18,109
4683,2026-02-18T11:45:00,HYPE,4839.97,3279.18,0.591101,28.96,28.964,0.003555,2219.61,2105.68,113.93,107,4325.29,443.97,2300.91,-1856.94,61,0,110
4684,2026-02-18T11:45:00,BTC,46.18,37.74,0.40918,67519.0,67520.0,1.145455,6.5,33.01,-26.51,322,39.51,2.22,0.25,1.97,44,24,110
4685,2026-02-18T11:46:00,HYPE,4325.23,4447.2,0.564218,28.977,28.978,0.002755,2072.19,1683.3,388.89,142,3755.49,444.35,2232.88,-1788.53,91,0,110
4686,2026-02-18T11:46:00,BTC,17.41,66.6,0.494362,67547.0,67548.0,1.1,2.49,7.82,-5.33,368,10.31,0.77,0.35,0.42,26,3,110
4687,2026-02-18T11:47:00,HYPE,6542.74,3487.0,0.57028,28.935,28.936,0.001787,990.42,1760.92,-770.5,111,2751.34,443.92,1876.62,-1432.7,77,0,108
4688,2026-02-18T11:47:00,BTC,43.26,33.27,0.315898,67475.0,67476.0,1.092593,3.62,1.88,1.75,201,5.5,0.7,0.09,0.61,35,1,108
4689,2026-02-18T11:48:00,HYPE,5919.22,3769.64,0.596151,28.926,28.928,0.001791,1620.88,1769.14,-148.26,86,3390.02,446.81,1650.4,-1203.59,56,0,110
4690,2026-02-18T11:48:00,BTC,35.72,32.99,0.431675,67456.0,67457.0,1.181818,1.14,8.38,-7.24,217,9.51,1.46,0.11,1.35,30,5,110
4691,2026-02-18T11:49:00,HYPE,6459.89,3678.82,0.606468,28.931,28.932,0.002165,7264.86,2032.06,5232.8,154,9296.92,443.92,2347.53,-1903.61,51,1,109
4692,2026-02-18T11:49:00,BTC,98.64,33.23,0.573967,67495.0,67496.0,1.073394,47.12,0.39,46.73,350,47.51,0.76,0.29,0.47,43,15,109
4693,2026-02-18T11:50:00,HYPE,5123.89,3924.39,0.599253,28.945,28.949,0.002,683.3,1683.37,-1000.07,127,2366.67,443.94,1479.58,-1035.64,69,0,109
4694,2026-02-18T11:50:00,BTC,18.2,75.82,0.361423,67519.0,67520.0,1.036697,12.28,0.4,11.88,213,12.69,0.76,0.1,0.66,33,3,109
4695,2026-02-18T11:51:00,HYPE,6032.32,3370.01,0.621475,28.932,28.934,0.002118,575.87,1844.88,-1269.01,100,2420.75,470.98,1737.05,-1266.07,69,0,110
4696,2026-02-18T11:51:00,BTC,46.37,72.45,0.332371,67495.0,67496.0,1.145455,57.71,1.79,55.92,364,59.5,0.73,0.09,0.64,34,18,110
4697,2026-02-18T11:52:00,HYPE,3860.67,4095.53,0.615537,28.942,28.943,0.001718,3133.66,1914.32,1219.34,172,5047.98,452.77,2133.36,-1680.59,75,1,110
4698,2026-02-18T11:52:00,BTC,23.03,55.96,0.284358,67468.0,67469.0,1.136364,0.9,0.64,0.26,102,1.54,0.73,0.09,0.63,33,0,110
4699,2026-02-18T11:53:00,HYPE,3888.56,4314.21,0.572496,28.977,28.978,0.002075,751.21,1681.64,-930.43,123,2432.85,802.88,1673.21,-870.33,84,0,107
4700,2026-02-18T11:53:00,BTC,52.4,50.22,0.450707,67498.0,67499.0,1.084112,1.9,0.29,1.61,142,2.19,0.78,0.47,0.3,43,1,107
4701,2026-02-18T11:54:00,HYPE,5313.06,4637.63,0.593103,28.989,28.99,0.002266,778.29,1459.92,-681.63,114,2238.21,452.36,1314.25,-861.89,67,0,109
4702,2026-02-18T11:54:00,BTC,44.18,51.37,0.453247,67523.0,67524.0,1.027523,1.41,0.43,0.98,151,1.84,0.77,0.12,0.65,41,0,109
4703,2026-02-18T11:55:00,HYPE,4262.15,3110.39,0.579056,28.988,28.989,0.001704,718.38,1452.94,-734.56,116,2171.32,691.15,1423.48,-732.33,79,0,108
4704,2026-02-18T11:55:00,BTC,28.79,57.68,0.31466,67511.0,67512.0,1.009259,1.8,1.66,0.14,103,3.46,0.58,0.09,0.48,28,2,108
4705,2026-02-18T11:56:00,HYPE,6766.97,2698.23,0.571423,28.989,28.992,0.001523,670.22,1371.74,-701.52,85,2041.96,486.75,1194.61,-707.86,47,0,111
4706,2026-02-18T11:56:00,BTC,27.36,90.89,0.27671,67524.0,67525.0,1.0,1.42,1.61,-0.19,109,3.02,0.6,0.09,0.51,36,1,111
4707,2026-02-18T11:57:00,HYPE,4927.55,3538.63,0.573393,28.987,28.988,0.001435,994.71,1237.58,-242.87,142,2232.29,543.49,1110.12,-566.63,58,0,108
4708,2026-02-18T11:57:00,BTC,39.74,80.35,0.296423,67500.0,67501.0,1.092593,1.02,1.24,-0.21,129,2.26,0.72,0.09,0.63,40,0,108
4709,2026-02-18T11:58:00,HYPE,4979.5,4156.06,0.583281,28.949,28.95,0.001909,471.7,2068.85,-1597.15,104,2540.55,410.27,1217.58,-807.31,55,0,110
4710,2026-02-18T11:58:00,BTC,32.91,58.53,0.367062,67461.0,67462.0,1.490909,1.78,9.19,-7.41,257,10.96,1.24,0.09,1.14,29,2,110
4711,2026-02-18T11:59:00,HYPE,5565.85,3979.71,0.58776,28.904,28.905,0.001855,729.13,3575.85,-2846.72,144,4304.98,450.36,1261.61,-811.25,56,0,110
4712,2026-02-18T11:59:00,BTC,44.5,45.36,0.268126,67353.0,67354.0,1.345455,7.08,216.49,-209.41,909,223.57,21.2,200.42,-179.22,661,121,110
4713,2026-02-18T12:00:00,HYPE,6043.4,2620.56,0.532775,28.886,28.887,0.001306,494.27,1068.79,-574.52,64,1563.06,570.13,79.18,490.95,28,0,108
4714,2026-02-18T12:00:00,BTC,72.76,65.19,0.298758,67336.0,67337.0,1.055556,1.34,1.46,-0.11,169,2.8,0.0,0.09,-0.09,17,0,108
4715,2026-02-18T12:01:00,HYPE,5134.94,3838.99,0.499809,28.883,28.884,0.001919,1283.78,1823.88,-540.1,153,3107.66,353.93,70.58,283.35,29,0,111
4716,2026-02-18T12:01:00,BTC,15.78,94.62,0.338163,67366.0,67367.0,1.225225,6.62,1.48,5.14,271,8.1,0.0,0.23,-0.23,23,2,111
4717,2026-02-18T12:02:00,HYPE,6235.49,4056.33,0.58675,28.935,28.936,0.001682,1983.08,444.83,1538.25,127,2427.91,283.02,143.79,139.23,28,0,110
4718,2026-02-18T12:02:00,BTC,11.92,79.54,0.407243,67438.0,67439.0,1.318182,7.48,0.57,6.92,217,8.05,0.35,0.44,-0.09,33,2,110
4719,2026-02-18T12:03:00,HYPE,5949.0,2846.1,0.549896,28.959,28.968,0.001315,743.05,776.76,-33.71,104,1519.81,282.21,14.98,267.23,20,0,108
4720,2026-02-18T12:03:00,BTC,15.55,74.54,0.36489,67469.0,67470.0,1.296296,7.66,2.92,4.74,239,10.58,0.0,0.11,-0.11,14,5,108
4721,2026-02-18T12:04:00,HYPE,6624.72,4067.26,0.571639,28.985,28.986,0.001444,889.36,442.1,447.26,105,1331.46,286.86,33.67,253.19,38,0,108
4722,2026-02-18T12:04:00,BTC,43.91,46.99,0.42929,67467.0,67468.0,1.166667,5.54,9.58,-4.03,194,15.12,0.44,0.17,0.27,16,7,108
4723,2026-02-18T12:05:00,HYPE,7121.78,4070.09,0.504668,28.981,28.983,0.001431,1016.92,131.56,885.36,69,1148.48,283.01,6.03,276.98,29,0,109
4724,2026-02-18T12:05:00,BTC,53.15,42.71,0.382191,67444.0,67445.0,1.247706,5.42,1.07,4.35,170,6.49,0.0,0.42,-0.42,26,3,109
4725,2026-02-18T12:06:00,HYPE,4774.02,4038.69,0.54132,28.986,28.987,0.001269,676.9,312.62,364.28,78,989.52,211.85,11.58,200.27,29,0,108
4726,2026-02-18T12:06:00,BTC,45.81,56.5,0.317378,67481.0,67482.0,1.194444,15.28,2.39,12.89,280,17.68,0.0,0.48,-0.48,18,9,108
4727,2026-02-18T12:07:00,HYPE,5272.43,3754.43,0.602778,29.037,29.038,0.001352,678.83,1612.81,-933.98,107,2291.64,135.59,4.94,130.65,12,0,108
4728,2026-02-18T12:07:00,BTC,45.42,50.07,0.533144,67623.0,67624.0,1.212963,146.47,48.6,97.87,721,195.06,6.58,6.68,-0.09,68,90,108
4729,2026-02-18T12:08:00,HYPE,5725.52,3552.41,0.660068,29.112,29.113,0.002179,13206.67,1727.85,11478.82,754,14934.52,10294.11,1177.43,9116.68,342,0,112
4730,2026-02-18T12:08:00,BTC,44.75,63.68,0.447169,67634.0,67635.0,1.4375,52.77,8.3,44.47,565,61.07,7.51,3.64,3.87,40,27,112
4731,2026-02-18T12:09:00,HYPE,4930.37,6123.11,0.537065,29.09,29.091,0.002185,1234.97,473.24,761.73,95,1708.21,121.43,22.16,99.27,14,0,108
4732,2026-02-18T12:09:00,BTC,190.39,24.93,0.443191,67576.0,67582.0,1.62963,6.03,37.53,-31.5,336,43.56,0.0,1.24,-1.24,18,21,108
4733,2026-02-18T12:10:00,HYPE,4064.57,3168.28,0.587336,29.072,29.073,0.001425,404.24,95.85,308.39,58,500.09,116.43,4.93,111.5,13,0,106
4734,2026-02-18T12:10:00,BTC,20.62,66.18,0.419666,67540.0,67541.0,1.283019,5.31,16.4,-11.1,249,21.71,0.0,0.07,-0.07,15,10,106
4735,2026-02-18T12:11:00,HYPE,5595.65,2299.96,0.566272,29.052,29.054,0.001349,439.91,97.35,342.56,55,537.26,116.03,4.94,111.09,15,0,109
4736,2026-02-18T12:11:00,BTC,44.57,41.24,0.409398,67550.0,67551.0,1.091743,5.67,2.05,3.62,143,7.73,0.0,0.07,-0.07,14,2,109
4737,2026-02-18T12:12:00,HYPE,3657.06,3560.91,0.578332,29.092,29.093,0.001202,368.94,809.8,-440.86,62,1178.74,116.03,56.59,59.44,16,0,109
4738,2026-02-18T12:12:00,BTC,16.98,80.26,0.406352,67613.0,67614.0,1.256881,11.03,3.01,8.02,186,14.04,0.01,2.64,-2.63,21,8,109
4739,2026-02-18T12:13:00,HYPE,4746.79,3125.35,0.588711,29.05,29.051,0.001514,154.64,391.71,-237.07,54,546.35,116.44,4.94,111.5,14,0,111
4740,2026-02-18T12:13:00,BTC,58.15,45.43,0.271665,67555.0,67556.0,1.126126,5.12,3.14,1.97,146,8.26,0.01,0.07,-0.06,14,3,111
4741,2026-02-18T12:14:00,HYPE,4365.13,1866.11,0.655801,29.037,29.038,0.001119,509.31,597.94,-88.63,61,1107.25,150.56,254.93,-104.37,25,0,109
4742,2026-02-18T12:14:00,BTC,20.9,59.45,0.323104,67548.0,67549.0,1.055046,6.5,2.64,3.86,136,9.13,0.01,0.07,-0.06,18,4,109
4743,2026-02-18T12:15:00,HYPE,6863.62,3445.07,0.63455,29.067,29.068,0.001345,439.98,555.53,-115.55,70,995.51,116.03,589.94,-473.91,31,0,110
4744,2026-02-18T12:15:00,BTC,54.25,31.58,0.433084,67555.0,67556.0,1.218182,6.93,5.21,1.71,151,12.14,0.64,1.38,-0.74,27,8,110
4745,2026-02-18T12:16:00,HYPE,5662.39,3049.09,0.638888,29.085,29.086,0.001168,934.38,135.45,798.93,65,1069.83,116.48,4.94,111.54,12,0,107
4746,2026-02-18T12:16:00,BTC,63.88,29.54,0.483451,67577.0,67578.0,1.074766,4.47,1.18,3.28,128,5.65,0.01,0.07,-0.06,15,1,107
4747,2026-02-18T12:17:00,HYPE,4761.21,4275.99,0.611017,29.118,29.119,0.001422,3106.14,557.54,2548.6,140,3663.68,116.03,309.22,-193.19,15,0,109
4748,2026-02-18T12:17:00,BTC,31.53,59.23,0.470365,67598.0,67599.0,1.119266,5.39,0.12,5.27,126,5.51,0.01,0.27,-0.26,16,2,109
4749,2026-02-18T12:18:00,HYPE,4535.05,1923.34,0.539274,29.07,29.071,0.001306,619.9,635.72,-15.82,70,1255.62,116.44,5.33,111.11,16,0,111
4750,2026-02-18T12:18:00,BTC,37.71,74.02,0.408138,67575.0,67576.0,1.153153,6.09,1.12,4.97,184,7.21,0.24,0.07,0.17,15,0,111
4751,2026-02-18T12:19:00,HYPE,4626.98,2744.74,0.578843,29.056,29.057,0.001167,266.16,362.74,-96.58,48,628.9,116.43,4.94,111.49,12,0,108
4752,2026-02-18T12:19:00,BTC,21.66,78.04,0.414138,67562.0,67563.0,1.148148,5.17,0.19,4.98,120,5.36,0.01,0.07,-0.06,13,2,108
4753,2026-02-18T12:20:00,HYPE,5584.22,4046.76,0.637656,29.063,29.064,0.00137,180.33,64.97,115.36,38,245.3,116.03,4.94,111.09,13,0,108
4754,2026-02-18T12:20:00,BTC,38.32,51.39,0.395199,67550.0,67551.0,1.018519,5.27,0.35,4.92,132,5.62,0.01,0.07,-0.06,17,2,108
4755,2026-02-18T12:21:00,HYPE,6779.95,3866.84,0.673507,29.072,29.073,0.001176,285.76,68.82,216.94,34,354.58,116.03,4.94,111.09,15,0,108
4756,2026-02-18T12:21:00,BTC,38.7,44.8,0.355691,67532.0,67533.0,1.037037,4.71,0.27,4.44,133,4.99,0.01,0.07,-0.06,15,3,108
4757,2026-02-18T12:22:00,HYPE,5795.08,3413.09,0.644649,29.069,29.07,0.001491,361.91,295.15,66.76,57,657.06,118.5,4.94,113.56,14,0,108
4758,2026-02-18T12:22:00,BTC,28.83,59.4,0.432268,67531.0,67532.0,1.037037,5.45,2.88,2.57,133,8.33,0.0,0.07,-0.07,11,3,108
4759,2026-02-18T12:23:00,HYPE,6007.27,3673.48,0.604961,29.058,29.059,0.001236,173.48,470.34,-296.86,45,643.82,116.84,254.93,-138.09,26,0,106
4760,2026-02-18T12:23:00,BTC,15.73,93.69,0.348334,67522.0,67523.0,1.198113,26.98,3.58,23.4,255,30.56,0.42,0.07,0.35,20,21,106
4761,2026-02-18T12:24:00,HYPE,4588.0,4089.79,0.563584,29.048,29.049,0.001432,279.93,1731.85,-1451.92,106,2011.78,197.44,4.94,192.5,23,0,111
4762,2026-02-18T12:24:00,BTC,29.2,64.11,0.443559,67474.0,67475.0,1.243243,9.53,2.0,7.53,208,11.53,0.0,0.07,-0.07,14,7,111
4763,2026-02-18T12:25:00,HYPE,4667.48,2148.79,0.540466,29.054,29.055,0.001241,442.21,366.51,75.7,61,808.72,128.84,4.94,123.9,19,0,108
4764,2026-02-18T12:25:00,BTC,64.6,54.3,0.392268,67489.0,67490.0,1.101852,5.59,0.73,4.86,141,6.32,0.0,1.29,-1.28,14,2,108
4765,2026-02-18T12:26:00,HYPE,4740.78,3576.14,0.576913,29.06,29.061,0.001519,440.45,210.9,229.55,57,651.35,117.23,6.34,110.89,16,0,108
4766,2026-02-18T12:26:00,BTC,44.64,39.04,0.469301,67516.0,67517.0,1.092593,4.52,0.18,4.34,127,4.7,0.0,0.19,-0.19,12,2,108
4767,2026-02-18T12:27:00,HYPE,4601.37,3185.24,0.593657,29.049,29.05,0.001378,323.88,267.94,55.94,48,591.82,116.83,39.38,77.45,15,0,111
4768,2026-02-18T12:27:00,BTC,24.16,82.71,0.397253,67504.0,67505.0,1.108108,5.02,0.33,4.69,97,5.35,0.0,0.07,-0.07,15,4,111
4769,2026-02-18T12:28:00,HYPE,4619.89,3783.78,0.584407,29.077,29.078,0.001165,325.71,10.7,315.01,50,336.41,117.24,4.94,112.3,17,0,109
4770,2026-02-18T12:28:00,BTC,61.27,34.57,0.49918,67536.0,67537.0,1.0,7.2,2.71,4.5,130,9.91,0.0,0.47,-0.47,17,6,109
4771,2026-02-18T12:29:00,HYPE,4344.53,3099.21,0.527532,29.079,29.08,0.001143,171.45,252.11,-80.66,47,423.56,116.83,4.94,111.89,22,0,105
4772,2026-02-18T12:29:00,BTC,30.26,56.46,0.439912,67552.0,67553.0,1.009524,5.62,0.95,4.67,111,6.57,0.0,0.07,-0.07,12,4,105
4773,2026-02-18T12:30:00,HYPE,4473.82,3941.31,0.550572,29.085,29.086,0.001093,208.68,149.23,59.45,67,357.91,116.83,4.94,111.89,26,0,107
4774,2026-02-18T12:30:00,BTC,24.01,67.56,0.310363,67542.0,67543.0,1.018692,5.88,2.6,3.27,102,8.48,0.0,1.19,-1.19,14,5,107
4775,2026-02-18T12:31:00,HYPE,4414.66,3784.28,0.551633,29.096,29.097,0.001294,238.59,347.64,-109.05,59,586.23,162.3,4.93,157.37,17,0,109
4776,2026-02-18T12:31:00,BTC,31.47,78.07,0.33521,67556.0,67557.0,1.018349,6.72,2.18,4.54,140,8.91,0.0,0.17,-0.17,20,6,109
4777,2026-02-18T12:32:00,HYPE,4652.74,4503.41,0.575447,29.074,29.075,0.001394,168.49,199.05,-30.56,46,367.54,2.8,4.94,-2.14,9,0,109
4778,2026-02-18T12:32:00,BTC,14.05,89.56,0.435117,67490.0,67491.0,1.284404,5.52,3.41,2.11,206,8.93,0.0,1.29,-1.29,26,6,109
4779,2026-02-18T12:33:00,HYPE,3585.07,3046.62,0.556601,29.063,29.066,0.001673,274.06,679.96,-405.9,89,954.02,2.8,4.94,-2.14,9,0,110
4780,2026-02-18T12:33:00,BTC,29.1,70.22,0.422708,67419.0,67420.0,1.381818,10.69,14.57,-3.88,575,25.26,0.22,1.02,-0.81,19,10,110
4781,2026-02-18T12:34:00,HYPE,4665.28,2264.31,0.623385,29.051,29.052,0.001602,267.9,788.92,-521.02,62,1056.82,3.83,5.75,-1.92,15,0,108
4782,2026-02-18T12:34:00,BTC,58.72,38.77,0.33524,67388.0,67389.0,1.12037,6.52,6.74,-0.22,202,13.26,0.02,0.02,0.0,12,4,108
4783,2026-02-18T12:35:00,HYPE,5186.61,3854.15,0.589435,29.01,29.013,0.002,248.1,1814.93,-1566.83,135,2063.03,280.81,1030.14,-749.33,52,0,109
4784,2026-02-18T12:35:00,BTC,21.04,43.4,0.324603,67362.0,67363.0,1.486239,6.94,2.89,4.05,259,9.83,0.66,0.02,0.63,62,0,109
4785,2026-02-18T12:36:00,HYPE,5782.28,2565.34,0.60957,29.023,29.024,0.002037,466.76,640.61,-173.85,65,1107.37,199.82,507.39,-307.57,30,0,109
4786,2026-02-18T12:36:00,BTC,30.46,58.89,0.408233,67393.0,67394.0,1.146789,6.74,10.2,-3.45,311,16.94,0.55,1.35,-0.8,51,7,109
4787,2026-02-18T12:37:00,HYPE,4243.97,3088.91,0.571158,29.02,29.021,0.001688,246.28,308.07,-61.79,61,554.35,39.65,10.68,28.97,13,0,109
4788,2026-02-18T12:37:00,BTC,98.54,53.74,0.389664,67422.0,67423.0,1.302752,47.11,12.76,34.35,341,59.87,0.04,1.45,-1.41,18,37,109
4789,2026-02-18T12:38:00,HYPE,4703.16,4225.99,0.539138,29.026,29.027,0.002148,155.67,4051.19,-3895.52,86,4206.86,665.41,6.89,658.52,20,0,108
4790,2026-02-18T12:38:00,BTC,23.3,66.82,0.315815,67415.0,67416.0,1.092593,68.95,5.87,63.08,240,74.82,10.01,0.37,9.64,52,35,108
4791,2026-02-18T12:39:00,HYPE,5534.93,2414.35,0.532734,29.044,29.045,0.001495,3236.1,1853.18,1382.92,118,5089.28,122.96,152.33,-29.37,25,1,109
4792,2026-02-18T12:39:00,BTC,64.22,26.96,0.457104,67419.0,67420.0,1.036697,6.09,3.59,2.5,156,9.68,0.12,0.26,-0.15,45,3,109
4793,2026-02-18T12:40:00,HYPE,5480.04,7080.58,0.594661,29.051,29.053,0.00167,130.34,172.65,-42.31,37,302.99,34.62,4.94,29.68,10,0,112
4794,2026-02-18T12:40:00,BTC,25.79,78.07,0.422924,67435.0,67436.0,1.080357,5.32,2.36,2.96,118,7.68,0.02,0.02,0.0,22,5,112
4795,2026-02-18T12:41:00,HYPE,6560.04,3582.6,0.564592,29.07,29.071,0.001427,260.07,236.49,23.58,41,496.56,2.8,5.34,-2.54,10,0,110
4796,2026-02-18T12:41:00,BTC,54.62,56.61,0.456924,67478.0,67479.0,1.063636,7.78,2.08,5.69,167,9.86,0.02,2.55,-2.53,25,4,110
4797,2026-02-18T12:42:00,HYPE,3440.84,3372.91,0.592476,29.103,29.104,0.001593,439.4,89.74,349.66,58,529.14,2.8,9.75,-6.95,13,0,108
4798,2026-02-18T12:42:00,BTC,43.8,66.15,0.428052,67529.0,67530.0,1.046296,7.5,4.58,2.92,204,12.09,0.22,0.04,0.18,18,5,108
4799,2026-02-18T12:43:00,HYPE,5777.8,3333.53,0.564572,29.083,29.084,0.001718,463.59,88.26,375.33,48,551.85,3.2,125.24,-122.04,17,0,110
4800,2026-02-18T12:43:00,BTC,39.47,44.88,0.435122,67503.0,67504.0,1.163636,8.34,10.72,-2.37,160,19.06,10.02,1.3,8.72,34,6,110
4801,2026-02-18T12:44:00,HYPE,4760.11,4339.48,0.549691,29.12,29.121,0.001532,3017.39,449.1,2568.29,111,3466.49,2503.2,544.42,1958.78,68,0,109
4802,2026-02-18T12:44:00,BTC,40.44,39.01,0.493595,67502.0,67503.0,1.110092,7.33,2.01,5.33,165,9.34,1.03,0.06,0.97,26,4,109
4803,2026-02-18T12:45:00,HYPE,4970.78,4088.5,0.633098,29.143,29.144,0.001191,1224.76,35.12,1189.64,183,1259.88,3.13,91.17,-88.04,17,0,110
4804,2026-02-18T12:45:00,BTC,35.44,42.69,0.398663,67516.0,67517.0,1.081818,5.58,2.81,2.77,97,8.39,0.02,0.06,-0.04,20,6,110
4805,2026-02-18T12:46:00,HYPE,4325.2,4822.31,0.570377,29.111,29.112,0.001327,146.0,1069.6,-923.6,60,1215.6,2.77,39.37,-36.6,10,0,110
4806,2026-02-18T12:46:00,BTC,19.13,78.43,0.399725,67517.0,67518.0,1.054545,6.92,0.91,6.01,121,7.82,0.02,0.03,-0.01,17,5,110
4807,2026-02-18T12:47:00,HYPE,5855.09,1859.71,0.608925,29.128,29.129,0.001327,346.43,371.53,-25.1,57,717.96,20.82,5.75,15.07,13,0,110
4808,2026-02-18T12:47:00,BTC,60.31,43.62,0.392926,67513.0,67514.0,1.018182,5.46,0.87,4.59,107,6.34,0.02,0.03,-0.01,23,3,110
4809,2026-02-18T12:48:00,HYPE,5087.19,2661.1,0.620399,29.133,29.134,0.0012,271.73,221.63,50.1,48,493.36,2.73,4.94,-2.21,9,0,110
4810,2026-02-18T12:48:00,BTC,48.39,41.47,0.484929,67532.0,67533.0,1.0,4.3,0.19,4.11,107,4.49,0.02,0.09,-0.07,23,4,110
4811,2026-02-18T12:49:00,HYPE,5602.94,2800.1,0.623921,29.135,29.136,0.001309,373.92,135.98,237.94,36,509.9,3.12,5.35,-2.23,11,0,110
4812,2026-02-18T12:49:00,BTC,45.14,50.43,0.396587,67513.0,67514.0,1.054545,6.14,2.28,3.86,154,8.42,0.31,0.56,-0.26,21,2,110
4813,2026-02-18T12:50:00,HYPE,4059.09,3574.55,0.603072,29.151,29.155,0.001369,1947.43,850.0,1097.43,176,2797.43,2.34,250.27,-247.93,17,0,111
4814,2026-02-18T12:50:00,BTC,29.92,64.65,0.450289,67534.0,67535.0,1.099099,4.65,1.25,3.4,116,5.9,0.02,0.03,-0.01,18,1,111
4815,2026-02-18T12:51:00,HYPE,4885.93,4186.43,0.509711,29.147,29.148,0.001546,175.55,204.86,-29.31,45,380.41,3.12,5.36,-2.24,11,0,108
4816,2026-02-18T12:51:00,BTC,40.7,49.28,0.42308,67544.0,67545.0,1.092593,6.17,0.13,6.05,129,6.3,0.02,0.07,-0.05,26,3,108
4817,2026-02-18T12:52:00,HYPE,2694.85,5698.43,0.473548,29.158,29.159,0.001459,846.95,368.42,478.53,96,1215.37,2.73,7.43,-4.7,12,0,109
4818,2026-02-18T12:52:00,BTC,35.71,61.71,0.337101,67551.0,67552.0,1.045872,5.8,1.51,4.28,174,7.31,0.02,0.05,-0.03,21,3,109
4819,2026-02-18T12:53:00,HYPE,4973.97,4929.45,0.425063,29.158,29.159,0.001284,558.07,54.11,503.96,60,612.18,3.12,10.27,-7.15,13,0,109
4820,2026-02-18T12:53:00,BTC,26.8,76.52,0.359131,67567.0,67568.0,1.018349,10.45,0.56,9.88,150,11.01,0.02,1.35,-1.33,21,5,109
4821,2026-02-18T12:54:00,HYPE,4321.96,3624.66,0.477192,29.143,29.144,0.001224,59.51,265.96,-206.45,39,325.47,2.73,40.36,-37.63,13,0,107
4822,2026-02-18T12:54:00,BTC,37.89,59.81,0.410947,67567.0,67568.0,1.17757,5.26,7.41,-2.15,149,12.67,0.47,0.03,0.44,23,8,107
4823,2026-02-18T12:55:00,HYPE,3180.05,8709.53,0.536677,29.146,29.148,0.001136,48.14,47.7,0.44,34,95.84,3.12,4.94,-1.82,11,0,110
4824,2026-02-18T12:55:00,BTC,17.06,107.39,0.343487,67522.0,67523.0,1.109091,11.79,5.71,6.08,136,17.5,0.02,0.03,-0.01,17,13,110
4825,2026-02-18T12:56:00,HYPE,4030.67,4656.34,0.494737,29.145,29.146,0.001234,184.56,382.75,-198.19,51,567.31,76.85,4.94,71.91,10,0,107
4826,2026-02-18T12:56:00,BTC,9.1,96.13,0.395194,67512.0,67513.0,1.0,5.32,0.35,4.97,117,5.66,0.02,0.07,-0.05,20,4,107
4827,2026-02-18T12:57:01,HYPE,3740.13,2866.01,0.57065,29.124,29.125,0.001126,157.61,257.73,-100.12,66,415.34,12.89,8.61,4.28,19,0,103
4828,2026-02-18T12:57:01,BTC,31.92,56.46,0.273074,67467.0,67468.0,1.058252,5.08,1.61,3.47,160,6.69,0.02,0.03,0.0,22,2,103
4829,2026-02-18T12:58:00,HYPE,4158.09,3637.21,0.55447,29.121,29.122,0.001064,56.19,65.39,-9.2,31,121.58,2.8,4.94,-2.14,9,0,109
4830,2026-02-18T12:58:00,BTC,33.63,70.66,0.426009,67457.0,67458.0,1.055046,4.29,8.43,-4.14,146,12.72,0.06,5.81,-5.75,39,6,109
4831,2026-02-18T12:59:00,HYPE,3781.93,4222.88,0.515142,29.129,29.13,0.001075,151.58,221.79,-70.21,48,373.37,3.15,5.72,-2.57,12,0,107
4832,2026-02-18T12:59:00,BTC,35.47,39.84,0.476828,67436.0,67437.0,1.093458,5.77,0.84,4.93,161,6.61,0.09,0.03,0.06,19,3,107
4833,2026-02-18T13:00:00,HYPE,4109.85,3462.28,0.546352,29.124,29.125,0.001164,82.89,329.64,-246.75,47,412.53,3.18,4.94,-1.76,10,0,110
4834,2026-02-18T13:00:00,BTC,47.66,56.79,0.379443,67434.0,67435.0,1.0,11.63,1.86,9.77,142,13.48,0.01,0.03,-0.02,17,6,110
4835,2026-02-18T13:01:00,HYPE,7845.17,2670.98,0.635605,29.145,29.146,0.001798,519.25,95.85,423.4,53,615.1,2.74,4.94,-2.2,9,0,109
4836,2026-02-18T13:01:00,BTC,61.59,31.23,0.438278,67488.0,67489.0,1.201835,7.91,0.81,7.1,213,8.72,0.01,0.03,-0.02,22,4,109
4837,2026-02-18T13:02:00,HYPE,6456.74,3705.41,0.649629,29.127,29.128,0.001185,238.94,90.45,148.49,54,329.39,3.12,4.93,-1.81,10,0,108
4838,2026-02-18T13:02:00,BTC,51.47,28.83,0.397194,67473.0,67477.0,1.055556,5.9,0.27,5.63,129,6.17,0.01,0.03,-0.02,14,4,108
4839,2026-02-18T13:03:00,HYPE,4597.07,4399.64,0.527422,29.133,29.134,0.001339,1911.29,141.03,1770.26,83,2052.32,2.74,333.54,-330.8,12,0,109
4840,2026-02-18T13:03:00,BTC,29.47,72.57,0.419072,67477.0,67478.0,1.018349,4.0,1.87,2.13,118,5.87,0.01,0.03,-0.02,23,4,109
4841,2026-02-18T13:04:00,HYPE,4687.83,4568.54,0.478341,29.117,29.118,0.001486,515.65,170.17,345.48,65,685.82,3.17,39.45,-36.28,12,0,111
4842,2026-02-18T13:04:00,BTC,19.97,51.49,0.421902,67458.0,67459.0,1.09009,1.87,1.63,0.24,122,3.51,0.01,0.03,-0.02,16,1,111
4843,2026-02-18T13:05:00,HYPE,3837.63,3109.99,0.463619,29.034,29.035,0.00158,242.93,2128.77,-1885.84,139,2371.7,2.8,11.14,-8.34,11,0,112
4844,2026-02-18T13:05:00,BTC,3.05,86.16,0.293869,67384.0,67385.0,1.205357,1.58,2.21,-0.63,294,3.79,0.6,0.03,0.58,61,0,112
4845,2026-02-18T13:06:00,HYPE,3656.14,4773.3,0.410154,28.972,28.973,0.002324,505.2,8765.21,-8260.01,266,9270.41,325.36,5040.42,-4715.06,88,1,111
4846,2026-02-18T13:06:00,BTC,34.37,55.8,0.383489,67395.0,67396.0,1.27027,6.37,4.46,1.91,336,10.82,0.55,0.04,0.51,54,4,111
4847,2026-02-18T13:07:00,HYPE,3782.8,4037.02,0.431373,28.957,28.958,0.002083,204.24,6466.03,-6261.79,186,6670.27,1598.86,2512.75,-913.89,48,0,109
4848,2026-02-18T13:07:00,BTC,48.44,26.72,0.383241,67376.0,67377.0,1.0,0.36,1.01,-0.65,124,1.37,0.0,0.05,-0.05,48,0,109
4849,2026-02-18T13:08:00,HYPE,7309.89,3902.25,0.481521,29.053,29.054,0.002138,7701.95,849.75,6852.2,201,8551.7,6002.8,311.71,5691.09,100,0,109
4850,2026-02-18T13:08:00,BTC,30.88,50.85,0.587929,67495.0,67496.0,1.348624,0.93,0.92,0.01,179,1.85,0.0,0.28,-0.28,15,0,109
4851,2026-02-18T13:09:00,HYPE,5007.81,2880.09,0.493266,29.046,29.05,0.001731,77.71,537.57,-459.86,55,615.28,37.0,4.94,32.06,12,0,108
4852,2026-02-18T13:09:00,BTC,167.31,19.7,0.530997,67528.0,67529.0,1.212963,3.5,3.66,-0.15,235,7.16,0.0,0.4,-0.39,31,3,108
4853,2026-02-18T13:10:00,HYPE,3949.3,3023.26,0.500991,29.055,29.056,0.001455,153.07,170.92,-17.85,56,323.99,2.8,5.33,-2.53,10,0,110
4854,2026-02-18T13:10:00,BTC,40.61,53.3,0.585151,67519.0,67520.0,1.036364,1.8,3.0,-1.21,307,4.8,0.0,2.07,-2.07,217,0,110
4855,2026-02-18T13:11:00,HYPE,4149.81,5156.92,0.508967,29.07,29.076,0.001327,1246.21,65.83,1180.38,100,1312.04,3.2,5.34,-2.14,11,0,110
4856,2026-02-18T13:11:00,BTC,71.84,36.77,0.666141,67549.0,67550.0,1.063636,1.53,3.12,-1.6,223,4.65,0.0,2.06,-2.06,86,0,110
4857,2026-02-18T13:12:00,HYPE,5585.39,3504.03,0.44502,29.045,29.046,0.001266,317.79,90.18,227.61,53,407.97,2.8,4.94,-2.14,9,0,109
4858,2026-02-18T13:12:00,BTC,28.69,67.57,0.544822,67531.0,67532.0,1.045872,0.28,3.43,-3.15,146,3.7,0.0,0.53,-0.53,42,1,109
4859,2026-02-18T13:13:00,HYPE,4056.62,4288.69,0.492961,29.044,29.045,0.001343,89.97,257.23,-167.26,34,347.2,3.2,4.94,-1.74,10,0,108
4860,2026-02-18T13:13:00,BTC,52.71,49.6,0.419076,67528.0,67529.0,1.101852,0.35,0.6,-0.25,72,0.95,0.0,0.61,-0.61,34,0,108
4861,2026-02-18T13:14:00,HYPE,5030.29,4539.53,0.485553,29.048,29.049,0.001296,244.96,6.61,238.35,44,251.57,2.4,4.94,-2.54,8,0,108
4862,2026-02-18T13:14:00,BTC,42.79,42.26,0.560425,67539.0,67540.0,1.101852,1.05,0.59,0.47,92,1.64,0.0,0.52,-0.52,24,0,108
4863,2026-02-18T13:15:00,HYPE,3530.77,5279.39,0.533841,29.06,29.063,0.001339,1067.34,801.08,266.26,94,1868.42,3.2,4.93,-1.73,10,0,109
4864,2026-02-18T13:15:00,BTC,22.97,75.66,0.523532,67517.0,67518.0,1.018349,0.29,0.88,-0.6,116,1.17,0.0,0.49,-0.49,24,0,109
4865,2026-02-18T13:16:00,HYPE,4068.51,4275.46,0.501556,29.061,29.062,0.001019,86.72,369.38,-282.66,41,456.1,2.8,7.39,-4.59,11,0,108
4866,2026-02-18T13:16:00,BTC,30.41,72.01,0.509478,67539.0,67540.0,1.046296,0.6,2.39,-1.79,100,2.99,0.0,0.53,-0.53,23,2,108
4867,2026-02-18T13:17:00,HYPE,2701.91,3715.63,0.552047,29.065,29.066,0.001523,42.01,655.04,-613.03,53,697.05,21.3,5.45,15.85,13,0,109
4868,2026-02-18T13:17:00,BTC,24.18,83.39,0.54967,67548.0,67549.0,1.009174,4.44,5.66,-1.22,152,10.1,0.0,0.62,-0.62,36,5,109
4869,2026-02-18T13:18:00,HYPE,3861.6,3043.68,0.525442,29.054,29.055,0.001468,128.89,102.27,26.62,37,231.16,3.2,4.94,-1.74,10,0,109
4870,2026-02-18T13:18:00,BTC,41.11,38.6,0.450469,67544.0,67545.0,1.073394,0.95,1.14,-0.19,116,2.09,0.0,0.47,-0.47,26,0,109
4871,2026-02-18T13:19:00,HYPE,2775.55,3932.8,0.476569,28.986,28.987,0.001394,27.67,276.4,-248.73,62,304.07,2.8,4.93,-2.13,9,0,109
4872,2026-02-18T13:19:00,BTC,43.33,44.74,0.371304,67436.0,67437.0,1.155963,0.32,1.53,-1.21,190,1.84,0.0,0.51,-0.5,47,0,109
4873,2026-02-18T13:20:00,HYPE,5681.47,2469.79,0.588434,29.001,29.002,0.001202,85.17,86.33,-1.16,44,171.5,3.2,4.94,-1.74,10,0,109
4874,2026-02-18T13:20:00,BTC,28.14,58.25,0.443753,67450.0,67451.0,1.036697,1.04,2.07,-1.03,153,3.11,0.0,0.62,-0.62,30,0,109
4875,2026-02-18T13:21:00,HYPE,6314.21,3348.65,0.522629,28.943,28.944,0.00187,62.35,7909.07,-7846.72,210,7971.42,906.0,7504.94,-6598.94,161,0,108
4876,2026-02-18T13:21:00,BTC,19.32,81.03,0.343013,67430.0,67431.0,1.064815,3.96,1.93,2.04,159,5.89,4.11,0.84,3.27,72,3,108
4877,2026-02-18T13:22:00,HYPE,3336.87,3280.09,0.540491,28.936,28.937,0.001596,115.97,386.31,-270.34,49,502.28,231.09,6.64,224.45,15,0,109
4878,2026-02-18T13:22:00,BTC,36.29,40.67,0.384597,67421.0,67422.0,1.40367,99.51,2.58,96.93,501,102.09,3.87,5.15,-1.28,137,49,109
4879,2026-02-18T13:23:00,HYPE,4461.56,5017.2,0.517233,28.96,28.961,0.0015,442.55,2522.75,-2080.2,95,2965.3,393.6,2504.93,-2111.33,55,0,110
4880,2026-02-18T13:23:00,BTC,51.2,38.69,0.573586,67468.0,67469.0,1.054545,1.8,0.8,1.0,148,2.6,0.72,0.69,0.03,34,0,110
4881,2026-02-18T13:24:00,HYPE,3323.16,3585.36,0.516656,28.987,28.988,0.001505,3308.56,165.83,3142.73,71,3474.39,105.35,323.86,-218.51,16,1,109
4882,2026-02-18T13:24:00,BTC,28.13,60.27,0.579913,67457.0,67458.0,1.137615,0.62,1.73,-1.1,117,2.35,0.01,0.42,-0.42,29,0,109
4883,2026-02-18T13:25:00,HYPE,3414.25,3157.54,0.561933,28.986,28.987,0.00167,2550.49,834.44,1716.05,81,3384.93,2600.99,450.27,2150.72,48,0,106
4884,2026-02-18T13:25:00,BTC,36.23,36.51,0.452307,67450.0,67451.0,1.075472,0.14,0.6,-0.46,95,0.74,0.1,0.47,-0.36,51,0,106
4885,2026-02-18T13:26:00,HYPE,5347.64,2256.19,0.544419,29.012,29.014,0.001691,268.2,402.97,-134.77,68,671.17,20.84,18.75,2.09,16,0,110
4886,2026-02-18T13:26:00,BTC,39.62,34.62,0.569245,67488.0,67489.0,1.009091,1.37,9.52,-8.14,149,10.89,0.58,0.43,0.14,22,4,110
4887,2026-02-18T13:27:00,HYPE,4224.94,3149.37,0.583356,29.067,29.068,0.001688,6475.35,706.31,5769.04,205,7181.66,5020.83,342.69,4678.14,87,0,109
4888,2026-02-18T13:27:00,BTC,56.56,32.1,0.572021,67489.0,67490.0,1.018349,0.35,0.92,-0.57,123,1.27,0.12,0.44,-0.31,32,0,109
4889,2026-02-18T13:28:00,HYPE,3558.26,3388.33,0.565191,29.054,29.055,0.001463,532.25,240.41,291.84,64,772.66,20.43,20.21,0.22,17,0,108
4890,2026-02-18T13:28:00,BTC,36.63,41.37,0.535639,67462.0,67463.0,1.046296,0.11,0.59,-0.47,97,0.7,0.01,0.42,-0.41,15,0,108
4891,2026-02-18T13:29:00,HYPE,4126.49,2067.66,0.616437,29.284,29.288,0.004339,38123.07,2310.06,35813.01,1374,40433.13,19502.64,4042.87,15459.77,552,4,109
4892,2026-02-18T13:29:00,BTC,47.65,35.36,0.548863,67448.0,67449.0,1.045872,0.55,0.87,-0.31,113,1.42,0.01,0.44,-0.44,21,0,109
4893,2026-02-18T13:30:00,HYPE,2639.4,4913.62,0.551986,29.333,29.334,0.004745,40981.27,18472.03,22509.24,1453,59453.3,13528.52,4692.62,8835.9,453,1,110
4894,2026-02-18T13:30:00,BTC,8.3,21.54,0.50005,67447.0,67448.0,1.045455,1.16,1.79,-0.64,159,2.95,0.34,0.39,-0.05,29,0,110
4895,2026-02-18T13:31:00,HYPE,2981.04,4135.89,0.446622,29.229,29.23,0.003527,5888.2,19909.2,-14021.0,482,25797.4,12835.5,410.96,12424.54,160,1,110
4896,2026-02-18T13:31:00,BTC,43.03,30.35,0.598236,67423.0,67424.0,1.090909,5.41,10.07,-4.66,223,15.47,0.01,0.67,-0.66,35,6,110
4897,2026-02-18T13:32:00,HYPE,3333.55,4797.64,0.585751,29.294,29.301,0.003774,5918.66,1644.38,4274.28,255,7563.04,980.64,373.53,607.11,55,0,106
4898,2026-02-18T13:32:00,BTC,32.53,48.43,0.479426,67391.0,67392.0,1.103774,0.29,3.71,-3.41,141,4.0,0.01,0.42,-0.41,32,1,106
4899,2026-02-18T13:33:00,HYPE,3723.4,2617.28,0.587875,29.257,29.258,0.002261,2731.4,9688.72,-6957.32,224,12420.12,1686.92,4.94,1681.98,49,1,111
4900,2026-02-18T13:33:00,BTC,42.95,31.81,0.50485,67336.0,67337.0,1.072072,0.93,4.17,-3.24,270,5.1,0.2,0.67,-0.47,61,1,111
4901,2026-02-18T13:34:00,HYPE,3110.84,2038.26,0.511776,29.29,29.293,0.002667,7715.33,2443.26,5272.07,231,10158.59,851.64,1153.17,-301.53,58,0,108
4902,2026-02-18T13:34:00,BTC,131.39,27.34,0.561262,67355.0,67356.0,1.0,1.24,4.53,-3.28,181,5.77,0.02,1.71,-1.69,32,1,108
4903,2026-02-18T13:35:00,HYPE,4865.18,4485.88,0.554077,29.349,29.35,0.002345,4352.33,3099.86,1252.47,171,7452.19,3622.19,332.42,3289.77,68,0,110
4904,2026-02-18T13:35:00,BTC,57.37,30.16,0.580573,67357.0,67358.0,1.027273,5.67,1.14,4.52,187,6.81,0.01,0.72,-0.71,43,1,110
4905,2026-02-18T13:36:00,HYPE,4064.48,3426.15,0.560727,29.305,29.306,0.00289,1900.36,3355.24,-1454.88,172,5255.6,1026.61,55.36,971.25,38,0,109
4906,2026-02-18T13:36:00,BTC,48.07,27.61,0.550685,67360.0,67361.0,1.055046,0.25,0.81,-0.56,158,1.07,0.01,0.72,-0.71,47,0,109
4907,2026-02-18T13:37:00,HYPE,2900.3,4692.84,0.548774,29.265,29.271,0.002046,1073.13,1261.45,-188.32,96,2334.58,610.88,49.83,561.05,27,0,109
4908,2026-02-18T13:37:00,BTC,44.6,37.5,0.598724,67366.0,67367.0,1.036697,1.84,1.03,0.81,144,2.86,0.01,0.72,-0.71,42,0,109
4909,2026-02-18T13:38:00,HYPE,5632.93,3248.88,0.535924,29.251,29.258,0.001712,901.27,483.97,417.3,108,1385.24,870.23,116.99,753.24,59,0,111
4910,2026-02-18T13:38:00,BTC,96.63,25.4,0.597267,67364.0,67367.0,1.045045,0.2,1.67,-1.47,120,1.87,0.01,0.59,-0.58,44,1,111
4911,2026-02-18T13:39:00,HYPE,3436.1,4213.39,0.49175,29.222,29.223,0.001578,753.65,1282.68,-529.03,122,2036.33,636.8,4.94,631.86,34,0,109
4912,2026-02-18T13:39:00,BTC,46.83,41.75,0.601527,67381.0,67382.0,1.137615,4.63,1.08,3.55,176,5.7,0.01,0.52,-0.51,40,1,109
4913,2026-02-18T13:40:00,HYPE,7488.16,2992.83,0.529369,29.214,29.215,0.002065,6064.09,1986.58,4077.51,232,8050.67,1690.57,530.18,1160.39,76,1,108
4914,2026-02-18T13:40:00,BTC,81.68,28.68,0.542819,67352.0,67353.0,1.074074,0.35,18.0,-17.65,189,18.34,0.58,0.39,0.19,36,12,108
4915,2026-02-18T13:41:00,HYPE,3929.67,2720.94,0.47712,29.21,29.211,0.002556,4674.5,2657.73,2016.77,211,7332.23,3268.27,898.15,2370.12,87,0,108
4916,2026-02-18T13:41:00,BTC,54.29,37.85,0.557142,67281.0,67282.0,1.175926,1.8,23.42,-21.62,440,25.22,0.01,1.95,-1.95,84,13,108
4917,2026-02-18T13:42:00,HYPE,6023.51,2864.78,0.462683,29.247,29.252,0.001775,15147.2,1830.56,13316.64,166,16977.76,590.5,1932.05,-1341.55,51,1,111
4918,2026-02-18T13:42:00,BTC,41.42,46.29,0.59974,67327.0,67328.0,1.306306,27.25,3.78,23.48,345,31.03,1.49,2.97,-1.47,66,14,111
4919,2026-02-18T13:43:00,HYPE,7282.34,3264.16,0.528041,29.106,29.131,0.003093,1565.4,16394.81,-14829.41,504,17960.21,2505.02,8152.88,-5647.86,223,0,108
4920,2026-02-18T13:43:00,BTC,47.65,22.47,0.512713,67268.0,67269.0,1.101852,1.75,13.63,-11.88,253,15.38,0.01,5.16,-5.16,76,8,108
4921,2026-02-18T13:44:00,HYPE,3906.63,3301.12,0.578449,29.204,29.21,0.003252,5718.31,10360.42,-4642.11,480,16078.73,1303.95,2617.12,-1313.17,88,1,111
4922,2026-02-18T13:44:00,BTC,26.27,69.65,0.56917,67263.0,67265.0,1.477477,1.22,10.87,-9.65,503,12.1,0.12,0.26,-0.14,44,4,111
4923,2026-02-18T13:45:00,HYPE,3781.05,4567.36,0.575411,29.23,29.232,0.002778,2698.81,1878.92,819.89,143,4577.73,6.89,1425.68,-1418.79,47,0,108
4924,2026-02-18T13:45:00,BTC,69.78,28.76,0.612527,67257.0,67258.0,1.203704,5.3,0.8,4.51,197,6.1,0.01,1.08,-1.08,40,2,108
4925,2026-02-18T13:46:00,HYPE,4218.4,7688.47,0.497135,29.165,29.166,0.002964,2985.23,4125.67,-1140.44,193,7110.9,6.1,1762.75,-1756.65,32,0,110
4926,2026-02-18T13:46:00,BTC,41.27,38.76,0.526603,67239.0,67240.0,1.190909,9.53,2.25,7.28,267,11.77,0.01,0.14,-0.13,38,1,110
4927,2026-02-18T13:47:00,HYPE,6332.13,3701.51,0.441365,29.061,29.084,0.002873,1097.97,14478.75,-13380.78,419,15576.72,1177.19,4928.9,-3751.71,106,0,110
4928,2026-02-18T13:47:00,BTC,39.8,27.69,0.474834,67193.0,67194.0,1.454545,3.72,2.86,0.86,372,6.58,1.34,0.81,0.53,51,2,110
4929,2026-02-18T13:48:00,HYPE,1090.99,6487.88,0.521325,29.0,29.001,0.004234,1513.7,29811.84,-28298.14,821,31325.54,3316.06,8071.33,-4755.27,196,0,111
4930,2026-02-18T13:48:00,BTC,37.4,38.9,0.436747,67122.0,67123.0,1.45045,1.16,10.43,-9.28,401,11.59,0.44,0.18,0.26,39,5,111
4931,2026-02-18T13:49:00,HYPE,5451.36,3926.71,0.557309,29.027,29.032,0.002101,1127.95,982.95,145.0,140,2110.9,6.94,289.39,-282.45,25,0,109
4932,2026-02-18T13:49:00,BTC,21.43,120.4,0.532084,67134.0,67135.0,1.33945,4.62,18.79,-14.17,340,23.42,0.86,0.14,0.71,43,14,109
4933,2026-02-18T13:50:00,HYPE,6097.48,3372.8,0.583256,29.073,29.074,0.00275,2661.57,1240.84,1420.73,95,3902.41,1314.66,82.46,1232.2,38,0,108
4934,2026-02-18T13:50:00,BTC,40.3,35.56,0.51915,67128.0,67129.0,1.111111,3.68,6.88,-3.19,326,10.56,0.02,1.77,-1.75,55,4,108
4935,2026-02-18T13:51:00,HYPE,3949.77,2777.86,0.642074,29.185,29.186,0.002578,7398.85,801.34,6597.51,259,8200.19,306.8,1635.18,-1328.38,45,0,109
4936,2026-02-18T13:51:00,BTC,56.83,35.88,0.568301,67154.0,67155.0,1.422018,3.84,0.83,3.02,234,4.67,0.02,0.37,-0.35,40,0,109
4937,2026-02-18T13:52:00,HYPE,4772.62,3649.57,0.608331,29.204,29.213,0.00214,4084.92,270.0,3814.92,101,4354.92,3506.89,799.84,2707.05,74,0,107
4938,2026-02-18T13:52:00,BTC,27.38,74.74,0.536703,67162.0,67163.0,1.570093,48.46,7.97,40.48,361,56.43,0.23,2.64,-2.4,69,23,107
4939,2026-02-18T13:53:00,HYPE,4676.7,3605.96,0.560494,29.137,29.138,0.001982,2222.43,841.39,1381.04,102,3063.82,6.88,737.54,-730.66,33,0,110
4940,2026-02-18T13:53:00,BTC,43.89,28.41,0.521973,67111.0,67112.0,1.109091,1.91,13.45,-11.54,429,15.36,0.34,6.11,-5.77,106,3,110
4941,2026-02-18T13:54:00,HYPE,4218.71,3732.67,0.543121,29.076,29.077,0.002409,816.88,3677.81,-2860.93,133,4494.69,49.94,2871.15,-2821.21,55,0,110
4942,2026-02-18T13:54:00,BTC,91.96,14.28,0.473001,67063.0,67065.0,1.209091,3.22,47.12,-43.91,440,50.34,0.79,16.09,-15.3,136,31,110
4943,2026-02-18T13:55:00,HYPE,3033.37,5048.78,0.541478,29.012,29.013,0.002602,439.41,2509.65,-2070.24,101,2949.06,52.87,199.33,-146.46,24,0,108
4944,2026-02-18T13:55:00,BTC,79.95,27.34,0.527744,67067.0,67072.0,1.175926,4.69,1.7,2.99,263,6.4,0.02,1.44,-1.42,76,1,108
4945,2026-02-18T13:56:00,HYPE,4960.37,4784.2,0.56093,29.038,29.039,0.002309,5669.49,7668.16,-1998.67,345,13337.65,4467.41,762.33,3705.08,57,1,110
4946,2026-02-18T13:56:00,BTC,80.33,48.01,0.639019,67106.0,67107.0,1.454545,15.75,9.26,6.5,609,25.01,0.02,1.05,-1.03,59,7,110
4947,2026-02-18T13:57:00,HYPE,5280.36,3571.59,0.591151,29.081,29.088,0.003018,890.11,179.02,711.09,61,1069.13,2.4,16.75,-14.35,15,0,109
4948,2026-02-18T13:57:00,BTC,111.69,17.08,0.596256,67185.0,67186.0,1.045872,75.63,2.21,73.43,610,77.84,0.02,6.36,-6.34,59,34,109
4949,2026-02-18T13:58:00,HYPE,4568.56,4373.31,0.601095,29.086,29.089,0.002624,547.46,196.49,350.97,59,743.95,2.4,62.79,-60.39,15,0,109
4950,2026-02-18T13:58:00,BTC,19.32,84.53,0.495649,67188.0,67189.0,1.12844,6.02,1.16,4.86,231,7.18,0.02,1.39,-1.38,50,3,109
4951,2026-02-18T13:59:00,HYPE,4475.6,3538.8,0.568466,29.115,29.116,0.002426,3096.74,1051.55,2045.19,108,4148.29,2752.4,372.4,2380.0,61,0,108
4952,2026-02-18T13:59:00,BTC,39.41,64.74,0.518607,67196.0,67197.0,1.203704,10.41,1.01,9.4,321,11.41,0.01,1.32,-1.31,38,3,108
4953,2026-02-18T14:00:00,HYPE,4248.94,7609.52,0.545243,29.124,29.125,0.0021,328.59,336.24,-7.65,60,664.83,1.97,28.57,-26.6,12,0,110
4954,2026-02-18T14:00:00,BTC,24.5,41.28,0.531172,67211.0,67212.0,1.072727,1.17,2.23,-1.06,174,3.4,0.01,0.17,-0.16,40,0,110
4955,2026-02-18T14:01:00,HYPE,5121.0,2554.27,0.612477,29.131,29.132,0.002056,1551.08,631.32,919.76,105,2182.4,1.99,16.57,-14.58,11,0,108
4956,2026-02-18T14:01:00,BTC,26.74,49.77,0.553495,67252.0,67253.0,1.388889,6.0,6.81,-0.81,444,12.81,0.01,0.45,-0.44,29,2,108
4957,2026-02-18T14:02:00,HYPE,5265.63,5517.53,0.605333,29.216,29.217,0.002306,3441.11,838.33,2602.78,183,4279.44,103.43,485.96,-382.53,31,0,111
4958,2026-02-18T14:02:00,BTC,61.67,30.82,0.425963,67224.0,67225.0,1.099099,10.87,0.78,10.09,172,11.64,0.01,0.16,-0.16,15,2,111
4959,2026-02-18T14:03:00,HYPE,6390.97,4852.58,0.559965,29.187,29.193,0.00255,1084.04,66.72,1017.32,63,1150.76,7.34,334.23,-326.89,18,0,109
4960,2026-02-18T14:03:00,BTC,30.67,59.16,0.585373,67273.0,67274.0,1.211009,2.71,1.66,1.05,173,4.37,0.01,0.15,-0.14,17,1,109
4961,2026-02-18T14:04:00,HYPE,4358.43,3389.08,0.607833,29.173,29.174,0.002698,715.88,410.98,304.9,61,1126.86,49.96,456.99,-407.03,24,0,106
4962,2026-02-18T14:04:00,BTC,45.85,42.63,0.50273,67278.0,67279.0,1.198113,38.66,1.09,37.57,363,39.75,0.01,0.39,-0.38,21,17,106
4963,2026-02-18T14:05:00,HYPE,4691.9,5074.79,0.565586,29.175,29.176,0.001847,193.93,195.93,-2.0,62,389.86,8.4,15.94,-7.54,13,0,111
4964,2026-02-18T14:05:00,BTC,43.04,48.77,0.501487,67281.0,67282.0,1.126126,3.22,0.74,2.48,152,3.96,0.01,0.14,-0.13,16,0,111
4965,2026-02-18T14:06:00,HYPE,5316.66,3871.7,0.535769,29.188,29.193,0.001459,165.83,72.79,93.04,31,238.62,1.56,15.61,-14.05,11,0,109
4966,2026-02-18T14:06:00,BTC,31.86,49.38,0.460571,67337.0,67338.0,1.12844,20.23,1.45,18.79,364,21.68,0.01,1.24,-1.23,21,10,109
4967,2026-02-18T14:07:00,HYPE,5606.97,3887.76,0.495782,29.118,29.12,0.001459,1681.32,2286.73,-605.41,110,3968.05,307.84,20.8,287.04,16,0,111
4968,2026-02-18T14:07:00,BTC,25.19,39.85,0.255333,67201.0,67202.0,1.261261,2.92,19.01,-16.09,371,21.93,0.0,0.14,-0.14,13,10,111
4969,2026-02-18T14:08:00,HYPE,9569.1,2248.86,0.622611,29.176,29.177,0.001459,209.34,206.0,3.34,48,415.34,38.29,15.01,23.28,19,0,109
4970,2026-02-18T14:08:00,BTC,62.04,26.67,0.568539,67238.0,67239.0,1.321101,0.78,1.83,-1.05,134,2.61,0.0,0.16,-0.16,18,0,109
4971,2026-02-18T14:09:00,HYPE,5967.05,3671.51,0.584168,29.207,29.208,0.001349,917.78,187.91,729.87,61,1105.69,1.95,41.58,-39.63,12,0,109
4972,2026-02-18T14:09:00,BTC,54.69,36.62,0.559859,67283.0,67284.0,1.137615,12.04,0.77,11.27,176,12.81,0.0,0.36,-0.36,13,7,109
4973,2026-02-18T14:10:00,HYPE,5619.32,5537.75,0.58364,29.207,29.208,0.001645,395.23,568.25,-173.02,74,963.48,2.34,84.07,-81.73,19,0,110
4974,2026-02-18T14:10:00,BTC,13.42,81.38,0.455358,67292.0,67293.0,1.2,25.51,1.79,23.72,198,27.31,0.0,0.01,-0.01,10,11,110
4975,2026-02-18T14:11:00,HYPE,7229.38,4374.94,0.449729,29.129,29.13,0.001402,268.09,1551.47,-1283.38,101,1819.56,33.29,17.34,15.95,16,0,107
4976,2026-02-18T14:11:00,BTC,35.6,38.55,0.373739,67259.0,67260.0,1.084112,6.01,0.37,5.64,146,6.38,0.03,0.01,0.03,18,3,107
4977,2026-02-18T14:12:00,HYPE,4700.08,4111.56,0.497479,29.117,29.118,0.001963,1182.07,102.92,1079.15,84,1284.99,2.06,323.96,-321.9,15,0,109
4978,2026-02-18T14:12:00,BTC,72.79,23.9,0.590057,67251.0,67252.0,1.174312,1.65,1.85,-0.2,199,3.5,0.21,0.01,0.21,10,0,109
4979,2026-02-18T14:13:00,HYPE,3303.48,3002.38,0.539267,29.103,29.104,0.002376,678.58,7958.4,-7279.82,278,8636.98,2417.51,7794.74,-5377.23,197,0,109
4980,2026-02-18T14:13:00,BTC,25.2,67.84,0.346375,67204.0,67205.0,1.146789,0.25,1.72,-1.47,106,1.97,0.01,0.01,0.0,11,0,109
4981,2026-02-18T14:14:00,HYPE,2827.48,4349.02,0.561323,29.13,29.131,0.00163,349.64,21.08,328.56,39,370.72,2.4,14.86,-12.46,13,0,108
4982,2026-02-18T14:14:00,BTC,48.03,38.83,0.56732,67233.0,67234.0,1.083333,0.52,1.7,-1.18,148,2.22,0.01,0.02,-0.01,25,0,108
4983,2026-02-18T14:15:00,HYPE,6089.44,4936.71,0.508407,29.129,29.13,0.001718,612.3,1034.8,-422.5,86,1647.1,11.34,16.97,-5.63,15,0,110
4984,2026-02-18T14:15:00,BTC,38.49,34.53,0.645068,67252.0,67253.0,1.081818,1.98,4.25,-2.27,138,6.23,0.01,0.01,0.0,18,2,110
4985,2026-02-18T14:16:00,HYPE,4623.89,3925.86,0.546104,29.132,29.136,0.002435,1410.97,2652.81,-1241.84,124,4063.78,226.72,1283.5,-1056.78,38,0,108
4986,2026-02-18T14:16:00,BTC,89.05,24.98,0.499797,67216.0,67217.0,1.037037,1.1,6.91,-5.81,164,8.0,0.17,0.01,0.16,14,6,108
4987,2026-02-18T14:17:00,HYPE,4500.42,3816.33,0.538283,29.096,29.099,0.002477,869.26,2119.85,-1250.59,115,2989.11,364.41,1154.84,-790.43,40,0,109
4988,2026-02-18T14:17:00,BTC,20.9,81.18,0.394595,67211.0,67214.0,1.073394,1.01,1.07,-0.06,90,2.08,0.01,0.01,0.0,17,0,109
4989,2026-02-18T14:18:00,HYPE,4140.02,3906.78,0.52069,29.055,29.056,0.00189,659.34,1641.8,-982.46,115,2301.14,23.71,54.47,-30.76,19,0,109
4990,2026-02-18T14:18:00,BTC,86.77,25.39,0.503192,67126.0,67127.0,1.357798,2.55,24.92,-22.37,487,27.47,0.14,0.01,0.13,16,11,109
4991,2026-02-18T14:19:00,HYPE,4278.24,4150.8,0.535412,29.071,29.073,0.001759,712.19,77.98,634.21,84,790.17,2.4,16.6,-14.2,14,0,108
4992,2026-02-18T14:19:00,BTC,39.46,40.22,0.433987,67085.0,67086.0,1.296296,1.73,5.44,-3.72,227,7.17,0.2,0.16,0.04,47,2,108
4993,2026-02-18T14:20:00,HYPE,4070.53,4047.92,0.498587,29.043,29.046,0.002463,977.64,4212.31,-3234.67,115,5189.95,674.59,72.23,602.36,22,0,108
4994,2026-02-18T14:20:00,BTC,39.91,33.63,0.575086,67112.0,67113.0,1.490741,6.45,2.46,3.98,266,8.91,0.0,0.04,-0.04,34,3,108
4995,2026-02-18T14:21:00,HYPE,3781.14,4662.52,0.556438,29.042,29.043,0.002352,1012.9,116.52,896.38,80,1129.42,23.09,436.28,-413.19,21,0,108
4996,2026-02-18T14:21:00,BTC,20.89,82.4,0.424275,67069.0,67070.0,1.425926,1.65,6.21,-4.56,245,7.86,0.0,0.04,-0.04,30,2,108
4997,2026-02-18T14:22:00,HYPE,11084.51,3099.54,0.515635,29.02,29.021,0.001881,151.35,1378.92,-1227.57,89,1530.27,2.0,85.42,-83.42,26,0,109
4998,2026-02-18T14:22:00,BTC,61.59,37.87,0.567364,67069.0,67070.0,1.009174,0.91,3.93,-3.02,136,4.84,0.0,0.04,-0.04,31,0,109
4999,2026-02-18T14:23:00,HYPE,8972.97,3537.64,0.689286,29.008,29.009,0.0023,53.61,696.68,-643.07,80,750.29,2.4,21.64,-19.24,14,0,110
5000,2026-02-18T14:23:00,BTC,30.13,35.14,0.5448,67051.0,67052.0,1.072727,1.48,5.54,-4.06,181,7.03,0.0,0.04,-0.04,33,2,110
5001,2026-02-18T14:24:00,HYPE,9721.32,3393.89,0.704511,29.025,29.026,0.001826,93.06,236.72,-143.66,61,329.78,11.11,21.0,-9.89,18,0,109
5002,2026-02-18T14:24:00,BTC,44.38,34.45,0.521805,67116.0,67117.0,1.073394,11.01,0.87,10.14,302,11.88,5.0,0.5,4.5,72,2,109
5003,2026-02-18T14:25:00,HYPE,999.37,5287.41,0.591244,28.98,28.981,0.002278,359.96,6160.27,-5800.31,119,6520.23,1.6,4470.92,-4469.32,15,1,108
5004,2026-02-18T14:25:00,BTC,7.26,75.48,0.452586,67114.0,67115.0,1.212963,2.85,1.43,1.42,182,4.27,0.0,0.26,-0.26,33,2,108
5005,2026-02-18T14:26:00,HYPE,5335.3,2358.97,0.507088,28.965,28.966,0.001709,387.94,2586.53,-2198.59,285,2974.47,193.69,20.8,172.89,28,0,110
5006,2026-02-18T14:26:00,BTC,15.83,49.07,0.457899,67103.0,67104.0,1.045455,0.33,0.22,0.1,126,0.55,0.0,0.04,-0.04,35,0,110
5007,2026-02-18T14:27:01,HYPE,4012.99,4389.92,0.516408,28.961,28.962,0.002926,6953.2,1164.02,5789.18,226,8117.22,252.4,1371.64,-1119.24,30,0,108
5008,2026-02-18T14:27:01,BTC,119.16,29.59,0.55874,67122.0,67123.0,1.157407,10.93,0.4,10.53,151,11.33,0.0,0.02,-0.02,24,4,108
5009,2026-02-18T14:28:00,HYPE,4032.27,4616.18,0.471099,28.994,29.0,0.002019,1951.7,54.24,1897.46,132,2005.94,252.4,166.25,86.15,33,0,108
5010,2026-02-18T14:28:00,BTC,128.41,28.35,0.562537,67171.0,67172.0,1.333333,8.79,0.69,8.09,228,9.48,0.0,0.04,-0.04,15,3,108
5011,2026-02-18T14:29:00,HYPE,3618.23,7845.19,0.409076,28.979,28.98,0.002225,2968.48,3712.5,-744.02,444,6680.98,392.5,3201.39,-2808.89,87,0,111
5012,2026-02-18T14:29:00,BTC,60.91,40.75,0.639264,67177.0,67178.0,1.072072,11.85,0.22,11.63,160,12.07,0.0,1.26,-1.25,13,9,111
5013,2026-02-18T14:30:00,HYPE,5221.39,5521.49,0.297381,28.87,28.871,0.003027,3505.99,27247.72,-23741.73,1098,30753.71,5704.36,10302.96,-4598.6,246,2,110
5014,2026-02-18T14:30:00,BTC,46.17,44.09,0.362985,67055.0,67056.0,1.445455,2.44,34.06,-31.62,318,36.5,0.01,0.01,0.0,17,8,110
5015,2026-02-18T14:31:00,HYPE,4223.08,14151.9,0.223647,28.896,28.9,0.003009,11941.02,2674.66,9266.36,352,14615.68,139.0,5830.34,-5691.34,118,1,109
5016,2026-02-18T14:31:00,BTC,27.33,50.01,0.517691,67073.0,67074.0,1.559633,7.36,16.5,-9.14,538,23.85,0.31,0.1,0.21,50,6,109
5017,2026-02-18T14:32:00,HYPE,5484.36,5342.21,0.465246,28.966,28.97,0.0037,10129.97,2983.96,7146.01,375,13113.93,978.53,5789.91,-4811.38,123,0,110
5018,2026-02-18T14:32:00,BTC,13.27,73.28,0.556244,67270.0,67271.0,2.3,130.76,23.65,107.11,1052,154.4,0.01,1.31,-1.3,21,60,110
5019,2026-02-18T14:33:00,HYPE,4268.66,5480.69,0.468087,28.951,28.952,0.002936,4271.05,4322.49,-51.44,184,8593.54,2628.15,2655.06,-26.91,75,1,110
5020,2026-02-18T14:33:00,BTC,21.17,46.12,0.588314,67184.0,67185.0,1.463636,9.7,8.4,1.3,469,18.1,2.92,0.07,2.85,106,5,110
5021,2026-02-18T14:34:00,HYPE,5707.54,6108.87,0.472019,28.919,28.925,0.003682,1197.09,3719.74,-2522.65,185,4916.83,53.87,45.62,8.25,23,0,110
5022,2026-02-18T14:34:00,BTC,15.13,45.55,0.571774,67200.0,67201.0,2.818182,26.73,6.83,19.9,476,33.56,0.0,4.12,-4.11,29,17,110
5023,2026-02-18T14:35:00,HYPE,2626.27,4558.06,0.429832,28.85,28.851,0.003028,1498.85,1458.19,40.66,222,2957.04,2.01,156.79,-154.78,25,0,108
5024,2026-02-18T14:35:00,BTC,39.67,32.8,0.47583,67039.0,67040.0,1.805556,4.19,4.41,-0.22,445,8.61,0.19,0.06,0.13,14,2,108
5025,2026-02-18T14:36:00,HYPE,3750.88,7443.95,0.431653,28.67,28.685,0.00711,21145.93,112068.13,-90922.2,3064,133214.06,6950.87,5601.43,1349.44,256,11,109
5026,2026-02-18T14:36:00,BTC,39.83,66.1,0.489731,67085.0,67087.0,2.412844,14.88,123.24,-108.36,1201,138.12,6.93,2.31,4.63,68,71,109
5027,2026-02-18T14:37:00,HYPE,4634.39,8027.72,0.441564,28.652,28.656,0.004398,10550.51,13978.69,-3428.18,586,24529.2,517.06,1987.88,-1470.82,95,0,108
5028,2026-02-18T14:37:00,BTC,21.19,57.89,0.490112,66995.0,66996.0,2.592593,6.93,14.73,-7.8,446,21.65,0.01,0.28,-0.27,30,6,108
5029,2026-02-18T14:38:00,HYPE,5893.03,5904.22,0.482986,28.729,28.738,0.003234,10762.16,3109.66,7652.5,233,13871.82,278.54,487.64,-209.1,33,1,111
5030,2026-02-18T14:38:00,BTC,89.28,9.56,0.610151,67118.0,67119.0,1.963964,2.18,9.02,-6.84,431,11.2,0.9,0.28,0.62,35,4,111
5031,2026-02-18T14:39:00,HYPE,5776.17,10120.68,0.443291,28.791,28.792,0.004578,8794.37,5603.11,3191.26,302,14397.48,2896.81,626.44,2270.37,63,0,109
5032,2026-02-18T14:39:00,BTC,58.48,16.8,0.488852,67199.0,67200.0,1.642202,8.22,7.65,0.57,418,15.86,1.0,0.29,0.71,27,2,109
5033,2026-02-18T14:40:00,HYPE,5487.7,9786.89,0.439953,28.791,28.792,0.003229,5743.72,1816.47,3927.25,160,7560.19,157.44,348.97,-191.53,27,0,109
5034,2026-02-18T14:40:00,BTC,45.98,20.15,0.494716,67136.0,67137.0,1.779817,19.1,5.02,14.08,507,24.12,0.05,2.59,-2.53,24,14,109
5035,2026-02-18T14:41:00,HYPE,7127.6,5017.4,0.442744,28.719,28.724,0.00433,4277.93,10884.6,-6606.67,306,15162.53,1107.74,1813.17,-705.43,66,0,109
5036,2026-02-18T14:41:00,BTC,108.02,20.25,0.452074,67054.0,67057.0,1.46789,8.24,27.58,-19.35,392,35.82,0.18,0.31,-0.13,45,18,109
5037,2026-02-18T14:42:00,HYPE,4281.88,4919.63,0.480825,28.724,28.725,0.003882,1143.8,2661.46,-1517.66,128,3805.26,828.9,22.21,806.69,28,0,110
5038,2026-02-18T14:42:00,BTC,71.51,9.12,0.567697,67072.0,67073.0,1.745455,5.7,2.41,3.29,383,8.12,0.0,0.31,-0.31,30,0,110
5039,2026-02-18T14:43:00,HYPE,6514.03,5730.74,0.471268,28.772,28.773,0.004282,4031.27,1511.64,2519.63,145,5542.91,168.18,651.1,-482.92,37,0,110
5040,2026-02-18T14:43:00,BTC,167.87,11.62,0.485783,67075.0,67076.0,1.772727,18.12,12.63,5.48,350,30.75,10.0,0.31,9.69,34,18,110
5041,2026-02-18T14:44:00,HYPE,16331.06,9935.45,0.519865,28.795,28.796,0.003218,1608.31,1369.96,238.35,113,2978.27,617.99,392.71,225.28,37,0,110
5042,2026-02-18T14:44:00,BTC,47.62,25.08,0.559933,67151.0,67152.0,1.572727,3.8,5.17,-1.37,317,8.97,0.0,0.31,-0.31,27,1,110
5043,2026-02-18T14:45:00,HYPE,6884.98,5514.48,0.648353,28.772,28.773,0.002881,861.52,11466.9,-10605.38,181,12328.42,116.95,58.97,57.98,23,2,109
5044,2026-02-18T14:45:00,BTC,51.21,17.71,0.55915,67114.0,67115.0,1.59633,5.14,4.85,0.29,337,9.99,0.0,0.31,-0.31,26,0,109
5045,2026-02-18T14:46:00,HYPE,5665.44,5954.92,0.405051,28.821,28.828,0.003928,23265.54,12662.28,10603.26,562,35927.82,2334.5,143.95,2190.55,56,0,111
5046,2026-02-18T14:46:00,BTC,210.18,23.34,0.606597,67267.0,67268.0,1.513514,24.69,2.57,22.12,577,27.25,0.0,2.07,-2.07,31,16,111
5047,2026-02-18T14:47:00,HYPE,6311.97,5009.66,0.519473,28.781,28.783,0.00412,3508.22,7556.33,-4048.11,230,11064.55,981.0,302.24,678.76,46,1,108
5048,2026-02-18T14:47:00,BTC,121.75,23.15,0.464947,67155.0,67156.0,2.027778,7.44,10.87,-3.43,418,18.31,0.0,0.65,-0.65,58,8,108
5049,2026-02-18T14:48:00,HYPE,4570.43,5789.2,0.544385,28.744,28.746,0.003287,1924.89,5369.3,-3444.41,158,7294.19,235.18,20.43,214.75,19,0,108
5050,2026-02-18T14:48:00,BTC,93.41,28.83,0.483351,67025.0,67026.0,1.685185,5.38,21.66,-16.28,612,27.04,0.13,0.9,-0.77,92,11,108
5051,2026-02-18T14:49:00,HYPE,8121.67,16210.36,0.500129,28.554,28.556,0.003694,2669.5,36111.31,-33441.81,988,38780.81,2890.31,57.28,2833.03,43,2,111
5052,2026-02-18T14:49:00,BTC,81.33,30.54,0.418996,66795.0,66796.0,1.963964,18.1,131.78,-113.67,2402,149.88,8.15,2.02,6.12,132,56,111
5053,2026-02-18T14:50:00,HYPE,7622.86,10112.59,0.399593,28.579,28.582,0.003655,2218.59,4299.64,-2081.05,224,6518.23,516.3,465.92,50.38,46,0,110
5054,2026-02-18T14:50:00,BTC,20.98,71.2,0.493124,66746.0,66747.0,1.954545,13.67,49.42,-35.75,1238,63.09,1.84,2.37,-0.53,103,32,110
5055,2026-02-18T14:51:00,HYPE,6955.57,5151.76,0.443093,28.628,28.645,0.00455,7571.73,2514.63,5057.1,196,10086.36,536.84,726.91,-190.07,53,1,109
5056,2026-02-18T14:51:00,BTC,16.0,86.73,0.518209,66819.0,66820.0,1.715596,22.59,9.08,13.5,645,31.67,0.0,0.81,-0.81,51,11,109
5057,2026-02-18T14:52:00,HYPE,4934.02,6586.36,0.534413,28.72,28.729,0.003615,4336.42,339.13,3997.29,123,4675.55,117.4,408.6,-291.2,24,0,109
5058,2026-02-18T14:52:00,BTC,50.18,27.95,0.544224,66912.0,66913.0,2.165138,37.08,8.65,28.43,690,45.73,0.26,2.62,-2.36,69,20,109
5059,2026-02-18T14:53:00,HYPE,4921.1,4674.9,0.502319,28.735,28.742,0.004183,2004.94,3840.46,-1835.52,157,5845.4,2319.86,153.11,2166.75,65,1,109
5060,2026-02-18T14:53:00,BTC,49.65,26.39,0.507628,66948.0,66949.0,1.633028,37.74,7.44,30.3,707,45.18,0.0,2.7,-2.7,59,20,109
5061,2026-02-18T14:54:00,HYPE,4869.88,4819.5,0.503269,28.782,28.786,0.002631,1589.39,865.25,724.14,156,2454.64,196.09,106.0,90.09,39,0,111
5062,2026-02-18T14:54:00,BTC,137.29,11.68,0.579178,66982.0,66983.0,1.477477,13.06,25.21,-12.15,570,38.27,0.0,2.66,-2.66,55,14,111
5063,2026-02-18T14:55:00,HYPE,6097.38,5492.46,0.518663,28.824,28.83,0.003352,5163.63,3244.83,1918.8,536,8408.46,414.65,438.56,-23.91,80,0,108
5064,2026-02-18T14:55:00,BTC,24.51,31.84,0.621844,67188.0,67191.0,2.175926,61.8,14.35,47.45,939,76.15,0.05,0.37,-0.33,24,39,108
5065,2026-02-18T14:56:00,HYPE,2572.97,4389.45,0.503369,28.816,28.817,0.003725,1825.41,2172.5,-347.09,207,3997.91,910.78,787.96,122.82,89,0,109
5066,2026-02-18T14:56:00,BTC,9.57,77.64,0.599717,67222.0,67223.0,1.550459,21.85,22.26,-0.41,557,44.1,0.04,3.53,-3.5,28,16,109
5067,2026-02-18T14:57:00,HYPE,5867.32,10535.74,0.401604,28.85,28.853,0.003523,13918.93,3383.64,10535.29,328,17302.57,9531.7,1865.81,7665.89,186,1,109
5068,2026-02-18T14:57:00,BTC,67.42,23.74,0.510819,67196.0,67197.0,2.018349,50.0,9.84,40.16,596,59.84,0.04,2.36,-2.33,30,37,109
5069,2026-02-18T14:58:00,HYPE,19093.86,12199.89,0.482765,28.864,28.867,0.002856,1892.59,4563.26,-2670.67,163,6455.85,946.05,1156.01,-209.96,71,0,111
5070,2026-02-18T14:58:00,BTC,43.01,30.27,0.467617,67134.0,67135.0,1.333333,12.76,23.63,-10.87,457,36.39,0.04,0.25,-0.22,17,19,111
5071,2026-02-18T14:59:00,HYPE,24770.52,9823.44,0.673226,28.86,28.861,0.00155,4222.06,1183.57,3038.49,193,5405.63,1161.22,1040.06,121.16,78,0,109
5072,2026-02-18T14:59:00,BTC,87.01,21.18,0.539621,67140.0,67141.0,1.302752,6.04,2.35,3.69,228,8.4,0.04,0.27,-0.23,39,3,109
5073,2026-02-18T15:00:00,HYPE,18322.37,7821.16,0.679527,28.862,28.863,0.001802,1590.09,7249.88,-5659.79,154,8839.97,1003.32,1076.16,-72.84,66,3,111
5074,2026-02-18T15:00:00,BTC,44.82,28.87,0.567315,67196.0,67197.0,1.297297,33.07,2.09,30.98,352,35.16,0.02,2.58,-2.56,18,24,111
5075,2026-02-18T15:01:00,HYPE,18174.6,7123.43,0.699858,28.856,28.858,0.002312,2622.92,1405.26,1217.66,118,4028.18,299.16,1029.25,-730.09,51,1,109
5076,2026-02-18T15:01:00,BTC,9.46,104.98,0.586414,67256.0,67257.0,1.541284,53.76,2.03,51.73,481,55.78,0.0,3.12,-3.12,23,27,109
5077,2026-02-18T15:02:00,HYPE,8864.58,12181.67,0.496341,28.885,28.886,0.001811,13059.99,1949.59,11110.4,294,15009.58,152.89,1193.37,-1040.48,26,2,111
5078,2026-02-18T15:02:00,BTC,23.32,91.85,0.535803,67350.0,67351.0,1.756757,20.25,2.85,17.4,538,23.1,0.11,0.45,-0.34,34,9,111
5079,2026-02-18T15:03:00,HYPE,4455.81,9640.97,0.408521,28.917,28.918,0.002615,20234.45,3243.25,16991.2,584,23477.7,5674.06,1929.19,3744.87,154,0,109
5080,2026-02-18T15:03:00,BTC,47.22,41.55,0.53263,67391.0,67392.0,1.788991,31.85,10.04,21.8,847,41.89,1.78,1.12,0.66,35,16,109
5081,2026-02-18T15:04:00,HYPE,6024.97,12947.28,0.393247,28.923,28.926,0.003056,478.12,3951.87,-3473.75,138,4429.99,158.76,1012.02,-853.26,34,0,108
5082,2026-02-18T15:04:00,BTC,178.69,10.21,0.52892,67350.0,67356.0,1.472222,20.84,21.65,-0.8,497,42.49,1.2,0.25,0.95,21,19,108
5083,2026-02-18T15:05:00,HYPE,16717.35,9621.73,0.55757,28.913,28.914,0.003244,3752.87,1716.08,2036.79,164,5468.95,188.81,1006.46,-817.65,46,0,90
5084,2026-02-18T15:05:00,BTC,98.45,5.28,0.593064,67435.0,67436.0,3.1,28.45,22.56,5.89,530,51.01,0.0,0.54,-0.54,26,28,90
5085,2026-02-18T15:06:00,HYPE,6204.17,11911.75,0.335703,28.941,28.942,0.002958,11562.25,3957.78,7604.47,400,15520.03,239.79,1116.86,-877.07,50,0,96
5086,2026-02-18T15:06:00,BTC,45.26,74.26,0.537748,67489.0,67490.0,2.489583,42.79,57.21,-14.43,945,100.0,0.04,0.43,-0.39,23,38,96
5087,2026-02-18T15:07:00,HYPE,16304.63,5308.62,0.413182,28.925,28.929,0.0018,1550.48,1608.24,-57.76,141,3158.72,150.76,1292.28,-1141.52,47,0,110
5088,2026-02-18T15:07:00,BTC,15.94,83.98,0.449045,67367.0,67370.0,1.545455,9.86,16.94,-7.08,503,26.8,0.0,1.5,-1.5,57,13,110
5089,2026-02-18T15:08:00,HYPE,15475.99,10292.22,0.414244,28.935,28.936,0.002426,2268.33,1669.89,598.44,153,3938.22,828.55,1107.36,-278.81,53,0,108
5090,2026-02-18T15:08:00,BTC,37.3,109.61,0.466864,67308.0,67309.0,1.324074,2.09,3.46,-1.37,405,5.55,0.32,0.26,0.05,41,0,108
5091,2026-02-18T15:09:00,HYPE,15661.35,7611.79,0.628696,28.926,28.93,0.001778,374.84,1706.45,-1331.61,109,2081.29,116.95,986.21,-869.26,41,0,108
5092,2026-02-18T15:09:00,BTC,28.53,186.63,0.447379,67284.0,67295.0,1.388889,26.94,85.61,-58.67,553,112.55,0.82,0.26,0.56,31,66,108
5093,2026-02-18T15:10:00,HYPE,15373.31,10863.63,0.555311,28.936,28.937,0.00214,760.76,2326.27,-1565.51,165,3087.03,287.2,1022.21,-735.01,47,0,107
5094,2026-02-18T15:10:00,BTC,20.32,39.61,0.62987,67353.0,67354.0,1.448598,1.6,3.55,-1.95,234,5.16,0.05,0.26,-0.21,28,0,107
5095,2026-02-18T15:11:00,HYPE,5779.38,5261.05,0.558034,28.877,28.882,0.002606,973.91,14960.76,-13986.85,190,15934.67,438.5,1947.1,-1508.6,34,2,109
5096,2026-02-18T15:11:00,BTC,75.35,22.0,0.474117,67287.0,67289.0,1.46789,3.67,9.38,-5.71,308,13.05,0.23,0.26,-0.03,20,3,109
5097,2026-02-18T15:12:00,HYPE,4896.28,4854.23,0.486885,28.903,28.904,0.001824,2714.26,259.62,2454.64,81,2973.88,59.9,51.6,8.3,17,0,108
5098,2026-02-18T15:12:00,BTC,52.97,54.07,0.476075,67285.0,67286.0,1.333333,4.83,9.48,-4.65,363,14.31,0.0,0.24,-0.23,21,9,108
5099,2026-02-18T15:13:00,HYPE,12046.04,5019.43,0.675848,28.905,28.906,0.001537,718.08,458.88,259.2,62,1176.96,2.0,305.02,-303.02,18,0,108
5100,2026-02-18T15:13:00,BTC,23.12,48.74,0.531033,67291.0,67292.0,1.240741,4.56,6.77,-2.21,250,11.33,0.04,0.21,-0.17,20,4,108
5101,2026-02-18T15:14:00,HYPE,9419.32,12211.99,0.45715,28.961,28.962,0.00222,15896.87,3384.81,12512.06,317,19281.68,2.4,1462.5,-1460.1,29,0,109
5102,2026-02-18T15:14:00,BTC,118.86,9.63,0.578713,67330.0,67331.0,1.348624,3.9,5.79,-1.9,241,9.69,0.03,0.22,-0.2,38,5,109
5103,2026-02-18T15:15:00,HYPE,7337.2,9049.18,0.465668,28.955,28.956,0.001936,4309.3,657.03,3652.27,162,4966.33,2.4,325.32,-322.92,22,0,109
5104,2026-02-18T15:15:00,BTC,130.25,19.37,0.543853,67344.0,67345.0,1.238532,6.66,1.59,5.07,224,8.25,0.03,0.21,-0.18,18,4,109
5105,2026-02-18T15:16:00,HYPE,5190.8,6833.12,0.455675,28.947,28.948,0.001593,890.67,613.34,277.33,90,1504.01,1.6,517.75,-516.15,15,0,108
5106,2026-02-18T15:16:00,BTC,23.93,138.01,0.492845,67332.0,67333.0,1.277778,1.55,7.16,-5.6,202,8.71,1.63,0.21,1.42,26,2,108
5107,2026-02-18T15:17:00,HYPE,5704.04,5909.67,0.38464,28.962,28.965,0.002287,7454.36,1866.31,5588.05,297,9320.67,4.4,19.23,-14.83,14,0,108
5108,2026-02-18T15:17:00,BTC,36.04,58.98,0.570614,67386.0,67387.0,2.435185,9.26,7.73,1.53,450,17.0,0.03,0.21,-0.18,18,4,108
5109,2026-02-18T15:18:00,HYPE,5509.57,10846.56,0.450087,28.996,28.997,0.001991,19030.36,1442.31,17588.05,308,20472.67,17304.15,584.59,16719.56,194,0,110
5110,2026-02-18T15:18:00,BTC,168.41,19.75,0.569373,67410.0,67411.0,1.372727,104.3,2.19,102.11,446,106.49,100.03,5.16,94.86,207,54,110
5111,2026-02-18T15:19:00,HYPE,5887.68,11404.12,0.388874,29.042,29.047,0.002073,25539.96,4299.47,21240.49,641,29839.43,10884.13,407.43,10476.7,148,0,110
5112,2026-02-18T15:19:00,BTC,95.53,8.04,0.626483,67442.0,67443.0,1.327273,14.5,2.17,12.34,406,16.67,6.7,1.85,4.85,76,8,110
5113,2026-02-18T15:20:00,HYPE,5241.13,4367.33,0.432602,29.026,29.028,0.003436,10424.82,3072.54,7352.28,313,13497.36,595.24,420.08,175.16,25,0,110
5114,2026-02-18T15:20:00,BTC,62.39,27.77,0.529644,67367.0,67369.0,2.009091,19.74,17.08,2.66,517,36.82,16.51,0.91,15.6,116,15,110
5115,2026-02-18T15:21:00,HYPE,6213.36,5146.67,0.380965,29.037,29.038,0.002405,7073.32,1466.38,5606.94,208,8539.7,2.0,58.68,-56.68,14,0,111
5116,2026-02-18T15:21:00,BTC,23.76,114.12,0.601919,67401.0,67402.0,1.306306,16.39,1.17,15.22,318,17.56,6.48,0.42,6.06,59,10,111
5117,2026-02-18T15:22:00,HYPE,5446.54,8788.51,0.53287,29.055,29.056,0.002917,1103.31,2816.34,-1713.03,103,3919.65,139.51,314.0,-174.49,18,0,109
5118,2026-02-18T15:22:00,BTC,47.14,40.06,0.5828,67396.0,67397.0,1.458716,15.01,6.64,8.37,242,21.65,6.48,0.2,6.27,35,16,109
5119,2026-02-18T15:23:00,HYPE,8235.48,5598.07,0.434202,29.105,29.106,0.001809,14796.53,3763.71,11032.82,491,18560.24,4656.8,376.18,4280.62,67,0,110
5120,2026-02-18T15:23:00,BTC,78.46,30.52,0.668606,67436.0,67437.0,1.672727,9.01,3.19,5.82,262,12.2,6.58,0.2,6.37,46,5,110
5121,2026-02-18T15:24:00,HYPE,5436.91,6922.51,0.474759,29.11,29.111,0.00136,609.56,2581.9,-1972.34,134,3191.46,45.52,15.63,29.89,14,0,111
5122,2026-02-18T15:24:00,BTC,82.29,30.91,0.567147,67413.0,67414.0,1.45045,11.42,6.3,5.12,236,17.72,9.66,5.2,4.46,70,11,111
5123,2026-02-18T15:25:00,HYPE,5431.87,5734.24,0.455936,29.118,29.119,0.003145,1976.81,2440.86,-464.05,153,4417.67,1.62,51.79,-50.17,12,0,110
5124,2026-02-18T15:25:00,BTC,96.07,33.74,0.509025,67339.0,67340.0,1.636364,8.35,30.33,-21.98,370,38.67,6.74,0.2,6.54,48,19,110
5125,2026-02-18T15:26:00,HYPE,5316.52,4644.7,0.485255,29.073,29.074,0.002602,3485.28,4301.08,-815.8,209,7786.36,260.41,3402.19,-3141.78,48,0,108
5126,2026-02-18T15:26:00,BTC,42.93,53.87,0.54312,67352.0,67353.0,1.453704,7.78,1.84,5.94,297,9.62,6.48,0.2,6.27,65,4,108
5127,2026-02-18T15:27:00,HYPE,4732.94,4577.81,0.574711,29.135,29.136,0.002486,14182.31,1115.7,13066.61,430,15298.01,2.39,850.38,-847.99,24,0,109
5128,2026-02-18T15:27:00,BTC,33.23,48.3,0.614862,67340.0,67341.0,1.422018,8.14,7.69,0.44,271,15.83,6.48,0.2,6.27,56,3,109
5129,2026-02-18T15:28:00,HYPE,6562.45,4873.67,0.580001,29.158,29.163,0.003101,2898.1,2708.51,189.59,227,5606.61,412.94,320.84,92.1,40,1,109
5130,2026-02-18T15:28:00,BTC,170.09,32.72,0.545665,67364.0,67365.0,1.247706,7.74,4.64,3.09,185,12.38,6.48,0.44,6.04,53,2,109
5131,2026-02-18T15:29:00,HYPE,5573.25,2584.15,0.601742,29.213,29.214,0.002926,20983.9,1804.63,19179.27,696,22788.53,5502.34,1410.06,4092.28,86,1,108
5132,2026-02-18T15:29:00,BTC,36.62,44.94,0.482423,67308.0,67309.0,1.222222,7.23,3.5,3.73,202,10.73,6.57,0.21,6.36,40,4,108
5133,2026-02-18T15:30:00,HYPE,8235.57,5173.32,0.577246,29.23,29.231,0.002791,3833.02,1137.08,2695.94,164,4970.1,1.95,635.91,-633.96,19,0,110
5134,2026-02-18T15:30:00,BTC,28.34,40.92,0.553633,67293.0,67294.0,1.236364,7.01,15.59,-8.58,233,22.59,8.27,0.42,7.84,56,9,110
5135,2026-02-18T15:31:00,HYPE,6349.51,5385.14,0.622922,29.22,29.221,0.001725,1905.39,2581.45,-676.06,256,4486.84,1.96,96.75,-94.79,14,0,109
5136,2026-02-18T15:31:00,BTC,28.73,40.25,0.562074,67282.0,67283.0,1.275229,7.79,10.0,-2.2,210,17.79,10.55,0.2,10.34,63,9,109
5137,2026-02-18T15:32:00,HYPE,6312.51,6318.89,0.565911,29.186,29.187,0.002358,571.54,4345.72,-3774.18,136,4917.26,314.76,375.58,-60.82,26,0,109
5138,2026-02-18T15:32:00,BTC,59.2,34.84,0.570385,67292.0,67293.0,1.174312,6.87,6.89,-0.02,207,13.77,6.48,0.2,6.27,55,4,109
5139,2026-02-18T15:33:00,HYPE,5069.97,4363.53,0.58947,29.276,29.284,0.003536,5709.83,790.67,4919.16,432,6500.5,3.54,210.63,-207.09,21,0,110
5140,2026-02-18T15:33:00,BTC,105.97,24.77,0.597561,67363.0,67364.0,1.145455,22.79,0.64,22.15,232,23.43,12.48,0.4,12.07,75,11,110
5141,2026-02-18T15:34:00,HYPE,7215.72,5124.09,0.560129,29.28,29.281,0.004541,11693.56,2091.57,9601.99,481,13785.13,343.91,1039.99,-696.08,33,0,109
5142,2026-02-18T15:34:00,BTC,47.07,37.63,0.602209,67384.0,67385.0,1.146789,13.39,0.74,12.65,209,14.13,3.25,0.61,2.64,67,9,109
5143,2026-02-18T15:35:00,HYPE,7060.19,4024.61,0.570339,29.252,29.254,0.002218,372.88,2726.99,-2354.11,140,3099.87,1060.53,24.85,1035.68,28,0,110
5144,2026-02-18T15:35:00,BTC,27.27,62.97,0.470325,67415.0,67416.0,1.354545,10.11,2.91,7.2,288,13.02,0.03,0.2,-0.18,18,1,110
5145,2026-02-18T15:36:00,HYPE,7322.72,5150.72,0.566609,29.339,29.34,0.001944,5632.22,4219.09,1413.13,424,9851.31,88.67,977.7,-889.03,35,0,108
5146,2026-02-18T15:36:00,BTC,34.97,31.22,0.613017,67566.0,67567.0,1.425926,108.17,13.48,94.69,859,121.66,0.04,12.83,-12.79,43,71,108
5147,2026-02-18T15:37:00,HYPE,4043.99,3255.77,0.683905,29.459,29.461,0.002255,22622.82,2825.58,19797.24,1283,25448.4,16375.23,1393.0,14982.23,620,0,110
5148,2026-02-18T15:37:00,BTC,52.14,27.59,0.649907,67652.0,67653.0,2.9,62.03,73.79,-11.77,1216,135.82,6.51,45.45,-38.95,181,78,110
5149,2026-02-18T15:38:00,HYPE,5243.01,5555.83,0.592767,29.48,29.481,0.003073,5606.08,4568.59,1037.49,604,10174.67,982.08,146.46,835.62,36,0,110
5150,2026-02-18T15:38:00,BTC,41.09,58.64,0.674625,67894.0,67895.0,1.909091,77.5,51.84,25.66,1948,129.34,3.55,27.66,-24.11,135,60,110
5151,2026-02-18T15:39:00,HYPE,3857.4,1482.95,0.595083,29.501,29.506,0.002853,2834.52,3953.82,-1119.3,192,6788.34,167.79,151.91,15.88,32,0,109
5152,2026-02-18T15:39:00,BTC,48.79,37.57,0.658211,67916.0,67917.0,1.908257,10.3,49.28,-38.99,508,59.58,3.2,0.51,2.69,29,31,109
5153,2026-02-18T15:40:00,HYPE,8199.71,2971.93,0.585576,29.538,29.539,0.002907,4729.87,4648.13,81.74,423,9378.0,706.36,760.8,-54.44,44,1,108
5154,2026-02-18T15:40:00,BTC,30.65,30.02,0.744413,68091.0,68092.0,1.814815,65.36,38.31,27.05,1199,103.66,1.54,7.31,-5.77,138,55,108
5155,2026-02-18T15:41:00,HYPE,4663.04,6931.42,0.568696,29.542,29.543,0.004099,7434.37,11799.9,-4365.53,623,19234.27,1049.66,147.55,902.11,61,1,111
5156,2026-02-18T15:41:00,BTC,68.57,29.77,0.702491,68235.0,68236.0,2.477477,125.14,30.01,95.13,1483,155.15,2.84,4.2,-1.36,97,72,111
5157,2026-02-18T15:42:00,HYPE,6923.11,9263.51,0.509833,29.513,29.515,0.002802,2155.41,6734.93,-4579.52,339,8890.34,2008.96,264.29,1744.67,65,0,111
5158,2026-02-18T15:42:00,BTC,48.1,23.96,0.674786,68308.0,68312.0,1.558559,185.27,47.38,137.9,1363,232.65,1.07,13.12,-12.05,83,100,111
5159,2026-02-18T15:43:00,HYPE,5193.7,7591.17,0.418243,29.448,29.449,0.002266,7166.84,18291.99,-11125.15,351,25458.83,1159.47,94.31,1065.16,32,2,109
5160,2026-02-18T15:43:00,BTC,43.55,21.72,0.66072,68246.0,68247.0,1.330275,167.6,71.44,96.16,1105,239.04,35.63,9.46,26.16,255,123,109
5161,2026-02-18T15:44:00,HYPE,6156.3,8768.61,0.379959,29.445,29.446,0.003761,6399.45,20779.36,-14379.91,277,27178.81,2578.79,18238.33,-15659.54,143,3,109
5162,2026-02-18T15:44:00,BTC,81.97,5.53,0.703069,68142.0,68143.0,1.981651,10.16,68.92,-58.76,708,79.09,5.24,47.31,-42.07,152,34,109
5163,2026-02-18T15:45:00,HYPE,6129.46,7221.07,0.384719,29.449,29.45,0.002394,3087.68,4039.97,-952.29,220,7127.65,240.34,248.54,-8.2,33,0,109
5164,2026-02-18T15:45:00,BTC,144.08,9.13,0.626819,68084.0,68085.0,2.018349,10.29,50.76,-40.47,724,61.06,10.83,0.34,10.49,61,34,109
5165,2026-02-18T15:46:00,HYPE,6752.31,5437.1,0.44588,29.417,29.418,0.001862,2502.39,605.39,1897.0,150,3107.78,267.38,57.55,209.83,24,0,109
5166,2026-02-18T15:46:00,BTC,209.93,17.72,0.721472,68010.0,68011.0,1.302752,8.72,63.41,-54.68,663,72.13,13.42,1.19,12.23,69,37,109
5167,2026-02-18T15:47:00,HYPE,5714.47,5422.21,0.416512,29.38,29.381,0.001991,8225.67,5101.46,3124.21,388,13327.13,621.52,180.49,441.03,30,0,110
5168,2026-02-18T15:47:00,BTC,79.91,67.48,0.754607,68000.0,68001.0,1.181818,8.17,126.93,-118.76,628,135.1,1.08,0.37,0.71,33,79,110
5169,2026-02-18T15:48:00,HYPE,5469.46,7912.59,0.4609,29.432,29.433,0.001826,1110.0,456.13,653.87,117,1566.13,227.65,67.67,159.98,24,0,109
5170,2026-02-18T15:48:00,BTC,87.28,12.09,0.647424,68016.0,68017.0,1.321101,7.15,173.57,-166.42,355,180.72,1.08,0.21,0.87,27,59,109
5171,2026-02-18T15:49:00,HYPE,4023.94,6981.72,0.428522,29.374,29.375,0.00186,1007.17,892.27,114.9,131,1899.44,294.44,209.99,84.45,35,0,107
5172,2026-02-18T15:49:00,BTC,57.36,35.84,0.581856,67972.0,67973.0,1.242991,6.81,12.66,-5.85,286,19.46,1.56,5.4,-3.84,61,10,107
5173,2026-02-18T15:50:00,HYPE,11320.76,6124.87,0.436316,29.341,29.345,0.002118,2659.4,3743.24,-1083.84,272,6402.64,506.39,602.89,-96.5,46,0,110
5174,2026-02-18T15:50:00,BTC,6.02,131.93,0.363158,67830.0,67831.0,1.209091,10.22,97.45,-87.23,714,107.67,10.8,0.21,10.6,35,46,110
5175,2026-02-18T15:51:00,HYPE,5114.63,5556.29,0.599849,29.384,29.385,0.003276,1099.95,12167.91,-11067.96,195,13267.86,873.68,47.32,826.36,30,2,105
5176,2026-02-18T15:51:00,BTC,16.77,84.78,0.497803,67872.0,67873.0,1.257143,28.18,6.08,22.09,380,34.26,0.96,0.12,0.84,23,19,105
5177,2026-02-18T15:52:00,HYPE,5777.48,6021.7,0.503599,29.371,29.373,0.001963,466.54,2097.36,-1630.82,87,2563.9,245.26,16.15,229.11,22,0,109
5178,2026-02-18T15:52:00,BTC,25.2,68.45,0.354425,67810.0,67811.0,1.394495,16.4,20.31,-3.91,432,36.7,1.55,0.02,1.53,31,16,109
5179,2026-02-18T15:53:00,HYPE,5223.32,3824.94,0.573966,29.358,29.359,0.0022,712.99,1118.09,-405.1,65,1831.08,272.75,23.43,249.32,18,0,110
5180,2026-02-18T15:53:00,BTC,79.99,17.84,0.371783,67742.0,67743.0,1.609091,23.83,34.63,-10.79,625,58.46,3.15,0.02,3.12,50,29,110
5181,2026-02-18T15:54:00,HYPE,4596.58,6108.17,0.458399,29.323,29.324,0.003482,1384.31,11590.99,-10206.68,411,12975.3,721.02,55.35,665.67,31,1,110
5182,2026-02-18T15:54:00,BTC,40.15,50.16,0.525781,67774.0,67775.0,1.481818,18.18,4.82,13.36,245,23.0,1.12,0.24,0.87,24,11,110
5183,2026-02-18T15:55:00,HYPE,5859.95,5042.71,0.433179,29.345,29.346,0.002138,4539.56,355.14,4184.42,108,4894.7,264.92,125.29,139.63,27,0,109
5184,2026-02-18T15:55:00,BTC,93.1,10.35,0.569671,67828.0,67829.0,1.559633,63.46,8.01,55.45,403,71.47,1.12,2.7,-1.58,41,27,109
5185,2026-02-18T15:56:00,HYPE,4659.37,5464.69,0.437804,29.248,29.252,0.003164,480.14,4547.21,-4067.07,257,5027.35,284.51,17.88,266.63,24,0,110
5186,2026-02-18T15:56:00,BTC,31.15,76.73,0.51417,67800.0,67802.0,1.218182,5.77,40.56,-34.79,292,46.33,26.56,0.03,26.53,61,27,110
5187,2026-02-18T15:57:00,HYPE,4165.91,8508.88,0.419153,29.224,29.225,0.002266,585.98,2820.18,-2234.2,238,3406.16,356.17,36.25,319.92,30,0,109
5188,2026-02-18T15:57:00,BTC,142.14,16.53,0.526775,67786.0,67787.0,1.366972,3.2,1.57,1.63,165,4.78,1.12,0.23,0.89,33,1,109
5189,2026-02-18T15:58:00,HYPE,5763.32,5940.12,0.457397,29.22,29.221,0.00188,2616.38,438.47,2177.91,138,3054.85,224.36,16.69,207.67,19,0,108
5190,2026-02-18T15:58:00,BTC,46.39,28.69,0.581496,67801.0,67802.0,1.166667,3.85,4.22,-0.37,158,8.06,1.12,0.18,0.94,30,4,108
5191,2026-02-18T15:59:00,HYPE,3759.3,6269.01,0.459899,29.176,29.177,0.001916,1817.9,6576.63,-4758.73,440,8394.53,630.3,89.64,540.66,27,0,107
5192,2026-02-18T15:59:00,BTC,11.65,111.8,0.374335,67612.0,67617.0,1.878505,33.13,427.26,-394.13,1214,460.39,25.02,119.61,-94.59,315,188,107
5193,2026-02-18T16:00:00,HYPE,4737.33,5334.91,0.421803,29.191,29.192,0.002083,450.84,7014.12,-6563.28,119,7464.96,1022.22,17.16,1005.06,25,0,109
5194,2026-02-18T16:00:00,BTC,29.04,18.45,0.386478,67675.0,67676.0,1.293578,25.93,6.72,19.21,304,32.65,0.3,0.69,-0.39,23,10,109
5195,2026-02-18T16:01:00,HYPE,7513.6,2625.24,0.45097,29.211,29.214,0.001748,1678.3,193.38,1484.92,78,1871.68,247.71,466.41,-218.7,26,0,107
5196,2026-02-18T16:01:00,BTC,17.64,24.34,0.322533,67609.0,67610.0,1.186916,4.34,12.09,-7.76,308,16.43,0.41,0.47,-0.06,43,6,107
5197,2026-02-18T16:02:00,HYPE,5727.32,5672.5,0.471692,29.226,29.227,0.001815,657.62,672.15,-14.53,83,1329.77,273.54,58.57,214.97,26,0,108
5198,2026-02-18T16:02:00,BTC,9.87,108.31,0.46706,67608.0,67612.0,1.37037,16.35,28.49,-12.14,389,44.84,6.97,0.92,6.06,71,25,108
5199,2026-02-18T16:03:00,HYPE,4652.74,5932.86,0.502175,29.225,29.227,0.002376,1120.65,2429.7,-1309.05,110,3550.35,298.93,550.82,-251.89,32,0,109
5200,2026-02-18T16:03:00,BTC,36.11,43.3,0.423066,67599.0,67600.0,1.623853,5.39,102.34,-96.95,457,107.73,8.22,0.91,7.31,40,54,109
5201,2026-02-18T16:04:00,HYPE,1168.65,8475.31,0.36614,29.118,29.119,0.002358,1423.38,3533.07,-2109.69,552,4956.45,269.46,108.17,161.29,30,0,109
5202,2026-02-18T16:04:00,BTC,3.04,251.18,0.238882,67203.0,67204.0,2.229358,37.55,271.17,-233.62,2276,308.71,22.09,100.85,-78.75,628,123,109
5203,2026-02-18T16:05:00,HYPE,6510.53,7412.14,0.431903,29.179,29.183,0.002108,1218.27,844.52,373.75,115,2062.79,330.73,449.29,-118.56,37,0,111
5204,2026-02-18T16:05:00,BTC,8.41,42.31,0.38044,67371.0,67372.0,1.657658,58.48,8.4,50.08,624,66.88,1.21,4.14,-2.93,94,25,111
5205,2026-02-18T16:06:00,HYPE,6362.49,5388.48,0.439314,29.124,29.125,0.002919,6550.91,4566.85,1984.06,270,11117.76,275.59,343.36,-67.77,26,1,111
5206,2026-02-18T16:06:00,BTC,7.84,32.25,0.346692,67124.0,67125.0,2.045045,50.2,236.37,-186.17,1135,286.58,26.25,10.12,16.13,172,130,111
5207,2026-02-18T16:07:00,HYPE,5964.85,6101.34,0.55378,29.19,29.191,0.002128,942.82,884.35,58.47,113,1827.17,370.26,516.11,-145.85,26,0,109
5208,2026-02-18T16:07:00,BTC,15.46,51.18,0.300925,67185.0,67186.0,1.522936,13.45,31.47,-18.02,430,44.92,2.02,1.59,0.43,63,17,109
5209,2026-02-18T16:08:00,HYPE,5933.87,4111.75,0.534656,29.151,29.154,0.002481,870.34,8070.18,-7199.84,177,8940.52,1111.08,4952.36,-3841.28,66,0,108
5210,2026-02-18T16:08:00,BTC,10.63,78.33,0.387684,67226.0,67227.0,1.555556,10.38,3.33,7.05,306,13.7,0.04,0.81,-0.77,57,4,108
5211,2026-02-18T16:09:00,HYPE,1848.66,6245.21,0.421578,29.086,29.087,0.002156,850.37,40420.08,-39569.71,542,41270.45,2180.23,60.02,2120.21,31,3,109
5212,2026-02-18T16:09:00,BTC,15.08,43.83,0.361644,67190.0,67191.0,1.59633,19.19,15.92,3.27,429,35.11,2.79,1.23,1.56,59,16,109
5213,2026-02-18T16:10:00,HYPE,3522.68,7248.11,0.347674,29.09,29.091,0.001872,4858.59,6593.58,-1734.99,385,11452.17,2657.48,56.25,2601.23,48,0,109
5214,2026-02-18T16:10:00,BTC,20.81,60.5,0.325132,67103.0,67104.0,1.247706,6.78,38.39,-31.61,623,45.18,1.07,7.05,-5.98,92,30,109
5215,2026-02-18T16:11:00,HYPE,3279.01,5999.14,0.442418,29.067,29.068,0.001991,1245.67,4324.09,-3078.42,214,5569.76,265.73,1075.38,-809.65,47,0,111
5216,2026-02-18T16:11:00,BTC,20.7,74.46,0.289638,67056.0,67059.0,1.36036,17.39,15.24,2.15,400,32.63,0.28,1.1,-0.81,79,22,111
5217,2026-02-18T16:12:00,HYPE,4272.29,5844.69,0.448875,29.063,29.064,0.002073,994.65,624.33,370.32,156,1618.98,20.31,39.16,-18.85,21,0,110
5218,2026-02-18T16:12:00,BTC,49.2,59.13,0.372294,67098.0,67099.0,1.772727,24.21,190.81,-166.6,795,215.02,1.66,1.82,-0.17,139,42,110
5219,2026-02-18T16:13:00,HYPE,3167.88,4498.17,0.267085,28.97,28.972,0.001755,1591.19,12554.4,-10963.21,926,14145.59,1092.4,1099.1,-6.7,79,0,110
5220,2026-02-18T16:13:00,BTC,820.23,55.08,0.515041,67005.0,67006.0,1.263636,32.63,65.24,-32.61,407,97.87,0.04,5.6,-5.56,56,43,110
5221,2026-02-18T16:14:00,HYPE,4265.4,3908.86,0.401231,28.965,28.966,0.002054,2550.59,3972.43,-1421.84,240,6523.02,408.94,2504.94,-2096.0,44,0,112
5222,2026-02-18T16:14:00,BTC,34.15,46.11,0.636553,67034.0,67035.0,1.169643,26.49,46.8,-20.3,427,73.29,0.3,0.38,-0.08,29,42,112
5223,2026-02-18T16:15:00,HYPE,4128.82,4987.04,0.471321,28.959,28.963,0.00211,1241.56,8415.77,-7174.21,271,9657.33,539.93,7967.26,-7427.33,169,0,109
5224,2026-02-18T16:15:00,BTC,25.56,90.12,0.38468,67051.0,67053.0,1.513761,28.27,20.86,7.41,320,49.13,0.05,0.54,-0.49,27,23,109
5225,2026-02-18T16:16:00,HYPE,4237.11,4574.5,0.412115,28.909,28.91,0.003463,2193.33,40453.9,-38260.57,914,42647.23,2301.22,2727.74,-426.52,59,5,108
5226,2026-02-18T16:16:00,BTC,18.09,129.49,0.616624,67081.0,67082.0,1.5,13.24,62.64,-49.41,402,75.88,0.04,0.21,-0.17,32,42,108
5227,2026-02-18T16:17:00,HYPE,4416.09,5780.06,0.474174,29.006,29.013,0.002236,9046.08,341.4,8704.68,228,9387.48,2520.32,945.85,1574.47,71,1,110
5228,2026-02-18T16:17:00,BTC,125.32,26.74,0.509062,67162.0,67163.0,1.190909,130.72,2.26,128.46,538,132.98,0.04,6.91,-6.87,44,58,110
5229,2026-02-18T16:18:00,HYPE,3899.93,6649.05,0.455363,28.954,28.96,0.002109,1344.95,4118.14,-2773.19,132,5463.09,40.27,119.65,-79.38,25,2,110
5230,2026-02-18T16:18:00,BTC,24.75,67.09,0.378399,67122.0,67123.0,1.490909,4.97,1.47,3.5,232,6.45,0.29,0.03,0.26,23,1,110
5231,2026-02-18T16:19:00,HYPE,3144.02,8945.95,0.294943,28.989,28.99,0.00218,6479.61,810.61,5669.0,186,7290.22,354.65,273.25,81.4,39,0,111
5232,2026-02-18T16:19:00,BTC,32.43,20.53,0.511942,67164.0,67165.0,1.189189,7.99,4.04,3.94,259,12.03,0.06,0.6,-0.54,33,4,111
5233,2026-02-18T16:20:00,HYPE,5343.12,6834.64,0.41665,28.997,29.001,0.001361,6769.86,1079.45,5690.41,140,7849.31,241.66,4.94,236.72,13,0,108
5234,2026-02-18T16:20:00,BTC,16.13,48.8,0.395076,67158.0,67159.0,1.592593,160.96,3.06,157.9,557,164.02,3.04,11.27,-8.23,49,70,108
5235,2026-02-18T16:21:00,HYPE,4938.33,4513.88,0.491386,29.014,29.015,0.001718,2054.8,372.32,1682.48,85,2427.12,242.08,60.37,181.71,33,0,110
5236,2026-02-18T16:21:00,BTC,4.2,61.68,0.579134,67218.0,67219.0,1.363636,12.01,3.5,8.51,401,15.51,0.08,0.14,-0.05,40,5,110
5237,2026-02-18T16:22:00,HYPE,4632.7,7204.51,0.461302,29.036,29.037,0.001657,625.94,322.77,303.17,78,948.71,242.06,99.9,142.16,25,0,108
5238,2026-02-18T16:22:00,BTC,32.11,101.85,0.577158,67233.0,67234.0,1.259259,6.99,1.9,5.09,280,8.9,1.02,0.03,0.99,60,2,108
5239,2026-02-18T16:23:00,HYPE,5006.73,4679.45,0.466563,29.08,29.081,0.002074,4131.75,372.43,3759.32,143,4504.18,423.89,93.26,330.63,23,0,108
5240,2026-02-18T16:23:00,BTC,49.95,40.6,0.567936,67269.0,67270.0,1.203704,22.98,1.77,21.21,501,24.75,0.13,1.07,-0.94,150,3,108
5241,2026-02-18T16:24:00,HYPE,4329.99,4468.43,0.512649,29.079,29.08,0.001555,2020.05,305.06,1714.99,102,2325.11,292.24,169.43,122.81,31,0,110
5242,2026-02-18T16:24:00,BTC,68.79,27.46,0.476707,67201.0,67202.0,1.409091,2.24,5.01,-2.77,214,7.26,0.04,0.02,0.02,22,1,110
5243,2026-02-18T16:25:00,HYPE,3961.6,7529.2,0.51072,29.104,29.105,0.002157,1581.48,383.77,1197.71,127,1965.25,20.32,368.97,-348.65,24,0,108
5244,2026-02-18T16:25:00,BTC,40.51,53.52,0.520927,67181.0,67182.0,1.240741,1.28,3.46,-2.18,222,4.74,0.04,0.13,-0.09,18,1,108
5245,2026-02-18T16:26:00,HYPE,3233.45,4962.05,0.403988,29.092,29.094,0.002,701.26,797.01,-95.75,79,1498.27,20.94,55.05,-34.11,14,0,111
5246,2026-02-18T16:26:00,BTC,42.34,42.63,0.611282,67219.0,67220.0,1.288288,19.78,15.6,4.17,282,35.38,0.49,0.18,0.31,25,19,111
5247,2026-02-18T16:27:00,HYPE,10078.34,4095.15,0.497854,29.019,29.02,0.001445,584.3,4021.82,-3437.52,117,4606.12,316.79,4.94,311.85,13,0,110
5248,2026-02-18T16:27:00,BTC,104.33,43.92,0.481496,67120.0,67121.0,1.2,7.71,3.25,4.46,274,10.95,0.04,0.02,0.02,20,5,110
5249,2026-02-18T16:28:00,HYPE,5517.87,4155.52,0.556625,29.067,29.07,0.001556,1107.34,183.13,924.21,69,1290.47,19.91,4.94,14.97,10,0,108
5250,2026-02-18T16:28:00,BTC,66.47,28.37,0.644503,67189.0,67190.0,1.185185,46.62,1.57,45.05,283,48.19,0.04,0.69,-0.64,21,23,108
5251,2026-02-18T16:29:00,HYPE,5181.2,4831.42,0.483635,29.119,29.12,0.001373,603.84,453.61,150.23,87,1057.45,19.51,4.94,14.57,10,0,110
5252,2026-02-18T16:29:00,BTC,42.49,39.89,0.703383,67329.0,67330.0,1.590909,11.76,2.03,9.73,450,13.79,0.04,0.5,-0.46,66,4,110
5253,2026-02-18T16:30:00,HYPE,5119.86,6013.1,0.457751,29.095,29.096,0.001207,336.34,642.0,-305.66,82,978.34,20.32,4.93,15.39,10,0,111
5254,2026-02-18T16:30:00,BTC,50.8,33.64,0.553796,67233.0,67234.0,1.414414,4.33,247.09,-242.76,534,251.42,17.65,0.55,17.11,66,95,111
5255,2026-02-18T16:31:00,HYPE,3698.91,4032.93,0.513565,29.039,29.046,0.001817,1083.83,3272.72,-2188.89,190,4356.55,56.47,38.44,18.03,12,0,109
5256,2026-02-18T16:31:00,BTC,85.19,24.33,0.556913,67231.0,67232.0,1.311927,14.76,11.34,3.42,371,26.09,0.27,7.12,-6.85,93,10,109
5257,2026-02-18T16:32:00,HYPE,3779.68,4343.86,0.496011,29.061,29.064,0.0015,810.3,370.85,439.45,66,1181.15,20.32,56.58,-36.26,13,0,110
5258,2026-02-18T16:32:00,BTC,40.03,38.82,0.587745,67300.0,67301.0,1.218182,7.07,2.22,4.85,262,9.29,0.03,0.72,-0.69,67,0,110
5259,2026-02-18T16:33:00,HYPE,3267.71,4528.28,0.468322,29.027,29.028,0.001694,1135.88,3002.4,-1866.52,123,4138.28,36.62,43.73,-7.11,11,0,111
5260,2026-02-18T16:33:00,BTC,60.35,26.1,0.536432,67308.0,67309.0,1.189189,2.51,11.27,-8.75,187,13.78,1.02,0.88,0.14,56,8,111
5261,2026-02-18T16:34:00,HYPE,8024.29,4863.54,0.627318,29.013,29.014,0.0015,1081.96,4082.75,-3000.79,121,5164.71,126.31,5.85,120.46,15,0,108
5262,2026-02-18T16:34:00,BTC,44.76,43.56,0.568233,67256.0,67257.0,1.259259,4.19,4.77,-0.58,262,8.97,0.0,2.29,-2.29,77,2,108
5263,2026-02-18T16:35:00,HYPE,3056.09,4932.35,0.490708,28.958,28.962,0.00167,975.5,6489.88,-5514.38,171,7465.38,1020.31,126.68,893.63,26,0,109
5264,2026-02-18T16:35:00,BTC,46.0,41.22,0.389084,67040.0,67041.0,1.477064,2.25,19.49,-17.24,531,21.74,0.0,0.55,-0.55,61,7,109
5265,2026-02-18T16:36:00,HYPE,2410.84,6314.83,0.449353,28.994,28.996,0.002688,1513.1,1105.15,407.95,137,2618.25,23.52,75.53,-52.01,20,0,109
5266,2026-02-18T16:36:00,BTC,12.91,125.72,0.553338,67121.0,67122.0,1.311927,11.62,4.49,7.13,301,16.11,0.0,2.85,-2.85,66,5,109
5267,2026-02-18T16:37:00,HYPE,5094.96,6589.03,0.409716,28.976,28.977,0.001514,160.02,244.02,-84.0,53,404.04,117.35,5.87,111.48,14,0,111
5268,2026-02-18T16:37:00,BTC,58.43,47.16,0.553529,67081.0,67082.0,1.288288,2.16,2.54,-0.38,196,4.7,0.0,0.61,-0.61,69,0,111
5269,2026-02-18T16:38:00,HYPE,4066.47,5942.97,0.45879,29.007,29.011,0.002278,2300.66,37.22,2263.44,73,2337.88,1583.95,343.55,1240.4,36,0,108
5270,2026-02-18T16:38:00,BTC,24.16,73.53,0.449412,67036.0,67037.0,1.601852,2.25,101.08,-98.83,301,103.32,6.48,0.25,6.23,35,53,108
5271,2026-02-18T16:39:00,HYPE,2801.43,4300.23,0.385514,29.015,29.016,0.002318,379.99,180.76,199.23,52,560.75,118.16,5.86,112.3,15,0,110
5272,2026-02-18T16:39:00,BTC,46.34,30.4,0.431693,67069.0,67070.0,1.127273,10.04,3.45,6.59,187,13.49,0.01,0.34,-0.33,24,8,110
5273,2026-02-18T16:40:00,HYPE,3247.88,4488.67,0.48084,29.031,29.035,0.001761,2797.21,582.79,2214.42,112,3380.0,313.57,5.86,307.71,19,0,109
5274,2026-02-18T16:40:00,BTC,17.2,22.77,0.522211,67166.0,67167.0,1.293578,14.29,0.48,13.81,280,14.78,0.02,2.74,-2.72,26,4,109
5275,2026-02-18T16:41:00,HYPE,3233.58,3709.4,0.448175,29.052,29.053,0.002171,684.08,1765.11,-1081.03,116,2449.19,152.13,32.42,119.71,17,0,111
5276,2026-02-18T16:41:00,BTC,32.49,63.5,0.440626,67182.0,67183.0,1.27027,1.84,2.18,-0.34,202,4.02,0.02,0.06,-0.04,19,1,111
5277,2026-02-18T16:42:00,HYPE,6364.98,4536.03,0.572184,29.056,29.057,0.00186,541.26,334.1,207.16,69,875.36,219.3,5.86,213.44,16,0,107
5278,2026-02-18T16:42:00,BTC,16.79,76.52,0.462627,67240.0,67241.0,1.149533,2.21,0.85,1.36,182,3.06,0.0,0.16,-0.16,20,0,107
5279,2026-02-18T16:43:00,HYPE,3921.65,6603.92,0.511931,29.029,29.034,0.001734,2159.99,3695.3,-1535.31,119,5855.29,4384.17,23.66,4360.51,53,1,109
5280,2026-02-18T16:43:00,BTC,51.63,41.66,0.425292,67260.0,67261.0,1.146789,1.45,3.74,-2.29,250,5.18,0.0,0.53,-0.53,55,0,109
5281,2026-02-18T16:44:00,HYPE,3377.01,4392.84,0.426345,29.025,29.026,0.002028,1214.61,1160.38,54.23,108,2374.99,1011.47,23.43,988.04,36,0,109
5282,2026-02-18T16:44:00,BTC,42.89,46.34,0.440994,67210.0,67211.0,1.045872,2.5,9.16,-6.66,176,11.67,0.0,0.56,-0.56,39,5,109
5283,2026-02-18T16:45:00,HYPE,3315.32,4263.47,0.453841,28.985,28.986,0.001734,1253.11,1782.61,-529.5,141,3035.72,1097.44,516.07,581.37,39,0,109
5284,2026-02-18T16:45:00,BTC,24.46,62.07,0.441137,67202.0,67203.0,1.082569,1.66,2.92,-1.26,119,4.59,0.0,0.54,-0.54,37,0,109
5285,2026-02-18T16:46:00,HYPE,2910.78,3576.79,0.490426,29.006,29.01,0.001981,1355.17,1136.79,218.38,139,2491.96,1008.94,304.17,704.77,33,0,107
5286,2026-02-18T16:46:00,BTC,27.36,52.05,0.482353,67231.0,67232.0,1.065421,1.29,3.06,-1.77,213,4.36,0.0,0.53,-0.53,44,1,107
5287,2026-02-18T16:47:00,HYPE,3586.76,3435.5,0.423576,28.986,28.993,0.002138,1478.73,946.34,532.39,136,2425.07,1025.81,346.1,679.71,35,0,109
5288,2026-02-18T16:47:00,BTC,15.39,78.64,0.444301,67166.0,67167.0,1.376147,1.49,1.53,-0.04,173,3.02,0.0,0.52,-0.52,55,0,109
5289,2026-02-18T16:48:00,HYPE,5284.73,4342.08,0.507497,28.978,28.98,0.002073,1377.9,2081.85,-703.95,161,3459.75,918.58,1198.79,-280.21,56,0,110
5290,2026-02-18T16:48:00,BTC,42.44,45.06,0.496827,67175.0,67176.0,1.1,1.35,9.58,-8.23,160,10.93,0.0,0.54,-0.54,43,5,110
5291,2026-02-18T16:49:00,HYPE,6208.03,3679.84,0.531883,28.976,28.977,0.001636,310.7,333.94,-23.24,62,644.64,176.09,27.04,149.05,19,0,107
5292,2026-02-18T16:49:00,BTC,34.57,36.64,0.484516,67167.0,67168.0,1.140187,3.85,3.43,0.41,199,7.28,0.0,0.54,-0.54,66,2,107
5293,2026-02-18T16:50:00,HYPE,3669.91,4964.71,0.522681,28.95,28.951,0.001417,3062.61,2773.26,289.35,176,5835.87,933.82,5.87,927.95,23,0,108
5294,2026-02-18T16:50:00,BTC,63.73,32.91,0.439305,67130.0,67131.0,1.101852,0.59,7.02,-6.43,257,7.6,0.31,0.53,-0.22,45,2,108
5295,2026-02-18T16:51:00,HYPE,5615.03,4605.38,0.549588,28.978,28.979,0.001955,613.4,494.97,118.43,79,1108.37,189.29,25.39,163.9,26,0,110
5296,2026-02-18T16:51:00,BTC,35.02,51.98,0.474587,67139.0,67140.0,1.2,2.72,2.99,-0.27,164,5.72,0.0,1.57,-1.56,61,1,110
5297,2026-02-18T16:52:00,HYPE,3089.59,3528.3,0.542578,28.957,28.961,0.002417,923.62,942.04,-18.42,117,1865.66,100.24,23.08,77.16,16,0,108
5298,2026-02-18T16:52:00,BTC,61.89,30.26,0.348881,67090.0,67095.0,1.101852,1.36,8.21,-6.85,220,9.57,0.0,0.51,-0.51,59,4,108
5299,2026-02-18T16:53:00,HYPE,3992.47,3528.75,0.498847,28.909,28.913,0.002355,510.4,1637.67,-1127.27,118,2148.07,271.65,65.78,205.87,26,0,110
5300,2026-02-18T16:53:00,BTC,29.07,65.7,0.387645,67043.0,67044.0,1.218182,4.24,54.09,-49.84,455,58.33,0.0,0.54,-0.54,45,22,110
5301,2026-02-18T16:54:00,HYPE,4491.08,4599.06,0.457211,28.889,28.89,0.002072,581.91,409.57,172.34,86,991.48,100.25,63.68,36.57,19,0,111
5302,2026-02-18T16:54:00,BTC,22.66,64.03,0.40257,67055.0,67056.0,1.288288,6.9,3.79,3.1,237,10.69,0.0,0.7,-0.7,26,7,111
